Workbook

Sheet Sheet
A3: Номенклатура | B3: Ед. изм. | C3: Начальный остаток | D3: Приход | E3: Расход | F3: Конечный остаток | G3: Грация | H3: Остаток | I3: крат | J3: сроки | K3: метка | L3: метка2 | M3: заяв | N3: разн | O3: без опта | P3: опт | Q3: заказ в пути | R3: заказ в пути | S3: ср нов | T3: расчет | U3: заказ | V3: ТК | W3: кон ост | X3: факт | Y3: ср | Z3: ср | AA3: ср | AB3: ср | AC3: ср | AD3: ср | AE3: ср | AF3: ср | AG3: ср | AH3: ср | AI3: комментарии | AJ3: вес
G4: остатки | H4: без опта | Q4: 08,09, | R4: 08,09,доз | S4: 07,09, | U4: 15,09, | V4: Титенок | Y4: 31,08, | Z4: 24,08, | AA4: 17,08, | AB4: 10,08, | AC4: 03,08, | AD4: 27,07, | AE4: 20,07, | AF4: 13,07, | AG4: 06,07, | AH4: 29,06,
E5: =SUM(E6:E500) -> 21598.764 | F5: =SUM(F6:F500) -> 31559.457 | H5: =SUM(H6:H500) -> 26021.402 | M5: =SUM(M6:M500) -> 29605.034 | N5: =SUM(N6:N500) -> -8006.27 | O5: =SUM(O6:O500) -> 16998.858 | P5: =SUM(P6:P500) -> 4599.906 | Q5: =SUM(Q6:Q500) -> 14855 | R5: =SUM(R6:R500) -> 1000 | S5: =SUM(S6:S500) -> 3399.7716 | T5: =SUM(T6:T500) -> 13757.41 | U5: =SUM(U6:U500) -> 16977 | Y5: =SUM(Y6:Y500) -> 2006.4104 | Z5: =SUM(Z6:Z500) -> 3945.1628 | AA5: =SUM(AA6:AA500) -> 3703.6238 | AB5: =SUM(AB6:AB500) -> 2207.5886 | AC5: =SUM(AC6:AC500) -> 2571.0086 | AD5: =SUM(AD6:AD500) -> 3209.5596 | AE5: =SUM(AE6:AE500) -> 2940.3354 | AF5: =SUM(AF6:AF500) -> 2144.2982 | ... AH5: =SUM(AH6:AH500) -> 2158.793 | AJ5: =SUM(AJ6:AJ500) -> 7608.72
A6: 0614 ПРАЗДНИЧНАЯ с/к в/с дек.спец.мгс Останкино | B6: кг | C6: 26.505 | D6: 1.129 | E6: 3.986 | F6: 22.519 | G6: =VLOOKUP(A6,[1]Лист1!$A:$D,4,0) -> 0 | H6: =F6-G6 -> 22.519 | I6: 1 | J6: 120 | K6: матрица | M6: 4.5 | N6: =E6-M6 -> -0.514 | O6: =E6-P6 -> 3.986 | Q6: 0 | S6: =O6/5 -> 0.7972 | U6: =ROUND(T6,0) -> 0 | W6: =(H6+Q6+R6+U6)/S6 -> 28.247617 | X6: =(H6+Q6+R6)/S6 -> 28.247617 | Y6: 0.3392 | Z6: 3.1198 | AA6: 0 | AB6: 0 | AC6: 0 | AD6: 0 | AE6: 0 | AF6: 0 | AG6: 0 | AH6: 0 | AI6: новинка / нужно увеличить продажи!!! | AJ6: =I6*U6 -> 0
A7: 3215 ВЕТЧ.МЯСНАЯ Папа может п/о 0.4кг 8шт. ОСТАНКИНО | B7: шт | C7: 25 | D7: 963 | E7: 491 | F7: 469 | G7: =VLOOKUP(A7,[1]Лист1!$A:$D,4,0) -> 0 | H7: =F7-G7 -> 469 | I7: 0.4 | J7: 60 | K7: матрица | M7: 572 | N7: =E7-M7 -> -81 | O7: =E7-P7 -> 347 | P7: 144 | Q7: 70 | S7: =O7/5 -> 69.4 | T7: =14*S7-R7-Q7-H7 -> 432.6 | U7: =V7 -> 600 | V7: =VLOOKUP(A7,[2]Sheet!$A:$U,21,0) -> 600 | W7: =(H7+Q7+R7+U7)/S7 -> 16.412104 | X7: =(H7+Q7+R7)/S7 -> 7.7665706 | Y7: 26.6 | Z7: 68.8 | AA7: 75.6 | AB7: 35.4 | AC7: 54.2 | AD7: 62.6 | AE7: 55.6 | AF7: 41.2 | AG7: 33.6 | AH7: 46.6 | AJ7: =I7*U7 -> 240
A8: 3287 САЛЯМИ ИТАЛЬЯНСКАЯ с/к в/у ОСТАНКИНО | B8: кг | C8: 3.061 | D8: 243.643 | E8: 35.45 | F8: 211.254 | G8: =VLOOKUP(A8,[3]Лист1!$A:$D,4,0) -> 204.808 | H8: =F8-G8 -> 6.446 | I8: 1 | J8: 120 | K8: матрица | M8: 51.9 | N8: =E8-M8 -> -16.45 | O8: =E8-P8 -> 19.503 | P8: 15.947 | Q8: 30 | S8: =O8/5 -> 3.9006 | T8: =14*S8-H8-Q8-R8 -> 18.1624 | U8: =ROUND(T8+S8,0) -> 22 | W8: =(H8+Q8+R8+U8)/S8 -> 14.983849 | X8: =(H8+Q8+R8)/S8 -> 9.3436907 | Y8: 3.4222 | Z8: 5.2168 | AA8: 4.2012 | AB8: 3.2758 | AC8: 0.2996 | AD8: 0.9922 | AE8: 4.3466 | AF8: 1.4268 | AG8: 4.159 | AH8: 4.5156 | AI8: плюсом 5 дней | AJ8: =I8*U8 -> 22
A9: 3986 Ароматная с/к в/у 1/250 ОСТАНКИНО | B9: шт | C9: -6 | D9: 1086 | E9: 536 | F9: 506 | G9: =VLOOKUP(A9,[1]Лист1!$A:$D,4,0) -> 0 | H9: =F9-G9 -> 506 | I9: 0.25 | J9: 120 | K9: матрица | M9: 647 | N9: =E9-M9 -> -111 | O9: =E9-P9 -> 440 | P9: 96 | Q9: 70 | S9: =O9/5 -> 88 | T9: =14*S9-R9-Q9-H9 -> 656 | U9: =ROUND(T9+S9,0) -> 744 | W9: =(H9+Q9+R9+U9)/S9 -> 15 | X9: =(H9+Q9+R9)/S9 -> 6.5454545 | Y9: 23.2 | Z9: 97.8 | AA9: 70 | AB9: 29.8 | AC9: 37.4 | AD9: 61.4 | AE9: 31.4 | AF9: 25 | AG9: 35.8 | AH9: 25.4 | AI9: плюсом 5 дней | AJ9: =I9*U9 -> 186
A10: 4063 МЯСНАЯ Папа может вар п/о_Л ОСТАНКИНО | B10: кг | C10: 251.502 | D10: 641.564 | E10: 286.614 | F10: 586.11 | G10: =VLOOKUP(A10,[1]Лист1!$A:$D,4,0) -> 331.28 | H10: =F10-G10 -> 254.83 | I10: 1 | J10: 60 | K10: матрица | M10: 308.442 | N10: =E10-M10 -> -21.828 | O10: =E10-P10 -> 230.138 | P10: 56.476 | Q10: 650 | R10: 50 | S10: =O10/5 -> 46.0276 | U10: 100 | V10: =VLOOKUP(A10,[2]Sheet!$A:$U,21,0) -> 200 | W10: =(H10+Q10+R10+U10)/S10 -> 22.917337 | X10: =(H10+Q10+R10)/S10 -> 20.744727 | Y10: 57.7522 | Z10: 47.668 | AA10: 71.5244 | AB10: 59.9964 | AC10: 49.2606 | AD10: 56.2572 | AE10: 69.917 | AF10: 42.271 | AG10: 39.8542 | AH10: 46.8334 | AJ10: =I10*U10 -> 100
A11: 4117 ЭКСТРА Папа может с/к в/у_Л ОСТАНКИНО | B11: кг | C11: 100.353 | D11: 72.898 | E11: 49.861 | F11: 120.402 | G11: =VLOOKUP(A11,[1]Лист1!$A:$D,4,0) -> 0 | H11: =F11-G11 -> 120.402 | I11: 1 | J11: 120 | K11: матрица | M11: 55.2 | N11: =E11-M11 -> -5.339 | O11: =E11-P11 -> 21.725 | P11: 28.136 | Q11: 0 | S11: =O11/5 -> 4.345 | U11: =ROUND(T11,0) -> 0 | W11: =(H11+Q11+R11+U11)/S11 -> 27.710472 | X11: =(H11+Q11+R11)/S11 -> 27.710472 | Y11: 4.2176 | Z11: 10.532 | AA11: 6.9102 | AB11: 4.5746 | AC11: 8.6004 | AD11: 5.0928 | AE11: 2.7076 | AF11: 4.4042 | AG11: 2.8082 | AH11: 3.0776 | AI11: нужно увеличить продажи!!! / плюсом 5 дней | AJ11: =I11*U11 -> 0
A12: 4574 Мясная со шпиком Папа может вар п/о ОСТАНКИНО | B12: кг | C12: 27.39 | D12: 5.389 | E12: 31.04 | F12: 0.384 | G12: =VLOOKUP(A12,[1]Лист1!$A:$D,4,0) -> 0 | H12: =F12-G12 -> 0.384 | I12: 1 | J12: 60 | K12: матрица | M12: 51.9 | N12: =E12-M12 -> -20.86 | O12: =E12-P12 -> 31.04 | Q12: 120 | S12: =O12/5 -> 6.208 | U12: =ROUND(T12,0) -> 0 | W12: =(H12+Q12+R12+U12)/S12 -> 19.391753 | X12: =(H12+Q12+R12)/S12 -> 19.391753 | Y12: 8.6422 | Z12: 5.4014 | AA12: 2.4534 | AB12: 4.0156 | AC12: 8.7404 | AD12: 3.5336 | AE12: 3.8138 | AF12: 0.8198 | AG12: 1.0762 | AH12: 3.2698 | AJ12: =I12*U12 -> 0
A13: 4813 ФИЛЕЙНАЯ Папа может вар п/о_Л ОСТАНКИНО | B13: кг | C13: 101.26 | D13: 836.661 | E13: 322.046 | F13: 608.584 | G13: =VLOOKUP(A13,[1]Лист1!$A:$D,4,0) -> 301.424 | H13: =F13-G13 -> 307.16 | I13: 1 | J13: 60 | K13: матрица | M13: 304.365 | N13: =E13-M13 -> 17.681 | O13: =E13-P13 -> 232.085 | P13: 89.961 | Q13: 600 | S13: =O13/5 -> 46.417 | U13: 100 | V13: =VLOOKUP(A13,[2]Sheet!$A:$U,21,0) -> 200 | W13: =(H13+Q13+R13+U13)/S13 -> 21.698085 | X13: =(H13+Q13+R13)/S13 -> 19.543702 | Y13: 60.0048 | Z13: 59.6338 | AA13: 64.5988 | AB13: 47.5078 | AC13: 63.0726 | AD13: 49.1456 | AE13: 63.1104 | AF13: 35.6636 | AG13: 33.9338 | AH13: 49.6224 | AI13: нужно увеличить продажи | AJ13: =I13*U13 -> 100
A14: 4993 САЛЯМИ ИТАЛЬЯНСКАЯ с/к в/у 1/250*8_120c ОСТАНКИНО | B14: шт | C14: 38 | D14: 839 | E14: 319 | F14: 527 | G14: =VLOOKUP(A14,[1]Лист1!$A:$D,4,0) -> 0 | H14: =F14-G14 -> 527 | I14: 0.25 | J14: 120 | K14: матрица | M14: 404 | N14: =E14-M14 -> -85 | O14: =E14-P14 -> 223 | P14: 96 | Q14: 0 | S14: =O14/5 -> 44.6 | T14: =14*S14-R14-Q14-H14 -> 97.4 | U14: =ROUND(T14+S14,0) -> 142 | W14: =(H14+Q14+R14+U14)/S14 -> 15 | X14: =(H14+Q14+R14)/S14 -> 11.816143 | Y14: 30.6 | Z14: 70.4 | AA14: 62 | AB14: 37 | AC14: 33 | AD14: 47.4 | AE14: 53.6 | AF14: 24.2 | AG14: 21.4 | AH14: 43.8 | AI14: плюсом 5 дней | AJ14: =I14*U14 -> 35.5
A15: 5452 ВЕТЧ.МЯСНАЯ Папа может п/о ОСТАНКИНО | B15: кг | C15: 125.034 | D15: 331.761 | E15: 107.41 | F15: 342.517 | G15: =VLOOKUP(A15,[1]Лист1!$A:$D,4,0) -> 195.024 | H15: =F15-G15 -> 147.493 | I15: 1 | J15: 60 | K15: матрица | M15: 103.7 | N15: =E15-M15 -> 3.71 | O15: =E15-P15 -> 66.282 | P15: 41.128 | Q15: 50 | S15: =O15/5 -> 13.2564 | U15: =ROUND(T15,0) -> 0 | W15: =(H15+Q15+R15+U15)/S15 -> 14.897936 | X15: =(H15+Q15+R15)/S15 -> 14.897936 | Y15: 14.0612 | Z15: 19.493 | AA15: 0.472 | AB15: 8.4016 | AC15: 26.6348 | AD15: 14.544 | AE15: 9.7308 | AF15: 0.8118 | AG15: 3.512 | AH15: 11.567 | AJ15: =I15*U15 -> 0
A16: 5483 ЭКСТРА Папа может с/к в/у 1/250 8шт. ОСТАНКИНО | B16: шт | C16: 19 | D16: 1248 | E16: 557 | F16: 677 | G16: =VLOOKUP(A16,[1]Лист1!$A:$D,4,0) -> 0 | H16: =F16-G16 -> 677 | I16: 0.25 | J16: 120 | K16: матрица | M16: 637 | N16: =E16-M16 -> -80 | O16: =E16-P16 -> 413 | P16: 144 | Q16: 20 | S16: =O16/5 -> 82.6 | T16: =14*S16-R16-Q16-H16 -> 459.4 | U16: =ROUND(T16+S16,0) -> 542 | W16: =(H16+Q16+R16+U16)/S16 -> 15 | X16: =(H16+Q16+R16)/S16 -> 8.4382567 | Y16: 19.6 | Z16: 119.2 | AA16: 76 | AB16: 40.2 | AC16: 40.4 | AD16: 55.8 | AE16: 48.2 | AF16: 24.2 | AG16: 25.2 | AH16: 30.4 | AI16: плюсом 5 дней | AJ16: =I16*U16 -> 135.5
A17: 5495 ВЕТЧ.С ИНДЕЙКОЙ Папа может п/о 400*6 Останкино | B17: шт | C17: -3 | D17: 646 | E17: 236 | F17: 385 | G17: =VLOOKUP(A17,[1]Лист1!$A:$D,4,0) -> 0 | H17: =F17-G17 -> 385 | I17: 0.4 | J17: 60 | K17: матрица | M17: 335 | N17: =E17-M17 -> -99 | O17: =E17-P17 -> 188 | P17: 48 | Q17: 200 | S17: =O17/5 -> 37.6 | U17: =ROUND(T17,0) -> 0 | W17: =(H17+Q17+R17+U17)/S17 -> 15.558511 | X17: =(H17+Q17+R17)/S17 -> 15.558511 | Y17: 7.4 | Z17: 43.8 | AA17: 40 | AB17: 24.6 | AC17: 22.8 | AD17: 36.8 | AE17: 37 | AF17: 34.8 | AG17: 26.6 | AH17: 22.8 | AJ17: =I17*U17 -> 0
A18: 5544 Сервелат Финский в/к в/у_45с НОВАЯ ОСТАНКИНО | B18: кг | C18: 8.163 | D18: 547.732 | E18: 272.77 | F18: 246.823 | G18: =VLOOKUP(A18,[1]Лист1!$A:$D,4,0) -> 0 | H18: =F18-G18 -> 246.823 | I18: 1 | J18: 45 | K18: матрица | M18: 272.641 | N18: =E18-M18 -> 0.129 | O18: =E18-P18 -> 272.77 | Q18: 120 | S18: =O18/5 -> 54.554 | T18: =14*S18-R18-Q18-H18 -> 396.933 | U18: =V18 -> 500 | V18: =VLOOKUP(A18,[2]Sheet!$A:$U,21,0) -> 500 | W18: =(H18+Q18+R18+U18)/S18 -> 15.889266 | X18: =(H18+Q18+R18)/S18 -> 6.7240349 | Y18: 12.0352 | Z18: 43.8096 | AA18: 38.122 | AB18: 31.1738 | AC18: 36.7068 | AD18: 45.037 | AE18: 38.5836 | AF18: 38.1704 | AG18: 32.511 | AH18: 43.4754 | AJ18: =I18*U18 -> 500
A19: 5708 ПОСОЛЬСКАЯ Папа может с/к в/у ОСТАНКИНО | B19: кг | C19: 17.098 | D19: 61.862 | E19: 18.129 | F19: 60.831 | G19: =VLOOKUP(A19,[1]Лист1!$A:$D,4,0) -> 0 | H19: =F19-G19 -> 60.831 | I19: 1 | J19: 120 | K19: матрица | M19: 43.2 | N19: =E19-M19 -> -25.071 | O19: =E19-P19 -> 18.129 | Q19: 10 | S19: =O19/5 -> 3.6258 | U19: =ROUND(T19,0) -> 0 | W19: =(H19+Q19+R19+U19)/S19 -> 19.535275 | X19: =(H19+Q19+R19)/S19 -> 19.535275 | Y19: 4.1106 | Z19: 11.1694 | AA19: 5.2294 | AB19: 2.7152 | AC19: 5.2648 | AD19: 4.2116 | AE19: 3.5572 | AF19: 3.2544 | AG19: 1.6692 | AH19: 3.0582 | AI19: плюсом 5 дней | AJ19: =I19*U19 -> 0
A20: 5819 Сосиски Папа может 400г Мясные ОСТАНКИНО | B20: шт | C20: 32 | D20: 144 | F20: 176 | G20: =VLOOKUP(A20,[1]Лист1!$A:$D,4,0) -> 144 | H20: =F20-G20 -> 32 | I20: 0.4 | J20: 45 | K20: матрица | M20: 360 | N20: =E20-M20 -> -360 | O20: =E20-P20 -> 0 | Q20: 100 | S20: =O20/5 -> 0 | U20: =ROUND(T20,0) -> 0 | W20: =(H20+Q20+R20+U20)/S20 -> #DIV/0! | X20: =(H20+Q20+R20)/S20 -> #DIV/0! | Y20: 0 | Z20: 0 | AA20: -1.2 | AB20: -0.2 | AC20: -3.8 | AD20: -0.2 | AE20: 5 | AF20: 9.6 | AG20: 3.8 | AH20: 22.2 | AI20: нужно увеличить продажи / 192шт списано (11,08,26) | AJ20: =I20*U20 -> 0
A21: 5851 ЭКСТРА Папа может вар п/о ОСТАНКИНО | B21: кг | C21: -7.115 | D21: 419.729 | E21: 178.711 | F21: 226.472 | G21: =VLOOKUP(A21,[1]Лист1!$A:$D,4,0) -> 0 | H21: =F21-G21 -> 226.472 | I21: 1 | J21: 60 | K21: матрица | M21: 191.058 | N21: =E21-M21 -> -12.347 | O21: =E21-P21 -> 178.711 | Q21: 100 | S21: =O21/5 -> 35.7422 | T21: =14*S21-R21-Q21-H21 -> 173.9188 | U21: 300 | V21: =VLOOKUP(A21,[2]Sheet!$A:$U,21,0) -> 350 | W21: =(H21+Q21+R21+U21)/S21 -> 17.527516 | X21: =(H21+Q21+R21)/S21 -> 9.1340768 | Y21: 24.3264 | Z21: 38.0486 | AA21: 34.2052 | AB21: 22.6152 | AC21: 32.7796 | AD21: 30.8804 | AE21: 43.9718 | AF21: 24.5406 | AG21: 24.433 | AH21: 26.176 | AJ21: =I21*U21 -> 300
A22: 5931 ОХОТНИЧЬЯ Папа может с/к в/у 1/220 8шт. ОСТАНКИНО | B22: шт | C22: 20 | D22: 1089 | E22: 364 | F22: 734 | G22: =VLOOKUP(A22,[1]Лист1!$A:$D,4,0) -> 88 | H22: =F22-G22 -> 646 | I22: 0.22 | J22: 120 | K22: матрица | M22: 679 | N22: =E22-M22 -> -315 | O22: =E22-P22 -> 220 | P22: 144 | Q22: 250 | S22: =O22/5 -> 44 | U22: =ROUND(T22,0) -> 0 | W22: =(H22+Q22+R22+U22)/S22 -> 20.363636 | X22: =(H22+Q22+R22)/S22 -> 20.363636 | Y22: 71.6 | Z22: 133.6 | AA22: 105.8 | AB22: 63.4 | AC22: 72.2 | AD22: 83.4 | AE22: 44.2 | AF22: 39.6 | AG22: 29.2 | AH22: 39 | AI22: плюсом 5 дней | AJ22: =I22*U22 -> 0
A23: 6008 САЛО СОЛЕНОЕ С ЧЕРНЫМ ПЕРЦЕМ мл/к в/у ОСТАНКИНО | B23: кг | C23: 1.116 | D23: 38.06 | E23: 21.042 | F23: 9.022 | G23: =VLOOKUP(A23,[1]Лист1!$A:$D,4,0) -> 0 | H23: =F23-G23 -> 9.022 | I23: 1 | J23: 40 | K23: матрица | M23: 48.1 | N23: =E23-M23 -> -27.058 | O23: =E23-P23 -> 21.042 | Q23: 20 | S23: =O23/5 -> 4.2084 | T23: =14*S23-R23-Q23-H23 -> 29.8956 | U23: =ROUND(T23+S23,0) -> 34 | W23: =(H23+Q23+R23+U23)/S23 -> 14.975288 | X23: =(H23+Q23+R23)/S23 -> 6.8962076 | Y23: 0 | Z23: -0.176 | AA23: -0.27 | AB23: 1.016 | AC23: 0.6252 | AD23: 3.5936 | AE23: 9.972 | AF23: 8.8044 | AG23: 4.5224 | AH23: 2.25 | AI23: 58кг списано (11,08,26) | AJ23: =I23*U23 -> 34
A24: 6025 ВЕТЧ.ФИРМЕННАЯ С ИНДЕЙКОЙ п/о ОСТАНКИНО | B24: кг | C24: 39.21 | F24: 39.21 | G24: =VLOOKUP(A24,[1]Лист1!$A:$D,4,0) -> 0 | H24: =F24-G24 -> 39.21 | I24: 0 | K24: не в матрице | N24: =E24-M24 -> 0 | O24: =E24-P24 -> 0 | Q24: 0 | S24: =O24/5 -> 0 | U24: =ROUND(T24,0) -> 0 | W24: =(H24+Q24+R24+U24)/S24 -> #DIV/0! | X24: =(H24+Q24+R24)/S24 -> #DIV/0! | Y24: 0 | Z24: 2.414 | AA24: 3.625 | AB24: 0 | AC24: 5.444 | AD24: 0 | AE24: 0 | AF24: 0 | AG24: 0 | AH24: 0 | AI24: нужно увеличить продажи!!! / Грация | AJ24: =I24*U24 -> 0
A25: 6220 ГОВЯЖЬЯ папа может вар п/о Останкино | B25: кг | C25: 0.067 | D25: 139.816 | E25: 91.343 | F25: 41.794 | G25: =VLOOKUP(A25,[1]Лист1!$A:$D,4,0) -> 0 | H25: =F25-G25 -> 41.794 | I25: 1 | J25: 60 | K25: матрица | M25: 137.2 | N25: =E25-M25 -> -45.857 | O25: =E25-P25 -> 91.343 | Q25: 80 | S25: =O25/5 -> 18.2686 | T25: =14*S25-R25-Q25-H25 -> 133.9664 | U25: 170 | V25: =VLOOKUP(A25,[2]Sheet!$A:$U,21,0) -> 200 | W25: =(H25+Q25+R25+U25)/S25 -> 15.972434 | X25: =(H25+Q25+R25)/S25 -> 6.6668491 | Y25: 0.2426 | Z25: 10.1114 | AA25: 16.4042 | AB25: 2.424 | AC25: 13.7454 | AD25: 15.652 | AE25: 11.1342 | AF25: 14.0424 | AG25: 14.0364 | AH25: 10.058 | AJ25: =I25*U25 -> 170
A26: 6221 НЕОПОЛИТАНСКИЙ ДУЭТ с/к с/н мгс 1/90 Останкино | B26: шт | C26: 55 | D26: 377 | E26: 128 | F26: 287 | G26: =VLOOKUP(A26,[1]Лист1!$A:$D,4,0) -> 0 | H26: =F26-G26 -> 287 | I26: 0.09 | J26: 60 | K26: матрица | M26: 276 | N26: =E26-M26 -> -148 | O26: =E26-P26 -> 128 | Q26: 200 | S26: =O26/5 -> 25.6 | U26: =ROUND(T26,0) -> 0 | W26: =(H26+Q26+R26+U26)/S26 -> 19.023438 | X26: =(H26+Q26+R26)/S26 -> 19.023438 | Y26: 35.4 | Z26: 48.8 | AA26: 39.6 | AB26: 38.8 | AC26: 13.2 | AD26: 47.8 | AE26: 38.8 | AF26: 20 | AG26: 34.4 | AH26: 30.6 | AJ26: =I26*U26 -> 0
A27: 6222 ИТАЛЬЯНСКОЕ АССОРТИ с/в с/н мгс 1/90 ОСТАНКИНО | B27: шт | C27: 70 | F27: 70 | G27: =VLOOKUP(A27,[1]Лист1!$A:$D,4,0) -> 0 | H27: =F27-G27 -> 70 | I27: 0 | K27: не в матрице | N27: =E27-M27 -> 0 | O27: =E27-P27 -> 0 | Q27: 0 | S27: =O27/5 -> 0 | U27: =ROUND(T27,0) -> 0 | W27: =(H27+Q27+R27+U27)/S27 -> #DIV/0! | X27: =(H27+Q27+R27)/S27 -> #DIV/0! | Y27: 0 | Z27: 0 | AA27: 6 | AB27: 0 | AC27: 4.2 | AD27: 0 | AE27: 0 | AF27: 0 | AG27: 0 | AH27: 0 | AI27: нужно увеличить продажи!!! / Грация | AJ27: =I27*U27 -> 0
A28: 6228 МЯСНОЕ АССОРТИ к/з с/н мгс 1/90 10шт Останкино | B28: шт | C28: 3 | D28: 112 | E28: 61 | F28: 47 | G28: =VLOOKUP(A28,[1]Лист1!$A:$D,4,0) -> 0 | H28: =F28-G28 -> 47 | I28: 0.09 | J28: 45 | K28: матрица | M28: 78 | N28: =E28-M28 -> -17 | O28: =E28-P28 -> 61 | Q28: 80 | S28: =O28/5 -> 12.2 | T28: =14*S28-R28-Q28-H28 -> 43.8 | U28: =ROUND(T28+S28,0) -> 56 | W28: =(H28+Q28+R28+U28)/S28 -> 15 | X28: =(H28+Q28+R28)/S28 -> 10.409836 | Y28: 0.8 | Z28: 1.8 | AA28: 14.2 | AB28: 7.2 | AC28: 6.2 | AD28: 11 | AE28: 14.8 | AF28: 8.2 | AG28: 11 | AH28: 22 | AJ28: =I28*U28 -> 5.04
A29: 6279 КОРЕЙКА ПО-ОСТ.к/в в/с с/н в/у 1/150_45с Останкино | B29: шт | C29: 80 | D29: 32 | E29: 31 | F29: 81 | G29: =VLOOKUP(A29,[1]Лист1!$A:$D,4,0) -> 0 | H29: =F29-G29 -> 81 | I29: 0.15 | J29: 45 | K29: матрица | M29: 159 | N29: =E29-M29 -> -128 | O29: =E29-P29 -> 31 | Q29: 0 | S29: =O29/5 -> 6.2 | U29: =ROUND(T29,0) -> 0 | W29: =(H29+Q29+R29+U29)/S29 -> 13.064516 | X29: =(H29+Q29+R29)/S29 -> 13.064516 | Y29: 0 | Z29: 0 | AA29: 8 | AB29: 2 | AC29: 1.8 | AD29: 2.2 | AE29: 6 | AF29: 8.8 | AG29: 7 | AH29: 9.8 | AI29: нужно увеличить продажи!!! | AJ29: =I29*U29 -> 0
A30: 6303 Мясные Папа может сос п/о мгс 1,5*3 Останкино | B30: кг | C30: -107.374 | D30: 1733.694 | E30: 360.108 | F30: 1119.818 | G30: =VLOOKUP(A30,[1]Лист1!$A:$D,4,0) -> 109.3 | H30: =F30-G30 -> 1010.518 | I30: 1 | J30: 45 | K30: матрица | M30: 439.288 | N30: =E30-M30 -> -79.18 | O30: =E30-P30 -> 247.768 | P30: 112.34 | Q30: 450 | R30: 100 | S30: =O30/5 -> 49.5536 | U30: =ROUND(T30,0) -> 0 | W30: =(H30+Q30+R30+U30)/S30 -> 31.491516 | X30: =(H30+Q30+R30)/S30 -> 31.491516 | Y30: 55.7604 | Z30: 95.4908 | AA30: 113.2006 | AB30: 18.4908 | AC30: 75.1726 | AD30: 78.5144 | AE30: 67.3848 | AF30: 59.207 | AG30: 31.207 | AH30: 62.066 | AJ30: =I30*U30 -> 0
A31: 6325 ДОКТОРСКАЯ ПРЕМИУМ вар п/о 0.4кг 8шт. ОСТАНКИНО | B31: шт | D31: 384 | E31: 215 | F31: 161 | G31: =VLOOKUP(A31,[1]Лист1!$A:$D,4,0) -> 0 | H31: =F31-G31 -> 161 | I31: 0.4 | J31: 60 | K31: матрица | M31: 215 | N31: =E31-M31 -> 0 | O31: =E31-P31 -> 175 | P31: 40 | Q31: 20 | S31: =O31/5 -> 35 | T31: =13*S31-R31-Q31-H31 -> 274 | U31: =ROUND(T31,0) -> 274 | W31: =(H31+Q31+R31+U31)/S31 -> 13 | X31: =(H31+Q31+R31)/S31 -> 5.1714286 | Y31: 3.4 | Z31: 24 | AA31: 24 | AB31: 7.4 | AC31: 16 | AD31: 24.8 | AE31: 16.6 | AF31: 16.6 | AG31: 14.2 | AH31: 22.4 | AJ31: =I31*U31 -> 109.6
A32: 6333 МЯСНАЯ Папа может вар п/о 0.4кг 8шт. ОСТАНКИНО | B32: шт | C32: 25 | D32: 1689 | E32: 775 | F32: 881 | G32: =VLOOKUP(A32,[1]Лист1!$A:$D,4,0) -> 88 | H32: =F32-G32 -> 793 | I32: 0.4 | J32: 60 | K32: матрица | M32: 854 | N32: =E32-M32 -> -79 | O32: =E32-P32 -> 583 | P32: 192 | Q32: 350 | S32: =O32/5 -> 116.6 | T32: =14*S32-R32-Q32-H32 -> 489.4 | U32: =ROUND(T32+S32,0) -> 606 | W32: =(H32+Q32+R32+U32)/S32 -> 15 | X32: =(H32+Q32+R32)/S32 -> 9.8027444 | Y32: 78.6 | Z32: 127.2 | AA32: 120 | AB32: 82.4 | AC32: 83.8 | AD32: 120.6 | AE32: 106.6 | AF32: 74.8 | AG32: 84 | AH32: 80 | AJ32: =I32*U32 -> 242.4
A33: 6364 СЕРВЕЛАТ ЗЕРНИСТЫЙ ПМ в/к в/у 0.35кг ОСТАНКИНО | B33: шт | C33: -1 | F33: -1 | G33: =VLOOKUP(A33,[1]Лист1!$A:$D,4,0) -> 0 | H33: =F33-G33 -> -1 | I33: 0 | K33: не в матрице | L33: 7154 СЕРВЕЛАТ ЗЕРНИСТЫЙ ПМ в/к в/у 0,35кг_50с Останкино | N33: =E33-M33 -> 0 | O33: =E33-P33 -> 0 | Q33: 0 | S33: =O33/5 -> 0 | U33: =ROUND(T33,0) -> 0 | W33: =(H33+Q33+R33+U33)/S33 -> #DIV/0! | X33: =(H33+Q33+R33)/S33 -> #DIV/0! | Y33: 0 | Z33: 0 | AA33: 0 | AB33: 0 | AC33: 0 | AD33: 0 | AE33: 0 | AF33: 0 | AG33: 0 | AH33: 0 | AJ33: =I33*U33 -> 0
A34: 6392 ФИЛЕЙНАЯ Папа может вар п/о 0,4кг ОСТАНКИНО | B34: шт | C34: 9 | D34: 1446 | E34: 656 | F34: 729 | G34: =VLOOKUP(A34,[1]Лист1!$A:$D,4,0) -> 40 | H34: =F34-G34 -> 689 | I34: 0.4 | J34: 60 | K34: матрица | M34: 729 | N34: =E34-M34 -> -73 | O34: =E34-P34 -> 464 | P34: 192 | Q34: 250 | S34: =O34/5 -> 92.8 | T34: =14*S34-R34-Q34-H34 -> 360.2 | U34: =ROUND(T34+S34,0) -> 453 | W34: =(H34+Q34+R34+U34)/S34 -> 15 | X34: =(H34+Q34+R34)/S34 -> 10.118534 | Y34: 62 | Z34: 104.8 | AA34: 105.6 | AB34: 60 | AC34: 94.2 | AD34: 83.8 | AE34: 105 | AF34: 61.8 | AG34: 65.4 | AH34: 87.2 | AJ34: =I34*U34 -> 181.2
A35: 6411 ВЕТЧ.РУБЛЕНАЯ ПМ в/у срез 0.3кг 6шт. ОСТАНКИНО | B35: шт | C35: 148 | D35: 6 | E35: 30 | F35: 118 | G35: =VLOOKUP(A35,[1]Лист1!$A:$D,4,0) -> 0 | H35: =F35-G35 -> 118 | I35: 0 | J35: 45 | K35: вывод | M35: 37 | N35: =E35-M35 -> -7 | O35: =E35-P35 -> 30 | Q35: 0 | S35: =O35/5 -> 6 | U35: =ROUND(T35,0) -> 0 | W35: =(H35+Q35+R35+U35)/S35 -> 19.666667 | X35: =(H35+Q35+R35)/S35 -> 19.666667 | Y35: 5.8 | Z35: 3.8 | AA35: 0 | AB35: 0.4 | AC35: 0 | AD35: 0 | AE35: 0 | AF35: 0 | AG35: 0 | AH35: 0 | AI35: нужно увеличить продажи!!! / новинка | AJ35: =I35*U35 -> 0
A36: 6453 ЭКСТРА Папа может с/к с/н в/у 1/100 14шт. ОСТАНКИНО | B36: шт | C36: 2 | F36: 2 | G36: =VLOOKUP(A36,[1]Лист1!$A:$D,4,0) -> 0 | H36: =F36-G36 -> 2 | I36: 0 | J36: 60 | K36: не в матрице | L36: 7616 ЭКСТРА Папа может с/к с/н в/у 1/100_ ОСТАНКИНО | N36: =E36-M36 -> 0 | O36: =E36-P36 -> 0 | Q36: 0 | S36: =O36/5 -> 0 | U36: =ROUND(T36,0) -> 0 | W36: =(H36+Q36+R36+U36)/S36 -> #DIV/0! | X36: =(H36+Q36+R36)/S36 -> #DIV/0! | Y36: 0 | Z36: 0 | AA36: 0 | AB36: 0 | AC36: 0 | AD36: 0.2 | AE36: -0.4 | AF36: 20.6 | AG36: 34 | AH36: 49 | AI36: ротация на 7616 | AJ36: =I36*U36 -> 0
A37: 6454 АРОМАТНАЯ с/к с/н в/у 1/100 10шт. ОСТАНКИНО | B37: шт | C37: -15 | D37: 15 | G37: =VLOOKUP(A37,[1]Лист1!$A:$D,4,0) -> 0 | H37: =F37-G37 -> 0 | I37: 0 | J37: 60 | K37: не в матрице | L37: 7613 АРОМАТНАЯ с/к с/н в/у 1/100 10шт_Л10 ОСТАНКИНО | N37: =E37-M37 -> 0 | O37: =E37-P37 -> 0 | Q37: 0 | S37: =O37/5 -> 0 | U37: =ROUND(T37,0) -> 0 | W37: =(H37+Q37+R37+U37)/S37 -> #DIV/0! | X37: =(H37+Q37+R37)/S37 -> #DIV/0! | Y37: 0 | Z37: 0 | AA37: 3 | AB37: 0.2 | AC37: -0.2 | AD37: 17 | AE37: 24.6 | AF37: 36.6 | AG37: 34.4 | AH37: 33.8 | AI37: ротация на 7613 | AJ37: =I37*U37 -> 0
A38: 6470 ВЕТЧ.МРАМОРНАЯ в/у_45с ОСТАНКИНО | B38: кг | D38: 96.83 | E38: 82.275 | F38: 14.555 | G38: =VLOOKUP(A38,[1]Лист1!$A:$D,4,0) -> 13.13 | H38: =F38-G38 -> 1.425 | I38: 0 | J38: 45 | K38: не в матрице | M38: 105.9 | N38: =E38-M38 -> -23.625 | O38: =E38-P38 -> 9.695 | P38: 72.58 | Q38: 0 | S38: =O38/5 -> 1.939 | U38: =ROUND(T38,0) -> 0 | W38: =(H38+Q38+R38+U38)/S38 -> 0.7349149 | X38: =(H38+Q38+R38)/S38 -> 0.7349149 | Y38: 2.6938 | Z38: 9.0944 | AA38: 3.9172 | AB38: 0 | AC38: 11.114 | AD38: 13.551 | AE38: 8.172 | AF38: 2.647 | AG38: 0 | AH38: 1.433 | AJ38: =I38*U38 -> 0
A39: 6475 Сосиски Папа может 400г С сыром ОСТАНКИНО | B39: шт | D39: 198 | E39: 82 | F39: 114 | G39: 114 | H39: =F39-G39 -> 0 | I39: 0 | K39: не в матрице | M39: 283 | N39: =E39-M39 -> -201 | O39: =E39-P39 -> 10 | P39: 72 | S39: =O39/5 -> 2 | U39: =ROUND(T39,0) -> 0 | W39: =(H39+Q39+R39+U39)/S39 -> 0 | X39: =(H39+Q39+R39)/S39 -> 0 | Y39: 0 | Z39: 0 | AA39: 0 | AB39: 0 | AC39: 0 | AD39: 0 | AE39: 0 | AF39: 0 | AG39: 0 | AH39: 0 | AJ39: =I39*U39 -> 0
A40: 6495 ВЕТЧ.МРАМОРНАЯ в/у срез 0,3кг 6шт_45с Останкино | B40: шт | C40: 11 | D40: 258 | E40: 125 | F40: 126 | G40: =VLOOKUP(A40,[1]Лист1!$A:$D,4,0) -> 0 | H40: =F40-G40 -> 126 | I40: 0.3 | J40: 45 | K40: матрица | M40: 210 | N40: =E40-M40 -> -85 | O40: =E40-P40 -> 77 | P40: 48 | Q40: 100 | S40: =O40/5 -> 15.4 | U40: =ROUND(T40,0) -> 0 | W40: =(H40+Q40+R40+U40)/S40 -> 14.675325 | X40: =(H40+Q40+R40)/S40 -> 14.675325 | Y40: 16.4 | Z40: 26 | AA40: 22.4 | AB40: 25.8 | AC40: 11.4 | AD40: 21.2 | AE40: 45.2 | AF40: 22.6 | AG40: 12.4 | AH40: 1.4 | AJ40: =I40*U40 -> 0
A41: 6498 МОЛОЧНАЯ Папа может вар п/о ОСТАНКИНО | B41: кг | C41: 439.316 | D41: 514.812 | E41: 189.919 | F41: 754.81 | G41: =VLOOKUP(A41,[1]Лист1!$A:$D,4,0) -> 386.681 | H41: =F41-G41 -> 368.129 | I41: 1 | J41: 60 | K41: матрица | M41: 247.3 | N41: =E41-M41 -> -57.381 | O41: =E41-P41 -> 72.257 | P41: 117.662 | Q41: 302 | R41: 200 | S41: =O41/5 -> 14.4514 | U41: =ROUND(T41,0) -> 0 | W41: =(H41+Q41+R41+U41)/S41 -> 60.210706 | X41: =(H41+Q41+R41)/S41 -> 60.210706 | Y41: 46.3062 | Z41: 46.8828 | AA41: 45.8374 | AB41: 32.807 | AC41: 36.6816 | AD41: 46.652 | AE41: 53.2522 | AF41: 15.2168 | AG41: 15.7242 | AH41: 31.8386 | AI41: нужно увеличить продажи!!! | AJ41: =I41*U41 -> 0
A42: 6527 ШПИКАЧКИ СОЧНЫЕ ПМ сар б/о мгс 1*3 45с ОСТАНКИНО | B42: кг | C42: 1.811 | D42: 120.186 | E42: 92.328 | F42: 22.982 | G42: =VLOOKUP(A42,[1]Лист1!$A:$D,4,0) -> 0 | H42: =F42-G42 -> 22.982 | I42: 1 | J42: 45 | K42: матрица | M42: 97.531 | N42: =E42-M42 -> -5.203 | O42: =E42-P42 -> 92.328 | Q42: 135 | S42: =O42/5 -> 18.4656 | T42: =14*S42-R42-Q42-H42 -> 100.5364 | U42: 160 | V42: =VLOOKUP(A42,[2]Sheet!$A:$U,21,0) -> 200 | W42: =(H42+Q42+R42+U42)/S42 -> 17.220237 | X42: =(H42+Q42+R42)/S42 -> 8.5554761 | Y42: 17.5024 | Z42: 10.8488 | AA42: 17.9328 | AB42: 15.6494 | AC42: 12.671 | AD42: 16.6138 | AE42: 17.7024 | AF42: 10.3396 | AG42: 13.2452 | AH42: 13.0904 | AJ42: =I42*U42 -> 160
A43: 6550 МЯСНЫЕ Папа может сар б/о мгс 1*3 О 45с Останкино | B43: кг | C43: 8.146 | D43: 418.081 | E43: 150.347 | F43: 266.486 | G43: =VLOOKUP(A43,[1]Лист1!$A:$D,4,0) -> 386 | H43: =F43-G43 -> -119.514 | I43: 1 | J43: 45 | K43: матрица | M43: 153.196 | N43: =E43-M43 -> -2.849 | O43: =E43-P43 -> 106.283 | P43: 44.064 | Q43: 70 | S43: =O43/5 -> 21.2566 | T43: =8*S43-R43-Q43-H43 -> 219.5668 | U43: =V43 -> 340 | V43: =VLOOKUP(A43,[2]Sheet!$A:$U,21,0) -> 340 | W43: =(H43+Q43+R43+U43)/S43 -> 13.665685 | X43: =(H43+Q43+R43)/S43 -> -2.3293471 | Y43: 2.8118 | Z43: 24.3322 | AA43: 18.1314 | AB43: 12.0776 | AC43: 13.8966 | AD43: 19.7594 | AE43: 14.8596 | AF43: 11.2278 | AG43: 8.8872 | AH43: 4.9942 | AJ43: =I43*U43 -> 340
A44: 6608 С ГОВЯДИНОЙ ОРИГИН. сар б/о мгс 1*3_45с ОСТАНКИНО | B44: кг | C44: 3.023 | D44: 127.997 | E44: 57.943 | F44: 66.418 | G44: =VLOOKUP(A44,[1]Лист1!$A:$D,4,0) -> 0 | H44: =F44-G44 -> 66.418 | I44: 1 | J44: 45 | K44: матрица | M44: 72.3 | N44: =E44-M44 -> -14.357 | O44: =E44-P44 -> 57.943 | Q44: 60 | S44: =O44/5 -> 11.5886 | T44: =14*S44-R44-Q44-H44 -> 35.8224 | U44: =ROUND(T44+S44,0) -> 47 | W44: =(H44+Q44+R44+U44)/S44 -> 14.964534 | X44: =(H44+Q44+R44)/S44 -> 10.908824 | Y44: 6.1678 | Z44: 9.916 | AA44: 15.0568 | AB44: 10.8932 | AC44: 5.9122 | AD44: 11.0404 | AE44: 17.3976 | AF44: 6.0192 | AG44: 11.0086 | AH44: 8.084 | AJ44: =I44*U44 -> 47
A45: 6616 МОЛОЧНЫЕ КЛАССИЧЕСКИЕ сос п/о в/у 0,3 кг Останкино | B45: шт | C45: 5 | D45: 954 | E45: 642 | F45: 280 | G45: =VLOOKUP(A45,[1]Лист1!$A:$D,4,0) -> 0 | H45: =F45-G45 -> 280 | I45: 0.3 | J45: 45 | K45: матрица | M45: 703 | N45: =E45-M45 -> -61 | O45: =E45-P45 -> 594 | P45: 48 | Q45: 300 | S45: =O45/5 -> 118.8 | T45: =13*S45-R45-Q45-H45 -> 964.4 | U45: =ROUND(T45,0) -> 964 | W45: =(H45+Q45+R45+U45)/S45 -> 12.996633 | X45: =(H45+Q45+R45)/S45 -> 4.8821549 | Y45: 1.6 | Z45: 52.2 | AA45: 85.8 | AB45: 35.8 | AC45: 58.4 | AD45: 64.8 | AE45: 52.8 | AF45: 58.8 | AG45: 86.4 | AH45: 56.2 | AJ45: =I45*U45 -> 289.2
A46: 6620 РЕБРЫШКИ к/в в/у_30с Останкино | B46: кг | D46: 114.24 | E46: 50.748 | F46: 58.716 | G46: =VLOOKUP(A46,[1]Лист1!$A:$D,4,0) -> 55.04 | H46: =F46-G46 -> 3.676 | I46: 1 | K46: матрица | M46: 87.352 | N46: =E46-M46 -> -36.604 | O46: =E46-P46 -> 50.748 | Q46: 50 | S46: =O46/5 -> 10.1496 | T46: =13*S46-R46-Q46-H46 -> 78.2688 | U46: =V46 -> 120 | V46: =VLOOKUP(A46,[2]Sheet!$A:$U,21,0) -> 120 | W46: =(H46+Q46+R46+U46)/S46 -> 17.11161 | X46: =(H46+Q46+R46)/S46 -> 5.2884843 | Y46: 0 | Z46: 0 | AA46: 0 | AB46: 0 | AC46: 0 | AD46: 0 | AE46: 0 | AF46: 0 | AG46: 0 | AH46: 0 | AI46: с 19,08,26 заказываем | AJ46: =I46*U46 -> 120
A47: 6661 СОЧНЫЙ ГРИЛЬ ПМ сос п/о мгс 1,5*4_Маяк Останкино | B47: кг | C47: 86.987 | D47: 264.223 | E47: 95.407 | F47: 254.393 | G47: =VLOOKUP(A47,[1]Лист1!$A:$D,4,0) -> 81.055 | H47: =F47-G47 -> 173.338 | I47: 1 | J47: 45 | K47: матрица | M47: 91 | N47: =E47-M47 -> 4.407 | O47: =E47-P47 -> 20.39 | P47: 75.017 | Q47: 0 | S47: =O47/5 -> 4.078 | U47: =ROUND(T47,0) -> 0 | W47: =(H47+Q47+R47+U47)/S47 -> 42.50564 | X47: =(H47+Q47+R47)/S47 -> 42.50564 | Y47: 8.117 | Z47: 16.8762 | AA47: 10.6318 | AB47: 4.3406 | AC47: 15.939 | AD47: 6.1928 | AE47: 6.7196 | AF47: 2.1468 | AG47: 2.1526 | AH47: 2.4722 | AI47: нужно увеличить продажи!!! | AJ47: =I47*U47 -> 0
A48: 6697 СЕРВЕЛАТ ФИНСКИЙ ПМ в/к в/у 0,35кг 8шт ОСТАНКИНО | B48: шт | C48: -46 | D48: 2151 | E48: 1064 | F48: 919 | G48: =VLOOKUP(A48,[1]Лист1!$A:$D,4,0) -> 0 | H48: =F48-G48 -> 919 | I48: 0.35 | J48: 45 | K48: матрица | M48: 1198 | N48: =E48-M48 -> -134 | O48: =E48-P48 -> 880 | P48: 184 | Q48: 400 | S48: =O48/5 -> 176 | T48: =14*S48-R48-Q48-H48 -> 1145 | U48: =V48 -> 1400 | V48: =VLOOKUP(A48,[2]Sheet!$A:$U,21,0) -> 1400 | W48: =(H48+Q48+R48+U48)/S48 -> 15.448864 | X48: =(H48+Q48+R48)/S48 -> 7.4943182 | Y48: 82.6 | Z48: 158.6 | AA48: 169.2 | AB48: 109.4 | AC48: 94.4 | AD48: 139 | AE48: 135.4 | AF48: 91.2 | AG48: 124.2 | AH48: 106.4 | AJ48: =I48*U48 -> 490
A49: 6713 СОЧНЫЙ ГРИЛЬ ПМ сос п/о мгс 0,41кг 8 шт. ОСТАНКИНО | B49: шт | C49: 11 | D49: 1386 | E49: 423 | F49: 938 | G49: =VLOOKUP(A49,[1]Лист1!$A:$D,4,0) -> 0 | H49: =F49-G49 -> 938 | I49: 0.41 | J49: 45 | K49: матрица | M49: 477 | N49: =E49-M49 -> -54 | O49: =E49-P49 -> 400 | P49: 23 | S49: =O49/5 -> 80 | U49: =ROUND(T49,0) -> 0 | W49: =(H49+Q49+R49+U49)/S49 -> 11.725 | X49: =(H49+Q49+R49)/S49 -> 11.725 | Y49: -2.6 | Z49: -2.8 | AA49: 46.8 | AB49: 39 | AC49: 41 | AD49: 31 | AE49: 61.6 | AF49: 47 | AG49: 55.4 | AH49: 47.6 | AI49: нужно увеличить продажи / 268шт списание (20,08,26) | AJ49: =I49*U49 -> 0
A50: 6724 МОЛОЧНЫЕ ПМ сос п/о мгс 0,41кг 10шт Останкино | B50: шт | C50: 34 | D50: 622 | E50: 361 | F50: 281 | G50: =VLOOKUP(A50,[1]Лист1!$A:$D,4,0) -> 150 | H50: =F50-G50 -> 131 | I50: 0.41 | J50: 45 | K50: матрица | M50: 376 | N50: =E50-M50 -> -15 | O50: =E50-P50 -> 291 | P50: 70 | Q50: 440 | R50: 200 | S50: =O50/5 -> 58.2 | T50: =14*S50-R50-Q50-H50 -> 43.8 | U50: =ROUND(T50+S50,0) -> 102 | W50: =(H50+Q50+R50+U50)/S50 -> 15 | X50: =(H50+Q50+R50)/S50 -> 13.247423 | Y50: 52.4 | Z50: 16.6 | AA50: 57.6 | AB50: 35.6 | AC50: 12.4 | AD50: 28 | AE50: 35 | AF50: 20.2 | AG50: 21.2 | AH50: 21.2 | AJ50: =I50*U50 -> 41.82
A51: 6761 МОЛОЧНЫЕ ГОСТ сос ц/о мгс 1*4 Останкино | B51: кг | C51: 16.449 | F51: 16.449 | G51: =VLOOKUP(A51,[1]Лист1!$A:$D,4,0) -> 0 | H51: =F51-G51 -> 16.449 | I51: 0 | J51: 30 | K51: не в матрице | N51: =E51-M51 -> 0 | O51: =E51-P51 -> 0 | Q51: 0 | S51: =O51/5 -> 0 | U51: =ROUND(T51,0) -> 0 | W51: =(H51+Q51+R51+U51)/S51 -> #DIV/0! | X51: =(H51+Q51+R51)/S51 -> #DIV/0! | Y51: 0 | Z51: 0 | AA51: 0 | AB51: 0 | AC51: 0 | AD51: 0 | AE51: 0 | AF51: 0 | AG51: 0 | AH51: 0 | AI51: нужно увеличить продажи!!! | AJ51: =I51*U51 -> 0
A52: 6765 РУБЛЕНЫЕ сос ц/о мгс 0,36кг 6шт Останкино | B52: шт | C52: 1 | D52: 82 | E52: 60 | F52: 13 | G52: =VLOOKUP(A52,[1]Лист1!$A:$D,4,0) -> 0 | H52: =F52-G52 -> 13 | I52: 0.36 | J52: 45 | K52: матрица | M52: 175 | N52: =E52-M52 -> -115 | O52: =E52-P52 -> 60 | Q52: 50 | S52: =O52/5 -> 12 | T52: =14*S52-R52-Q52-H52 -> 105 | U52: =ROUND(T52+S52,0) -> 117 | W52: =(H52+Q52+R52+U52)/S52 -> 15 | X52: =(H52+Q52+R52)/S52 -> 5.25 | Y52: 0.2 | Z52: 6.8 | AA52: 0 | AB52: 0 | AC52: -0.4 | AD52: 0 | AE52: -0.8 | AF52: -1.4 | AG52: -0.6 | AH52: -1 | AI52: 08,08,26 списано 35 шт. | AJ52: =I52*U52 -> 42.12
A53: 6787 СЕРВЕЛАТ КРЕМЛЕВСКИЙ в/к в/у 0,33кг 8шт Останкино | B53: шт | C53: -2 | D53: 183 | E53: 136 | F53: 27 | G53: =VLOOKUP(A53,[1]Лист1!$A:$D,4,0) -> 0 | H53: =F53-G53 -> 27 | I53: 0.33 | J53: 45 | K53: матрица | M53: 230 | N53: =E53-M53 -> -94 | O53: =E53-P53 -> 136 | Q53: 116 | S53: =O53/5 -> 27.2 | T53: =13*S53-R53-Q53-H53 -> 210.6 | U53: =ROUND(T53,0) -> 211 | W53: =(H53+Q53+R53+U53)/S53 -> 13.014706 | X53: =(H53+Q53+R53)/S53 -> 5.2573529 | Y53: 17.6 | Z53: 5.2 | AA53: 20.2 | AB53: 12.8 | AC53: 2.2 | AD53: 11.4 | AE53: 17 | AF53: 0 | AG53: 15.8 | AH53: 7.8 | AI53: 55 шт в уценку (06,07,26) | AJ53: =I53*U53 -> 69.63
A54: 6797 С ИНДЕЙКОЙ Папа может вар п/о 0,4кг 8шт. ОСТАНКИНО | B54: шт | C54: 8 | D54: 581 | E54: 249 | F54: 319 | G54: =VLOOKUP(A54,[1]Лист1!$A:$D,4,0) -> 0 | H54: =F54-G54 -> 319 | I54: 0.4 | J54: 60 | K54: матрица | M54: 279 | N54: =E54-M54 -> -30 | O54: =E54-P54 -> 225 | P54: 24 | Q54: 50 | S54: =O54/5 -> 45 | T54: =14*S54-R54-Q54-H54 -> 261 | U54: =ROUND(T54+S54,0) -> 306 | W54: =(H54+Q54+R54+U54)/S54 -> 15 | X54: =(H54+Q54+R54)/S54 -> 8.2 | Y54: 9 | Z54: 38 | AA54: 38.4 | AB54: 27 | AC54: 20.8 | AD54: 30.2 | AE54: 34.6 | AF54: 33.8 | AG54: 24.2 | AH54: 14.6 | AJ54: =I54*U54 -> 122.4
A55: 6807 СЕРВЕЛАТ ЕВРОПЕЙСКИЙ в/к в/у 0,33кг 8шт Останкино | B55: шт | C55: 1 | D55: 35 | E55: 13 | F55: 20 | G55: =VLOOKUP(A55,[1]Лист1!$A:$D,4,0) -> 0 | H55: =F55-G55 -> 20 | I55: 0.33 | J55: 45 | K55: матрица | M55: 24 | N55: =E55-M55 -> -11 | O55: =E55-P55 -> 13 | Q55: 0 | S55: =O55/5 -> 2.6 | T55: =14*S55-R55-Q55-H55 -> 16.4 | U55: =ROUND(T55+S55,0) -> 19 | W55: =(H55+Q55+R55+U55)/S55 -> 15 | X55: =(H55+Q55+R55)/S55 -> 7.6923077 | Y55: -0.4 | Z55: 0 | AA55: -0.6 | AB55: 0 | AC55: 0.8 | AD55: 1.4 | AE55: 3.2 | AF55: 2.6 | AG55: 0.8 | AH55: 2.6 | AI55: 27шт списано (11,08,26) | AJ55: =I55*U55 -> 6.27
A56: 6829 МОЛОЧНЫЕ КЛАССИЧЕСКИЕ сос п/о мгс 2*4 С Останккино | B56: кг | C56: 8.739 | D56: 727.708 | E56: 404.179 | F56: 248.261 | G56: =VLOOKUP(A56,[1]Лист1!$A:$D,4,0) -> 0 | H56: =F56-G56 -> 248.261 | I56: 1 | J56: 45 | K56: матрица | M56: 418.413 | N56: =E56-M56 -> -14.234 | O56: =E56-P56 -> 404.179 | Q56: 300 | S56: =O56/5 -> 80.8358 | T56: =14*S56-R56-Q56-H56 -> 583.4402 | U56: =ROUND(T56+S56,0) -> 664 | W56: =(H56+Q56+R56+U56)/S56 -> 14.996586 | X56: =(H56+Q56+R56)/S56 -> 6.7824033 | Y56: 30.0454 | Z56: 65.7538 | AA56: 61.4334 | AB56: 54.077 | AC56: 13.7126 | AD56: 63.3406 | AE56: 57.4312 | AF56: 38.247 | AG56: 48.4212 | AH56: 35.9378 | AJ56: =I56*U56 -> 664
A57: 6837 ФИЛЕЙНЫЕ Папа Может сос ц/о мгс 0,4кг Останкино | B57: шт | C57: 114 | D57: 180 | E57: 51 | F57: 240 | G57: =VLOOKUP(A57,[1]Лист1!$A:$D,4,0) -> 126 | H57: =F57-G57 -> 114 | I57: 0.4 | J57: 45 | K57: матрица | M57: 165 | N57: =E57-M57 -> -114 | O57: =E57-P57 -> -3 | P57: 54 | S57: =O57/5 -> -0.6 | U57: =ROUND(T57,0) -> 0 | W57: =(H57+Q57+R57+U57)/S57 -> -190 | X57: =(H57+Q57+R57)/S57 -> -190 | Y57: -0.2 | Z57: -2.6 | AA57: 0 | AB57: -0.4 | AC57: -0.2 | AD57: -2.4 | AE57: -3.4 | AF57: 1 | AG57: -1.6 | AH57: 10.4 | AI57: нужно увеличить продажи!!! | AJ57: =I57*U57 -> 0
A58: 6861 ДОМАШНИЙ РЕЦЕПТ Коровино вар п/о Останкино | B58: кг | G58: =VLOOKUP(A58,[1]Лист1!$A:$D,4,0) -> 0 | H58: =F58-G58 -> 0 | I58: 0 | K58: матрица | M58: 14.6 | N58: =E58-M58 -> -14.6 | O58: =E58-P58 -> 0 | Q58: 0 | S58: =O58/5 -> 0 | U58: =ROUND(T58,0) -> 0 | W58: =(H58+Q58+R58+U58)/S58 -> #DIV/0! | X58: =(H58+Q58+R58)/S58 -> #DIV/0! | Y58: 0 | Z58: 0 | AA58: 0 | AB58: 0 | AC58: 0 | AD58: 0 | AE58: 0 | AF58: 0 | AG58: 0 | AH58: 0 | AI58: нет потребности | AJ58: =I58*U58 -> 0
A59: 6866 ВЕТЧ.НЕЖНАЯ Коровино п/о_Маяк Останкино | B59: кг | C59: 4.14 | D59: 244.57 | E59: 62.485 | F59: 184.695 | G59: =VLOOKUP(A59,[1]Лист1!$A:$D,4,0) -> 120.73 | H59: =F59-G59 -> 63.965 | I59: 1 | J59: 60 | K59: матрица | M59: 59.5 | N59: =E59-M59 -> 2.985 | O59: =E59-P59 -> 38.095 | P59: 24.39 | Q59: 70 | S59: =O59/5 -> 7.619 | U59: =ROUND(T59,0) -> 0 | W59: =(H59+Q59+R59+U59)/S59 -> 17.583016 | X59: =(H59+Q59+R59)/S59 -> 17.583016 | Y59: 7.8316 | Z59: 9.9422 | AA59: 12.0648 | AB59: 5.156 | AC59: 7.844 | AD59: 4.236 | AE59: 5.14 | AF59: 2.649 | AG59: 1.791 | AH59: 1.9 | AJ59: =I59*U59 -> 0
A60: 6925 ВЕТЧ.КЛАССИЧЕСКАЯ в/у 0,6кг 8шт. ОСТАНКИНО | B60: шт | C60: 28 | D60: 116 | E60: 56 | F60: 81 | G60: =VLOOKUP(A60,[1]Лист1!$A:$D,4,0) -> 32 | H60: =F60-G60 -> 49 | I60: 0 | J60: 45 | K60: вывод | M60: 66 | N60: =E60-M60 -> -10 | O60: =E60-P60 -> 24 | P60: 32 | Q60: 12 | S60: =O60/5 -> 4.8 | U60: =ROUND(T60,0) -> 0 | W60: =(H60+Q60+R60+U60)/S60 -> 12.708333 | X60: =(H60+Q60+R60)/S60 -> 12.708333 | Y60: 5.8 | Z60: 9.6 | AA60: 6 | AB60: 7.6 | AC60: 8.2 | AD60: 12.8 | AE60: 10.8 | AF60: 13.8 | AG60: 13 | AH60: 7.6 | AJ60: =I60*U60 -> 0
A61: 6929 КАРБОНАД ДОМАШНИЙ ПМ к/в кр/к в/у ОСТАНКИНО | B61: кг | G61: =VLOOKUP(A61,[1]Лист1!$A:$D,4,0) -> 0 | H61: =F61-G61 -> 0 | I61: 1 | J61: 45 | K61: матрица | M61: 8.5 | N61: =E61-M61 -> -8.5 | O61: =E61-P61 -> 0 | Q61: 100 | S61: =O61/5 -> 0 | U61: =ROUND(T61,0) -> 0 | W61: =(H61+Q61+R61+U61)/S61 -> #DIV/0! | X61: =(H61+Q61+R61)/S61 -> #DIV/0! | Y61: 0 | Z61: 0 | AA61: 0 | AB61: 0 | AC61: 0 | AD61: 0 | AE61: 0 | AF61: 0 | AG61: 0 | AH61: 0 | AI61: новинка | AJ61: =I61*U61 -> 0
A62: 6937 САЛЯМИ Папа может с/к в/у 1/250 8шт Останкино | B62: шт | C62: 120 | F62: 120 | G62: =VLOOKUP(A62,[1]Лист1!$A:$D,4,0) -> 0 | H62: =F62-G62 -> 120 | I62: 0 | K62: не в матрице | N62: =E62-M62 -> 0 | O62: =E62-P62 -> 0 | Q62: 0 | S62: =O62/5 -> 0 | U62: =ROUND(T62,0) -> 0 | W62: =(H62+Q62+R62+U62)/S62 -> #DIV/0! | X62: =(H62+Q62+R62)/S62 -> #DIV/0! | Y62: 0 | Z62: 3.2 | AA62: 4.8 | AB62: 0 | AC62: 8 | AD62: 0 | AE62: 0 | AF62: 0 | AG62: 0 | AH62: 0 | AI62: нужно увеличить продажи!!! / Грация | AJ62: =I62*U62 -> 0
A63: 6967 БУРГУНДИЯ Папа может с/к в/у 1/250 8шт Останкино | B63: шт | C63: 90 | D63: 328 | E63: 148 | F63: 252 | G63: =VLOOKUP(A63,[1]Лист1!$A:$D,4,0) -> 0 | H63: =F63-G63 -> 252 | I63: 0.25 | J63: 120 | K63: матрица | M63: 291 | N63: =E63-M63 -> -143 | O63: =E63-P63 -> 148 | Q63: 70 | S63: =O63/5 -> 29.6 | T63: =14*S63-R63-Q63-H63 -> 92.4 | U63: =ROUND(T63+S63,0) -> 122 | W63: =(H63+Q63+R63+U63)/S63 -> 15 | X63: =(H63+Q63+R63)/S63 -> 10.878378 | Y63: 23.8 | Z63: 41.2 | AA63: 35.8 | AB63: 24 | AC63: 14.4 | AD63: 17.2 | AE63: 29.8 | AF63: 8.4 | AG63: 9.4 | AH63: 12.8 | AI63: плюсом 5 дней | AJ63: =I63*U63 -> 30.5
A64: 7001 КЛАССИЧЕСКИЕ Папа может сар б/о мгс 1*3 Останкино | B64: кг | C64: 0.006 | D64: 47.623 | E64: 27.6 | F64: 20.029 | G64: =VLOOKUP(A64,[1]Лист1!$A:$D,4,0) -> 0 | H64: =F64-G64 -> 20.029 | I64: 1 | J64: 45 | K64: матрица | M64: 27 | N64: =E64-M64 -> 0.6 | O64: =E64-P64 -> 27.6 | Q64: 70 | S64: =O64/5 -> 5.52 | U64: =ROUND(T64,0) -> 0 | W64: =(H64+Q64+R64+U64)/S64 -> 16.309601 | X64: =(H64+Q64+R64)/S64 -> 16.309601 | Y64: -0.2108 | Z64: 3.5804 | AA64: 5.7594 | AB64: -0.002 | AC64: 3.0392 | AD64: 5.0498 | AE64: 3.3026 | AF64: 2.326 | AG64: 2.6434 | AH64: 2.0692 | AJ64: =I64*U64 -> 0
A65: 7040 С ИНДЕЙКОЙ ПМ сос ц/о в/у 1/270 8шт. ОСТАНКИНО | B65: шт | C65: -2 | D65: 234 | E65: 116 | F65: 98 | G65: =VLOOKUP(A65,[1]Лист1!$A:$D,4,0) -> 56 | H65: =F65-G65 -> 42 | I65: 0.27 | K65: матрица | M65: 188 | N65: =E65-M65 -> -72 | O65: =E65-P65 -> 116 | Q65: 60 | S65: =O65/5 -> 23.2 | T65: =14*S65-R65-Q65-H65 -> 222.8 | U65: =ROUND(T65+S65,0) -> 246 | W65: =(H65+Q65+R65+U65)/S65 -> 15 | X65: =(H65+Q65+R65)/S65 -> 4.3965517 | Y65: 0.2 | Z65: 14.8 | AA65: 24.8 | AB65: 10.4 | AC65: 0 | AD65: 0 | AE65: 0 | AF65: 0 | AG65: 0 | AH65: 0 | AI65: новинка | AJ65: =I65*U65 -> 66.42
A66: 7059 ШПИКАЧКИ СОЧНЫЕ С БЕК. п/о мгс 0,3кг 60с ОСТАНКИНО | B66: шт | C66: 6 | D66: 292 | E66: 207 | F66: 79 | G66: =VLOOKUP(A66,[1]Лист1!$A:$D,4,0) -> 0 | H66: =F66-G66 -> 79 | I66: 0.3 | J66: 60 | K66: матрица | M66: 223 | N66: =E66-M66 -> -16 | O66: =E66-P66 -> 207 | Q66: 70 | S66: =O66/5 -> 41.4 | T66: =12*S66-R66-Q66-H66 -> 347.8 | U66: =V66 -> 400 | V66: =VLOOKUP(A66,[2]Sheet!$A:$U,21,0) -> 400 | W66: =(H66+Q66+R66+U66)/S66 -> 13.26087 | X66: =(H66+Q66+R66)/S66 -> 3.5990338 | Y66: 19.2 | Z66: 9.4 | AA66: 37.8 | AB66: 29.6 | AC66: 15.4 | AD66: 26.8 | AE66: 44 | AF66: 30 | AG66: 34 | AH66: 25.4 | AJ66: =I66*U66 -> 120
A67: 7066 СОЧНЫЕ ПМ сос п/о мгс 0,41кг 10шт 50с Останкино | B67: шт | C67: 14 | D67: 2830 | E67: 601 | F67: 2223 | G67: =VLOOKUP(A67,[1]Лист1!$A:$D,4,0) -> 660 | H67: =F67-G67 -> 1563 | I67: 0.41 | J67: 50 | K67: матрица | M67: 1472 | N67: =E67-M67 -> -871 | O67: =E67-P67 -> 481 | P67: 120 | Q67: 1300 | S67: =O67/5 -> 96.2 | U67: =ROUND(T67,0) -> 0 | W67: =(H67+Q67+R67+U67)/S67 -> 29.760915 | X67: =(H67+Q67+R67)/S67 -> 29.760915 | Y67: 48.6 | Z67: 324.6 | AA67: 150 | AB67: 81.2 | AC67: 212.8 | AD67: 266.8 | AE67: 172.2 | AF67: 150 | AG67: 221.2 | AH67: 150.8 | AJ67: =I67*U67 -> 0
A68: 7070 СОЧНЫЕ ПМ сос п/о 1,5*4_А_50с Останкино | B68: кг | C68: 11.114 | D68: 937.026 | E68: 298.748 | F68: 637.111 | G68: =VLOOKUP(A68,[1]Лист1!$A:$D,4,0) -> 285.108 | H68: =F68-G68 -> 352.003 | I68: 1 | J68: 50 | K68: матрица | M68: 294.998 | N68: =E68-M68 -> 3.75 | O68: =E68-P68 -> 181.46 | P68: 117.288 | Q68: 300 | R68: 50 | S68: =O68/5 -> 36.292 | U68: =ROUND(T68,0) -> 0 | W68: =(H68+Q68+R68+U68)/S68 -> 19.343189 | X68: =(H68+Q68+R68)/S68 -> 19.343189 | Y68: 43.0022 | Z68: 52.134 | AA68: 58.188 | AB68: 30.9304 | AC68: 29.0246 | AD68: 23.656 | AE68: 36.4186 | AF68: 13.896 | AG68: 12.9934 | AH68: 16.3936 | AJ68: =I68*U68 -> 0
A69: 7073 МОЛОЧ.ПРЕМИУМ ПМ сос п/о в/у 1/350_50с Останкино | B69: шт | C69: 15 | D69: 618 | E69: 304 | F69: 301 | G69: =VLOOKUP(A69,[1]Лист1!$A:$D,4,0) -> 72 | H69: =F69-G69 -> 229 | I69: 0.35 | J69: 50 | K69: матрица | M69: 331 | N69: =E69-M69 -> -27 | O69: =E69-P69 -> 280 | P69: 24 | Q69: 250 | S69: =O69/5 -> 56 | T69: =14*S69-R69-Q69-H69 -> 305 | U69: =ROUND(T69+S69,0) -> 361 | W69: =(H69+Q69+R69+U69)/S69 -> 15 | X69: =(H69+Q69+R69)/S69 -> 8.5535714 | Y69: 17.6 | Z69: 29 | AA69: 62 | AB69: 32.4 | AC69: 31 | AD69: 41 | AE69: 31.2 | AF69: 33.8 | AG69: 31.2 | AH69: 27.8 | AJ69: =I69*U69 -> 126.35
A70: 7075 МОЛОЧ.ПРЕМИУМ ПМ сос п/о мгс 1,5*4_О_50с Останкино | B70: кг | C70: 0.007 | D70: 57.261 | E70: 37.139 | F70: 18.581 | G70: =VLOOKUP(A70,[1]Лист1!$A:$D,4,0) -> 0 | H70: =F70-G70 -> 18.581 | I70: 1 | J70: 50 | K70: матрица | M70: 33.1 | N70: =E70-M70 -> 4.039 | O70: =E70-P70 -> 37.139 | Q70: 10 | S70: =O70/5 -> 7.4278 | T70: =12*S70-R70-Q70-H70 -> 60.5526 | U70: =ROUND(T70,0) -> 61 | W70: =(H70+Q70+R70+U70)/S70 -> 12.060233 | X70: =(H70+Q70+R70)/S70 -> 3.8478419 | Y70: 0 | Z70: 1.2568 | AA70: 7.3842 | AB70: 0.9372 | AC70: 2.504 | AD70: 3.7236 | AE70: 1.5624 | AF70: 2.1746 | AG70: 2.2 | AH70: 3.1534 | AJ70: =I70*U70 -> 61
A71: 7080 СЛИВОЧНЫЕ ПМ сос п/о мгс 0,41кг 10шт 50с Останкино | B71: шт | C71: 50 | D71: 2745 | E71: 1127 | F71: 1590 | G71: =VLOOKUP(A71,[1]Лист1!$A:$D,4,0) -> 270 | H71: =F71-G71 -> 1320 | I71: 0.41 | J71: 50 | K71: матрица | M71: 1234 | N71: =E71-M71 -> -107 | O71: =E71-P71 -> 967 | P71: 160 | Q71: 400 | S71: =O71/5 -> 193.4 | T71: =14*S71-R71-Q71-H71 -> 987.6 | U71: =ROUND(T71+S71,0) -> 1181 | W71: =(H71+Q71+R71+U71)/S71 -> 15 | X71: =(H71+Q71+R71)/S71 -> 8.893485 | Y71: 65 | Z71: 200.4 | AA71: 174.2 | AB71: 38.2 | AC71: 129.4 | AD71: 156.6 | AE71: 120.8 | AF71: 91.6 | AG71: 120.2 | AH71: 94.6 | AJ71: =I71*U71 -> 484.21
A72: 7083 СЛИВОЧНЫЕ ПМ сос п/о мгс 1.5*4_А_50с ОСТАНКИНО | B72: кг | C72: 3.173 | D72: 109.913 | E72: 72.799 | F72: 37.203 | G72: =VLOOKUP(A72,[1]Лист1!$A:$D,4,0) -> 0 | H72: =F72-G72 -> 37.203 | I72: 1 | J72: 50 | K72: матрица | M72: 145 | N72: =E72-M72 -> -72.201 | O72: =E72-P72 -> 72.799 | Q72: 211 | S72: =O72/5 -> 14.5598 | U72: =ROUND(T72,0) -> 0 | W72: =(H72+Q72+R72+U72)/S72 -> 17.047144 | X72: =(H72+Q72+R72)/S72 -> 17.047144 | Y72: 26.6458 | Z72: 17.4558 | AA72: 13.0438 | AB72: 19.4636 | AC72: 6.3722 | AD72: 12.7166 | AE72: 14.8438 | AF72: 8.7586 | AG72: 10.333 | AH72: 10.343 | AJ72: =I72*U72 -> 0
A73: 7090 СВИНИНА ПО-ДОМ.к/в мл/к в/у 0,3кг_50с Останкино | B73: шт | C73: 47 | D73: 498 | E73: 179 | F73: 345 | G73: =VLOOKUP(A73,[1]Лист1!$A:$D,4,0) -> 0 | H73: =F73-G73 -> 345 | I73: 0.3 | J73: 50 | K73: матрица | M73: 370 | N73: =E73-M73 -> -191 | O73: =E73-P73 -> 35 | P73: 144 | Q73: 153 | S73: =O73/5 -> 7 | U73: =ROUND(T73,0) -> 0 | W73: =(H73+Q73+R73+U73)/S73 -> 71.142857 | X73: =(H73+Q73+R73)/S73 -> 71.142857 | Y73: 33.4 | Z73: 54.8 | AA73: 36.4 | AB73: 29.6 | AC73: 32.8 | AD73: 41 | AE73: 43.6 | AF73: 22.2 | AG73: 27.2 | AH73: 25 | AI73: нужно увеличить продажи!!! | AJ73: =I73*U73 -> 0
A74: 7103 БЕКОН Останкино с/к с/н в/у 1/180_50с Останкино | B74: шт | C74: 89 | D74: 538 | E74: 227 | F74: 369 | G74: =VLOOKUP(A74,[1]Лист1!$A:$D,4,0) -> 0 | H74: =F74-G74 -> 369 | I74: 0.18 | J74: 50 | K74: матрица | M74: 313 | N74: =E74-M74 -> -86 | O74: =E74-P74 -> 127 | P74: 100 | Q74: 21 | S74: =O74/5 -> 25.4 | U74: =ROUND(T74,0) -> 0 | W74: =(H74+Q74+R74+U74)/S74 -> 15.354331 | X74: =(H74+Q74+R74)/S74 -> 15.354331 | Y74: 33.6 | Z74: 53 | AA74: 47.2 | AB74: 9.6 | AC74: 35.6 | AD74: 42 | AE74: 28.4 | AF74: 15.8 | AG74: 6.4 | AH74: 20.4 | AJ74: =I74*U74 -> 0
A75: 7143 БРАУНШВЕЙГСКАЯ ГОСТ с/к в/у 1/220 8шт. | B75: шт | G75: =VLOOKUP(A75,[1]Лист1!$A:$D,4,0) -> 0 | H75: =F75-G75 -> 0 | I75: 0.22 | J75: 120 | K75: матрица | N75: =E75-M75 -> 0 | O75: =E75-P75 -> 0 | Q75: 120 | S75: =O75/5 -> 0 | U75: =ROUND(T75,0) -> 0 | W75: =(H75+Q75+R75+U75)/S75 -> #DIV/0! | X75: =(H75+Q75+R75)/S75 -> #DIV/0! | Y75: 0 | Z75: 0 | AA75: 0 | AB75: 0 | AC75: 0 | AD75: 0 | AE75: 0 | AF75: 0 | AG75: 0 | AH75: 0 | AI75: новинка | AJ75: =I75*U75 -> 0
A76: 7149 БАЛЫКОВАЯ Коровино п/к в/у 0,84кг_50с Останкино | B76: кг | G76: =VLOOKUP(A76,[1]Лист1!$A:$D,4,0) -> 0 | H76: =F76-G76 -> 0 | I76: 0 | K76: матрица | M76: 10 | N76: =E76-M76 -> -10 | O76: =E76-P76 -> 0 | Q76: 0 | S76: =O76/5 -> 0 | U76: =ROUND(T76,0) -> 0 | W76: =(H76+Q76+R76+U76)/S76 -> #DIV/0! | X76: =(H76+Q76+R76)/S76 -> #DIV/0! | Y76: 0 | Z76: 0 | AA76: 0 | AB76: 0 | AC76: 0 | AD76: 0 | AE76: 0 | AF76: 0 | AG76: 0 | AH76: 0 | AI76: нет потребности | AJ76: =I76*U76 -> 0
A77: 7154 СЕРВЕЛАТ ЗЕРНИСТЫЙ ПМ в/к в/у 0,35кг_50с Останкино | B77: шт | C77: 59 | D77: 2601 | E77: 923 | F77: =1639+F33 -> 1638 | G77: =VLOOKUP(A77,[1]Лист1!$A:$D,4,0) -> 256 | H77: =F77-G77 -> 1382 | I77: 0.35 | J77: 50 | K77: матрица | M77: 1044 | N77: =E77-M77 -> -121 | O77: =E77-P77 -> 699 | P77: 224 | Q77: 300 | S77: =O77/5 -> 139.8 | T77: =14*S77-R77-Q77-H77 -> 275.2 | U77: =ROUND(T77+S77,0) -> 415 | W77: =(H77+Q77+R77+U77)/S77 -> 15 | X77: =(H77+Q77+R77)/S77 -> 12.031474 | Y77: 31.4 | Z77: 171.8 | AA77: 167.8 | AB77: 88.4 | AC77: 88.6 | AD77: 163.2 | AE77: 117.6 | AF77: 85.6 | AG77: 104.4 | AH77: 62.8 | AJ77: =I77*U77 -> 145.25
A78: 7156 СЕРВЕЛАТ КОПЧ.НА БУКЕ в/к в/у 0.35кг_50с | B78: шт | G78: =VLOOKUP(A78,[1]Лист1!$A:$D,4,0) -> 0 | H78: =F78-G78 -> 0 | I78: 0 | K78: матрица | N78: =E78-M78 -> 0 | O78: =E78-P78 -> 0 | Q78: 0 | S78: =O78/5 -> 0 | U78: =ROUND(T78,0) -> 0 | W78: =(H78+Q78+R78+U78)/S78 -> #DIV/0! | X78: =(H78+Q78+R78)/S78 -> #DIV/0! | Y78: 0 | Z78: 0 | AA78: 0 | AB78: 0 | AC78: 0 | AD78: 0 | AE78: 0 | AF78: 0 | AG78: 0 | AH78: 0 | AI78: нет потребности | AJ78: =I78*U78 -> 0
A79: 7157 СЕРВЕЛАТ ЗЕРНИСТЫЙ ПМ в/к в/у_50с Останкино | B79: кг | C79: 146.998 | D79: 560.209 | E79: 226.158 | F79: 462.501 | G79: =VLOOKUP(A79,[1]Лист1!$A:$D,4,0) -> 196.2 | H79: =F79-G79 -> 266.301 | I79: 1 | J79: 50 | K79: матрица | M79: 238.47 | N79: =E79-M79 -> -12.312 | O79: =E79-P79 -> 153.534 | P79: 72.624 | Q79: 70 | S79: =O79/5 -> 30.7068 | T79: =14*S79-R79-Q79-H79 -> 93.5942 | U79: =ROUND(T79+S79,0) -> 124 | W79: =(H79+Q79+R79+U79)/S79 -> 14.990198 | X79: =(H79+Q79+R79)/S79 -> 10.952004 | Y79: 26.449 | Z79: 38.481 | AA79: 36.499 | AB79: 22.3724 | AC79: 38.5076 | AD79: 29.7062 | AE79: 31.8204 | AF79: 24.955 | AG79: 19.36 | AH79: 20.7618 | AJ79: =I79*U79 -> 124
A80: 7166 СЕРВЕЛАТ ОХОТНИЧИЙ ПМ в/к в/у_50с Останкино | B80: кг | C80: 105.048 | D80: 1086.948 | E80: 383.889 | F80: 776.791 | G80: =VLOOKUP(A80,[1]Лист1!$A:$D,4,0) -> 308.275 | H80: =F80-G80 -> 468.516 | I80: 1 | J80: 50 | K80: матрица | M80: 389.6 | N80: =E80-M80 -> -5.711 | O80: =E80-P80 -> 298.596 | P80: 85.293 | Q80: 150 | S80: =O80/5 -> 59.7192 | T80: =14*S80-R80-Q80-H80 -> 217.5528 | U80: =ROUND(T80+S80,0) -> 277 | W80: =(H80+Q80+R80+U80)/S80 -> 14.995445 | X80: =(H80+Q80+R80)/S80 -> 10.357071 | Y80: 27.5682 | Z80: 69.7946 | AA80: 60.612 | AB80: 40.3394 | AC80: 47.5284 | AD80: 59.7816 | AE80: 56.0388 | AF80: 36.1256 | AG80: 28.1542 | AH80: 33.9756 | AJ80: =I80*U80 -> 277
A81: 7169 СЕРВЕЛАТ ОХОТНИЧИЙ ПМ в/к в/у 0,35кг_50с Останкино | B81: шт | C81: 11 | D81: 2357 | E81: 994 | F81: 1254 | G81: =VLOOKUP(A81,[1]Лист1!$A:$D,4,0) -> 120 | H81: =F81-G81 -> 1134 | I81: 0.35 | J81: 50 | K81: матрица | M81: 1150 | N81: =E81-M81 -> -156 | O81: =E81-P81 -> 786 | P81: 208 | Q81: 300 | S81: =O81/5 -> 157.2 | T81: =14*S81-R81-Q81-H81 -> 766.8 | U81: =V81 -> 900 | V81: =VLOOKUP(A81,[2]Sheet!$A:$U,21,0) -> 900 | W81: =(H81+Q81+R81+U81)/S81 -> 14.847328 | X81: =(H81+Q81+R81)/S81 -> 9.1221374 | Y81: 83.2 | Z81: 181 | AA81: 164.4 | AB81: 112.2 | AC81: 124.6 | AD81: 139 | AE81: 128 | AF81: 104.2 | AG81: 95.2 | AH81: 90 | AJ81: =I81*U81 -> 315
A82: 7177 ЧЕСНОЧНАЯ ПМ п/к в/у 0,35кг 8шт_50с Останкино | B82: шт | C82: 84 | D82: 103 | E82: 108 | F82: 72 | G82: =VLOOKUP(A82,[1]Лист1!$A:$D,4,0) -> 40 | H82: =F82-G82 -> 32 | I82: 0 | K82: не в матрице | M82: 145 | N82: =E82-M82 -> -37 | O82: =E82-P82 -> 52 | P82: 56 | Q82: 0 | S82: =O82/5 -> 10.4 | U82: =ROUND(T82,0) -> 0 | W82: =(H82+Q82+R82+U82)/S82 -> 3.0769231 | X82: =(H82+Q82+R82)/S82 -> 3.0769231 | Y82: 5.2 | Z82: 3.6 | AA82: 3.2 | AB82: 4.8 | AC82: 6.4 | AD82: 0 | AE82: 0 | AF82: 0 | AG82: 0 | AH82: 0 | AI82: нужно увеличить продажи / Грация | AJ82: =I82*U82 -> 0
A83: 7187 ГРУДИНКА ПРЕМИУМ к/в мл/к в/у 0,3кг_50с Останкино | B83: шт | C83: 1 | D83: 494 | E83: 238 | F83: 231 | G83: =VLOOKUP(A83,[1]Лист1!$A:$D,4,0) -> 36 | H83: =F83-G83 -> 195 | I83: 0.3 | J83: 50 | K83: матрица | M83: 336 | N83: =E83-M83 -> -98 | O83: =E83-P83 -> 190 | P83: 48 | Q83: 50 | S83: =O83/5 -> 38 | T83: =14*S83-R83-Q83-H83 -> 287 | U83: =ROUND(T83+S83,0) -> 325 | W83: =(H83+Q83+R83+U83)/S83 -> 15 | X83: =(H83+Q83+R83)/S83 -> 6.4473684 | Y83: 4 | Z83: 39.2 | AA83: 26.6 | AB83: 20.6 | AC83: 23 | AD83: 20 | AE83: 27 | AF83: 28.2 | AG83: 19.2 | AH83: 21.6 | AJ83: =I83*U83 -> 97.5
A84: 7231 КЛАССИЧЕСКАЯ ПМ вар п/о 0,3кг 8 шт_209к Останкино | B84: шт | C84: 2 | D84: 81 | E84: 62 | F84: 12 | G84: =VLOOKUP(A84,[1]Лист1!$A:$D,4,0) -> 0 | H84: =F84-G84 -> 12 | I84: 0.3 | J84: 60 | K84: матрица | M84: 114 | N84: =E84-M84 -> -52 | O84: =E84-P84 -> 62 | Q84: 50 | S84: =O84/5 -> 12.4 | T84: =13*S84-R84-Q84-H84 -> 99.2 | U84: =ROUND(T84,0) -> 99 | W84: =(H84+Q84+R84+U84)/S84 -> 12.983871 | X84: =(H84+Q84+R84)/S84 -> 5 | Y84: 8 | Z84: 5.2 | AA84: 9.6 | AB84: 8.4 | AC84: 4.6 | AD84: 4 | AE84: 7.8 | AF84: 5.8 | AG84: 9 | AH84: 6.4 | AJ84: =I84*U84 -> 29.7
A85: 7232 БОЯNСКАЯ ПМ п/к в/у 0,28кг 8шт_209к Останкино | B85: шт | C85: 4 | D85: 1528 | E85: 578 | F85: 877 | G85: =VLOOKUP(A85,[1]Лист1!$A:$D,4,0) -> 0 | H85: =F85-G85 -> 877 | I85: 0.28 | J85: 50 | K85: матрица | M85: 743 | N85: =E85-M85 -> -165 | O85: =E85-P85 -> 434 | P85: 144 | Q85: 0 | S85: =O85/5 -> 86.8 | T85: =14*S85-R85-Q85-H85 -> 338.2 | U85: =ROUND(T85+S85,0) -> 425 | W85: =(H85+Q85+R85+U85)/S85 -> 15 | X85: =(H85+Q85+R85)/S85 -> 10.103687 | Y85: 22 | Z85: 110.6 | AA85: 99.4 | AB85: 52.6 | AC85: 55.4 | AD85: 88.4 | AE85: 94.2 | AF85: 52.8 | AG85: 65.6 | AH85: 54.8 | AJ85: =I85*U85 -> 119
A86: 7236 СЕРВЕЛАТ КАРЕЛЬСКИЙ в/к в/у 0,28кг_209к Останкино | B86: шт | C86: 7 | D86: 1487 | E86: 594 | F86: 851 | G86: =VLOOKUP(A86,[1]Лист1!$A:$D,4,0) -> 40 | H86: =F86-G86 -> 811 | I86: 0.28 | J86: 45 | K86: матрица | M86: 708 | N86: =E86-M86 -> -114 | O86: =E86-P86 -> 434 | P86: 160 | Q86: 200 | S86: =O86/5 -> 86.8 | T86: =14*S86-R86-Q86-H86 -> 204.2 | U86: =ROUND(T86+S86,0) -> 291 | W86: =(H86+Q86+R86+U86)/S86 -> 15 | X86: =(H86+Q86+R86)/S86 -> 11.647465 | Y86: 43.4 | Z86: 132 | AA86: 102 | AB86: 67.6 | AC86: 86.6 | AD86: 90.2 | AE86: 81.8 | AF86: 59.8 | AG86: 55.2 | AH86: 44.4 | AJ86: =I86*U86 -> 81.48
A87: 7238 СЕРВЕЛАТ ОРЕХОВЫЙ в/к в/у 0,31кг_209к Останкино | B87: шт | C87: 140 | F87: 140 | G87: =VLOOKUP(A87,[1]Лист1!$A:$D,4,0) -> 0 | H87: =F87-G87 -> 140 | I87: 0 | K87: не в матрице | N87: =E87-M87 -> 0 | O87: =E87-P87 -> 0 | Q87: 0 | S87: =O87/5 -> 0 | U87: =ROUND(T87,0) -> 0 | W87: =(H87+Q87+R87+U87)/S87 -> #DIV/0! | X87: =(H87+Q87+R87)/S87 -> #DIV/0! | Y87: 0 | Z87: 0.4 | AA87: 6.4 | AB87: 0 | AC87: 1.6 | AD87: 3.2 | AE87: 0 | AF87: 0 | AG87: 0 | AH87: 0 | AI87: нужно увеличить продажи!!! / Грация | AJ87: =I87*U87 -> 0
A88: 7241 САЛЯМИ Папа может п/к в/у 0,28кг ОСТАНКИНО | B88: шт | C88: 27 | D88: 1151 | E88: 556 | F88: 578 | G88: =VLOOKUP(A88,[1]Лист1!$A:$D,4,0) -> 32 | H88: =F88-G88 -> 546 | I88: 0.28 | J88: 45 | K88: матрица | M88: 637 | N88: =E88-M88 -> -81 | O88: =E88-P88 -> 404 | P88: 152 | Q88: 100 | S88: =O88/5 -> 80.8 | T88: =14*S88-R88-Q88-H88 -> 485.2 | U88: =ROUND(T88+S88,0) -> 566 | W88: =(H88+Q88+R88+U88)/S88 -> 15 | X88: =(H88+Q88+R88)/S88 -> 7.9950495 | Y88: 37.2 | Z88: 103.2 | AA88: 77.2 | AB88: 52.2 | AC88: 71.8 | AD88: 70.8 | AE88: 74.2 | AF88: 48.8 | AG88: 44.4 | AH88: 43.2 | AJ88: =I88*U88 -> 158.48
A89: 7255 МЯСНЫЕ С ГОВЯД.ПМ сос п/о мгс 0.4кг 6шт. ОСТАНКИНО | B89: шт | C89: 26 | D89: 1646 | E89: 969 | F89: 665 | G89: =VLOOKUP(A89,[1]Лист1!$A:$D,4,0) -> 156 | H89: =F89-G89 -> 509 | I89: 0.4 | J89: 50 | K89: матрица | M89: 1002 | N89: =E89-M89 -> -33 | O89: =E89-P89 -> 849 | P89: 120 | Q89: 1200 | R89: 150 | S89: =O89/5 -> 169.8 | T89: =14*S89-R89-Q89-H89 -> 518.2 | U89: =ROUND(T89+S89,0) -> 688 | W89: =(H89+Q89+R89+U89)/S89 -> 15 | X89: =(H89+Q89+R89)/S89 -> 10.948174 | Y89: 144.4 | Z89: 147.8 | AA89: 187.2 | AB89: 136.4 | AC89: 73 | AD89: 123.8 | AE89: 112.6 | AF89: 89.6 | AG89: 96 | AH89: 94.4 | AJ89: =I89*U89 -> 275.2
A90: 7284 ДЛЯ ДЕТЕЙ сос п/о мгс 0,33кг 6шт Останкино | B90: шт | C90: -1 | E90: 5 | F90: -6 | G90: =VLOOKUP(A90,[1]Лист1!$A:$D,4,0) -> 0 | H90: =F90-G90 -> -6 | I90: 0 | K90: не в матрице | L90: 7461 ДЛЯ ДЕТЕЙ Папа Может сос п/о мгс 0,33кг ОСТАНКИНО | M90: 85 | N90: =E90-M90 -> -80 | O90: =E90-P90 -> 5 | Q90: 0 | S90: =O90/5 -> 1 | U90: =ROUND(T90,0) -> 0 | W90: =(H90+Q90+R90+U90)/S90 -> -6 | X90: =(H90+Q90+R90)/S90 -> -6 | Y90: 0 | Z90: 0.2 | AA90: 0 | AB90: 0 | AC90: 0 | AD90: 0 | AE90: 0 | AF90: 0 | AG90: 0 | AH90: 0 | AJ90: =I90*U90 -> 0
A91: 7299 НАБОР ДЛЯ ПИЦЦЫ Папа Может с/к в/у ОСТАНКИНО | B91: кг | C91: 103.636 | D91: 4.069 | E91: 25.458 | F91: 77.858 | G91: =VLOOKUP(A91,[1]Лист1!$A:$D,4,0) -> 0 | H91: =F91-G91 -> 77.858 | I91: 1 | J91: 30 | K91: матрица | M91: 41.2 | N91: =E91-M91 -> -15.742 | O91: =E91-P91 -> 25.458 | Q91: 0 | S91: =O91/5 -> 5.0916 | U91: =ROUND(T91,0) -> 0 | W91: =(H91+Q91+R91+U91)/S91 -> 15.29146 | X91: =(H91+Q91+R91)/S91 -> 15.29146 | Y91: 3.8394 | Z91: 4.0342 | AA91: 0.092 | AB91: 3.0342 | AC91: 4.6256 | AD91: 0.9488 | AE91: 0.786 | AF91: 0 | AG91: 0 | AH91: 0 | AI91: нужно увеличить продажи!!! / новинка / 100кг под ТК (Титенок просила 200кг 12,08,26) | AJ91: =I91*U91 -> 0
A92: 7332 БОЯРСКАЯ ПМ п/к в/у 0,28кг ОСТАНКИНО | B92: шт | C92: 3 | D92: 37 | E92: 12 | F92: 23 | G92: =VLOOKUP(A92,[1]Лист1!$A:$D,4,0) -> 0 | H92: =F92-G92 -> 23 | I92: 0 | J92: 50 | K92: вывод | M92: 104 | N92: =E92-M92 -> -92 | O92: =E92-P92 -> 12 | Q92: 0 | S92: =O92/5 -> 2.4 | U92: =ROUND(T92,0) -> 0 | W92: =(H92+Q92+R92+U92)/S92 -> 9.5833333 | X92: =(H92+Q92+R92)/S92 -> 9.5833333 | Y92: 4.4 | Z92: 4 | AA92: 4.4 | AB92: 5.4 | AC92: 2.8 | AD92: 5.2 | AE92: 5.6 | AF92: 4.4 | AG92: 3.6 | AH92: 6.4 | AJ92: =I92*U92 -> 0
A93: 7334 МЯСНАЯ СО ШПИКОМ ПМ вар п/о 0.4кг 8шт. | B93: шт | C93: 280 | F93: 280 | G93: =VLOOKUP(A93,[1]Лист1!$A:$D,4,0) -> 0 | H93: =F93-G93 -> 280 | I93: 0 | K93: не в матрице | N93: =E93-M93 -> 0 | O93: =E93-P93 -> 0 | Q93: 0 | S93: =O93/5 -> 0 | U93: =ROUND(T93,0) -> 0 | W93: =(H93+Q93+R93+U93)/S93 -> #DIV/0! | X93: =(H93+Q93+R93)/S93 -> #DIV/0! | Y93: 0 | Z93: 0 | AA93: 0 | AB93: 0 | AC93: 0 | AD93: 0 | AE93: 0 | AF93: 0 | AG93: 0 | AH93: 0 | AI93: нужно увеличить продажи!!! / Грация | AJ93: =I93*U93 -> 0
A94: 7344 КОНСЕРВЫ МЯС.ГОВЯДИНА ТУШ. В/С 338г_ЧЗ | B94: шт | G94: =VLOOKUP(A94,[1]Лист1!$A:$D,4,0) -> 0 | H94: =F94-G94 -> 0 | I94: 0.338 | J94: 3 года | K94: матрица | N94: =E94-M94 -> 0 | O94: =E94-P94 -> 0 | Q94: 300 | S94: =O94/5 -> 0 | U94: =ROUND(T94,0) -> 0 | W94: =(H94+Q94+R94+U94)/S94 -> #DIV/0! | X94: =(H94+Q94+R94)/S94 -> #DIV/0! | Y94: 0 | Z94: 0 | AA94: 0 | AB94: 0 | AC94: 0 | AD94: 0 | AE94: 0 | AF94: 0 | AG94: 0 | AH94: 0 | AI94: новинка | AJ94: =I94*U94 -> 0
A95: 7345 КОНСЕРВЫ МЯС.СВИНИНА ТУШ. В/С 325г_ЧЗ | B95: шт | G95: =VLOOKUP(A95,[1]Лист1!$A:$D,4,0) -> 0 | H95: =F95-G95 -> 0 | I95: 0.325 | J95: 3 года | K95: матрица | N95: =E95-M95 -> 0 | O95: =E95-P95 -> 0 | Q95: 300 | S95: =O95/5 -> 0 | U95: =ROUND(T95,0) -> 0 | W95: =(H95+Q95+R95+U95)/S95 -> #DIV/0! | X95: =(H95+Q95+R95)/S95 -> #DIV/0! | Y95: 0 | Z95: 0 | AA95: 0 | AB95: 0 | AC95: 0 | AD95: 0 | AE95: 0 | AF95: 0 | AG95: 0 | AH95: 0 | AI95: новинка | AJ95: =I95*U95 -> 0
A96: 7382 САЛЯМИ МЕЛКОЗЕРНЕНАЯ с/к в/у1/120 8шт. ОСТАНКИНО | B96: шт | C96: 49 | D96: 973 | E96: 482 | F96: 519 | G96: =VLOOKUP(A96,[1]Лист1!$A:$D,4,0) -> 0 | H96: =F96-G96 -> 519 | I96: 0.12 | J96: 60 | K96: матрица | M96: 553 | N96: =E96-M96 -> -71 | O96: =E96-P96 -> 386 | P96: 96 | Q96: 0 | S96: =O96/5 -> 77.2 | T96: =14*S96-R96-Q96-H96 -> 561.8 | U96: =ROUND(T96+S96,0) -> 639 | W96: =(H96+Q96+R96+U96)/S96 -> 15 | X96: =(H96+Q96+R96)/S96 -> 6.7227979 | Y96: 50 | Z96: 83 | AA96: 79 | AB96: 54.8 | AC96: 35.6 | AD96: 57.8 | AE96: 44.4 | AF96: 26.4 | AG96: 32.6 | AH96: 18.4 | AJ96: =I96*U96 -> 76.68
A97: 7386 БАРСЕЛОНА ПМ с/к в/у 1/150 ОСТАНКИНО | B97: шт | C97: 18 | F97: 18 | G97: =VLOOKUP(A97,[1]Лист1!$A:$D,4,0) -> 0 | H97: =F97-G97 -> 18 | I97: 0.15 | J97: 90 | K97: матрица | M97: 75 | N97: =E97-M97 -> -75 | O97: =E97-P97 -> 0 | Q97: 150 | S97: =O97/5 -> 0 | U97: =ROUND(T97,0) -> 0 | W97: =(H97+Q97+R97+U97)/S97 -> #DIV/0! | X97: =(H97+Q97+R97)/S97 -> #DIV/0! | Y97: 3.4 | Z97: 9 | AA97: 7.2 | AB97: 5.4 | AC97: 9 | AD97: 0 | AE97: 0 | AF97: 0 | AG97: 0 | AH97: 0 | AI97: новинка | AJ97: =I97*U97 -> 0
A98: 7456 САЛЯМИ ФИНСКАЯ Папа может с/к в/у 1/150 | B98: шт | G98: =VLOOKUP(A98,[1]Лист1!$A:$D,4,0) -> 0 | H98: =F98-G98 -> 0 | I98: 0.15 | J98: 90 | K98: матрица | N98: =E98-M98 -> 0 | O98: =E98-P98 -> 0 | Q98: 120 | S98: =O98/5 -> 0 | U98: =ROUND(T98,0) -> 0 | W98: =(H98+Q98+R98+U98)/S98 -> #DIV/0! | X98: =(H98+Q98+R98)/S98 -> #DIV/0! | Y98: 0 | Z98: 0 | AA98: 0 | AB98: 0 | AC98: 0 | AD98: 0 | AE98: 0 | AF98: 0 | AG98: 0 | AH98: 0 | AI98: новинка | AJ98: =I98*U98 -> 0
A99: 7461 ДЛЯ ДЕТЕЙ Папа Может сос п/о мгс 0,33кг ОСТАНКИНО | B99: шт | C99: 6 | D99: 441 | E99: =131+E90 -> 136 | F99: =296+F90 -> 290 | G99: =VLOOKUP(A99,[1]Лист1!$A:$D,4,0) -> 0 | H99: =F99-G99 -> 290 | I99: 0.33 | J99: 30 | K99: матрица | M99: 187 | N99: =E99-M99 -> -51 | O99: =E99-P99 -> 136 | Q99: 39 | S99: =O99/5 -> 27.2 | T99: =14*S99-R99-Q99-H99 -> 51.8 | U99: =ROUND(T99+S99,0) -> 79 | W99: =(H99+Q99+R99+U99)/S99 -> 15 | X99: =(H99+Q99+R99)/S99 -> 12.095588 | Y99: 30.4 | Z99: 43 | AA99: 45.2 | AB99: 1.8 | AC99: 37.8 | AD99: 56 | AE99: 32.2 | AF99: 40 | AG99: 37.4 | AH99: 23 | AJ99: =I99*U99 -> 26.07
A100: 7485 РИЕТ МЯСНОЙ С ГРИБАМИ ПМ п/о 1/150 ОСТАНКИНО | B100: шт | C100: 4 | D100: 60 | E100: 28 | F100: 21 | G100: =VLOOKUP(A100,[1]Лист1!$A:$D,4,0) -> 0 | H100: =F100-G100 -> 21 | I100: 0.15 | J100: 60 | K100: матрица | M100: 298 | N100: =E100-M100 -> -270 | O100: =E100-P100 -> 28 | Q100: 200 | S100: =O100/5 -> 5.6 | U100: =ROUND(T100,0) -> 0 | W100: =(H100+Q100+R100+U100)/S100 -> 39.464286 | X100: =(H100+Q100+R100)/S100 -> 39.464286 | Y100: 10 | Z100: 7.8 | AA100: 5.8 | AB100: 0 | AC100: 0 | AD100: 0 | AE100: 0 | AF100: 0 | AG100: 0 | AH100: 0 | AI100: новинка | AJ100: =I100*U100 -> 0
A101: 7513 ВОСКРЕСЕНСКАЯ ВЯЛЕНАЯ в/к в/у срез 1/260 ОСТАНКИНО | B101: шт | C101: 2 | D101: 34 | E101: 31 | F101: 3 | G101: =VLOOKUP(A101,[1]Лист1!$A:$D,4,0) -> 0 | H101: =F101-G101 -> 3 | I101: 0.26 | J101: 45 | K101: матрица | M101: 119 | N101: =E101-M101 -> -88 | O101: =E101-P101 -> 31 | Q101: 200 | S101: =O101/5 -> 6.2 | U101: =ROUND(T101,0) -> 0 | W101: =(H101+Q101+R101+U101)/S101 -> 32.741935 | X101: =(H101+Q101+R101)/S101 -> 32.741935 | Y101: 11 | Z101: 6.8 | AA101: 2.8 | AB101: 0 | AC101: 0 | AD101: 0 | AE101: 0 | AF101: 0 | AG101: 0 | AH101: 0 | AI101: новинка | AJ101: =I101*U101 -> 0
A102: 7514 ЛЮБИТЕЛЬСКАЯ ОСТАНКИНСКАЯ вар п/о в/у ОСТАНКИНО | B102: кг | G102: =VLOOKUP(A102,[1]Лист1!$A:$D,4,0) -> 0 | H102: =F102-G102 -> 0 | I102: 1 | J102: 30 | K102: матрица | N102: =E102-M102 -> 0 | O102: =E102-P102 -> 0 | Q102: 100 | S102: =O102/5 -> 0 | U102: =ROUND(T102,0) -> 0 | W102: =(H102+Q102+R102+U102)/S102 -> #DIV/0! | X102: =(H102+Q102+R102)/S102 -> #DIV/0! | Y102: 0 | Z102: 0 | AA102: 0 | AB102: 0 | AC102: 0 | AD102: 0 | AE102: 0 | AF102: 0 | AG102: 0 | AH102: 0 | AI102: новинка | AJ102: =I102*U102 -> 0
...
