Workbook
Name OLE_LINK1: Лист1!$A$516

Sheet Лист1
A1: 1С | B1: 1 | C1: 2 | D1: 3 | E1: 4 | F1: 5 | G1: сроки
A2: Вареники замороженные постные "Благолепные" с картофелем и луком ВЕС ПОКОМ | B2: SU002532 | C2: P002958 | D2: 4301080153 | E2: 4607111036827 | F2: Вареники Благолепные с картофелем и грибами No name Весовые Классическая форма No name 5 кг | G2: =VLOOKUP(E2,[1]Лист1!$D:$M,10,0) -> 90
A3: Вареники Благолепные с картофелем и грибами вес 5 кг МГ | B3: SU002532 | C3: P002958 | D3: 4301080153 | E3: 4607111036827 | F3: Вареники Благолепные с картофелем и грибами No name Весовые Классическая форма No name 5 кг | G3: =VLOOKUP(E3,[1]Лист1!$D:$M,10,0) -> 90
A4: Вареники Благолепные с картофелем и грибами No name Весовые Классическая форма No name 5 кг | B4: SU002532 | C4: P002958 | D4: 4301080153 | E4: 4607111036827 | F4: Вареники Благолепные с картофелем и грибами No name Весовые Классическая форма No name 5 кг | G4: =VLOOKUP(E4,[1]Лист1!$D:$M,10,0) -> 90
A5: Вареники замороженные постные Благолепные с картофелем и грибами классическая форма, ВЕС, ПОКОМ | B5: SU002532 | C5: P002958 | D5: 4301080153 | E5: 4607111036827 | F5: Вареники Благолепные с картофелем и грибами No name Весовые Классическая форма No name 5 кг | G5: =VLOOKUP(E5,[1]Лист1!$D:$M,10,0) -> 90
A6: Вареники замороженные "Благолепные" с картофелем и грибами. ВЕС ПОКОМ | B6: SU002532 | C6: P002958 | D6: 4301080153 | E6: 4607111036827 | F6: Вареники Благолепные с картофелем и грибами No name Весовые Классическая форма No name 5 кг | G6: =VLOOKUP(E6,[1]Лист1!$D:$M,10,0) -> 90
A7: Готовые бельмеши сочные с мясом ТМ Горячая штучка 0,3кг зам ПОКОМ | B7: SU003593 | C7: P004598 | D7: 4301135574 | E7: 4607111033659 | F7: Снеки «Бельмеши сочные с мясом» Фикс.вес 0,3 Пакет ТМ «Горячая штучка» | G7: =VLOOKUP(E7,[1]Лист1!$D:$M,10,0) -> 180
A8: Готовые бельмеши сочные с мясом ТМ Горячая штучка ТС Базовый ассортимент ф/в 0,3 кг НД1 МГ | B8: SU003593 | C8: P004598 | D8: 4301135574 | E8: 4607111033659 | F8: Снеки «Бельмеши сочные с мясом» Фикс.вес 0,3 Пакет ТМ «Горячая штучка» | G8: =VLOOKUP(E8,[1]Лист1!$D:$M,10,0) -> 180
A9: Бельмеши сочные с мясом Базовый ассортимент Фикс.вес 0,3 Лоток Горячая штучка | B9: SU003593 | C9: P004598 | D9: 4301135574 | E9: 4607111033659 | F9: Снеки «Бельмеши сочные с мясом» Фикс.вес 0,3 Пакет ТМ «Горячая штучка» | G9: =VLOOKUP(E9,[1]Лист1!$D:$M,10,0) -> 180
A10: Готовые бельмеши 0,3 кг Горячая штучка Тандер | B10: SU003593 | C10: P004598 | D10: 4301135574 | E10: 4607111033659 | F10: Снеки «Бельмеши сочные с мясом» Фикс.вес 0,3 Пакет ТМ «Горячая штучка» | G10: =VLOOKUP(E10,[1]Лист1!$D:$M,10,0) -> 180
A11: Готовые чебупели с ветчиной и сыром Горячая штучка 0,3кг зам ПОКОМ | B11: SU003889 | C11: P004971 | D11: 4301135793 | E11: 4620207491003 | F11: Снеки «Готовые чебупели с ветчиной и сыром» Фикс.вес 0,24 ТМ «Горячая штучка» | G11: =VLOOKUP(E11,[1]Лист1!$D:$M,10,0) -> #N/A | H11: ротация завода 0,3==0,24
A12: Чебупели с ветчиной и сыром Базовый ассортимент Фикс.вес 0,3 Лоток Горячая штучка | B12: SU003889 | C12: P004971 | D12: 4301135793 | E12: 4620207491003 | F12: Снеки «Готовые чебупели с ветчиной и сыром» Фикс.вес 0,24 ТМ «Горячая штучка» | G12: =VLOOKUP(E12,[1]Лист1!$D:$M,10,0) -> #N/A | H12: ротация завода 0,3==0,24
A13: Готовые чебупели 0,3 кг Горячая Штучка с ветчиной и сыром | B13: SU003889 | C13: P004971 | D13: 4301135793 | E13: 4620207491003 | F13: Снеки «Готовые чебупели с ветчиной и сыром» Фикс.вес 0,24 ТМ «Горячая штучка» | G13: =VLOOKUP(E13,[1]Лист1!$D:$M,10,0) -> #N/A | H13: ротация завода 0,3==0,24
A14: Снеки «Готовые чебупели с ветчиной и сыром» Фикс.вес 0,24 ТМ «Горячая штучка» | B14: SU003889 | C14: P004971 | D14: 4301135793 | E14: 4620207491003 | F14: Снеки «Готовые чебупели с ветчиной и сыром» Фикс.вес 0,24 ТМ «Горячая штучка»
A15: Готовые чебупели с ветчиной и сыром ТМ Горячая штучка флоу-пак 0,24 кг. ПОКОМ | B15: SU003889 | C15: P004971 | D15: 4301135793 | E15: 4620207491003 | F15: Снеки «Готовые чебупели с ветчиной и сыром» Фикс.вес 0,24 ТМ «Горячая штучка»
A16: Чебупели с мясом без свинины Базовый ассортимент Фикс.вес 0,3 Лоток Горячая штучка | B16: SU003892 | C16: P004974 | D16: 4301135768 | E16: 4620207491034 | F16: Снеки «Готовые чебупели с мясом» Фикс.вес 0,24 ТМ «Горячая штучка» | G16: =VLOOKUP(E16,[1]Лист1!$D:$M,10,0) -> #N/A | H16: ротация завода 0,3==0,24
A17: Готовые чебупели с мясом ТМ Горячая штучка Без свинины 0,3 кг ПОКОМ | B17: SU003892 | C17: P004974 | D17: 4301135768 | E17: 4620207491034 | F17: Снеки «Готовые чебупели с мясом» Фикс.вес 0,24 ТМ «Горячая штучка» | G17: =VLOOKUP(E17,[1]Лист1!$D:$M,10,0) -> #N/A | H17: ротация завода 0,3==0,24
A18: Готовые чебупели с мясом ТМ Горячая штучка Без свинины 0,3 кг ПОКОМ | B18: SU003892 | C18: P004974 | D18: 4301135768 | E18: 4620207491034 | F18: Снеки «Готовые чебупели с мясом» Фикс.вес 0,24 ТМ «Горячая штучка» | G18: =VLOOKUP(E18,[1]Лист1!$D:$M,10,0) -> #N/A | H18: ротация завода 0,3==0,24
A19: Готовые чебупели 0,3 кг Горячая штучка с мясом НТУ | B19: SU003892 | C19: P004974 | D19: 4301135768 | E19: 4620207491034 | F19: Снеки «Готовые чебупели с мясом» Фикс.вес 0,24 ТМ «Горячая штучка» | G19: =VLOOKUP(E19,[1]Лист1!$D:$M,10,0) -> #N/A | H19: ротация завода 0,3==0,24
A20: Готовые чебупели с мясом ТМ Горячая штучка флоу-пак 0,24 кг. ПОКОМ | B20: SU003892 | C20: P004974 | D20: 4301135768 | E20: 4620207491034 | F20: Снеки «Готовые чебупели с мясом» Фикс.вес 0,24 ТМ «Горячая штучка»
A21: Готовые чебупели с мясом ТМ Горячая штучка 0,24 кг ПОКОМ | B21: SU003892 | C21: P004974 | D21: 4301135768 | E21: 4620207491034 | F21: Снеки «Готовые чебупели с мясом» Фикс.вес 0,24 ТМ «Горячая штучка»
A22: Готовые чебупели сочные с мясом ТМ Горячая штучка 0,3кг зам ПОКОМ | B22: SU003884 | C22: P004966 | D22: 4301135760 | E22: 4620207491010 | F22: Снеки «Готовые чебупели сочные с мясом» Фикс.вес 0,24 ТМ «Горячая штучка» | G22: =VLOOKUP(E22,[1]Лист1!$D:$M,10,0) -> #N/A | H22: ротация завода 0,3==0,24
A23: Чебупели сочные с мясом Базовый ассортимент Фикс.вес 0,3 Лоток Горячая штучка | B23: SU003884 | C23: P004966 | D23: 4301135760 | E23: 4620207491010 | F23: Снеки «Готовые чебупели сочные с мясом» Фикс.вес 0,24 ТМ «Горячая штучка» | G23: =VLOOKUP(E23,[1]Лист1!$D:$M,10,0) -> #N/A | H23: ротация завода 0,3==0,24
A24: Готовые чебупели 0,3 кг Горячая Штучка сочные с мясом | B24: SU003884 | C24: P004966 | D24: 4301135760 | E24: 4620207491010 | F24: Снеки «Готовые чебупели сочные с мясом» Фикс.вес 0,24 ТМ «Горячая штучка» | G24: =VLOOKUP(E24,[1]Лист1!$D:$M,10,0) -> #N/A | H24: ротация завода 0,3==0,24
A25: Снеки «Готовые чебупели сочные с мясом» Фикс.вес 0,24 ТМ «Горячая штучка» | B25: SU003884 | C25: P004966 | D25: 4301135760 | E25: 4620207491010 | F25: Снеки «Готовые чебупели сочные с мясом» Фикс.вес 0,24 ТМ «Горячая штучка»
A26: Готовые чебупели сочные с мясом ТМ Горячая штучка флоу-пак 0,24 кг ПОКОМ | B26: SU003884 | C26: P004966 | D26: 4301135760 | E26: 4620207491010 | F26: Снеки «Готовые чебупели сочные с мясом» Фикс.вес 0,24 ТМ «Горячая штучка»
A27: Чебупели острые Базовый ассортимент Фикс.вес 0,3 Лоток Горячая штучка | B27: SU003887 | C27: P004969 | D27: 4301135763 | E27: 4620207491027 | F27: Снеки «Готовые чебупели острые с мясом» Фикс.вес 0,24 ТМ «Горячая штучка» | G27: =VLOOKUP(E27,[1]Лист1!$D:$M,10,0) -> #N/A | H27: ротация завода 0,3==0,24
A28: Готовые чебупели 0,3 кг Горячая Штучка острые с мясом | B28: SU003887 | C28: P004969 | D28: 4301135763 | E28: 4620207491027 | F28: Снеки «Готовые чебупели острые с мясом» Фикс.вес 0,24 ТМ «Горячая штучка» | G28: =VLOOKUP(E28,[1]Лист1!$D:$M,10,0) -> #N/A | H28: ротация завода 0,3==0,24
A29: Чебупели острые Базовый ассортимент Фикс.вес 0,3 Лоток Горячая штучка | B29: SU003887 | C29: P004969 | D29: 4301135763 | E29: 4620207491027 | F29: Снеки «Готовые чебупели острые с мясом» Фикс.вес 0,24 ТМ «Горячая штучка» | G29: =VLOOKUP(E29,[1]Лист1!$D:$M,10,0) -> #N/A | H29: ротация завода 0,3==0,24
A30: Готовые чебупели острые с мясом Горячая штучка 0,3 кг зам ПОКОМ | B30: SU003887 | C30: P004969 | D30: 4301135763 | E30: 4620207491027 | F30: Снеки «Готовые чебупели острые с мясом» Фикс.вес 0,24 ТМ «Горячая штучка» | G30: =VLOOKUP(E30,[1]Лист1!$D:$M,10,0) -> #N/A | H30: ротация завода 0,3==0,24
A31: Готовые чебуреки со свининой и говядиной ТМ Горячая штучка ТС Базовый ассортимент 0,36 кг ПОКОМ | B31: SU003613 | C31: P004583 | D31: 4301136079 | E31: 4607025784319 | F31: Чебуреки «Чебуреки со свининой и говядиной» Фикс.вес 0,36 Пакет ТМ «Горячая штучка» | G31: =VLOOKUP(E31,[1]Лист1!$D:$M,10,0) -> 180
A32: Чебуреки со свининой и говядиной 0,36 | B32: SU003613 | C32: P004583 | D32: 4301136079 | E32: 4607025784319 | F32: Чебуреки «Чебуреки со свининой и говядиной» Фикс.вес 0,36 Пакет ТМ «Горячая штучка» | G32: =VLOOKUP(E32,[1]Лист1!$D:$M,10,0) -> 180
A33: Готовые чебуреки со свининой и говядиной Гор.шт.0,36 кг зам. ПОКОМ | B33: SU003613 | C33: P004583 | D33: 4301136079 | E33: 4607025784319 | F33: Чебуреки «Чебуреки со свининой и говядиной» Фикс.вес 0,36 Пакет ТМ «Горячая штучка» | G33: =VLOOKUP(E33,[1]Лист1!$D:$M,10,0) -> 180
A34: Готовые чебуреки 1 уп Горячая Штучка New Box со свининой и говядиной | B34: SU003613 | C34: P004583 | D34: 4301136079 | E34: 4607025784319 | F34: Чебуреки «Чебуреки со свининой и говядиной» Фикс.вес 0,36 Пакет ТМ «Горячая штучка» | G34: =VLOOKUP(E34,[1]Лист1!$D:$M,10,0) -> 180
A35: Готовые чебуреки 0,09 кг Горячая Штучка Шоу-бокс с мясом тара 2 | B35: SU002573 | C35: P004138 | D35: 4301136070 | E35: 4607025784012 | F35: Чебуреки с мясом Базовый ассортимент Штучка 0,09 Пленка Горячая штучка | G35: =VLOOKUP(E35,[1]Лист1!$D:$M,10,0) -> 180
A36: Чебуреки с мясом Базовый ассортимент Штучка 0,09 Пленка Горячая штучка | B36: SU002573 | C36: P004138 | D36: 4301136070 | E36: 4607025784012 | F36: Чебуреки с мясом Базовый ассортимент Штучка 0,09 Пленка Горячая штучка | G36: =VLOOKUP(E36,[1]Лист1!$D:$M,10,0) -> 180
A37: Готовые чебуреки с мясом ТМ Горячая штучка 0,09 кг флоу-пак ПОКОМ | B37: SU002573 | C37: P004138 | D37: 4301136070 | E37: 4607025784012 | F37: Чебуреки с мясом Базовый ассортимент Штучка 0,09 Пленка Горячая штучка | G37: =VLOOKUP(E37,[1]Лист1!$D:$M,10,0) -> 180
A38: Чебуреки «Сочный мегачебурек» Весовой ТМ «No Name» | B38: SU003025 | C38: P003495 | D38: 4301136052 | E38: 4640242180410 | F38: Чебуреки «Сочный мегачебурек» Весовой ТМ «Зареченские» 2,24 кг | G38: =VLOOKUP(E38,[1]Лист1!$D:$M,10,0) -> 180
A39: Сочный мегачебурек ТМ Зареченские ВЕС ПОКОМ | B39: SU003025 | C39: P003495 | D39: 4301136052 | E39: 4640242180410 | F39: Чебуреки «Сочный мегачебурек» Весовой ТМ «Зареченские» 2,24 кг | G39: =VLOOKUP(E39,[1]Лист1!$D:$M,10,0) -> 180
A40: Готовые чебуреки Сочный мегачебурек.Готовые жареные.ВЕС ПОКОМ | B40: SU003025 | C40: P003495 | D40: 4301136052 | E40: 4640242180410 | F40: Чебуреки «Сочный мегачебурек» Весовой ТМ «Зареченские» 2,24 кг | G40: =VLOOKUP(E40,[1]Лист1!$D:$M,10,0) -> 180
A41: Мини-шарики с курочкой и сыром ТМ Зареченские ВЕС ПОКОМ | B41: SU003448 | C41: P004394 | D41: 4301135405 | E41: 4640242181523 | F41: Снеки «Мини-шарики с курочкой и сыром» Весовой ТМ «Зареченские» 3 кг | G41: 180
A42: Мини-шарики с курочкой и сыром ТМ Зареченские ВЕС ПОКОМ | B42: SU003448 | C42: P004394 | D42: 4301135405 | E42: 4640242181523 | F42: Снеки «Мини-шарики с курочкой и сыром» Весовой ТМ «Зареченские» 3 кг | G42: 180
A43: Мини-шарики с курочкой и сыром ТМ Зареченские .ВЕС Поком | B43: SU003448 | C43: P004394 | D43: 4301135405 | E43: 4640242181523 | F43: Снеки «Мини-шарики с курочкой и сыром» Весовой ТМ «Зареченские» 3 кг | G43: 180
A44: Снеки «Мини-шарики с курочкой и сыром» Весовой ТМ «Зареченские» 3 кг | B44: SU003448 | C44: P004394 | D44: 4301135405 | E44: 4640242181523 | F44: Снеки «Мини-шарики с курочкой и сыром» Весовой ТМ «Зареченские» 3 кг | G44: 180
A45: Жар-боллы с курочкой и сыром, ВЕС ПОКОМ | B45: SU003448 | C45: P004394 | D45: 4301135405 | E45: 4640242181523 | F45: Снеки «Мини-шарики с курочкой и сыром» Весовой ТМ «Зареченские» 3 кг | G45: 180 | H45: завод ротация жар-болы ==> мини-шарики
A46: Жар-боллы с курочкой и сыром, ВЕС ТМ Зареченские ПОКОМ | B46: SU003448 | C46: P004394 | D46: 4301135405 | E46: 4640242181523 | F46: Снеки «Мини-шарики с курочкой и сыром» Весовой ТМ «Зареченские» 3 кг | G46: 180 | H46: завод ротация жар-болы ==> мини-шарики
A47: Жар-боллы с курочкой и сыром ТМ Зареченские . Поком | B47: SU003448 | C47: P004394 | D47: 4301135405 | E47: 4640242181523 | F47: Снеки «Мини-шарики с курочкой и сыром» Весовой ТМ «Зареченские» 3 кг | G47: 180 | H47: завод ротация жар-болы ==> мини-шарики
A48: Жар-боллы с курочкой и сыром. Кулинарные изделия рубленые в тесте куриные жареные ПОКОМ | B48: SU003448 | C48: P004394 | D48: 4301135405 | E48: 4640242181523 | F48: Снеки «Мини-шарики с курочкой и сыром» Весовой ТМ «Зареченские» 3 кг | G48: 180 | H48: завод ротация жар-болы ==> мини-шарики
A49: Жар-ладушки с клубникой и вишней. Изделия хлебобулочные жареные с начинкой замороженные | B49: SU003023 | C49: P003490 | D49: 4301135195 | E49: 4640242180366 | F49: Снеки «Жар-ладушки с клубникой и вишней» Весовые ТМ «Зареченские» 3,7 кг | G49: =VLOOKUP(E49,[1]Лист1!$D:$M,10,0) -> 180
A50: «Жар-ладушки с клубникой и вишней» Весовые ТМ «No name» | B50: SU003023 | C50: P003490 | D50: 4301135195 | E50: 4640242180366 | F50: Снеки «Жар-ладушки с клубникой и вишней» Весовые ТМ «Зареченские» 3,7 кг | G50: =VLOOKUP(E50,[1]Лист1!$D:$M,10,0) -> 180
A51: Жар-ладушки с клубникой и вишней ТМ Зареченские ТС Зареченские продукты. Поком | B51: SU003023 | C51: P003490 | D51: 4301135195 | E51: 4640242180366 | F51: Снеки «Жар-ладушки с клубникой и вишней» Весовые ТМ «Зареченские» 3,7 кг | G51: =VLOOKUP(E51,[1]Лист1!$D:$M,10,0) -> 180
A52: Жар-ладушки с клубникой и вишней ВЕС ТМ Зареченские ПОКОМ | B52: SU003023 | C52: P003490 | D52: 4301135195 | E52: 4640242180366 | F52: Снеки «Жар-ладушки с клубникой и вишней» Весовые ТМ «Зареченские» 3,7 кг | G52: =VLOOKUP(E52,[1]Лист1!$D:$M,10,0) -> 180
A53: Жар-ладушки с клубникой и вишней ТМ Зареченские ВЕС ПОКОМ | B53: SU003023 | C53: P003490 | D53: 4301135195 | E53: 4640242180366 | F53: Снеки «Жар-ладушки с клубникой и вишней» Весовые ТМ «Зареченские» 3,7 кг | G53: =VLOOKUP(E53,[1]Лист1!$D:$M,10,0) -> 180
A54: Жар-ладушки с клубникой и вишней. Жареные с начинкой.ВЕС ПОКОМ | B54: SU003023 | C54: P003490 | D54: 4301135195 | E54: 4640242180366 | F54: Снеки «Жар-ладушки с клубникой и вишней» Весовые ТМ «Зареченские» 3,7 кг | G54: =VLOOKUP(E54,[1]Лист1!$D:$M,10,0) -> 180
A55: Жар-ладушки с мясом, картофелем и грибами No name ПГП Весовые No name 3,7 кг | B55: SU003016 | C55: P003482 | D55: 4301135189 | E55: 4640242180342 | F55: Снеки «Жар-ладушки с мясом, картофелем и грибами» Весовые ТМ «Зареченские» 3,7 кг | G55: =VLOOKUP(E55,[1]Лист1!$D:$M,10,0) -> 180
A56: Жар-ладушки с мясом, картофелем и грибами ВЕС ТМ Зареченские ПОКОМ | B56: SU003016 | C56: P003482 | D56: 4301135189 | E56: 4640242180342 | F56: Снеки «Жар-ладушки с мясом, картофелем и грибами» Весовые ТМ «Зареченские» 3,7 кг | G56: =VLOOKUP(E56,[1]Лист1!$D:$M,10,0) -> 180
A57: Жар-ладушки с мясом, картофелем и грибами. ВЕС ПОКОМ | B57: SU003016 | C57: P003482 | D57: 4301135189 | E57: 4640242180342 | F57: Снеки «Жар-ладушки с мясом, картофелем и грибами» Весовые ТМ «Зареченские» 3,7 кг | G57: =VLOOKUP(E57,[1]Лист1!$D:$M,10,0) -> 180
A58: Жар-ладушки с мясом No name ПГП Весовые No name 3,7 кг | B58: SU003439 | C58: P004359 | D58: 4301135375 | E58: 4640242181486 | F58: «Пирожки с мясом» Весовые ТМ «Зареченские» 3,7 кг | G58: 180
A59: Жар-ладушки с мясом ТМ Зареченские ВЕС ПОКОМ | B59: SU003439 | C59: P004359 | D59: 4301135375 | E59: 4640242181486 | F59: «Пирожки с мясом» Весовые ТМ «Зареченские» 3,7 кг | G59: 180
A60: Жар-ладушки с мясом ТМ Зареченские ТС Зареченские продукты. Поком | B60: SU003439 | C60: P004359 | D60: 4301135375 | E60: 4640242181486 | F60: «Пирожки с мясом» Весовые ТМ «Зареченские» 3,7 кг | G60: 180
A61: Снеки «Жар-ладушки с мясом» Весовые ТМ «Зареченские» 3,7 кг | B61: SU003439 | C61: P004359 | D61: 4301135375 | E61: 4640242181486 | F61: «Пирожки с мясом» Весовые ТМ «Зареченские» 3,7 кг | G61: 180
A62: «Пирожки с мясом» Весовые ТМ «Зареченские» 3,7 кг | B62: SU003439 | C62: P004359 | D62: 4301135375 | E62: 4640242181486 | F62: «Пирожки с мясом» Весовые ТМ «Зареченские» 3,7 кг | G62: 180
A63: Пирожки с мясом 3,7кг ВЕС ТМ Зареченские ПОКОМ | B63: SU003439 | C63: P004359 | D63: 4301135375 | E63: 4640242181486 | F63: «Пирожки с мясом» Весовые ТМ «Зареченские» 3,7 кг | G63: 180
A64: Жар-ладушки с мясом. ВЕС ПОКОМ | B64: SU003439 | C64: P004359 | D64: 4301135375 | E64: 4640242181486 | F64: «Пирожки с мясом» Весовые ТМ «Зареченские» 3,7 кг | G64: 180
A65: Жар-ладушки с яблоком и грушей, ВЕС ПОКОМ | B65: SU003444 | C65: P004392 | D65: 4301135403 | E65: 4640242181509 | F65: Снеки «Пирожки с яблоком и грушей» Весовой ТМ «Зареченские» 3,7 кг | G65: 180 | H65: ротация завода: «Жар-ладушки с яблоком и грушей» => «Пирожки с яблоком и грушей»
A66: Жар-ладушки с яблоком и грушей No name ПГП Весовые No name 3,7 кг | B66: SU003444 | C66: P004392 | D66: 4301135403 | E66: 4640242181509 | F66: Снеки «Пирожки с яблоком и грушей» Весовой ТМ «Зареченские» 3,7 кг | G66: 180 | H66: ротация завода: «Жар-ладушки с яблоком и грушей» => «Пирожки с яблоком и грушей»
A67: Жар-ладушки с яблоком и грушей ТМ Зареченские ВЕС ПОКОМ | B67: SU003444 | C67: P004392 | D67: 4301135403 | E67: 4640242181509 | F67: Снеки «Пирожки с яблоком и грушей» Весовой ТМ «Зареченские» 3,7 кг | G67: 180 | H67: ротация завода: «Жар-ладушки с яблоком и грушей» => «Пирожки с яблоком и грушей»
A68: Жар-ладушки с яблоком и грушей. Изделия хлебобулочные жареные с начинкой зам ПОКОМ | B68: SU003444 | C68: P004392 | D68: 4301135403 | E68: 4640242181509 | F68: Снеки «Пирожки с яблоком и грушей» Весовой ТМ «Зареченские» 3,7 кг | G68: 180 | H68: ротация завода: «Жар-ладушки с яблоком и грушей» => «Пирожки с яблоком и грушей»
A69: Снеки «Пирожки с яблоком и грушей» Весовой ТМ «Зареченские» 3,7 кг | B69: SU003444 | C69: P004392 | D69: 4301135403 | E69: 4640242181509 | F69: Снеки «Пирожки с яблоком и грушей» Весовой ТМ «Зареченские» 3,7 кг
A70: Пирожки с яблоком и грушей ВЕС ТМ Зареченские ПОКОМ | B70: SU003444 | C70: P004392 | D70: 4301135403 | E70: 4640242181509 | F70: Снеки «Пирожки с яблоком и грушей» Весовой ТМ «Зареченские» 3,7 кг | G70: 180
A71: Снеки ЖАР-мени ВЕС. рубленые в тесте замор. ПОКОМ | B71: SU003013 | C71: P003479 | D71: 4301135186 | E71: 4640242180311 | F71: Снеки «Жар-мени» Весовые ТМ «Зареченские» 5,5 кг | G71: =VLOOKUP(E71,[1]Лист1!$D:$M,10,0) -> 180
A72: Жар-мени рубленые в тесте куриные жареные. ВЕС ПОКОМ | B72: SU003013 | C72: P003479 | D72: 4301135186 | E72: 4640242180311 | F72: Снеки «Жар-мени» Весовые ТМ «Зареченские» 5,5 кг | G72: =VLOOKUP(E72,[1]Лист1!$D:$M,10,0) -> 180
A73: ЖАР-мени ВЕС ТМ Зареченские ПОКОМ | B73: SU003013 | C73: P003479 | D73: 4301135186 | E73: 4640242180311 | F73: Снеки «Жар-мени» Весовые ТМ «Зареченские» 5,5 кг | G73: =VLOOKUP(E73,[1]Лист1!$D:$M,10,0) -> 180
A74: ЖАР-мени ТМ Зареченские ТС Зареченские продукты. Поком | B74: SU003013 | C74: P003479 | D74: 4301135186 | E74: 4640242180311 | F74: Снеки «Жар-мени» Весовые ТМ «Зареченские» 5,5 кг | G74: =VLOOKUP(E74,[1]Лист1!$D:$M,10,0) -> 180
A75: Снеки «Жар-мени» Весовые ТМ «Зареченские» 5,5 кг | B75: SU003013 | C75: P003479 | D75: 4301135186 | E75: 4640242180311 | F75: Снеки «Жар-мени» Весовые ТМ «Зареченские» 5,5 кг | G75: =VLOOKUP(E75,[1]Лист1!$D:$M,10,0) -> 180
A76: Жар-мени 1 кг изделия кулинарные рубленые в тесте куриные жареные 5,5 кг | B76: SU003013 | C76: P003479 | D76: 4301135186 | E76: 4640242180311 | F76: Снеки «Жар-мени» Весовые ТМ «Зареченские» 5,5 кг | G76: =VLOOKUP(E76,[1]Лист1!$D:$M,10,0) -> 180
A77: Жар-мени 1 кг с картофелем и сочной грудинкой вес 3,5кг | B77: SU003014 | C77: P003480 | D77: 4301135187 | E77: 4640242180328 | F77: Снеки «Жар-мени с картофелем и сочной грудинкой» Весовые ТМ «Зареченские» 3,5 кг | G77: =VLOOKUP(E77,[1]Лист1!$D:$M,10,0) -> 180
A78: Жар-мени с картофелем и сочной грудинкой ТМ Зареченские ВЕС ПОКОМ | B78: SU003014 | C78: P003480 | D78: 4301135187 | E78: 4640242180328 | F78: Снеки «Жар-мени с картофелем и сочной грудинкой» Весовые ТМ «Зареченские» 3,5 кг | G78: =VLOOKUP(E78,[1]Лист1!$D:$M,10,0) -> 180
A79: Жар-мени с картофелем и сочной грудинкой. ВЕС ПОКОМ | B79: SU003014 | C79: P003480 | D79: 4301135187 | E79: 4640242180328 | F79: Снеки «Жар-мени с картофелем и сочной грудинкой» Весовые ТМ «Зареченские» 3,5 кг | G79: =VLOOKUP(E79,[1]Лист1!$D:$M,10,0) -> 180
A80: Круггетсы 0,25 кг Горячая Штучка с сырным соусом | B80: SU003872 | C80: P004956 | D80: 4301135753 | E80: 4620207490914 | F80: Снеки «Круггетсы с сырным соусом» Фикс.вес 0,2 ТМ «Горячая штучка» | G80: =VLOOKUP(E80,[1]Лист1!$D:$M,10,0) -> #N/A | H80: ротация завода 0,25 ==> 0,2
A81: Круггетсы с сырным соусом Круггетсы Фикс.вес 0,25 Лоток Горячая штучка | B81: SU003872 | C81: P004956 | D81: 4301135753 | E81: 4620207490914 | F81: Снеки «Круггетсы с сырным соусом» Фикс.вес 0,2 ТМ «Горячая штучка» | G81: =VLOOKUP(E81,[1]Лист1!$D:$M,10,0) -> #N/A | H81: ротация завода 0,25 ==> 0,2
A82: Круггетсы с сырным соусом ТМ Горячая штучка 0,25 кг зам ПОКОМ | B82: SU003872 | C82: P004956 | D82: 4301135753 | E82: 4620207490914 | F82: Снеки «Круггетсы с сырным соусом» Фикс.вес 0,2 ТМ «Горячая штучка» | G82: =VLOOKUP(E82,[1]Лист1!$D:$M,10,0) -> #N/A | H82: ротация завода 0,25 ==> 0,2
A83: Круггетсы Сочные Круггетсы Фикс.вес 0,25 Лоток Горячая штучка | B83: SU003870 | C83: P004953 | D83: 4301135778 | E83: 4620207490853 | F83: Снеки «Круггетсы сочные» Фикс.вес 0,2 ТМ «Горячая штучка» | G83: =VLOOKUP(E83,[1]Лист1!$D:$M,10,0) -> #N/A | H83: ротация завода 0,25==0,2
A84: Круггетсы 0,25 кг Горячая Штучка сочные | B84: SU003870 | C84: P004953 | D84: 4301135778 | E84: 4620207490853 | F84: Снеки «Круггетсы сочные» Фикс.вес 0,2 ТМ «Горячая штучка» | G84: =VLOOKUP(E84,[1]Лист1!$D:$M,10,0) -> #N/A | H84: ротация завода 0,25==0,2
A85: Снеки «Круггетсы Сочные» Фикс.вес 0,25 ф/п ТМ «Горячая штучка» | B85: SU003870 | C85: P004953 | D85: 4301135778 | E85: 4620207490853 | F85: Снеки «Круггетсы сочные» Фикс.вес 0,2 ТМ «Горячая штучка» | G85: =VLOOKUP(E85,[1]Лист1!$D:$M,10,0) -> #N/A | H85: ротация завода 0,25==0,2
A86: Круггетсы сочные ТМ Горячая штучка ТС Круггетсы 0,25 кг зам ПОКОМ | B86: SU003870 | C86: P004953 | D86: 4301135778 | E86: 4620207490853 | F86: Снеки «Круггетсы сочные» Фикс.вес 0,2 ТМ «Горячая штучка» | G86: =VLOOKUP(E86,[1]Лист1!$D:$M,10,0) -> #N/A | H86: ротация завода 0,25==0,2
A87: Круггетсы сочные ТМ Горячая штучка ТС Круггетсы флоу-пак 0,2 кг. ПОКОМ | B87: SU003870 | C87: P004953 | D87: 4301135778 | E87: 4620207490853 | F87: Снеки «Круггетсы сочные» Фикс.вес 0,2 ТМ «Горячая штучка»
A88: Снеки «Круггетсы сочные» Фикс.вес 0,2 ТМ «Горячая штучка» | B88: SU003870 | C88: P004953 | D88: 4301135778 | E88: 4620207490853 | F88: Снеки «Круггетсы сочные» Фикс.вес 0,2 ТМ «Горячая штучка»
A89: Круггетсы сочные ТМ Горячая штучка ТС Круггетсы флоу-пак 0,2 кг. ПОКОМ | B89: SU003870 | C89: P004953 | D89: 4301135778 | E89: 4620207490853 | F89: Снеки «Круггетсы сочные» Фикс.вес 0,2 ТМ «Горячая штучка»
A90: Хрустящие крылышки острые к пиву ТМ Горячая штучка 0,3кг зам ПОКОМ | B90: SU003607 | C90: P004589 | D90: 4301131046 | E90: 4607111034137 | F90: Крылья «Крылышки острые к пиву» Фикс.вес 0,3 Пакет ТМ «Горячая штучка» | G90: =VLOOKUP(E90,[1]Лист1!$D:$M,10,0) -> 180
A91: Крылья Крылышки острые к пиву Базовый ассортимент Фикс.вес 0,3 Лоток Горячая штучка | B91: SU003607 | C91: P004589 | D91: 4301131046 | E91: 4607111034137 | F91: Крылья «Крылышки острые к пиву» Фикс.вес 0,3 Пакет ТМ «Горячая штучка» | G91: =VLOOKUP(E91,[1]Лист1!$D:$M,10,0) -> 180
A92: Крылышки 0,3 кг Горячая штучка хрустящие острые к пиву Тандер | B92: SU003607 | C92: P004589 | D92: 4301131046 | E92: 4607111034137 | F92: Крылья «Крылышки острые к пиву» Фикс.вес 0,3 Пакет ТМ «Горячая штучка» | G92: =VLOOKUP(E92,[1]Лист1!$D:$M,10,0) -> 180
A93: Хрустящие крылышки ТМ Горячая штучка 0,3 кг зам ПОКОМ | B93: SU003591 | C93: P004588 | D93: 4301131047 | E93: 4607111034120 | F93: Крылья «Хрустящие крылышки» Фикс.вес 0,3 Пакет ТМ «Горячая штучка» | G93: =VLOOKUP(E93,[1]Лист1!$D:$M,10,0) -> 180
A94: Крылья Хрустящие крылышки Базовый ассортимент Фикс.вес 0,3 Лоток Горячая штучка | B94: SU003591 | C94: P004588 | D94: 4301131047 | E94: 4607111034120 | F94: Крылья «Хрустящие крылышки» Фикс.вес 0,3 Пакет ТМ «Горячая штучка» | G94: =VLOOKUP(E94,[1]Лист1!$D:$M,10,0) -> 180
A95: Крылышки 0,3 кг Горячая штучка хрустящие Тандер | B95: SU003591 | C95: P004588 | D95: 4301131047 | E95: 4607111034120 | F95: Крылья «Хрустящие крылышки» Фикс.вес 0,3 Пакет ТМ «Горячая штучка» | G95: =VLOOKUP(E95,[1]Лист1!$D:$M,10,0) -> 180
A96: Мини-сосиски 1 кг в тесте Фрайпики 3,7кг | B96: SU003454 | C96: P004364 | D96: 4301135518 | E96: 4640242181561 | F96: Снеки «Мини-сосиски в тесте» Весовые ТМ «Зареченские» 3,7 кг | G96: 180 | H96: ротация завода: "Фрайпики" 3,7кг ВЕС => Мини-сосиски в тесте
A97: Мини-сосиски в тесте "Фрайпики" 3,7кг ВЕС, ПОКОМ | B97: SU003454 | C97: P004364 | D97: 4301135518 | E97: 4640242181561 | F97: Снеки «Мини-сосиски в тесте» Весовые ТМ «Зареченские» 3,7 кг | G97: 180 | H97: ротация завода: "Фрайпики" 3,7кг ВЕС => Мини-сосиски в тесте
A98: Мини-сосиски в тесте Фрайпики No name Весовые No name 3,7 кг | B98: SU003454 | C98: P004364 | D98: 4301135518 | E98: 4640242181561 | F98: Снеки «Мини-сосиски в тесте» Весовые ТМ «Зареченские» 3,7 кг | G98: 180 | H98: ротация завода: "Фрайпики" 3,7кг ВЕС => Мини-сосиски в тесте
A99: Мини-сосиски в тесте "Фрайпики" 3,7кг ВЕС, ТМ Зареченские ПОКОМ | B99: SU003454 | C99: P004364 | D99: 4301135518 | E99: 4640242181561 | F99: Снеки «Мини-сосиски в тесте» Весовые ТМ «Зареченские» 3,7 кг | G99: 180 | H99: ротация завода: "Фрайпики" 3,7кг ВЕС => Мини-сосиски в тесте
A100: Мини-сосиски в тесте "Фрайпики" ВЕС, ПОКОМ | B100: SU003454 | C100: P004364 | D100: 4301135518 | E100: 4640242181561 | F100: Снеки «Мини-сосиски в тесте» Весовые ТМ «Зареченские» 3,7 кг | G100: 180 | H100: ротация завода: "Фрайпики" 3,7кг ВЕС => Мини-сосиски в тесте
...

Sheet Лист2
A1: 003 Колбаса Вязанка с индейкой, вектор ВЕС, ПОКОМ
A2: 009 Колбаса Классическая, Вязанка вектор, ВЕС., ВсхЗв. ПОКОМ
A3: 013 Сардельки Вязанка Стародворские NDX, ВЕС. ПОКОМ
A4: 016 Сосиски Вязанка Молочные, Вязанка вискофан ВЕС.ПОКОМ
A5: 017 Сосиски Вязанка Сливочные, Вязанка амицел ВЕС.ПОКОМ
A6: 018 Сосиски Рубленые, Вязанка вискофан ВЕС.ПОКОМ
A7: 312 Ветчина Филейская ТМ Вязанка ТС Столичная ВЕС ПОКОМ
A8: 313 Колбаса вареная Молокуша ТМ Вязанка в оболочке полиамид. ВЕС ПОКОМ
A9: 314 Колбаса вареная Филейская ТМ Вязанка ТС Классическая в оболочке полиамид. ПОКОМ
A10: 024 Колбаса Классическая, Вязанка вектор 0,5кг, ПОКОМ
A11: 029 Сосиски Венские, Вязанка NDX МГС, 0.5кг, ПОКОМ
A12: 030 Сосиски Вязанка Молочные, Вязанка вискофан МГС, 0.45кг, ПОКОМ
... A72: 323 Колбаса варенокопченая Балыкбургская рубленая ТМ Баварушка срез 0,35 кг ПОКОМ
