Workbook

Sheet Прогноз (26.01)
B2: НОВОЕ ВРЕМЯ - цены реализации и акц. цены
C3: 1 | D3: 2 | E3: 3 | F3: 4 | G3: 5 | H3: 6 | I3: 7
B4: Номенклатура | C4: Входящая цена за кг | D4: компенсация руб с кг Заводом | E4: глубина скидки | F4: цена клиенту | G4: регуляярная цена клиенту | H4: доля участия
G6: регуляярная цена
A8: 1 | B8: =[1]Факт!B7 -> 255 Сосиски Молочные для завтрака ТМ Особый рецепт, п/а МГС, ВЕС, ТМ Стародворье ПОКОМ | C8: 201.04 | D8: 52.11 | E8: 0.3 | F8: 198 | G8: 283.4664 | H8: ВИП РТТ | I8: 60/40 | K8: =VLOOKUP(B8,[2]Sheet!$A:$A,1,0) -> 255 Сосиски Молочные для завтрака ТМ Особый рецепт, п/а МГС, ВЕС, ТМ Стародворье ПОКОМ
A9: 2 | B9: =[1]Факт!B9 -> 457 Колбаса Молочная ТМ Особый рецепт ВЕС большой батон ПОКОМ | C9: 155.15 | D9: 24.507 | E9: 0.2 | F9: 164 | G9: 204.95315 | H9: Снижение цены в РТТ | I9: 50/50 | K9: =VLOOKUP(B9,[2]Sheet!$A:$A,1,0) -> 457 Колбаса Молочная ТМ Особый рецепт ВЕС большой батон ПОКОМ
A10: 3 | B10: =[1]Факт!B10 -> 449 Колбаса Дугушка Стародворская ВЕС ТС Дугушка ПОКОМ | C10: 220.42 | D10: 56.9988 | E10: 0.3 | F10: 217 | G10: 308.588 | H10: ВИП РТТ | I10: 60/40 | K10: =VLOOKUP(B10,[2]Sheet!$A:$A,1,0) -> 449 Колбаса Дугушка Стародворская ВЕС ТС Дугушка ПОКОМ
A11: 4 | B11: =[1]Факт!B11 -> 200 Ветчина Дугушка ТМ Стародворье, вектор в/у ПОКОМ | C11: 273.45 | D11: 39.284 | E11: 0.2 | F11: 248 | G11: 308.9985 | H11: Снижение цены в РТТ | I11: 50/50 | K11: =VLOOKUP(B11,[2]Sheet!$A:$A,1,0) -> 200 Ветчина Дугушка ТМ Стародворье, вектор в/у ПОКОМ
A12: 5 | B12: =[1]Факт!B12 -> 250 Сардельки стародворские с говядиной в обол. NDX, ВЕС. ПОКОМ | C12: 238.39 | D12: 61.6446 | E12: 0.3 | F12: 244 | G12: 348.0494 | H12: ВИП РТТ | I12: 60/40 | K12: =VLOOKUP(B12,[2]Sheet!$A:$A,1,0) -> 250 Сардельки стародворские с говядиной в обол. NDX, ВЕС. ПОКОМ
A13: 6 | B13: =[1]Факт!B13 -> 242 Колбаса Сервелат ЗАПЕЧ.Дугушка ТМ Стародворье, вектор, в/к ПОКОМ | C13: 285.29 | D13: 73.773 | E13: 0.3 | F13: 261 | G13: 373.7299 | H13: ВИП РТТ | I13: 60/40 | K13: =VLOOKUP(B13,[2]Sheet!$A:$A,1,0) -> 242 Колбаса Сервелат ЗАПЕЧ.Дугушка ТМ Стародворье, вектор, в/к ПОКОМ
A14: 7 | B14: =[1]Факт!B14 -> 456 Колбаса Филейная ТМ Особый рецепт ВЕС большой батон ПОКОМ | C14: 155.14 | D14: 44.1108 | E14: 0.3 | F14: 164 | G14: 234.2614 | H14: ВИП РТТ | I14: 60/40 | K14: =VLOOKUP(B14,[2]Sheet!$A:$A,1,0) -> 456 Колбаса Филейная ТМ Особый рецепт ВЕС большой батон ПОКОМ
A15: 8 | B15: =[1]Факт!B15 -> 201 Ветчина Нежная ТМ Особый рецепт, (2,5кг), ПОКОМ | C15: 231 | D15: 56.13 | E15: 0.3 | F15: 219 | G15: 311.85 | H15: ВИП РТТ | I15: 60/40 | K15: =VLOOKUP(B15,[2]Sheet!$A:$A,1,0) -> 201 Ветчина Нежная ТМ Особый рецепт, (2,5кг), ПОКОМ
A16: 9 | B16: =[1]Факт!B16 -> 017 Сосиски Вязанка Сливочные, Вязанка амицел ВЕС.ПОКОМ | C16: 284.42 | D16: 40.86 | E16: 0.2 | F16: 269 | G16: 335.6156 | H16: Снижение цены в РТТ | I16: 50/50 | K16: =VLOOKUP(B16,[2]Sheet!$A:$A,1,0) -> 017 Сосиски Вязанка Сливочные, Вязанка амицел ВЕС.ПОКОМ
A17: 10 | B17: =[1]Факт!B18 -> 273 Сосиски Сочинки с сочной грудинкой, МГС 0.4кг, ПОКОМ | C17: 232.8 | D17: 33.445 | E17: 0.2 | F17: 235 | G17: 293.328 | H17: Снижение цены в РТТ | I17: 50/50 | K17: =VLOOKUP(B17,[2]Sheet!$A:$A,1,0) -> 273 Сосиски Сочинки с сочной грудинкой, МГС 0.4кг, ПОКОМ
A18: 11 | B18: =[1]Факт!B19 -> 452 Колбаса Со шпиком ВЕС большой батон ТМ Особый рецепт ПОКОМ | C18: 155.37 | D18: 44.172 | E18: 0.3 | F18: 164 | G18: 234.6087 | H18: ВИП РТТ | I18: 60/40 | K18: =VLOOKUP(B18,[2]Sheet!$A:$A,1,0) -> 452 Колбаса Со шпиком ВЕС большой батон ТМ Особый рецепт ПОКОМ
A19: 12 | B19: =[1]Факт!B21 -> 239 Колбаса Салями запеч Дугушка, оболочка вектор, ВЕС, ТМ Стародворье ПОКОМ | C19: 302.1 | D19: 43.4 | E19: 0.2 | F19: 269 | G19: 335.331 | H19: Снижение цены в РТТ | I19: 50/50 | K19: =VLOOKUP(B19,[2]Sheet!$A:$A,1,0) -> 239 Колбаса Салями запеч Дугушка, оболочка вектор, ВЕС, ТМ Стародворье ПОКОМ
A20: 13 | B20: =[1]Факт!B27 -> 005 Колбаса Докторская ГОСТ, Вязанка вектор,ВЕС. ПОКОМ | C20: 315.43 | D20: 45.315 | E20: 0.2 | F20: 299 | G20: 373.78455 | H20: Снижение цены в РТТ | I20: 50/50 | K20: =VLOOKUP(B20,[2]Sheet!$A:$A,1,0) -> 005 Колбаса Докторская ГОСТ, Вязанка вектор,ВЕС. ПОКОМ
A21: 14 | B21: =[1]Факт!B32 -> 307 Колбаса Сервелат Мясорубский с мелкорубленным окороком 0,35 кг срез ТМ Стародворье Поком | C21: 285.08571 | D21: 40.954286 | E21: 0.2 | F21: 294 | G21: 367.76057 | H21: Снижение цены в РТТ | I21: 50/50 | K21: =VLOOKUP(B21,[2]Sheet!$A:$A,1,0) -> 307 Колбаса Сервелат Мясорубский с мелкорубленным окороком 0,35 кг срез ТМ Стародворье Поком
A22: 15 | B22: =[1]Факт!B35 -> 016 Сосиски Вязанка Молочные, Вязанка вискофан ВЕС.ПОКОМ | C22: 270.84 | D22: 38.909 | E22: 0.2 | F22: 257 | G22: 320.9454 | H22: Снижение цены в РТТ | I22: 50/50 | K22: =VLOOKUP(B22,[2]Sheet!$A:$A,1,0) -> 016 Сосиски Вязанка Молочные, Вязанка вискофан ВЕС.ПОКОМ
A23: 16 | B23: =[1]Факт!B51 -> 498 Колбаса Сочинка рубленая с сочным окороком 0,3кг ТМ Стародворье ПОКОМ | C23: 315.86667 | D23: 81.678862 | E23: 0.3 | F23: 360 | G23: 513 | H23: ВИП РТТ | I23: 60/40 | K23: =VLOOKUP(B23,[2]Sheet!$A:$A,1,0) -> 498 Колбаса Сочинка рубленая с сочным окороком 0,3кг ТМ Стародворье ПОКОМ
A24: 17 | B24: =[1]Факт!B60 -> 319 Колбаса вареная Филейская ТМ Вязанка ТС Классическая, 0,45 кг. ПОКОМ | C24: 308.62222 | D24: 44.337778 | E24: 0.2 | F24: 293.33333 | G24: 367.26044 | H24: Снижение цены в РТТ | I24: 50/50 | K24: нет в матрице | L24: 200 | M24: 400 | N24: 400 | O24: 200
A25: 18 | B25: 346 Колбаса Сочинка зернистая с сочной грудинкой ТМ Стародворье.ВЕС ПОКОМ | C25: 238.96 | D25: 61.7922 | E25: 0.3 | F25: 269 | G25: 384.7256 | H25: ВИП РТТ | I25: 60/40 | K25: нет в матрице | L25: 150 | M25: 300 | N25: 300 | O25: 150
A26: 19 | B26: 412 Сосиски Баварские ТМ Стародворье 0,35 кг ПОКОМ | C26: 245.48 | D26: 35.264893 | E26: 0.2 | F26: 265.7 | G26: 331.398 | H26: Снижение цены в РТТ | I26: 50/50 | K26: нет в матрице | L26: 150 | M26: 300 | N26: 300 | O26: 150
A27: 20 | B27: 410 Сосиски Баварские с сыром ТМ Стародворье 0,35 кг. ПОКОМ | C27: 257.77 | D27: 37.031429 | E27: 0.2 | F27: 283 | G27: 353.1449 | H27: Снижение цены в РТТ | I27: 50/50 | K27: нет в матрице | L27: 100 | M27: 200 | N27: 200 | O27: 100
L28: Бердянск | M28: Донецк | N28: Луганск | O28: Мелитополь
