Workbook
Name кол_во_инд.__упак_к: Бланк!$AC$3:$AC$415
Name номин.вес_нетто__кг: Бланк!$W$3:$W$415

Sheet Бланк
C1: Грузополучатель: | D1: =K3 | E1: ООО "НОВОЕ ВРЕМЯ" | K1: 130438122 | L1: 130438122 ООО "НОВОЕ ВРЕМЯ" 272151 Бердянский р-н 90 Трояны
K2: 130438119 | L2: 130438119 ООО "НОВОЕ ВРЕМЯ" 90 Мелитопольский р-н с. Семеновка, Северный переезд, стр.3
C3: Дата отгрузки с ОМПК: | D3: 46299 | E3: Доставка: | F3: =D3+3 | G3: =VLOOKUP(D1,K:L,2,0) | K3: 130438120 | L3: 130438120 ООО "НОВОЕ ВРЕМЯ" 93 Донецк г Чаадаева ул.д.1
K4: 130439104 | L4: 130439104 ООО "НОВОЕ ВРЕМЯ" Мариуполь
C5: Ответственные:
D6: Москва : | K6: =LEFT(L6,9)
B7: ЗАКАЗ | D7: Тип заказа: | E7: ZOR | K7: =LEFT(L7,9)
A9: кратко | B9: Наименование материала | C9: ЕИ | D9: Код материала | E9: Заказ кг/шт | F9: Вес нетто, кг | G9: Вес нетто, кг | H9: Вес нетто короба, кг | I9: Срок реализации, суток | J9: Примечание
B10: Вареные колбасы
A11: =RIGHT(D11,4) | B11: ГОВЯЖЬЯ Папа может вар п/о 0.4кг 6шт. | C11: ШТ | D11: 1001012427523 | E11: 56 | F11: 0.4 | G11: =E11*F11 | H11: 2.4 | I11: 60
A12: =RIGHT(D12,4) | B12: ГОВЯЖЬЯ Папа может вар п/о | C12: КГ | D12: 1001012426220 | F12: 1.35 | G12: =E12 | H12: 4.05 | I12: 60
A13: =RIGHT(D13,4) | B13: ДОКТОРСКАЯ ГОСТ Останкино вар п/о 0.35кг | C13: ШТ | D13: 1001010017539 | F13: 0.35 | G13: =E13*F13 | H13: 2.8 | I13: 60
A14: =RIGHT(D14,4) | B14: ДОКТОРСКАЯ ГОСТ Останкино вар п/о | C14: КГ | D14: 1001010017536 | F14: 1.35 | G14: =E14 | H14: 4.05 | I14: 60
A15: =RIGHT(D15,4) | B15: ДОМАШНИЙ РЕЦЕПТ Коровино вар п/о | C15: КГ | D15: 1001015646861 | E15: 17 | F15: 1.95 | G15: =E15 | H15: 3.9 | I15: 60
A16: =RIGHT(D16,4) | B16: ДОМАШНИЙ РЕЦЕПТ СО ШПИК.Коровино вар п/о | C16: КГ | D16: 1001015706862 | F16: 1.95 | G16: =E16 | H16: 3.9 | I16: 60
A17: =RIGHT(D17,4) | B17: МОЛОЧНАЯ Папа может вар п/о | C17: КГ | D17: 1001012456498 | E17: 52 | F17: 1 | G17: =E17 | H17: 4 | I17: 60
A18: =RIGHT(D18,4) | B18: МЯСНАЯ Папа может вар п/о | C18: КГ | D18: 1001012484063 | E18: 460 | F18: 1.35 | G18: =E18 | H18: 4.05 | I18: 60
A19: =RIGHT(D19,4) | B19: МЯСНАЯ Папа может вар п/о 0.4кг 8шт. | C19: ШТ | D19: 1001012486333 | E19: 456 | F19: 0.4 | G19: =E19*F19 | H19: 3.2 | I19: 60
A20: =RIGHT(D20,4) | B20: МЯСНАЯ СО ШПИКОМ Папа может вар п/о | C20: КГ | D20: 1001012634574 | E20: 39 | F20: 1.35 | G20: =E20 | H20: 4.05 | I20: 60
A21: =RIGHT(D21,4) | B21: МЯСНАЯ СО ШПИКОМ ПМ вар п/о 0.4кг 8шт. | C21: ШТ | D21: 1001012637334 | F21: 0.4 | G21: =E21*F21 | H21: 3.2 | I21: 60
A22: =RIGHT(D22,4) | B22: ФИЛЕЙНАЯ Папа может вар п/о | C22: КГ | D22: 1001012564813 | E22: 256 | F22: 1.35 | G22: =E22 | H22: 4.05 | I22: 60
A23: =RIGHT(D23,4) | B23: ФИЛЕЙНАЯ Папа может вар п/о 0.4кг | C23: ШТ | D23: 1001012566392 | E23: 207 | F23: 0.4 | G23: =E23*F23 | H23: 3.2 | I23: 60
A24: =RIGHT(D24,4) | B24: ЭКСТРА Папа может вар п/о | C24: КГ | D24: 1001012505851 | E24: 137 | F24: 1.35 | G24: =E24 | H24: 4.05 | I24: 60
A25: =RIGHT(D25,4) | B25: ЭКСТРА Папа может вар п/о 0.4кг 8шт_195к | C25: ШТ | D25: 1001012507632 | F25: 0.4 | G25: =E25*F25 | H25: 3.2 | I25: 60
A26: =RIGHT(D26,4) | B26: ДОКТОРСКАЯ ГОСТ Папа может вар п/о | C26: КГ | D26: 1001010014561 | F26: 1.35 | G26: =E26 | H26: 4.05 | I26: 60
A27: =RIGHT(D27,4) | B27: ДОКТОРСКАЯ ПРЕМИУМ вар п/о 0.4кг 8шт. | C27: ШТ | D27: 1001010106325 | E27: 44 | F27: 0.4 | G27: =E27*F27 | H27: 3.2 | I27: 60
A28: =RIGHT(D28,4) | B28: ДОКТОРСКАЯ ПРЕМИУМ п/о(п) | C28: КГ | D28: 1001010108014 | E28: 5 | F28: 1.35 | G28: =E28 | H28: 5.4 | I28: 60
A29: =RIGHT(D29,4) | B29: ЛЮБИТЕЛЬСКАЯ ОСТАНКИНСКАЯ вар ц/о в/у | C29: КГ | D29: 1001017557514 | E29: 60 | G29: =E29 | J29: =VLOOKUP(D29,[1]Бланк!$D:$J,7,0)
A30: =RIGHT(D30,4) | B30: ТЕЛЯЧЬЯ ГОСТ Останкино вар н/о в/у | C30: КГ | D30: 1001017567518 | E30: 22 | G30: =E30 | J30: =VLOOKUP(D30,[1]Бланк!$D:$J,7,0)
A31: =RIGHT(D31,4) | B31: СЕЙЧАС СЕЗОН ПМ вар п/о 0.4кг | C31: ШТ | D31: 1001016747343 | F31: 0.4 | G31: =E31*F31 | H31: 3.2 | I31: 60
A32: =RIGHT(D32,4) | B32: С ИНДЕЙКОЙ Папа может вар п/о 0.4кг 8шт. | C32: ШТ | D32: 1001015026797 | F32: 0.4 | G32: =E32*F32 | H32: 3.2 | I32: 60
A33: =RIGHT(D33,4) | B33: КЛАССИЧЕСКАЯ ПМ вар п/о 0.3кг 8шт_209к | C33: ШТ | D33: 1001013957231 | E33: 6 | F33: 0.3 | G33: =E33*F33 | H33: 2.4 | I33: 60
B34: Сосиски
A35: =RIGHT(D35,4) | B35: БАВАРСКИЕ ПМ сос ц/о мгс 0.35кг 8шт. | C35: ШТ | D35: 1001021966602 | F35: 0.35 | G35: =E35*F35 | H35: 2.8 | I35: 45
A36: =RIGHT(D36,4) | B36: ДЛЯ ДЕТЕЙ Папа может сос п/о мгс 0.264кг | C36: ШТ | D36: 1001025767601 | F36: 0.264 | G36: =E36*F36 | H36: 1.58 | I36: 30
A37: =RIGHT(D37,4) | B37: ДЛЯ ДЕТЕЙ Папа может сос п/о мгс 0.33кг | C37: ШТ | D37: 1001025767461 | E37: 150 | F37: 0.33 | G37: =E37*F37 | H37: 1.98 | I37: 30
A38: =RIGHT(D38,4) | B38: С ИНДЕЙКОЙ ПМ сос ц/о в/у 1/270 8шт. | C38: ШТ | D38: 1001025027040 | F38: 0.27 | G38: =E38*F38
A39: =RIGHT(D39,4) | B39: МОЛОЧНЫЕ ГОСТ сос ц/о мгс 0.4кг 7шт. | C39: ШТ | D39: 1001020836759 | F39: 0.4 | G39: =E39*F39 | H39: 2.8 | I39: 30
A40: =RIGHT(D40,4) | B40: МОЛОЧНЫЕ ГОСТ сос ц/о мгс 1*4 | C40: КГ | D40: 1001020836761 | F40: 1 | G40: =E40 | H40: 4 | I40: 30
A41: =RIGHT(D41,4) | B41: МОЛОЧНЫЕ КЛАССИЧЕСКИЕ сос п/о мгс 2*4_С | C41: КГ | D41: 1001024976829 | F41: 2.1 | G41: =E41 | H41: 8.4 | I41: 45
A42: =RIGHT(D42,4) | B42: МОЛОЧНЫЕ КЛАССИЧЕСКИЕ сос п/о в/у 0.3кг | C42: ШТ | D42: 1001024976616 | E42: 302 | F42: 0.3 | G42: =E42*F42 | H42: 2.4 | I42: 45
A43: =RIGHT(D43,4) | B43: МОЛОЧ.ПРЕМИУМ ПМ сос п/о мгс 1.5*4_О_50с | C43: КГ | D43: 1001022657075 | F43: 1.5 | G43: =E43 | H43: 6 | I43: 50
A44: =RIGHT(D44,4) | B44: МОЛОЧ.ПРЕМИУМ ПМ сос п/о мгс 0.6кг_50с | C44: ШТ | D44: 1001022657074 | F44: 0.6 | G44: =E44*F44 | H44: 4.8 | I44: 50
A45: =RIGHT(D45,4) | B45: МОЛОЧ.ПРЕМИУМ ПМ сос п/о в/у 1/350_50с | C45: ШТ | D45: 1001022657073 | E45: 88 | F45: 0.35 | G45: =E45*F45 | H45: 2.8 | I45: 50
A46: =RIGHT(D46,4) | B46: МОЛОЧНЫЕ ПМ сос п/о мгс 0.41кг 10шт. | C46: ШТ | D46: 1001020836724 | E46: 45 | F46: 0.41 | G46: =E46*F46 | H46: 4.1 | I46: 45
A47: =RIGHT(D47,4) | B47: МЯСНЫЕ Папа может сос п/о в/у 0.4кг_45с | C47: ШТ | D47: 1001022725819 | E47: 145 | F47: 0.4 | G47: =E47*F47 | H47: 3.2 | I47: 45
A48: =RIGHT(D48,4) | B48: МЯСНЫЕ Папа может сос п/о мгс 1.5*3 | C48: КГ | D48: 1001022726303 | F48: 1.5 | G48: =E48 | H48: 4.5 | I48: 45
A49: =RIGHT(D49,4) | B49: МЯСНЫЕ С ГОВЯД.ПМ сос п/о мгс 0.4кг 6шт. | C49: ШТ | D49: 1001025507255 | E49: 109 | F49: 0.4 | G49: =E49*F49 | H49: 2.4 | I49: 50
A50: =RIGHT(D50,4) | B50: МЯСНЫЕ С ГОВЯДИНОЙ ПМ сос п/о мгс 1.5*4 | C50: КГ | D50: 1001025507271 | F50: 1.5 | G50: =E50 | H50: 6 | I50: 50
A51: =RIGHT(D51,4) | B51: РУБЛЕНЫЕ сос ц/о мгс 0.36кг 6шт. | C51: ШТ | D51: 1001023696765 | E51: 38 | F51: 0.36 | G51: =E51*F51 | H51: 2.16 | I51: 45
A52: =RIGHT(D52,4) | B52: РУБЛЕНЫЕ сос ц/о мгс 1*4 | C52: КГ | D52: 1001023696767 | F52: 1.04 | G52: =E52 | H52: 4.16 | I52: 45
A53: =RIGHT(D53,4) | B53: С СЫРОМ Папа может сос ц/о мгс 0.4кг 6шт | C53: ШТ | D53: 1001025176475 | F53: 0.4 | G53: =E53*F53 | H53: 2.4 | I53: 45
A54: =RIGHT(D54,4) | B54: СЛИВОЧНЫЕ ПМ сос п/о мгс 1.5*4_А_50с | C54: КГ | D54: 1001022467083 | E54: 38 | F54: 1.5 | G54: =E54 | H54: 6 | I54: 50
A55: =RIGHT(D55,4) | B55: СЛИВОЧНЫЕ ПМ сос п/о мгс 0.41кг 10шт_50с | C55: ШТ | D55: 1001022467080 | E55: 723 | F55: 0.41 | G55: =E55*F55 | H55: 4.1 | I55: 50
A56: =RIGHT(D56,4) | B56: СЛИВОЧНЫЕ ПМ сос п/о мгс 0.3кг 7шт. | C56: ШТ | D56: 1001022467276 | F56: 0.3 | G56: =E56*F56 | H56: 2.1 | I56: 50
A57: =RIGHT(D57,4) | B57: СЛИВОЧНЫЕ сос ц/о мгс 0.41кг 8шт. | C57: ШТ | D57: 1001020846762 | F57: 0.41 | G57: =E57*F57 | H57: 3.28 | I57: 45
A58: =RIGHT(D58,4) | B58: СЛИВОЧНЫЕ сос ц/о мгс 1*4 | C58: КГ | D58: 1001020846764 | F58: 1 | G58: =E58 | H58: 4 | I58: 45
A59: =RIGHT(D59,4) | B59: СОЧНЫЕ ПМ сос п/о мгс 0.41кг 10шт_50с | C59: ШТ | D59: 1001022377066 | E59: 781 | F59: 0.41 | G59: =E59*F59 | H59: 4.1 | I59: 50
A60: =RIGHT(D60,4) | B60: СОЧНЫЕ ПМ сос п/о мгс 1.5*4_А_50с | C60: КГ | D60: 1001022377070 | E60: 165 | F60: 1.5 | G60: =E60 | H60: 6 | I60: 50
A61: =RIGHT(D61,4) | B61: СОЧНЫЙ ГРИЛЬ сос ц/о мгс 0.41кг_Даблпак | C61: ШТ | D61: 1001027417490 | E61: 289 | F61: 0.41 | G61: =E61*F61 | J61: =VLOOKUP(D61,[1]Бланк!$D:$J,7,0)
A62: =RIGHT(D62,4) | B62: СОЧНЫЙ ГРИЛЬ ПМ сос п/о мгс 1.5*4_Маяк | C62: КГ | D62: 1001022246661 | F62: 1.5 | G62: =E62 | H62: 6 | I62: 45
A63: =RIGHT(D63,4) | B63: ФИЛЕЙНЫЕ Папа может сос ц/о мгс 1.5*2 | C63: КГ | D63: 1001022556254 | F63: 1.5 | G63: =E63 | H63: 3 | I63: 45
A64: =RIGHT(D64,4) | B64: ФИЛЕЙНЫЕ Папа Может сос ц/о мгс 0.4кг | C64: ШТ | D64: 1001022556837 | F64: 0.4 | G64: =E64*F64 | H64: 2.4 | I64: 45
A65: =RIGHT(D65,4) | B65: ХОТ-ДОГ Папа может сос б/о в/у 1/320 8шт | C65: ШТ | D65: 1001025167044 | F65: 0.32 | G65: =E65*F65 | H65: 2.56 | I65: 45
B66: Сардельки
A67: =RIGHT(D67,4) | B67: МЯСНЫЕ Папа может сар б/о мгс 1*3_О_45с | C67: КГ | D67: 1001032736550 | E67: 77 | F67: 1 | G67: =E67 | H67: 3 | I67: 45
A68: =RIGHT(D68,4) | B68: С ГОВЯДИНОЙ ОРИГИН. сар б/о мгс 1*3_45с | C68: КГ | D68: 1001033856608 | F68: 1 | G68: =E68 | H68: 3 | I68: 45
A69: =RIGHT(D69,4) | B69: КЛАССИЧЕСКИЕ Папа может сар б/о мгс 1*3 | C69: КГ | D69: 1001035937001 | E69: 16 | F69: 1 | G69: =E69 | H69: 3 | I69: 45
A70: =RIGHT(D70,4) | B70: ШПИКАЧКИ СОЧНЫЕ ПМ сар б/о мгс 1*3_45с | C70: КГ | D70: 1001031076527 | F70: 1 | G70: =E70 | H70: 3 | I70: 45
A71: =RIGHT(D71,4) | B71: С ГОВЯДИНОЙ ПМ сар б/о мгс 0.4кг_45с | C71: ШТ | D71: 1001033856609 | F71: 0.4 | G71: =E71*F71 | H71: 2.4 | I71: 45
A72: =RIGHT(D72,4) | B72: ШПИКАЧКИ СОЧНЫЕ С БЕК. п/о мгс 0.3кг_60с | C72: ШТ | D72: 1001035277059 | E72: 29 | F72: 0.3 | G72: =E72*F72 | H72: 2.4 | I72: 60
B73: Полукопченые колбасы и Варенокопченые колбасы
A74: =RIGHT(D74,4) | B74: БАЛЫКОВАЯ Останкино в/к в/у | C74: КГ | D74: 1001303637564 | E74: 2 | F74: 0.84 | G74: =E74 | H74: 5.04 | I74: 45
A75: =RIGHT(D75,4) | B75: БАЛЫКОВАЯ Останкино в/к в/у 0.33кг 8шт. | C75: ШТ | D75: 1001303637603 | E75: 75 | F75: 0.33 | G75: =E75*F75 | H75: 2.64 | I75: 45
A76: =RIGHT(D76,4) | B76: БАЛЫКОВАЯ Коровино п/к в/у 0.84кг_50с | C76: ШТ | D76: 1001303637149 | F76: 0.84 | G76: =E76*F76 | H76: 5.04 | I76: 50
A77: =RIGHT(D77,4) | B77: БАЛЫКОВАЯ ПМ п/к в/у 0.31кг 8шт_209к | C77: ШТ | D77: 1001303637233 | F77: 0.31 | G77: =E77*F77 | H77: 2.48 | I77: 45
A78: =RIGHT(D78,4) | B78: БОЯNСКАЯ ПМ п/к в/у 0.28кг 8шт_209к | C78: ШТ | D78: 1001302277232 | E78: 82 | F78: 0.28 | G78: =E78*F78 | H78: 2.24 | I78: 50
A79: =RIGHT(D79,4) | B79: САЛЯМИ Папа может п/к в/у 0.28кг_209к | C79: ШТ | D79: 1001303107241 | E79: 91 | F79: 0.28 | G79: =E79*F79 | H79: 2.24 | I79: 45
A80: =RIGHT(D80,4) | B80: СЕРВЕЛАТ ЕВРОПЕЙСКИЙ в/к в/у 0.84кг | C80: КГ | D80: 1001300367133 | F80: 0.84 | G80: =E80 | H80: 5.04 | I80: 45
A81: =RIGHT(D81,4) | B81: СЕРВЕЛАТ КРЕМЛЕВСКИЙ в/к в/у 0.84кг | C81: КГ | D81: 1001300456946 | G81: =E81
A82: =RIGHT(D82,4) | B82: СЕРВЕЛАТ ЕВРОПЕЙСКИЙ в/к в/у 0.33кг 8шт. | C82: ШТ | D82: 1001300366807 | E82: 17 | F82: 0.33 | G82: =E82*F82 | H82: 2.64 | I82: 45
A83: =RIGHT(D83,4) | B83: СЕРВЕЛАТ ЗЕРНИСТЫЙ ПМ в/к в/у 0.35кг_50с | C83: ШТ | D83: 1001300387154 | E83: 241 | F83: 0.35 | G83: =E83*F83 | H83: 2.8 | I83: 50
A84: =RIGHT(D84,4) | B84: СЕРВЕЛАТ ЗЕРНИСТЫЙ ПМ в/к в/у_50с | C84: КГ | D84: 1001300387157 | E84: 67 | F84: 0.63 | G84: =E84 | H84: 5.04 | I84: 50
A85: =RIGHT(D85,4) | B85: КРАКОВСКАЯ ГОСТ Останкино п/к н/о мгс | C85: КГ | D85: 1001307587562 | G85: =E85 | J85: =VLOOKUP(D85,[1]Бланк!$D:$J,7,0)
A86: =RIGHT(D86,4) | B86: СЕРВЕЛАТ КАРЕЛЬСКИЙ в/к в/у 0.28кг_209к | C86: ШТ | D86: 1001304507236 | E86: 48 | F86: 0.28 | G86: =E86*F86 | H86: 2.24 | I86: 45
A87: =RIGHT(D87,4) | B87: СЕРВЕЛАТ КРЕМЛЕВСКИЙ в/к в/у 0.33кг 8шт. | C87: ШТ | D87: 1001300456787 | E87: 65 | F87: 0.33 | G87: =E87*F87 | H87: 2.64 | I87: 45
A88: =RIGHT(D88,4) | B88: СЕРВЕЛАТ ОХОТНИЧИЙ ПМ в/к в/у_50с | C88: КГ | D88: 1001303987166 | E88: 200 | F88: 0.7 | G88: =E88 | H88: 5.6 | I88: 50
A89: =RIGHT(D89,4) | B89: СЕРВЕЛАТ ОХОТНИЧИЙ ПМ в/к в/у 0.35кг_50с | C89: ШТ | D89: 1001303987169 | E89: 646 | F89: 0.35 | G89: =E89*F89 | H89: 2.8 | I89: 50
A90: =RIGHT(D90,4) | B90: СЕРВЕЛАТ КОПЧ.НА БУКЕ в/к в/у 0.35кг_50с | C90: ШТ | D90: 1001304237156 | F90: 0.35 | G90: =E90*F90 | J90: =VLOOKUP(D90,[1]Бланк!$D:$J,7,0)
A91: =RIGHT(D91,4) | B91: СЕРВЕЛАТ ФИНСКИЙ в/к в/у_45с | C91: КГ | D91: 1001051875544 | E91: 143 | F91: 0.81 | G91: =E91 | H91: 4.86 | I91: 45
A92: =RIGHT(D92,4) | B92: СЕРВЕЛАТ ФИНСКИЙ ПМ в/к в/у 0.35кг 8шт. | C92: ШТ | D92: 1001301876697 | E92: 483 | F92: 0.35 | G92: =E92*F92 | H92: 2.8 | I92: 45
A93: =RIGHT(D93,4) | B93: СЕРВЕЛАТ ОРЕХОВЫЙ в/к в/у 0.31кг_209к | C93: ШТ | D93: 1001305197238 | F93: 0.31 | G93: =E93*F93 | H93: 2.48 | I93: 45
A94: =RIGHT(D94,4) | B94: НОВОМОСКОВСКАЯ в/к в/у срез 0.31кг | C94: ШТ | D94: 1001307107516 | E94: 55 | F94: 0.31 | G94: =E94*F94 | J94: =VLOOKUP(D94,[1]Бланк!$D:$J,7,0)
A95: =RIGHT(D95,4) | B95: КРАКОВСКАЯ ГОСТ п/к н/о мгс 0.3кг | C95: ШТ | D95: 1001307587710 | E95: 110 | F95: 0.3 | G95: =E95*F95 | J95: =VLOOKUP(D95,[1]Бланк!$D:$J,7,0)
A96: =RIGHT(D96,4) | B96: ВОСКРЕСЕНСКАЯ ВЯЛЕНАЯ в/к в/у срез 1/260 | C96: ШТ | D96: 1001307077513 | E96: 55 | F96: 0.26 | G96: =E96*F96 | J96: =VLOOKUP(D96,[1]Бланк!$D:$J,7,0)
A97: =RIGHT(D97,4) | B97: ЧЕСНОЧНАЯ ПМ п/к в/у 0.35кг 8шт_50с | C97: ШТ | D97: 1001302347177 | F97: 0.35 | G97: =E97*F97 | H97: 2.8 | I97: 50
A98: =RIGHT(D98,4) | B98: СЕРВЕЛАТ ШВЕЙЦАРСК.в/к с/н в/у 1/100_Л11 | C98: ШТ | D98: 1001304197608 | F98: 0.1 | G98: =E98*F98 | H98: 1 | I98: 45
B99: Сырокопченые колбасы
A100: =RIGHT(D100,4) | B100: АРОМАТНАЯ с/к в/у 1/250 8шт. | C100: ШТ | D100: 1001061973986 | E100: 140 | F100: 0.25 | G100: =E100*F100 | H100: 2 | I100: 120
A101: =RIGHT(D101,4) | B101: ОХОТНИЧЬЯ Папа может с/к в/у 1/220 8шт. | C101: ШТ | D101: 1001060755931 | E101: 194 | F101: 0.22 | G101: =E101*F101 | H101: 1.76 | I101: 120
...

Sheet Лист1
B2: 7523 | C2: 1001012427523 | D2: ГОВЯЖЬЯ Папа может вар п/о 0.4кг 6шт. | E2: Новинка, ротация | F2: ШТ | G2: 0.4
B3: 6220 | C3: 1001012426220 | D3: ГОВЯЖЬЯ Папа может вар п/о | F3: КГ | G3: 1
B4: 7539 | C4: 1001010017539 | D4: ДОКТОРСКАЯ ГОСТ Останкино вар п/о 0.35кг | E4: Новинка, ротация | F4: ШТ | G4: 0.35
B5: 7536 | C5: 1001010017536 | D5: ДОКТОРСКАЯ ГОСТ Останкино вар п/о | E5: Новинка, ротация | F5: КГ | G5: 1
B6: 6340 | C6: 1001012816340 | D6: ДОМАШНИЙ РЕЦЕПТ Коровино 0.5кг 8шт. | F6: ШТ | G6: 0.5
B7: 6861 | C7: 1001015646861 | D7: ДОМАШНИЙ РЕЦЕПТ Коровино вар п/о | F7: КГ | G7: 1
B8: 6862 | C8: 1001015706862 | D8: ДОМАШНИЙ РЕЦЕПТ СО ШПИК.Коровино вар п/о | F8: КГ | G8: 1
B9: 6341 | C9: 1001012816341 | D9: ДОМАШНИЙ РЕЦЕПТ СО ШПИКОМ Коровино 0.5кг | F9: ШТ | G9: 0.5
B10: 6498 | C10: 1001012456498 | D10: МОЛОЧНАЯ Папа может вар п/о | F10: КГ | G10: 1
B11: 4063 | C11: 1001012484063 | D11: МЯСНАЯ Папа может вар п/о | F11: КГ | G11: 1
B12: 6333 | C12: 1001012486333 | D12: МЯСНАЯ Папа может вар п/о 0.4кг 8шт. | F12: ШТ | G12: 0.4
B13: 4574 | C13: 1001012634574 | D13: МЯСНАЯ СО ШПИКОМ Папа может вар п/о | F13: КГ | G13: 1
B14: 7334 | C14: 1001012637334 | D14: МЯСНАЯ СО ШПИКОМ ПМ вар п/о 0.4кг 8шт. | F14: ШТ | G14: 0.4
B15: 4813 | C15: 1001012564813 | D15: ФИЛЕЙНАЯ Папа может вар п/о | F15: КГ | G15: 1
B16: 6392 | C16: 1001012566392 | D16: ФИЛЕЙНАЯ Папа может вар п/о 0.4кг | F16: ШТ | G16: 0.4
B17: 5851 | C17: 1001012505851 | D17: ЭКСТРА Папа может вар п/о | F17: КГ | G17: 1
B18: 6353 | C18: 1001012506353 | D18: ЭКСТРА Папа может вар п/о 0.4кг 8шт. | E18: Ротация на код 7632 | F18: ШТ | G18: 0.4
B19: 4561 | C19: 1001010014561 | D19: ДОКТОРСКАЯ ГОСТ Папа может вар п/о | F19: КГ | G19: 1
B20: 7555 | C20: 1001012497555 | D20: ДОКТОРСКАЯ ПО-ОСТАНКИНСКИ вар б/о в/у | E20: Новинка, ротация | F20: КГ | G20: 1
B21: 6325 | C21: 1001010106325 | D21: ДОКТОРСКАЯ ПРЕМИУМ вар п/о 0.4кг 8шт. | F21: ШТ | G21: 0.4
B22: 7556 | C22: 1001017597556 | D22: РУССКАЯ ПО-ОСТАНКИНСКИ вар б/о в/у | E22: Новинка, ротация | F22: КГ | G22: 1
B23: 7303 | C23: 1001010857303 | D23: РУССКАЯ ПРЕМИУМ ПМ вар п/о | F23: КГ | G23: 1
B24: 8014 | C24: 1001010108014 | D24: ДОКТОРСКАЯ ПРЕМИУМ вар п/о(п) | F24: КГ | G24: 1
B25: 7343 | C25: 1001016747343 | D25: СЕЙЧАС СЕЗОН ПМ вар п/о 0.4кг | F25: ШТ | G25: 0.4
B26: 6797 | C26: 1001015026797 | D26: С ИНДЕЙКОЙ Папа может вар п/о 0.4кг 8шт. | F26: ШТ | G26: 0.4
B27: 7231 | C27: 1001013957231 | D27: КЛАССИЧЕСКАЯ ПМ вар п/о 0.3кг 8шт_209к | F27: ШТ | G27: 0.3
D28: Ветчины
B29: 4584 | C29: 1001092674584 | D29: ВЕТЧ.ИЗ ЛОПАТКИ Папа может п/о_HRC | F29: КГ | G29: 1
B30: 6495 | C30: 1001092436495 | D30: ВЕТЧ.МРАМОРНАЯ в/у срез 0.3кг 6шт_45с | F30: ШТ | G30: 0.3
B31: 6470 | C31: 1001092436470 | D31: ВЕТЧ.МРАМОРНАЯ в/у_45с | F31: КГ | G31: 1
B32: 5452 | C32: 1001092485452 | D32: ВЕТЧ.МЯСНАЯ Папа может п/о | F32: КГ | G32: 1
B33: 3215 | C33: 1001094053215 | D33: ВЕТЧ.МЯСНАЯ Папа может п/о 0.4кг 8шт. | F33: ШТ | G33: 0.4
B34: 6866 | C34: 1001095716866 | D34: ВЕТЧ.НЕЖНАЯ Коровино п/о_Маяк | F34: КГ | G34: 1
B35: 5495 | C35: 1001093345495 | D35: ВЕТЧ.С ИНДЕЙКОЙ Папа может п/о 400*6 | F35: ШТ | G35: 0.4
B36: 7377 | C36: 1001095027377 | D36: ВЕТЧ.С ИНДЕЙКОЙ ПМ в/у срез 0.3кг 6шт. | F36: ШТ | G36: 0.3
B37: 6925 | C37: 1001095226925 | D37: ВЕТЧ.КЛАССИЧЕСКАЯ в/у 0.6кг 8шт. | F37: ШТ | G37: 0.6
B38: 6025 | C38: 1001094966025 | D38: ВЕТЧ.ФИРМЕННАЯ С ИНДЕЙКОЙ п/о | F38: КГ | G38: 1
D39: Копчености в/к
B40: 7090 | C40: 1001084217090 | D40: СВИНИНА ПО-ДОМ. к/в мл/к в/у 0.3кг_50с | F40: ШТ | G40: 0.3
B41: 7187 | C41: 1001085637187 | D41: ГРУДИНКА ПРЕМИУМ к/в мл/к в/у 0.3кг_50с | F41: ШТ | G41: 0.3
B42: 6620 | C42: 1001081596620 | D42: РЕБРЫШКИ к/в в/у_30c | F42: КГ | G42: 1
D43: Копченые колбасы
B44: 7564 | C44: 1001303637564 | D44: БАЛЫКОВАЯ Останкино в/к в/у | E44: Новинка, ротация | F44: КГ | G44: 1
B45: 7603 | C45: 1001303637603 | D45: БАЛЫКОВАЯ Останкино в/к в/у 0.33кг 8шт. | E45: Новинка, ротация | F45: ШТ | G45: 0.33
B46: 7149 | C46: 1001303637149 | D46: БАЛЫКОВАЯ Коровино п/к в/у 0.84кг_50с | F46: ШТ | G46: 0.84
B47: 7233 | C47: 1001303637233 | D47: БАЛЫКОВАЯ ПМ п/к в/у 0.31кг 8шт_209к | F47: ШТ | G47: 0.31
B48: 7232 | C48: 1001302277232 | D48: БОЯNСКАЯ ПМ п/к в/у 0.28кг 8шт_209к | F48: ШТ | G48: 0.28
B49: 7241 | C49: 1001303107241 | D49: САЛЯМИ Папа может п/к в/у 0.28кг_209к | F49: ШТ | G49: 0.28
B50: 7133 | C50: 1001300367133 | D50: СЕРВЕЛАТ ЕВРОПЕЙСКИЙ в/к в/у 0.84кг | F50: КГ | G50: 1
B51: 6807 | C51: 1001300366807 | D51: СЕРВЕЛАТ ЕВРОПЕЙСКИЙ в/к в/у 0.33кг 8шт. | F51: ШТ | G51: 0.33
B52: 7154 | C52: 1001300387154 | D52: СЕРВЕЛАТ ЗЕРНИСТЫЙ ПМ в/к в/у 0.35кг_50с | F52: ШТ | G52: 0.35
B53: 7157 | C53: 1001300387157 | D53: СЕРВЕЛАТ ЗЕРНИСТЫЙ ПМ в/к в/у_50с | F53: КГ | G53: 1
B54: 7236 | C54: 1001304507236 | D54: СЕРВЕЛАТ КАРЕЛЬСКИЙ в/к в/у 0.28кг_209к | F54: ШТ | G54: 0.28
B55: 6787 | C55: 1001300456787 | D55: СЕРВЕЛАТ КРЕМЛЕВСКИЙ в/к в/у 0.33кг 8шт. | F55: ШТ | G55: 0.33
B56: 7166 | C56: 1001303987166 | D56: СЕРВЕЛАТ ОХОТНИЧИЙ ПМ в/к в/у_50с | F56: КГ | G56: 1
B57: 7169 | C57: 1001303987169 | D57: СЕРВЕЛАТ ОХОТНИЧИЙ ПМ в/к в/у 0.35кг_50с | F57: ШТ | G57: 0.35
... B64: 7333 | C64: 1001303987333 | D64: СЕРВЕЛАТ ОХОТНИЧИЙ ПМ в/к в/у 0.28кг_СНГ | F64: ШТ | G64: 0.28
D65: Нарезка в/к колбас
B66: 6459 | C66: 1001214196459 | D66: СЕРВЕЛАТ ШВЕЙЦАРСК. в/к с/н в/у 1/100*10 | E66: Ротация на код 7608 | F66: ШТ | G66: 0.1
B67: 7474 | C67: 1001216717474 | D67: СЕРВЕЛАТ БАВАРСКИЙ в/к с/н в/у 1/100*10 | E67: Ротация на код 7610 | F67: ШТ | G67: 0.1
D68: Нарезка копченостей
B69: 7103 | C69: 1001223297103 | D69: БЕКОН Останкино с/к с/н в/у 1/180_50с | F69: ШТ | G69: 0.18
B70: 7092 | C70: 1001223297092 | D70: БЕКОН Папа может с/к с/н в/у 1/140_50с | F70: ШТ | G70: 0.14
B71: 6228 | C71: 1001225416228 | D71: МЯСНОЕ АССОРТИ к/з с/н мгс 1/90 10шт. | F71: ШТ | G71: 0.09
B72: 6448 | C72: 1001234146448 | D72: СВИНИНА МАДЕРА с/к с/н в/у 1/100 10шт. | F72: ШТ | G72: 0.1
B73: 6208 | C73: 1001220226208 | D73: ДЫМОВИЦА ИЗ ЛОПАТКИ ПМ к/в с/н в/у 1/150 | F73: ШТ | G73: 0.15
B74: 6754 | C74: 1001225406754 | D74: БАЛЫК И ШЕЙКА с/в с/н мгс 1/90 8шт. | F74: ШТ | G74: 0.09
B75: 6279 | C75: 1001220286279 | D75: КОРЕЙКА ПО-ОСТ.к/в в/с с/н в/у 1/150_45с | F75: ШТ | G75: 0.15
B76: 7288 | C76: 1001223907288 | D76: БАЛЫК с/к с/н в/у 1/100 10шт. (7288) | E76: Ротация на код 7612 | F76: ШТ | G76: 0.1
B77: 7612 | C77: 1001453907612 | D77: БАЛЫК с/к с/н в/у 1/100 10шт_Л11 | E77: 260654543581 (с 03.06 по 30.06) | F77: ШТ | G77: 0.1
D78: Нарезка с/к колбас
B79: 6454 | C79: 1001201976454 | D79: АРОМАТНАЯ с/к с/н в/у 1/100 10шт. | E79: Ротация на код 7613 | F79: ШТ | G79: 0.1
B80: 6834 | C80: 1001203146834 | D80: ПОСОЛЬСКАЯ ПМ с/к с/н в/у 1/100 10шт. | F80: ШТ | G80: 0.1
B81: 7382 | C81: 1001203117382 | D81: САЛЯМИ МЕЛКОЗЕРНЕНАЯ с/к в/у 1/120 8шт. | E81: Ротация на код 7607 | F81: ШТ | G81: 0.12
B82: 6453 | C82: 1001202506453 | D82: ЭКСТРА Папа может с/к с/н в/у 1/100 14шт | E82: Ротация на код 7616 | F82: ШТ | G82: 0.1
B83: 6221 | C83: 1001205376221 | D83: НЕАПОЛИТАНСКИЙ ДУЭТ с/к с/н мгс 1/90 | F83: ШТ | G83: 0.09
B84: 6222 | C84: 1001205386222 | D84: ИТАЛЬЯНСКОЕ АССОРТИ с/в с/н мгс 1/90 | F84: ШТ | G84: 0.09
B85: 6965 | C85: 1001206356965 | D85: САЛЬЧИЧОН ПРЕМИУМ с/к с/н мгс 1/70 14шт. | F85: ШТ | G85: 0.07
B86: 6557 | C86: 1001200756557 | D86: ОХОТНИЧЬЯ ПМ с/к с/н в/у 1/100 10шт. | F86: ШТ | G86: 0.1
B87: 5679 | C87: 1001190765679 | D87: САЛЯМИ ИТАЛЬЯНСКАЯ с/к в/у 1/150_60с | F87: ШТ | G87: 0.15
B88: 5677 | C88: 1001190715677 | D88: БРАУНШВЕЙГСКАЯ полусухая с/к в/у 1/100 | E88: Ротация на код 7626 | F88: ШТ | G88: 0.1
B89: 7414 | C89: 1001204447414 | D89: ПЕППЕРОНИ с/к с/н мгс 1*8_HRC | F89: КГ | G89: 1
D90: С/к колбасы
B91: 3582 | C91: 1001061973582 | D91: АРОМАТНАЯ с/к в/у_А | F91: КГ | G91: 1
B92: 3986 | C92: 1001061973986 | D92: АРОМАТНАЯ с/к в/у 1/250 8шт. | F92: ШТ | G92: 0.25
B93: 5931 | C93: 1001060755931 | D93: ОХОТНИЧЬЯ Папа может с/к в/у 1/220 8шт. | F93: ШТ | G93: 0.22
B94: 5708 | C94: 1001063145708 | D94: ПОСОЛЬСКАЯ Папа может с/к в/у | F94: КГ | G94: 1
B95: 3287 | C95: 1001060763287 | D95: САЛЯМИ ИТАЛЬЯНСКАЯ с/к в/у | F95: КГ | G95: 1
B96: 4993 | C96: 1001060764993 | D96: САЛЯМИ ИТАЛЬЯНСКАЯ с/к в/у 1/250*8_120с | F96: ШТ | G96: 0.25
B97: 5483 | C97: 1001062505483 | D97: ЭКСТРА Папа может с/к в/у 1/250 8шт. | F97: ШТ | G97: 0.25
B98: 4117 | C98: 1001062504117 | D98: ЭКСТРА Папа может с/к в/у_Л | F98: КГ | G98: 1
B99: 614 | C99: 1001060720614 | D99: ПРАЗДНИЧНАЯ с/к в/с дек.спец.мгс | F99: КГ | G99: 1
B100: 6967 | C100: 1001063656967 | D100: БУРГУНДИЯ Папа может с/к в/у 1/250 8шт. | F100: ШТ | G100: 0.25
B101: 6937 | C101: 1001063106937 | D101: САЛЯМИ Папа может с/к в/у 1/250 8шт. | F101: ШТ | G101: 0.25
B102: 7143 | C102: 1001060717143 | D102: БРАУНШВЕЙГСКАЯ ГОСТ с/к в/у 1/220 8шт. | F102: ШТ | G102: 0.22
... B113: 7386 | C113: 1001067017386 | D113: БАРСЕЛОНА ПМ с/к в/у 1/150 | F113: ШТ | G113: 0.15
D114: Сардельки
B115: 6550 | C115: 1001032736550 | D115: МЯСНЫЕ Папа может сар б/о мгс 1*3_О_45с | F115: КГ | G115: 1
B116: 6608 | C116: 1001033856608 | D116: С ГОВЯДИНОЙ ОРИГИН. сар б/о мгс 1*3_45с | F116: КГ | G116: 1
B117: 7001 | C117: 1001035937001 | D117: КЛАССИЧЕСКИЕ Папа может сар б/о мгс 1*3 | F117: КГ | G117: 1
...
