Workbook

Sheet Sheet
A3: Номенклатура | B3: Ед. изм. | C3: Начальный остаток | D3: Приход | E3: Расход | F3: Конечный остаток | G3: крат | H3: сроки | I3: метка | J3: метка2 | K3: заяв | L3: разн | M3: без опта | N3: опт | O3: заказ в пути | P3: заказ в пути | Q3: заказ в пути | R3: заказ в пути | S3: заказ в пути | T3: заказ в пути | U3: ср нов | V3: расчет | W3: заказ | X3: ТК | Y3: ТК ком | Z3: кон ост | AA3: факт | AB3: ср | AC3: ср | AD3: ср | AE3: ср | AF3: ср | AG3: ср | AH3: ср | AI3: ср | AJ3: комментарии | AK3: вес
O4: 26,09, | P4: 26,09,доз | Q4: 28,09, | R4: 28,09,доз | S4: 03,10, | T4: 04,10, | U4: 01,10, | W4: 05,10, | X4: Рекуто | AB4: 29,09, | AC4: 24,09, | AD4: 22,09, | AE4: 17,09, | AF4: 15,09, | AG4: 10,09, | AH4: 08,09, | AI4: 03,09,
E5: =SUM(E6:E500) -> 62830.964 | F5: =SUM(F6:F500) -> 58801.986 | K5: =SUM(K6:K500) -> 69234.633 | L5: =SUM(L6:L500) -> -6403.669 | M5: =SUM(M6:M500) -> 52423.765 | N5: =SUM(N6:N500) -> 10407.199 | O5: =SUM(O6:O500) -> 15056.355 | P5: =SUM(P6:P500) -> 810 | Q5: =SUM(Q6:Q500) -> 23324.569 | R5: =SUM(R6:R500) -> 510 | ... W5: =SUM(W6:W500) -> 14912.667 | AB5: =SUM(AB6:AB500) -> 12416.699 | AC5: =SUM(AC6:AC500) -> 11708.139 | AD5: =SUM(AD6:AD500) -> 12733.619 | AE5: =SUM(AE6:AE500) -> 12494.756 | AF5: =SUM(AF6:AF500) -> 12634.548 | AG5: =SUM(AG6:AG500) -> 13008.018 | AH5: =SUM(AH6:AH500) -> 13739.431 | AI5: =SUM(AI6:AI500) -> 10909.968 | AK5: =SUM(AK6:AK500) -> 12334
A6: 005 Колбаса Докторская ГОСТ, Вязанка вектор,ВЕС. ПОКОМ | B6: кг | C6: 1026.076 | D6: 3196.328 | E6: 1983.294 | F6: 996.695 | G6: 1 | H6: 50 | I6: матрица | K6: 2146.094 | L6: =E6-K6 -> -162.8 | M6: =E6-N6 -> 1265.04 | N6: 718.254 | O6: 120.53745 | Q6: 351.91382 | S6: 674.8 | T6: 725.2 | U6: =M6/5 -> 253.008 | V6: =12*U6-T6-S6-R6-Q6-P6-O6-F6 -> 166.94973 | Z6: =(F6+O6+P6+Q6+R6+S6+T6+W6)/U6 -> 11.34014 | AA6: =(F6+O6+P6+Q6+R6+S6+T6)/U6 -> 11.34014 | AB6: 347.271 | AC6: 256.8714 | AD6: 307.1072 | AE6: 314.5066 | AF6: 330.3754 | AG6: 323.599 | AH6: 328.35 | AI6: 238.0988 | AK6: =ROUND(G6*W6,0) -> 0
A7: 016 Сосиски Вязанка Молочные, Вязанка вискофан ВЕС.ПОКОМ | B7: кг | C7: 1739.19 | D7: 1823.405 | E7: 853.517 | F7: 2351.42 | G7: 1 | H7: 45 | I7: матрица | K7: 854.353 | L7: =E7-K7 -> -0.836 | M7: =E7-N7 -> 853.517 | Q7: 0 | S7: 0 | U7: =M7/5 -> 170.7034 | W7: =V7 -> 0 | Z7: =(F7+O7+P7+Q7+R7+S7+T7+W7)/U7 -> 13.774887 | AA7: =(F7+O7+P7+Q7+R7+S7+T7)/U7 -> 13.774887 | AB7: 199.7456 | AC7: 203.1606 | AD7: 215.5368 | AE7: 330.043 | AF7: 367.75 | AG7: 250.4322 | AH7: 253.253 | AI7: 222.0264 | AJ7: ПРОМО сентябрь | AK7: =ROUND(G7*W7,0) -> 0
A8: 017 Сосиски Вязанка Сливочные, Вязанка амицел ВЕС.ПОКОМ | B8: кг | C8: 3656.842 | D8: 5141.235 | E8: 2956.413 | F8: 3988.71 | G8: 1 | H8: 45 | I8: матрица | K8: 3022.401 | L8: =E8-K8 -> -65.988 | M8: =E8-N8 -> 2956.413 | Q8: 794.63644 | S8: 771.2 | T8: 828.8 | U8: =M8/5 -> 591.2826 | V8: =12*U8-T8-S8-R8-Q8-P8-O8-F8 -> 712.04476 | W8: 300 | Z8: =(F8+O8+P8+Q8+R8+S8+T8+W8)/U8 -> 11.303134 | AA8: =(F8+O8+P8+Q8+R8+S8+T8)/U8 -> 10.795762 | AB8: 723.934 | AC8: 580.0266 | AD8: 625.754 | AE8: 800.884 | AF8: 833.0154 | AG8: 751.5328 | AH8: 847.039 | AI8: 565.603 | AJ8: ПРОМО сентябрь | AK8: =ROUND(G8*W8,0) -> 300
A9: 023 Колбаса Докторская ГОСТ, Вязанка вектор, 0,4 кг, ПОКОМ | B9: шт | C9: 1 | E9: -1 | F9: 1 | G9: 0.4 | H9: 50 | I9: матрица | L9: =E9-K9 -> -1 | M9: =E9-N9 -> -1 | O9: 15 | Q9: 13.414 | S9: 0 | U9: =M9/5 -> -0.2 | W9: =V9 -> 0 | Z9: =(F9+O9+P9+Q9+R9+S9+T9+W9)/U9 -> -147.07 | AA9: =(F9+O9+P9+Q9+R9+S9+T9)/U9 -> -147.07 | AB9: 0.2 | AC9: 2.2 | AD9: 2 | AE9: 0 | AF9: 0.2 | AG9: 2.4 | AH9: 1.8 | AI9: -0.2 | AJ9: 18шт списано (19,09,26) / 19 шт списано (12,07,26) | AK9: =ROUND(G9*W9,0) -> 0
A10: 030 Сосиски Вязанка Молочные, Вязанка вискофан МГС, 0.45кг, ПОКОМ | B10: шт | C10: 619 | D10: 5522 | E10: 1372 | F10: 4135 | G10: 0.45 | H10: 45 | I10: матрица | K10: 1521 | L10: =E10-K10 -> -149 | M10: =E10-N10 -> 1222 | N10: 150 | O10: 400 | Q10: 2688.0284 | S10: 0 | U10: =M10/5 -> 244.4 | W10: =V10 -> 0 | Z10: =(F10+O10+P10+Q10+R10+S10+T10+W10)/U10 -> 29.554126 | AA10: =(F10+O10+P10+Q10+R10+S10+T10)/U10 -> 29.554126 | AB10: 326 | AC10: 640.6 | AD10: 845.8 | AE10: 569 | AF10: 530.8672 | AG10: 514.4672 | AH10: 409.866 | AI10: 437.2 | AJ10: нужно увеличить продажи | AK10: =ROUND(G10*W10,0) -> 0
A11: 032 Сосиски Вязанка Сливочные, Вязанка амицел МГС, 0.45кг, ПОКОМ | B11: шт | C11: 2040 | D11: 5970 | E11: 2429 | F11: 4504 | G11: 0.45 | H11: 45 | I11: матрица | K11: 2583 | L11: =E11-K11 -> -154 | M11: =E11-N11 -> 2069 | N11: 360 | O11: 226.032 | Q11: 0 | S11: 0 | U11: =M11/5 -> 413.8 | V11: =12*U11-T11-S11-R11-Q11-P11-O11-F11 -> 235.568 | W11: 100 | Z11: =(F11+O11+P11+Q11+R11+S11+T11+W11)/U11 -> 11.672383 | AA11: =(F11+O11+P11+Q11+R11+S11+T11)/U11 -> 11.43072 | AB11: 502.6 | AC11: 524 | AD11: 664.8 | AE11: 660.6 | AF11: 572.6762 | AG11: 553.8762 | AH11: 632.423 | AI11: 674.2 | AK11: =ROUND(G11*W11,0) -> 45
A12: 047 Кол Баварская, белков.обол. в термоусад. пакете 0.17 кг, ТМ Стародворье ПОКОМ | B12: шт | C12: -1 | D12: 153 | E12: 74 | F12: 56 | G12: 0.17 | H12: 180 | I12: матрица | K12: 81 | L12: =E12-K12 -> -7 | M12: =E12-N12 -> 74 | O12: 88.2 | Q12: 71.814 | S12: 0 | U12: =M12/5 -> 14.8 | W12: =V12 -> 0 | Z12: =(F12+O12+P12+Q12+R12+S12+T12+W12)/U12 -> 14.595541 | AA12: =(F12+O12+P12+Q12+R12+S12+T12)/U12 -> 14.595541 | AB12: 14.8 | AC12: 22.2 | AD12: 26 | AE12: 20.4 | AF12: 9.4 | AG12: 17.2 | AH12: 19.6 | AI12: 12.4 | AK12: =ROUND(G12*W12,0) -> 0
A13: 062 Колбаса Кракушка пряная с сальцем, 0.3кг в/у п/к, БАВАРУШКА ПОКОМ | B13: шт | C13: 57 | D13: 8 | E13: 35 | F13: 15 | G13: 0.3 | H13: 40 | I13: НЕДОГРУЗ / матрица | K13: 46 | L13: =E13-K13 -> -11 | M13: =E13-N13 -> 35 | O13: 13 | Q13: 72.54 | S13: 20 | U13: =M13/5 -> 7 | W13: =V13 -> 0 | Z13: =(F13+O13+P13+Q13+R13+S13+T13+W13)/U13 -> 17.22 | AA13: =(F13+O13+P13+Q13+R13+S13+T13)/U13 -> 17.22 | AB13: 7.6 | AC13: 9.4 | AD13: 6.8 | AE13: 5.8 | AF13: 9.2 | AG13: 8.6 | AH13: 7 | AI13: 4 | AK13: =ROUND(G13*W13,0) -> 0
A14: 083 Колбаса Швейцарская 0,17 кг., ШТ., сырокопченая ПОКОМ | B14: шт | C14: 118 | D14: 304 | E14: 243 | F14: 46 | G14: 0.17 | H14: 180 | I14: матрица | K14: 258 | L14: =E14-K14 -> -15 | M14: =E14-N14 -> 243 | O14: 66.4 | Q14: 68.998 | S14: 89.202 | U14: =M14/5 -> 48.6 | V14: =12*U14-T14-S14-R14-Q14-P14-O14-F14 -> 312.6 | W14: =V14 -> 312.6 | Z14: =(F14+O14+P14+Q14+R14+S14+T14+W14)/U14 -> 12 | AA14: =(F14+O14+P14+Q14+R14+S14+T14)/U14 -> 5.5679012 | AB14: 35.6 | AC14: 33.4 | AD14: 40.6 | AE14: 38.6 | AF14: 32.8 | AG14: 33.2 | AH14: 32.8 | AI14: 30.2 | AK14: =ROUND(G14*W14,0) -> 53
A15: 200 Ветчина Дугушка ТМ Стародворье, вектор в/у ПОКОМ | B15: кг | C15: 4598.493 | D15: 6961.01 | E15: 4316.642 | F15: 4382.471 | G15: 1 | H15: 70 | I15: НЕДОГРУЗ / матрица | K15: 4316.781 | L15: =E15-K15 -> -0.139 | M15: =E15-N15 -> 4316.642 | O15: 0 | Q15: 0 | S15: 1630.5771 | T15: 1752.3629 | U15: =M15/5 -> 863.3284 | V15: =12*U15-T15-S15-R15-Q15-P15-O15-F15 -> 2594.5298 | W15: =V15-U15 -> 1731.2014 | Z15: =(F15+O15+P15+Q15+R15+S15+T15+W15)/U15 -> 11 | AA15: =(F15+O15+P15+Q15+R15+S15+T15)/U15 -> 8.994736 | AB15: 914.482 | AC15: 675.8734 | AD15: 648.8124 | AE15: 873.2804 | AF15: 934.933 | AG15: 830.7464 | AH15: 811.177 | AI15: 526.5364 | AJ15: ПРОМО сентябрь | AK15: =ROUND(G15*W15,0) -> 1731
A16: 201 Ветчина Нежная ТМ Особый рецепт, (2,5кг), ПОКОМ | B16: кг | C16: 3487.511 | D16: 7226.151 | E16: 3755.235 | F16: 4389.914 | G16: 1 | H16: 50 | I16: матрица | K16: 4090.418 | L16: =E16-K16 -> -335.183 | M16: =E16-N16 -> 3755.235 | O16: 120 | Q16: 854.64765 | R16: 510 | S16: 223.36186 | T16: 240.04449 | U16: =M16/5 -> 751.047 | V16: =12*U16-T16-S16-R16-Q16-P16-O16-F16 -> 2674.596 | W16: =V16-U16 -> 1923.549 | Z16: =(F16+O16+P16+Q16+R16+S16+T16+W16)/U16 -> 11 | AA16: =(F16+O16+P16+Q16+R16+S16+T16)/U16 -> 8.4388434 | AB16: 753.8054 | AC16: 623.8304 | AD16: 608.6706 | AE16: 760.835 | AF16: 778.136 | AG16: 651.7174 | AH16: 634.6946 | AI16: 404.844 | AJ16: ПРОМО сентябрь | AK16: =ROUND(G16*W16,0) -> 1924
A17: 215 Колбаса Докторская ГОСТ Дугушка, ВЕС, ТМ Стародворье ПОКОМ | B17: кг | C17: 377.591 | D17: 244.899 | E17: 323.738 | F17: 53.903 | G17: 1 | H17: 60 | I17: матрица | K17: 345.147 | L17: =E17-K17 -> -21.409 | M17: =E17-N17 -> 323.738 | O17: 32.2362 | Q17: 230.51743 | S17: 248.33246 | T17: 266.88011 | U17: =M17/5 -> 64.7476 | W17: =V17 -> 0 | Z17: =(F17+O17+P17+Q17+R17+S17+T17+W17)/U17 -> 12.847877 | AA17: =(F17+O17+P17+Q17+R17+S17+T17)/U17 -> 12.847877 | AB17: 80.9772 | AC17: 49.1336 | AD17: 48.9528 | AE17: 44.7038 | AF17: 25.6744 | AG17: 21.1402 | AH17: 46.8898 | AI17: 48.1516 | AK17: =ROUND(G17*W17,0) -> 0
A18: 225 Колбаса Дугушка со шпиком, ВЕС, ТМ Стародворье ПОКОМ | B18: кг | G18: 0 | I18: матрица | L18: =E18-K18 -> 0 | M18: =E18-N18 -> 0 | Q18: 0 | S18: 0 | U18: =M18/5 -> 0 | W18: =V18 -> 0 | Z18: =(F18+O18+P18+Q18+R18+S18+T18+W18)/U18 -> #DIV/0! | AA18: =(F18+O18+P18+Q18+R18+S18+T18)/U18 -> #DIV/0! | AB18: 0 | AC18: 0 | AD18: 0 | AE18: 0 | AF18: 0 | AG18: 0 | AH18: 0 | AI18: 0 | AJ18: нет потребности | AK18: =ROUND(G18*W18,0) -> 0
A19: 226 Колбаса Княжеская, с/к белков.обол в термоусад. пакете, ВЕС, ТМ Стародворье ПОКОМ | B19: кг | C19: 13.374 | D19: 0.345 | E19: 2.098 | F19: 10.91 | G19: 1 | H19: 180 | I19: матрица | K19: 2.614 | L19: =E19-K19 -> -0.516 | M19: =E19-N19 -> 2.098 | Q19: 0 | S19: 0 | U19: =M19/5 -> 0.4196 | W19: =V19 -> 0 | Z19: =(F19+O19+P19+Q19+R19+S19+T19+W19)/U19 -> 26.000953 | AA19: =(F19+O19+P19+Q19+R19+S19+T19)/U19 -> 26.000953 | AB19: 0.6802 | AC19: 0.8224 | AD19: 0.69 | AE19: 0.419 | AF19: 0.9222 | AG19: 1.436 | AH19: 1.0902 | AI19: 0.649 | AK19: =ROUND(G19*W19,0) -> 0
A20: 229 Колбаса Молочная Дугушка, в/у, ВЕС, ТМ Стародворье ПОКОМ | B20: кг | C20: 3944.892 | D20: 6416.338 | E20: 5244.974 | F20: 2173.124 | G20: 1 | H20: 60 | I20: матрица | K20: 5280.364 | L20: =E20-K20 -> -35.39 | M20: =E20-N20 -> 3306.34 | N20: 1938.634 | O20: 383.42958 | Q20: 1732.5916 | S20: 1687 | T20: 1813 | U20: =M20/5 -> 661.268 | V20: =12*U20-T20-S20-R20-Q20-P20-O20-F20 -> 146.07083 | Z20: =(F20+O20+P20+Q20+R20+S20+T20+W20)/U20 -> 11.779105 | AA20: =(F20+O20+P20+Q20+R20+S20+T20)/U20 -> 11.779105 | AB20: 917.3738 | AC20: 723.8802 | AD20: 773.4884 | AE20: 732.9714 | AF20: 804.4324 | AG20: 875.0272 | AH20: 948.6904 | AI20: 609.1674 | AK20: =ROUND(G20*W20,0) -> 0
A21: 236 Колбаса Рубленая ЗАПЕЧ. Дугушка ТМ Стародворье, вектор, в/к ПОКОМ | B21: кг | C21: 238.636 | D21: 208.631 | E21: 239.968 | F21: 154.903 | G21: 1 | H21: 70 | I21: матрица | K21: 300.1 | L21: =E21-K21 -> -60.132 | M21: =E21-N21 -> 239.968 | O21: 50.01124 | Q21: 548.98065 | S21: 72.3 | T21: 77.7 | U21: =M21/5 -> 47.9936 | W21: =V21 -> 0 | Z21: =(F21+O21+P21+Q21+R21+S21+T21+W21)/U21 -> 18.833655 | AA21: =(F21+O21+P21+Q21+R21+S21+T21)/U21 -> 18.833655 | AB21: 75.931 | AC21: 74.3142 | AD21: 56.8262 | AE21: 33.1564 | AF21: 51.6118 | AG21: 86.9468 | AH21: 92.6002 | AI21: 51.8056 | AK21: =ROUND(G21*W21,0) -> 0
A22: 239 Колбаса Салями запеч Дугушка, оболочка вектор, ВЕС, ТМ Стародворье ПОКОМ | B22: кг | C22: 1203.835 | D22: 2583.889 | E22: 1918.937 | F22: 515.463 | G22: 1 | H22: 70 | I22: НЕДОГРУЗ / матрица | K22: 1934.788 | L22: =E22-K22 -> -15.851 | M22: =E22-N22 -> 1918.937 | O22: 0 | Q22: 808.92559 | S22: 723 | T22: 777 | U22: =M22/5 -> 383.7874 | V22: =12*U22-T22-S22-R22-Q22-P22-O22-F22 -> 1781.0602 | W22: 1500 | Z22: =(F22+O22+P22+Q22+R22+S22+T22+W22)/U22 -> 11.267667 | AA22: =(F22+O22+P22+Q22+R22+S22+T22)/U22 -> 7.359253 | AB22: 327.679 | AC22: 251.3426 | AD22: 229.2002 | AE22: 266.7368 | AF22: 285.9102 | AG22: 266.6316 | AH22: 281.76 | AI22: 176.7588 | AJ22: ПРОМО сентябрь | AK22: =ROUND(G22*W22,0) -> 1500
A23: 240 Колбаса Салями охотничья, ВЕС. ПОКОМ | B23: кг | G23: 0 | I23: матрица | L23: =E23-K23 -> 0 | M23: =E23-N23 -> 0 | Q23: 0 | S23: 0 | U23: =M23/5 -> 0 | W23: =V23 -> 0 | Z23: =(F23+O23+P23+Q23+R23+S23+T23+W23)/U23 -> #DIV/0! | AA23: =(F23+O23+P23+Q23+R23+S23+T23)/U23 -> #DIV/0! | AB23: 0 | AC23: 0 | AD23: 0 | AE23: 0 | AF23: 0 | AG23: 0 | AH23: 0 | AI23: 0 | AJ23: нет потребности | AK23: =ROUND(G23*W23,0) -> 0
A24: 242 Колбаса Сервелат ЗАПЕЧ.Дугушка ТМ Стародворье, вектор, в/к ПОКОМ | B24: кг | C24: 2313.854 | D24: 4351.27 | E24: 2638.069 | F24: 2633.806 | G24: 1 | H24: 70 | I24: НЕДОГРУЗ / матрица | K24: 2625.147 | L24: =E24-K24 -> 12.922 | M24: =E24-N24 -> 2638.069 | O24: 0 | Q24: 0 | S24: 819.4 | T24: 880.6 | U24: =M24/5 -> 527.6138 | V24: =12*U24-T24-S24-R24-Q24-P24-O24-F24 -> 1997.5596 | W24: 1800 | Z24: =(F24+O24+P24+Q24+R24+S24+T24+W24)/U24 -> 11.62556 | AA24: =(F24+O24+P24+Q24+R24+S24+T24)/U24 -> 8.2139739 | AB24: 509.9216 | AC24: 404.2436 | AD24: 396.5312 | AE24: 524.3068 | AF24: 537.1594 | AG24: 473.2216 | AH24: 516.0532 | AI24: 310.2648 | AJ24: ПРОМО сентябрь | AK24: =ROUND(G24*W24,0) -> 1800
A25: 244 Колбаса Сервелат Кремлевский, ВЕС. ПОКОМ | B25: кг | C25: 26.814 | E25: -0.744 | F25: -0.011 | G25: 1 | H25: 40 | I25: НЕДОГРУЗ / матрица | K25: 32.6 | L25: =E25-K25 -> -33.344 | M25: =E25-N25 -> -0.744 | O25: 18.30764 | Q25: 7.208188 | S25: 80 | U25: =M25/5 -> -0.1488 | V25: 20 | W25: =V25 -> 20 | Z25: =(F25+O25+P25+Q25+R25+S25+T25+W25)/U25 -> -843.44642 | AA25: =(F25+O25+P25+Q25+R25+S25+T25)/U25 -> -709.03782 | AB25: 0.2886 | AC25: 4.2222 | AD25: 3.7848 | AE25: -0.293 | AF25: 1.601 | AG25: 4.363 | AH25: 3.4886 | AI25: 2.0396 | AK25: =ROUND(G25*W25,0) -> 20
A26: 247 Сардельки Нежные, ВЕС. ПОКОМ | B26: кг | G26: 0 | I26: матрица | L26: =E26-K26 -> 0 | M26: =E26-N26 -> 0 | Q26: 0 | S26: 0 | U26: =M26/5 -> 0 | W26: =V26 -> 0 | Z26: =(F26+O26+P26+Q26+R26+S26+T26+W26)/U26 -> #DIV/0! | AA26: =(F26+O26+P26+Q26+R26+S26+T26)/U26 -> #DIV/0! | AB26: 0 | AC26: 0 | AD26: 0 | AE26: 0 | AF26: 0 | AG26: 0 | AH26: 0 | AI26: 0 | AJ26: нет потребности | AK26: =ROUND(G26*W26,0) -> 0
A27: 248 Сардельки Сочные ТМ Особый рецепт, ПОКОМ | B27: кг | G27: 0 | I27: матрица | L27: =E27-K27 -> 0 | M27: =E27-N27 -> 0 | Q27: 0 | S27: 0 | U27: =M27/5 -> 0 | W27: =V27 -> 0 | Z27: =(F27+O27+P27+Q27+R27+S27+T27+W27)/U27 -> #DIV/0! | AA27: =(F27+O27+P27+Q27+R27+S27+T27)/U27 -> #DIV/0! | AB27: 0 | AC27: 0 | AD27: 0 | AE27: 0 | AF27: 0 | AG27: 0 | AH27: 0 | AI27: 0 | AJ27: нет потребности | AK27: =ROUND(G27*W27,0) -> 0
A28: 250 Сардельки стародворские с говядиной в обол. NDX, ВЕС. ПОКОМ | B28: кг | C28: 1019.063 | D28: 1921.789 | E28: 1055.212 | F28: 1207.645 | G28: 1 | H28: 30 | I28: НЕДОГРУЗ / матрица | K28: 1188.696 | L28: =E28-K28 -> -133.484 | M28: =E28-N28 -> 933.816 | N28: 121.396 | O28: 0 | Q28: 0 | S28: 313.3 | T28: 336.7 | U28: =M28/5 -> 186.7632 | V28: =12*U28-T28-S28-R28-Q28-P28-O28-F28 -> 383.5134 | W28: 200 | Z28: =(F28+O28+P28+Q28+R28+S28+T28+W28)/U28 -> 11.017401 | AA28: =(F28+O28+P28+Q28+R28+S28+T28)/U28 -> 9.9465259 | AB28: 219.6258 | AC28: 196.6198 | AD28: 221.1712 | AE28: 225.0454 | AF28: 231.6586 | AG28: 235.7996 | AH28: 278.0154 | AI28: 227.6552 | AK28: =ROUND(G28*W28,0) -> 200
A29: 255 Сосиски Молочные для завтрака ТМ Особый рецепт, п/а МГС, ВЕС, ТМ Стародворье ПОКОМ | B29: кг | C29: 444.916 | D29: 7347.075 | E29: 2986.275 | F29: 2951.898 | G29: 1 | H29: 40 | I29: НЕДОГРУЗ / матрица | K29: 2952.042 | L29: =E29-K29 -> 34.233 | M29: =E29-N29 -> 2643.267 | N29: 343.008 | O29: 3710 | Q29: 0 | S29: 723 | T29: 777 | U29: =M29/5 -> 528.6534 | W29: =V29 -> 0 | Z29: =(F29+O29+P29+Q29+R29+S29+T29+W29)/U29 -> 15.439034 | AA29: =(F29+O29+P29+Q29+R29+S29+T29)/U29 -> 15.439034 | AB29: 571.5462 | AC29: 586.117 | AD29: 710.1294 | AE29: 412.9854 | AF29: 192.2834 | AG29: 374.2526 | AH29: 576.9176 | AI29: 427.835 | AK29: =ROUND(G29*W29,0) -> 0
A30: 257 Сосиски Молочные оригинальные ТМ Особый рецепт, ВЕС. ПОКОМ | B30: кг | G30: 0 | I30: матрица | L30: =E30-K30 -> 0 | M30: =E30-N30 -> 0 | Q30: 0 | S30: 0 | U30: =M30/5 -> 0 | W30: =V30 -> 0 | Z30: =(F30+O30+P30+Q30+R30+S30+T30+W30)/U30 -> #DIV/0! | AA30: =(F30+O30+P30+Q30+R30+S30+T30)/U30 -> #DIV/0! | AB30: 0 | AC30: 0 | AD30: 0 | AE30: 0 | AF30: 0 | AG30: 0 | AH30: 0 | AI30: 0 | AJ30: нет потребности | AK30: =ROUND(G30*W30,0) -> 0
A31: 263 Шпикачки Стародворские, ВЕС. ПОКОМ | B31: кг | G31: 0 | I31: матрица | L31: =E31-K31 -> 0 | M31: =E31-N31 -> 0 | Q31: 0 | S31: 0 | U31: =M31/5 -> 0 | W31: =V31 -> 0 | Z31: =(F31+O31+P31+Q31+R31+S31+T31+W31)/U31 -> #DIV/0! | AA31: =(F31+O31+P31+Q31+R31+S31+T31)/U31 -> #DIV/0! | AB31: 0 | AC31: 0 | AD31: 0 | AE31: 0 | AF31: 0 | AG31: 0 | AH31: 0 | AI31: 0 | AJ31: нет потребности | AK31: =ROUND(G31*W31,0) -> 0
A32: 265 Колбаса Балыкбургская, ВЕС, ТМ Баварушка ПОКОМ | B32: кг | G32: 0 | I32: матрица | L32: =E32-K32 -> 0 | M32: =E32-N32 -> 0 | Q32: 0 | S32: 0 | U32: =M32/5 -> 0 | W32: =V32 -> 0 | Z32: =(F32+O32+P32+Q32+R32+S32+T32+W32)/U32 -> #DIV/0! | AA32: =(F32+O32+P32+Q32+R32+S32+T32)/U32 -> #DIV/0! | AB32: 0 | AC32: 0 | AD32: 0 | AE32: 0 | AF32: 0 | AG32: 0 | AH32: 0 | AI32: 0 | AJ32: нет потребности | AK32: =ROUND(G32*W32,0) -> 0
A33: 267 Колбаса Салями Филейбургская зернистая, оболочка фиброуз, ВЕС, ТМ Баварушка ПОКОМ | B33: кг | G33: 0 | I33: матрица | L33: =E33-K33 -> 0 | M33: =E33-N33 -> 0 | Q33: 0 | S33: 0 | U33: =M33/5 -> 0 | W33: =V33 -> 0 | Z33: =(F33+O33+P33+Q33+R33+S33+T33+W33)/U33 -> #DIV/0! | AA33: =(F33+O33+P33+Q33+R33+S33+T33)/U33 -> #DIV/0! | AB33: 0 | AC33: 0 | AD33: 0 | AE33: 0 | AF33: 0 | AG33: 0 | AH33: 0 | AI33: 0 | AJ33: нет потребности | AK33: =ROUND(G33*W33,0) -> 0
A34: 273 Сосиски Сочинки с сочной грудинкой, МГС 0.4кг, ПОКОМ | B34: шт | C34: 1111 | D34: 4668 | E34: 3145 | F34: 1259 | G34: 0.4 | H34: 45 | I34: НЕДОГРУЗ / матрица | K34: 3618 | L34: =E34-K34 -> -473 | M34: =E34-N34 -> 2917 | N34: 228 | O34: 1600 | Q34: 2604.4512 | S34: 241 | T34: 259 | U34: =M34/5 -> 583.4 | V34: =12*U34-T34-S34-R34-Q34-P34-O34-F34 -> 1037.3488 | W34: 600 | Z34: =(F34+O34+P34+Q34+R34+S34+T34+W34)/U34 -> 11.250345 | AA34: =(F34+O34+P34+Q34+R34+S34+T34)/U34 -> 10.221891 | AB34: 686 | AC34: 679.4 | AD34: 754.6 | AE34: 654.8 | AF34: 869.4 | AG34: 631 | AH34: 648.4 | AI34: 1337.6 | AJ34: ПРОМО сентябрь | AK34: =ROUND(G34*W34,0) -> 240
A35: 276 Колбаса Сливушка ТМ Вязанка в оболочке полиамид 0,45 кг ПОКОМ | B35: шт | C35: -1 | D35: 1223 | E35: 541 | F35: 473 | G35: 0.45 | H35: 50 | I35: матрица | K35: 697 | L35: =E35-K35 -> -156 | M35: =E35-N35 -> 541 | O35: 71.218 | Q35: 372.408 | S35: 0 | U35: =M35/5 -> 108.2 | V35: =12*U35-T35-S35-R35-Q35-P35-O35-F35 -> 381.774 | W35: 300 | Z35: =(F35+O35+P35+Q35+R35+S35+T35+W35)/U35 -> 11.244233 | AA35: =(F35+O35+P35+Q35+R35+S35+T35)/U35 -> 8.4715896 | AB35: 107.4 | AC35: 120.4 | AD35: 124.2 | AE35: 129 | AF35: 84 | AG35: 83.2 | AH35: 183.328 | AI35: 310.8 | AK35: =ROUND(G35*W35,0) -> 135
A36: 278 Сосиски Сочинки с сочным окороком, МГС 0.4кг, ПОКОМ | B36: шт | C36: 112 | D36: 2336 | E36: 884 | F36: 1114 | G36: 0.4 | H36: 45 | I36: НЕДОГРУЗ / матрица | K36: 981 | L36: =E36-K36 -> -97 | M36: =E36-N36 -> 764 | N36: 120 | O36: 0 | Q36: 0 | S36: 120.5 | T36: 129.5 | U36: =M36/5 -> 152.8 | V36: =12*U36-T36-S36-R36-Q36-P36-O36-F36 -> 469.6 | W36: 350 | Z36: =(F36+O36+P36+Q36+R36+S36+T36+W36)/U36 -> 11.217277 | AA36: =(F36+O36+P36+Q36+R36+S36+T36)/U36 -> 8.9267016 | AB36: 173.4 | AC36: 179.2 | AD36: 210.4 | AE36: 192 | AF36: 152.4 | AG36: 151.6 | AH36: 137 | AI36: 55.2 | AK36: =ROUND(G36*W36,0) -> 140
A37: 281 Сосиски Молочные для завтрака ТМ Особый рецепт, 0,4кг ПОКОМ | B37: шт | D37: 162 | E37: 148 | F37: -11 | G37: 0.4 | H37: 40 | I37: !!! / НЕДОГРУЗ / матрица | K37: 572 | L37: =E37-K37 -> -424 | M37: =E37-N37 -> 148 | O37: 65 | Q37: 38.74 | S37: 120.5 | T37: 129.5 | U37: =M37/5 -> 29.6 | V37: =12*U37-T37-S37-R37-Q37-P37-O37-F37 -> 12.46 | W37: 400 | X37: 400 | Y37: =VLOOKUP(A37,[1]Лист1!$A:$B,2,0) -> до 400 шт (заказ сети) | Z37: =(F37+O37+P37+Q37+R37+S37+T37+W37)/U37 -> 25.092568 | AA37: =(F37+O37+P37+Q37+R37+S37+T37)/U37 -> 11.579054 | AB37: 30.4 | AC37: 20.4 | AD37: 0 | AE37: 1.8 | AF37: 13.6 | AG37: 18.8 | AH37: 7.4 | AI37: -0.2 | AK37: =ROUND(G37*W37,0) -> 160
A38: 283 Сосиски Сочинки, ВЕС, ТМ Стародворье ПОКОМ | B38: кг | C38: 162.95 | D38: 1.412 | E38: 11.436 | F38: 148.666 | G38: 1 | I38: НЕДОГРУЗ / матрица | K38: 11.5 | L38: =E38-K38 -> -0.064 | M38: =E38-N38 -> 11.436 | O38: 0 | Q38: 0 | S38: 0 | U38: =M38/5 -> 2.2872 | W38: =V38 -> 0 | Z38: =(F38+O38+P38+Q38+R38+S38+T38+W38)/U38 -> 64.999126 | AA38: =(F38+O38+P38+Q38+R38+S38+T38)/U38 -> 64.999126 | AB38: 2.8632 | AC38: 2.0016 | AD38: 2.2812 | AE38: 4.6482 | AF38: 6.3222 | AG38: 11.2442 | AH38: 18.956 | AI38: 4.8394 | AJ38: нужно увеличить продажи!!! | AK38: =ROUND(G38*W38,0) -> 0
A39: 285 Паштет печеночный со слив.маслом ТМ Стародворье ламистер 0,1 кг ПОКОМ | B39: шт | C39: 630 | D39: 8 | E39: 198 | F39: 374 | G39: 0.1 | H39: 731 | I39: матрица | K39: 229 | L39: =E39-K39 -> -31 | M39: =E39-N39 -> 198 | Q39: 177.046 | S39: 0 | U39: =M39/5 -> 39.6 | W39: =V39 -> 0 | Z39: =(F39+O39+P39+Q39+R39+S39+T39+W39)/U39 -> 13.915303 | AA39: =(F39+O39+P39+Q39+R39+S39+T39)/U39 -> 13.915303 | AB39: 47 | AC39: 55.8 | AD39: 66.2 | AE39: 60.8 | AF39: 56 | AG39: 60 | AH39: 69.4 | AI39: 43 | AK39: =ROUND(G39*W39,0) -> 0
A40: 296 Колбаса Мясорубская с рубленой грудинкой 0,35кг срез ТМ Стародворье ПОКОМ | B40: шт | C40: 7 | E40: 1.169 | F40: 1.831 | G40: 0.35 | H40: 40 | I40: НЕДОГРУЗ / матрица | K40: 31 | L40: =E40-K40 -> -29.831 | M40: =E40-N40 -> 1.169 | O40: 52 | Q40: 39 | S40: 0 | U40: =M40/5 -> 0.2338 | V40: 20 | W40: 60 | X40: 80 | Y40: =VLOOKUP(A40,[1]Лист1!$A:$B,2,0) -> до 80 шт | Z40: =(F40+O40+P40+Q40+R40+S40+T40+W40)/U40 -> 653.68263 | AA40: =(F40+O40+P40+Q40+R40+S40+T40)/U40 -> 397.05304 | AB40: 0.2338 | AC40: -0.2 | AD40: -0.4 | AE40: 17.4 | AF40: 18.2 | AG40: 0.4 | AH40: 0.6 | AI40: -0.8 | AK40: =ROUND(G40*W40,0) -> 21
A41: 297 Колбаса Мясорубская с рубленой грудинкой ВЕС ТМ Стародворье ПОКОМ | B41: кг | C41: 27.458 | D41: 28.981 | E41: 31.198 | F41: 21.586 | G41: 1 | H41: 40 | I41: НЕДОГРУЗ / матрица | K41: 41.82 | L41: =E41-K41 -> -10.622 | M41: =E41-N41 -> 31.198 | O41: 52 | Q41: 0 | S41: 0 | U41: =M41/5 -> 6.2396 | V41: 10 | W41: =V41 -> 10 | Z41: =(F41+O41+P41+Q41+R41+S41+T41+W41)/U41 -> 13.396051 | AA41: =(F41+O41+P41+Q41+R41+S41+T41)/U41 -> 11.793384 | AB41: 4.0526 | AC41: 0.8686 | AD41: 1.5376 | AE41: 4.7846 | AF41: 3.8284 | AG41: 1.671 | AH41: 2.0398 | AI41: 3.023 | AK41: =ROUND(G41*W41,0) -> 10
A42: 301 Сосиски Сочинки по-баварски с сыром, 0.4кг, ТМ Стародворье ПОКОМ | B42: шт | C42: 37 | D42: 166 | E42: 164 | F42: 4 | G42: 0.4 | H42: 40 | I42: НЕДОГРУЗ / матрица | K42: 365 | L42: =E42-K42 -> -201 | M42: =E42-N42 -> 164 | O42: 390 | Q42: 93.08 | S42: 86.76 | T42: 93.24 | U42: =M42/5 -> 32.8 | W42: =V42 -> 0 | Z42: =(F42+O42+P42+Q42+R42+S42+T42+W42)/U42 -> 20.337805 | AA42: =(F42+O42+P42+Q42+R42+S42+T42)/U42 -> 20.337805 | AB42: 53.2 | AC42: 65 | AD42: 73.2 | AE42: 57 | AF42: 51.2 | AG42: 38.4 | AH42: 34.6 | AI42: 39.4 | AK42: =ROUND(G42*W42,0) -> 0
A43: 302 Сосиски Сочинки по-баварски, 0.4кг, ТМ Стародворье ПОКОМ | B43: шт | C43: 85 | D43: 610 | E43: 412 | F43: 155 | G43: 0.4 | H43: 45 | I43: НЕДОГРУЗ / матрица | K43: 515 | L43: =E43-K43 -> -103 | M43: =E43-N43 -> 412 | O43: 522.6 | Q43: 0 | S43: 192.8 | T43: 207.2 | U43: =M43/5 -> 82.4 | W43: 100 | X43: 150 | Y43: =VLOOKUP(A43,[1]Лист1!$A:$B,2,0) -> до 150 шт | Z43: =(F43+O43+P43+Q43+R43+S43+T43+W43)/U43 -> 14.291262 | AA43: =(F43+O43+P43+Q43+R43+S43+T43)/U43 -> 13.07767 | AB43: 90.2 | AC43: 88 | AD43: 84 | AE43: 41.2 | AF43: 60.8 | AG43: 91.6 | AH43: 61.8 | AI43: 53.8 | AK43: =ROUND(G43*W43,0) -> 40
A44: 305 Колбаса Сервелат Мясорубский с мелкорубленным окороком в/у ТМ Стародворье ВЕС ПОКОМ | B44: кг | C44: -0.727 | F44: -0.727 | G44: 1 | H44: 40 | I44: НЕДОГРУЗ / матрица | K44: 0.8 | L44: =E44-K44 -> -0.8 | M44: =E44-N44 -> 0 | O44: 130 | Q44: 39 | S44: 96.4 | T44: 103.6 | U44: =M44/5 -> 0 | W44: 100 | X44: 200 | Y44: =VLOOKUP(A44,[1]Лист1!$A:$B,2,0) -> до 200 кг | Z44: =(F44+O44+P44+Q44+R44+S44+T44+W44)/U44 -> #DIV/0! | AA44: =(F44+O44+P44+Q44+R44+S44+T44)/U44 -> #DIV/0! | AB44: 0 | AC44: 9.7788 | AD44: 18.2358 | AE44: 15.524 | AF44: 12.8612 | AG44: 9.617 | AH44: 3.972 | AI44: 4.1012 | AJ44: ПРОМО сентябрь | AK44: =ROUND(G44*W44,0) -> 100
A45: 307 Колбаса Сервелат Мясорубский с мелкорубленным окороком 0,35 кг срез ТМ Стародворье Поком | B45: шт | C45: 2 | F45: -4 | G45: 0.35 | H45: 40 | I45: НЕДОГРУЗ / матрица | K45: 187 | L45: =E45-K45 -> -187 | M45: =E45-N45 -> 0 | O45: 260 | Q45: 152.685 | S45: 57.84 | T45: 62.16 | U45: =M45/5 -> 0 | W45: 50 | X45: 100 | Y45: =VLOOKUP(A45,[1]Лист1!$A:$B,2,0) -> до 100шт | Z45: =(F45+O45+P45+Q45+R45+S45+T45+W45)/U45 -> #DIV/0! | AA45: =(F45+O45+P45+Q45+R45+S45+T45)/U45 -> #DIV/0! | AB45: -0.4 | AC45: 31.2 | AD45: 60.8 | AE45: 78.4 | AF45: 297.4 | AG45: 286.6 | AH45: 77.6 | AI45: 42.2 | AJ45: 1000шт под сети (Хмель 01,09,26) | AK45: =ROUND(G45*W45,0) -> 18
A46: 309 Сосиски Сочинки с сыром 0,4 кг ТМ Стародворье ПОКОМ | B46: шт | C46: 391 | D46: 8 | E46: 260 | F46: 22 | G46: 0.4 | H46: 40 | I46: НЕДОГРУЗ / матрица | K46: 284 | L46: =E46-K46 -> -24 | M46: =E46-N46 -> 260 | O46: 260 | Q46: 468 | S46: 0 | U46: =M46/5 -> 52 | V46: 50 | W46: =V46 -> 50 | Z46: =(F46+O46+P46+Q46+R46+S46+T46+W46)/U46 -> 15.384615 | AA46: =(F46+O46+P46+Q46+R46+S46+T46)/U46 -> 14.423077 | AB46: 69 | AC46: 79.4 | AD46: 67.4 | AE46: 75.4 | AF46: 92 | AG46: 107 | AH46: 103 | AI46: 65.6 | AK46: =ROUND(G46*W46,0) -> 20
A47: 312 Ветчина Филейская ВЕС ТМ Вязанка ТС Столичная ПОКОМ | B47: кг | C47: 193.13 | D47: 271.587 | E47: 207.025 | F47: 107.245 | G47: 1 | H47: 50 | I47: матрица | K47: 212.139 | L47: =E47-K47 -> -5.114 | M47: =E47-N47 -> 207.025 | Q47: 0 | S47: 106.04 | T47: 113.96 | U47: =M47/5 -> 41.405 | V47: =12*U47-T47-S47-R47-Q47-P47-O47-F47 -> 169.615 | W47: 200 | X47: 200 | Y47: =VLOOKUP(A47,[1]Лист1!$A:$B,2,0) -> до 200 кг (акция октябрь) | Z47: =(F47+O47+P47+Q47+R47+S47+T47+W47)/U47 -> 12.733849 | AA47: =(F47+O47+P47+Q47+R47+S47+T47)/U47 -> 7.9035141 | AB47: 41.047 | AC47: 19.8336 | AD47: 20.8716 | AE47: 29.9814 | AF47: 29.6774 | AG47: 19.035 | AH47: 16.6582 | AI47: 12.968 | AK47: =ROUND(G47*W47,0) -> 200
A48: 315 Колбаса вареная Молокуша ТМ Вязанка ВЕС, ПОКОМ | B48: кг | C48: 193.727 | D48: 776.948 | E48: 448.188 | F48: -2.468 | G48: 1 | H48: 50 | I48: матрица | K48: 593.032 | L48: =E48-K48 -> -144.844 | M48: =E48-N48 -> 234.406 | N48: 213.782 | Q48: 1567.5228 | S48: 337.4 | T48: 362.6 | U48: =M48/5 -> 46.8812 | W48: 100 | X48: 200 | Y48: =VLOOKUP(A48,[1]Лист1!$A:$B,2,0) -> до 200 кг (акция октябрь) | Z48: =(F48+O48+P48+Q48+R48+S48+T48+W48)/U48 -> 50.447831 | AA48: =(F48+O48+P48+Q48+R48+S48+T48)/U48 -> 48.31478 | AB48: 105.5888 | AC48: 141.5504 | AD48: 82.66 | AE48: 80.6148 | AF48: 94.9642 | AG48: 153.3692 | AH48: 161.0064 | AI48: 71.8312 | AJ48: ПРОМО сентябрь | AK48: =ROUND(G48*W48,0) -> 100
A49: 318 Сосиски Датские ТМ Зареченские, ВЕС ПОКОМ | B49: кг | G49: 0 | I49: матрица | L49: =E49-K49 -> 0 | M49: =E49-N49 -> 0 | Q49: 0 | S49: 0 | U49: =M49/5 -> 0 | W49: =V49 -> 0 | Z49: =(F49+O49+P49+Q49+R49+S49+T49+W49)/U49 -> #DIV/0! | AA49: =(F49+O49+P49+Q49+R49+S49+T49)/U49 -> #DIV/0! | AB49: 0 | AC49: 0 | AD49: 0 | AE49: 0 | AF49: 0 | AG49: 0 | AH49: 0 | AI49: 0 | AJ49: нет потребности | AK49: =ROUND(G49*W49,0) -> 0
A50: 319 Колбаса вареная Филейская ТМ Вязанка ТС Классическая, 0,45 кг. ПОКОМ | B50: шт | C50: 393.982 | D50: 136 | E50: 249 | F50: 195.982 | G50: 0.45 | H50: 50 | I50: матрица | K50: 290 | L50: =E50-K50 -> -41 | M50: =E50-N50 -> 249 | Q50: 258.87613 | S50: 67.085468 | T50: 72.096 | U50: =M50/5 -> 49.8 | V50: =12*U50-T50-S50-R50-Q50-P50-O50-F50 -> 3.5604 | W50: =V50 -> 3.5604 | Z50: =(F50+O50+P50+Q50+R50+S50+T50+W50)/U50 -> 12 | AA50: =(F50+O50+P50+Q50+R50+S50+T50)/U50 -> 11.928506 | AB50: 64.0036 | AC50: 53.0036 | AD50: 62.2 | AE50: 72.4 | AF50: 68 | AG50: 63 | AH50: 61 | AI50: 62.8 | AK50: =ROUND(G50*W50,0) -> 2
A51: 322 Колбаса вареная Молокуша 0,45кг ТМ Вязанка ПОКОМ | B51: шт | C51: 289 | D51: 833 | E51: 314 | F51: 723 | G51: 0.45 | H51: 50 | I51: матрица | K51: 340 | L51: =E51-K51 -> -26 | M51: =E51-N51 -> 314 | O51: 121.104 | Q51: 309.468 | S51: 0 | U51: =M51/5 -> 62.8 | W51: =V51 -> 0 | Z51: =(F51+O51+P51+Q51+R51+S51+T51+W51)/U51 -> 18.368981 | AA51: =(F51+O51+P51+Q51+R51+S51+T51)/U51 -> 18.368981 | AB51: 88.6 | AC51: 112.4 | AD51: 111.6 | AE51: 97.4 | AF51: 85.4 | AG51: 118.6 | AH51: 121 | AI51: 89.2 | AK51: =ROUND(G51*W51,0) -> 0
A52: 328 Сардельки Сочинки Стародворье ТМ 0,4 кг ПОКОМ | B52: шт | G52: 0 | I52: матрица | L52: =E52-K52 -> 0 | M52: =E52-N52 -> 0 | Q52: 0 | S52: 0 | U52: =M52/5 -> 0 | W52: =V52 -> 0 | Z52: =(F52+O52+P52+Q52+R52+S52+T52+W52)/U52 -> #DIV/0! | AA52: =(F52+O52+P52+Q52+R52+S52+T52)/U52 -> #DIV/0! | AB52: 0 | AC52: 0 | AD52: 0 | AE52: 0 | AF52: 0 | AG52: 0 | AH52: 0 | AI52: 0 | AJ52: нет потребности | AK52: =ROUND(G52*W52,0) -> 0
A53: 329 Сардельки Сочинки с сыром Стародворье ТМ, 0,4 кг. ПОКОМ | B53: шт | C53: 83 | D53: 3 | E53: 19 | F53: 56 | G53: 0.4 | H53: 40 | I53: НЕДОГРУЗ / матрица | K53: 26 | L53: =E53-K53 -> -7 | M53: =E53-N53 -> 19 | O53: 0 | Q53: 16.9 | S53: 0 | U53: =M53/5 -> 3.8 | W53: =V53 -> 0 | Z53: =(F53+O53+P53+Q53+R53+S53+T53+W53)/U53 -> 19.184211 | AA53: =(F53+O53+P53+Q53+R53+S53+T53)/U53 -> 19.184211 | AB53: 3.8 | AC53: 8 | AD53: 7.4 | AE53: 5.4 | AF53: 6 | AG53: 5.2 | AH53: 6.6 | AI53: 2.6 | AJ53: нужно увеличить продажи | AK53: =ROUND(G53*W53,0) -> 0
A54: 330 Колбаса вареная Филейская ТМ Вязанка ТС Классическая ВЕС ПОКОМ | B54: кг | C54: 407.563 | D54: 1799.59 | E54: 821.343 | F54: 698.613 | G54: 1 | H54: 50 | I54: матрица | K54: 889.516 | L54: =E54-K54 -> -68.173 | M54: =E54-N54 -> 821.343 | O54: 232.55819 | Q54: 932.26675 | S54: 337.4 | T54: 362.6 | U54: =M54/5 -> 164.2686 | W54: 200 | X54: 400 | Y54: =VLOOKUP(A54,[1]Лист1!$A:$B,2,0) -> до 400 кг (акция октябрь) | Z54: =(F54+O54+P54+Q54+R54+S54+T54+W54)/U54 -> 16.822679 | AA54: =(F54+O54+P54+Q54+R54+S54+T54)/U54 -> 15.605161 | AB54: 206.443 | AC54: 204.5192 | AD54: 173.8864 | AE54: 123.2016 | AF54: 136.3632 | AG54: 140.7388 | AH54: 154.6072 | AI54: 64.6282 | AK54: =ROUND(G54*W54,0) -> 200
A55: 334 Паштет Любительский ТМ Стародворье ламистер 0,1 кг ПОКОМ | B55: шт | C55: 704 | D55: 5 | E55: =113+E129 -> 164 | F55: =456+F129 -> 582 | G55: 0.1 | H55: 731 | I55: матрица | K55: 131 | L55: =E55-K55 -> 33 | M55: =E55-N55 -> 164 | Q55: 0 | S55: 0 | U55: =M55/5 -> 32.8 | W55: =V55 -> 0 | Z55: =(F55+O55+P55+Q55+R55+S55+T55+W55)/U55 -> 17.743902 | AA55: =(F55+O55+P55+Q55+R55+S55+T55)/U55 -> 17.743902 | AB55: 39.4 | AC55: 46.6 | AD55: 63 | AE55: 65.4 | AF55: 33.4 | AG55: 37 | AH55: 62.6 | AI55: 35.2 | AK55: =ROUND(G55*W55,0) -> 0
A56: 335 Колбаса Сливушка ТМ Вязанка. ВЕС. ПОКОМ | B56: кг | C56: 49.231 | D56: 1619.682 | E56: 811.025 | F56: 374.659 | G56: 1 | H56: 50 | I56: матрица | K56: 811.09 | L56: =E56-K56 -> -0.065 | M56: =E56-N56 -> 422.085 | N56: 388.94 | O56: 60 | Q56: 0 | S56: 120.5 | T56: 129.5 | U56: =M56/5 -> 84.417 | V56: =12*U56-T56-S56-R56-Q56-P56-O56-F56 -> 328.345 | W56: 500 | X56: 600 | Y56: до 600 кг (акция октябрь) | Z56: =(F56+O56+P56+Q56+R56+S56+T56+W56)/U56 -> 14.033417 | AA56: =(F56+O56+P56+Q56+R56+S56+T56)/U56 -> 8.1104398 | AB56: 102.416 | AC56: 87.879 | AD56: 99.555 | AE56: 115.2872 | AF56: 98.0246 | AG56: 102.1282 | AH56: 92.1346 | AI56: 28.6614 | AK56: =ROUND(G56*W56,0) -> 500
A57: 336 Ветчина Сливушка с индейкой ТМ Вязанка. ВЕС ПОКОМ | B57: кг | C57: 118.138 | D57: 151.015 | E57: 21.966 | F57: 243.068 | G57: 1 | H57: 55 | I57: матрица | K57: 21.2 | L57: =E57-K57 -> 0.766 | M57: =E57-N57 -> 21.966 | Q57: 0 | S57: 0 | U57: =M57/5 -> 4.3932 | W57: =V57 -> 0 | Z57: =(F57+O57+P57+Q57+R57+S57+T57+W57)/U57 -> 55.328235 | AA57: =(F57+O57+P57+Q57+R57+S57+T57)/U57 -> 55.328235 | AB57: 3.2082 | AC57: 1.5432 | AD57: 4.0904 | AE57: 20.759 | AF57: 17.7484 | AG57: 2.9816 | AH57: 5.404 | AI57: 9.448 | AJ57: нужно увеличить продажи!!! | AK57: =ROUND(G57*W57,0) -> 0
A58: 338 Паштет печеночный с морковью ТМ Стародворье ламистер 0,1 кг. ПОКОМ | B58: шт | C58: 634 | D58: 3 | E58: 110 | F58: 490 | G58: 0.1 | H58: 731 | I58: матрица | K58: 124 | L58: =E58-K58 -> -14 | M58: =E58-N58 -> 110 | Q58: 0 | S58: 0 | U58: =M58/5 -> 22 | W58: =V58 -> 0 | Z58: =(F58+O58+P58+Q58+R58+S58+T58+W58)/U58 -> 22.272727 | AA58: =(F58+O58+P58+Q58+R58+S58+T58)/U58 -> 22.272727 | AB58: 24.8 | AC58: 27.2 | AD58: 35 | AE58: 40.2 | AF58: 25.8 | AG58: 29 | AH58: 47 | AI58: 28.2 | AJ58: нужно увеличить продажи | AK58: =ROUND(G58*W58,0) -> 0
A59: 339 Колбаса вареная Филейская ТМ Вязанка ТС Классическая, 0,40 кг. ПОКОМ | B59: шт | G59: 0.4 | H59: 50 | I59: матрица | L59: =E59-K59 -> 0 | M59: =E59-N59 -> 0 | O59: 10 | S59: 10 | U59: =M59/5 -> 0 | W59: =V59 -> 0 | Z59: =(F59+O59+P59+Q59+R59+S59+T59+W59)/U59 -> #DIV/0! | AA59: =(F59+O59+P59+Q59+R59+S59+T59)/U59 -> #DIV/0! | AB59: 0 | AC59: 0.8 | AD59: 1.4 | AE59: 1 | AF59: 0.6 | AG59: 0.2 | AH59: 0.2 | AI59: 0.2 | AJ59: 15шт списано (19,09,26) | AK59: =ROUND(G59*W59,0) -> 0
A60: 340 Сосиски Сочинки Молочные ТМ Стародворье, ВЕС ПОКОМ | B60: кг | C60: 407.489 | D60: 187.606 | E60: 356.934 | F60: -24.195 | G60: 1 | H60: 40 | I60: НЕДОГРУЗ / матрица | K60: 398.966 | L60: =E60-K60 -> -42.032 | M60: =E60-N60 -> 257.368 | N60: 99.566 | O60: 65 | Q60: 650.78442 | S60: 144.6 | T60: 155.4 | U60: =M60/5 -> 51.4736 | W60: 100 | X60: 200 | Y60: =VLOOKUP(A60,[1]Лист1!$A:$B,2,0) -> до 200 кг | Z60: =(F60+O60+P60+Q60+R60+S60+T60+W60)/U60 -> 21.206782 | AA60: =(F60+O60+P60+Q60+R60+S60+T60)/U60 -> 19.264039 | AB60: 55.8718 | AC60: 77.2812 | AD60: 50.8704 | AE60: 19.0906 | AF60: 23.8036 | AG60: 71.3028 | AH60: 74.1026 | AI60: 40.984 | AJ60: ПРОМО сентябрь | AK60: =ROUND(G60*W60,0) -> 100
A61: 341 Сосиски Сочинки Сливочные ТМ Стародворье ВЕС ПОКОМ | B61: кг | C61: 15.822 | D61: 276.409 | E61: 167.161 | F61: 31.936 | G61: 1 | H61: 40 | I61: НЕДОГРУЗ / матрица | K61: 193.259 | L61: =E61-K61 -> -26.098 | M61: =E61-N61 -> 94.202 | N61: 72.959 | O61: 260 | Q61: 0 | S61: 72.3 | T61: 77.7 | U61: =M61/5 -> 18.8404 | W61: 50 | X61: 150 | Y61: =VLOOKUP(A61,[1]Лист1!$A:$B,2,0) -> до 150 кг | Z61: =(F61+O61+P61+Q61+R61+S61+T61+W61)/U61 -> 26.110698 | AA61: =(F61+O61+P61+Q61+R61+S61+T61)/U61 -> 23.456827 | AB61: 20.7952 | AC61: 1.9228 | AD61: 32.8458 | AE61: 64.9126 | AF61: 19.1128 | AG61: 32.8048 | AH61: 35.228 | AI61: 10.414 | AJ61: ПРОМО сентябрь | AK61: =ROUND(G61*W61,0) -> 50
A62: 342 Сосиски Сочинки Молочные ТМ Стародворье 0,4 кг ПОКОМ | B62: шт | C62: 1218 | D62: 10 | E62: 634 | F62: 424 | G62: 0.4 | H62: 40 | I62: НЕДОГРУЗ / матрица | K62: 688 | L62: =E62-K62 -> -54 | M62: =E62-N62 -> 634 | O62: 0 | Q62: 100 | S62: 313.3 | T62: 336.7 | U62: =M62/5 -> 126.8 | V62: =12*U62-T62-S62-R62-Q62-P62-O62-F62 -> 347.6 | W62: 300 | Z62: =(F62+O62+P62+Q62+R62+S62+T62+W62)/U62 -> 11.624606 | AA62: =(F62+O62+P62+Q62+R62+S62+T62)/U62 -> 9.2586751 | AB62: 142.6 | AC62: 143.8 | AD62: 123.8 | AE62: 114.2 | AF62: 94.8 | AG62: 209 | AH62: 283.4 | AI62: 167 | AK62: =ROUND(G62*W62,0) -> 120
A63: 343 Сосиски Сочинки Сливочные ТМ Стародворье 0,4 кг ПОКОМ | B63: шт | C63: 207 | D63: 362 | E63: 303 | F63: 154 | G63: 0.4 | H63: 40 | I63: НЕДОГРУЗ / матрица | K63: 332 | L63: =E63-K63 -> -29 | M63: =E63-N63 -> 303 | O63: 413.4 | Q63: 86.97 | S63: 11.93 | U63: =M63/5 -> 60.6 | V63: =12*U63-T63-S63-R63-Q63-P63-O63-F63 -> 60.9 | W63: 100 | X63: 100 | Y63: =VLOOKUP(A63,[1]Лист1!$A:$B,2,0) -> до 100 шт | Z63: =(F63+O63+P63+Q63+R63+S63+T63+W63)/U63 -> 12.645215 | AA63: =(F63+O63+P63+Q63+R63+S63+T63)/U63 -> 10.99505 | AB63: 77 | AC63: 82 | AD63: 72 | AE63: 53.8 | AF63: 26.4 | AG63: 52.6 | AH63: 97 | AI63: 65.8 | AK63: =ROUND(G63*W63,0) -> 40
A64: 344 Колбаса Сочинка по-европейски с сочной грудинкой ТМ Стародворье, ВЕС ПОКОМ | B64: кг | C64: 140.757 | D64: 278.139 | E64: 278.919 | F64: 44.085 | G64: 1 | H64: 40 | I64: НЕДОГРУЗ / матрица | K64: 272.6 | L64: =E64-K64 -> 6.319 | M64: =E64-N64 -> 278.919 | O64: 0 | Q64: 0 | S64: 44.669 | U64: =M64/5 -> 55.7838 | V64: 300 | W64: =V64 -> 300 | Z64: =(F64+O64+P64+Q64+R64+S64+T64+W64)/U64 -> 6.9689408 | AA64: =(F64+O64+P64+Q64+R64+S64+T64)/U64 -> 1.5910354 | AB64: 23.894 | AC64: 12.9074 | AD64: 12.6274 | AE64: 29.1814 | AF64: 13.0938 | AG64: 1.0998 | AH64: 6.0128 | AI64: 19.4216 | AK64: =ROUND(G64*W64,0) -> 300
A65: 345 Колбаса Сочинка по-фински с сочным окроком ТМ Стародворье ВЕС ПОКОМ | B65: кг | C65: 36.997 | E65: 36.415 | F65: -3.038 | G65: 1 | H65: 40 | I65: НЕДОГРУЗ / матрица | K65: 47.7 | L65: =E65-K65 -> -11.285 | M65: =E65-N65 -> 36.415 | O65: 52 | Q65: 54.76874 | S65: 86.76 | T65: 93.24 | U65: =M65/5 -> 7.283 | W65: 30 | X65: 50 | Y65: =VLOOKUP(A65,[1]Лист1!$A:$B,2,0) -> до 50 кг | Z65: =(F65+O65+P65+Q65+R65+S65+T65+W65)/U65 -> 43.07713 | AA65: =(F65+O65+P65+Q65+R65+S65+T65)/U65 -> 38.957949 | AB65: 9.6466 | AC65: 9.2434 | AD65: 12.1216 | AE65: 9.061 | AF65: 10.6732 | AG65: 19.8272 | AH65: 18.5786 | AI65: 13.1068 | AK65: =ROUND(G65*W65,0) -> 30
A66: 346 Колбаса Сочинка зернистая с сочной грудинкой ТМ Стародворье.ВЕС ПОКОМ | B66: кг | C66: 0.85 | D66: 202.532 | E66: -2.718 | F66: 82.873 | G66: 1 | H66: 40 | I66: НЕДОГРУЗ / матрица | K66: 125.7 | L66: =E66-K66 -> -128.418 | M66: =E66-N66 -> -2.718 | O66: 390 | Q66: 23.3402 | S66: 120.5 | T66: 129.5 | U66: =M66/5 -> -0.5436 | W66: 100 | X66: 200 | Y66: =VLOOKUP(A66,[1]Лист1!$A:$B,2,0) -> 200 кг | Z66: =(F66+O66+P66+Q66+R66+S66+T66+W66)/U66 -> -1556.6836 | AA66: =(F66+O66+P66+Q66+R66+S66+T66)/U66 -> -1372.7248 | AB66: -0.5408 | AC66: 50.167 | AD66: 200.3848 | AE66: 150.6652 | AF66: 10.826 | AG66: 108.8162 | AH66: 142.378 | AI66: 60.96 | AJ66: ПРОМО сентябрь | AK66: =ROUND(G66*W66,0) -> 100
A67: 347 Колбаса Сочинка рубленая с сочным окороком ТМ Стародворье ВЕС ПОКОМ | B67: кг | C67: 0.206 | E67: 0.72 | F67: -0.514 | G67: 1 | H67: 40 | I67: НЕДОГРУЗ / матрица | K67: 17.1 | L67: =E67-K67 -> -16.38 | M67: =E67-N67 -> 0.72 | O67: 39 | Q67: 26 | S67: 100 | U67: =M67/5 -> 0.144 | W67: 50 | X67: 100 | Y67: =VLOOKUP(A67,[1]Лист1!$A:$B,2,0) -> до 100 кг | Z67: =(F67+O67+P67+Q67+R67+S67+T67+W67)/U67 -> 1489.4861 | AA67: =(F67+O67+P67+Q67+R67+S67+T67)/U67 -> 1142.2639 | AB67: 0.1436 | AC67: 0.5072 | AD67: 0.3636 | AE67: 3.6232 | AF67: 4.3748 | AG67: 13.0904 | AH67: 12.8554 | AI67: 3.5982 | AK67: =ROUND(G67*W67,0) -> 50
A68: 355 Колбаса Сервелат запеченный ТМ Стародворье ТС Дугушка. 0,6 кг. ПОКОМ | B68: шт | G68: 0.6 | I68: матрица | L68: =E68-K68 -> 0 | M68: =E68-N68 -> 0 | Q68: 0 | S68: 0 | U68: =M68/5 -> 0 | W68: 150 | X68: 150 | Y68: =VLOOKUP(A68,[1]Лист1!$A:$B,2,0) -> до 150 шт (заказ сети) | Z68: =(F68+O68+P68+Q68+R68+S68+T68+W68)/U68 -> #DIV/0! | AA68: =(F68+O68+P68+Q68+R68+S68+T68)/U68 -> #DIV/0! | AB68: 0 | AC68: 0 | AD68: 0 | AE68: 0 | AF68: 0 | AG68: 0 | AH68: 0 | AI68: 0 | AJ68: заказываем с 02,10,26 | AK68: =ROUND(G68*W68,0) -> 90
A69: 364 Сардельки Филейские Вязанка ВЕС NDX ТМ Вязанка ПОКОМ | B69: кг | C69: 163.726 | D69: 212.552 | E69: 158.486 | F69: 122.943 | G69: 1 | H69: 30 | I69: НЕДОГРУЗ / матрица | K69: 248.1 | L69: =E69-K69 -> -89.614 | M69: =E69-N69 -> 158.486 | O69: 65 | Q69: 0 | S69: 60 | U69: =M69/5 -> 31.6972 | V69: =12*U69-T69-S69-R69-Q69-P69-O69-F69 -> 132.4234 | W69: 100 | Z69: =(F69+O69+P69+Q69+R69+S69+T69+W69)/U69 -> 10.977089 | AA69: =(F69+O69+P69+Q69+R69+S69+T69)/U69 -> 7.8222367 | AB69: 28.5306 | AC69: 24.4192 | AD69: 29.7016 | AE69: 39.894 | AF69: 36.8568 | AG69: 31.7198 | AH69: 39.7896 | AI69: 33.5028 | AK69: =ROUND(G69*W69,0) -> 100
A70: 376 Колбаса Докторская Дугушка 0,6кг ГОСТ ТМ Стародворье ПОКОМ | B70: шт | C70: 1579 | D70: 40 | E70: 559 | F70: 796 | G70: 0.6 | H70: 60 | I70: матрица | K70: 593 | L70: =E70-K70 -> -34 | M70: =E70-N70 -> 559 | Q70: 200 | S70: 578.4 | T70: 621.6 | U70: =M70/5 -> 111.8 | W70: =V70 -> 0 | Z70: =(F70+O70+P70+Q70+R70+S70+T70+W70)/U70 -> 19.642218 | AA70: =(F70+O70+P70+Q70+R70+S70+T70)/U70 -> 19.642218 | AB70: 251.4 | AC70: 226 | AD70: 175.8 | AE70: 177.8 | AF70: 262.6 | AG70: 297.6 | AH70: 160.4 | AI70: 152 | AJ70: нужно увеличить продажи | AK70: =ROUND(G70*W70,0) -> 0
A71: 377 Колбаса Молочная Дугушка 0,6кг ТМ Стародворье ПОКОМ | B71: шт | C71: 668 | D71: 608 | E71: 659 | F71: 387 | G71: 0.6 | H71: 60 | I71: матрица | K71: 686 | L71: =E71-K71 -> -27 | M71: =E71-N71 -> 659 | Q71: 545.104 | S71: 0 | U71: =M71/5 -> 131.8 | V71: =12*U71-T71-S71-R71-Q71-P71-O71-F71 -> 649.496 | W71: 600 | Z71: =(F71+O71+P71+Q71+R71+S71+T71+W71)/U71 -> 11.624461 | AA71: =(F71+O71+P71+Q71+R71+S71+T71)/U71 -> 7.0721093 | AB71: 113.8 | AC71: 119.2 | AD71: 152.4 | AE71: 131.8 | AF71: 116.8 | AG71: 156.8 | AH71: 202.8 | AI71: 171.6 | AK71: =ROUND(G71*W71,0) -> 360
A72: 387 Колбаса вареная Мусульманская Халяль ТМ Вязанка, 0,4 кг ПОКОМ | B72: шт | D72: 144 | E72: 24 | F72: 103 | G72: 0.4 | I72: матрица | K72: 27 | L72: =E72-K72 -> -3 | M72: =E72-N72 -> 24 | O72: 24 | Q72: 0 | S72: 0 | U72: =M72/5 -> 4.8 | W72: =V72 -> 0 | Z72: =(F72+O72+P72+Q72+R72+S72+T72+W72)/U72 -> 26.458333 | AA72: =(F72+O72+P72+Q72+R72+S72+T72)/U72 -> 26.458333 | AB72: 3.2 | AC72: 9.4 | AD72: 10 | AE72: 6.6 | AF72: 5 | AG72: 4 | AH72: 7.6 | AI72: 6.6 | AJ72: нужно увеличить продажи | AK72: =ROUND(G72*W72,0) -> 0
A73: 388 Сосиски Восточные Халяль ТМ Вязанка 0,33 кг АК. ПОКОМ | B73: шт | G73: 0 | I73: матрица | L73: =E73-K73 -> 0 | M73: =E73-N73 -> 0 | Q73: 0 | S73: 0 | U73: =M73/5 -> 0 | W73: =V73 -> 0 | Z73: =(F73+O73+P73+Q73+R73+S73+T73+W73)/U73 -> #DIV/0! | AA73: =(F73+O73+P73+Q73+R73+S73+T73)/U73 -> #DIV/0! | AB73: 0 | AC73: 0 | AD73: 0 | AE73: 0 | AF73: 0 | AG73: 0 | AH73: 0 | AI73: 0 | AJ73: нет потребности | AK73: =ROUND(G73*W73,0) -> 0
A74: 394 Колбаса полукопченая Аль-Ислами халяль ТМ Вязанка оболочка фиброуз в в/у 0,35 кг ПОКОМ | B74: шт | C74: 30 | E74: 30 | G74: 0.35 | H74: 90 | I74: НЕДОГРУЗ / матрица | K74: 43 | L74: =E74-K74 -> -13 | M74: =E74-N74 -> 30 | O74: 39 | Q74: 0 | S74: 30 | U74: =M74/5 -> 6 | V74: 8 | W74: =V74 -> 8 | Z74: =(F74+O74+P74+Q74+R74+S74+T74+W74)/U74 -> 12.833333 | AA74: =(F74+O74+P74+Q74+R74+S74+T74)/U74 -> 11.5 | AB74: 5.8 | AC74: 2 | AD74: 0 | AE74: 4.6 | AF74: 8.6 | AG74: 6.4 | AH74: 3.4 | AI74: 2 | AK74: =ROUND(G74*W74,0) -> 3
A75: 395 Колбаса Докторская ГОСТ ТМ Вязанка в оболочке полиамид 0,37 кг. ПОКОМ | B75: шт | C75: 153 | D75: 46 | E75: 117 | F75: 65 | G75: 0.37 | H75: 50 | I75: матрица | K75: 127 | L75: =E75-K75 -> -10 | M75: =E75-N75 -> 117 | O75: 23.2 | Q75: 140.976 | S75: 0 | U75: =M75/5 -> 23.4 | V75: =12*U75-T75-S75-R75-Q75-P75-O75-F75 -> 51.624 | W75: =V75 -> 51.624 | Z75: =(F75+O75+P75+Q75+R75+S75+T75+W75)/U75 -> 12 | AA75: =(F75+O75+P75+Q75+R75+S75+T75)/U75 -> 9.7938462 | AB75: 25.4 | AC75: 24.8 | AD75: 24.6 | AE75: 23.2 | AF75: 23.8 | AG75: 28.6 | AH75: 31.4 | AI75: 34.2 | AK75: =ROUND(G75*W75,0) -> 19
A76: 397 Ветчина Дугушка ТМ Стародворье ТС Дугушка в полиамидной оболочке 0,6 кг. ПОКОМ | B76: шт | C76: -6 | D76: 505 | E76: 494 | F76: -20 | G76: 0.6 | H76: 70 | I76: ВНИМАНИЕ / матрица | K76: 1318 | L76: =E76-K76 -> -824 | M76: =E76-N76 -> 494 | O76: 50 | Q76: 405.648 | S76: 578.4 | T76: 621.6 | U76: =M76/5 -> 98.8 | W76: =V76 -> 0 | Z76: =(F76+O76+P76+Q76+R76+S76+T76+W76)/U76 -> 16.555142 | AA76: =(F76+O76+P76+Q76+R76+S76+T76)/U76 -> 16.555142 | AB76: 59.8 | AC76: 70.4 | AD76: 59.2 | AE76: 51.8 | AF76: 45.2 | AG76: 52 | AH76: 67.8 | AI76: 63.6 | AJ76: 1200шт заказано под ЮТ (30,09,26) | AK76: =ROUND(G76*W76,0) -> 0
A77: 405 Сардельки Сливушки ТМ Вязанка в оболочке айпил 0,33 кг. ПОКОМ | B77: шт | C77: 96 | D77: 774 | E77: 353 | F77: 315 | G77: 0.33 | H77: 40 | I77: матрица | K77: 435 | L77: =E77-K77 -> -82 | M77: =E77-N77 -> 353 | O77: 30 | Q77: 347.77 | S77: 0 | U77: =M77/5 -> 70.6 | V77: =12*U77-T77-S77-R77-Q77-P77-O77-F77 -> 154.43 | W77: =V77 -> 154.43 | Z77: =(F77+O77+P77+Q77+R77+S77+T77+W77)/U77 -> 12 | AA77: =(F77+O77+P77+Q77+R77+S77+T77)/U77 -> 9.8126062 | AB77: 78.2 | AC77: 81 | AD77: 76.2 | AE77: 80.4 | AF77: 78.6 | AG77: 60.2 | AH77: 23.2 | AI77: 35.4 | AK77: =ROUND(G77*W77,0) -> 51
A78: 408 Ветчина Сливушка с индейкой ТМ Вязанка, 0,4кг ПОКОМ | B78: шт | C78: 1 | D78: 139 | E78: 3 | F78: 115 | G78: 0.4 | H78: 55 | I78: матрица | K78: 13 | L78: =E78-K78 -> -10 | M78: =E78-N78 -> 3 | O78: 30 | Q78: 0 | S78: 0 | U78: =M78/5 -> 0.6 | W78: =V78 -> 0 | Z78: =(F78+O78+P78+Q78+R78+S78+T78+W78)/U78 -> 241.66667 | AA78: =(F78+O78+P78+Q78+R78+S78+T78)/U78 -> 241.66667 | AB78: 5.2 | AC78: 10.2 | AD78: 10.4 | AE78: 7.6 | AF78: 7.6 | AG78: 10.2 | AH78: 12.6 | AI78: 9.4 | AJ78: нужно увеличить продажи | AK78: =ROUND(G78*W78,0) -> 0
A79: 410 Сосиски Баварские с сыром ТМ Стародворье 0,35 кг. ПОКОМ | B79: шт | D79: 108 | E79: 73 | F79: 10 | G79: 0.35 | H79: 40 | I79: НЕДОГРУЗ / матрица | K79: 86 | L79: =E79-K79 -> -13 | M79: =E79-N79 -> 73 | O79: 65 | Q79: 0 | S79: 100 | U79: =M79/5 -> 14.6 | V79: 30 | W79: 50 | X79: 50 | Y79: =VLOOKUP(A79,[1]Лист1!$A:$B,2,0) -> 50 шт | Z79: =(F79+O79+P79+Q79+R79+S79+T79+W79)/U79 -> 15.410959 | AA79: =(F79+O79+P79+Q79+R79+S79+T79)/U79 -> 11.986301 | AB79: 8.6 | AC79: 7.2 | AD79: 15.8 | AE79: 8.4 | AF79: -0.6 | AG79: -1.2 | AH79: -0.4 | AI79: 14 | AK79: =ROUND(G79*W79,0) -> 18
A80: 412 Сосиски Баварские ТМ Стародворье 0,35 кг ПОКОМ | B80: шт | C80: 58 | D80: 340 | E80: 128 | F80: 135 | G80: 0.35 | H80: 45 | I80: НЕДОГРУЗ / матрица | K80: 225 | L80: =E80-K80 -> -97 | M80: =E80-N80 -> 98 | N80: 30 | O80: 455 | Q80: 0 | S80: 0 | U80: =M80/5 -> 19.6 | W80: =V80 -> 0 | Z80: =(F80+O80+P80+Q80+R80+S80+T80+W80)/U80 -> 30.102041 | AA80: =(F80+O80+P80+Q80+R80+S80+T80)/U80 -> 30.102041 | AB80: 33.8 | AC80: 60 | AD80: 60.2 | AE80: 18.6 | AF80: 1.2 | AG80: 24.8 | AH80: 57.2 | AI80: 41.6 | AK80: =ROUND(G80*W80,0) -> 0
A81: 430 Колбаса Стародворская с окороком 0,4 кг. ТМ Стародворье в оболочке полиамид ПОКОМ | B81: шт | C81: 60 | E81: 32 | F81: 21 | G81: 0.4 | H81: 55 | I81: матрица | K81: 35 | L81: =E81-K81 -> -3 | M81: =E81-N81 -> 32 | Q81: 0 | S81: 33 | U81: =M81/5 -> 6.4 | V81: =12*U81-T81-S81-R81-Q81-P81-O81-F81 -> 22.8 | W81: =V81 -> 22.8 | Z81: =(F81+O81+P81+Q81+R81+S81+T81+W81)/U81 -> 12 | AA81: =(F81+O81+P81+Q81+R81+S81+T81)/U81 -> 8.4375 | AB81: 6.2 | AC81: 2 | AD81: 2 | AE81: 2 | AF81: 6.2 | AG81: 4.4 | AH81: 0.2 | AI81: 4.2 | AK81: =ROUND(G81*W81,0) -> 9
A82: 433 Колбаса Стародворская со шпиком в оболочке полиамид. ТМ Стародворье ВЕС ПОКОМ | B82: кг | C82: 2.56 | E82: 1.334 | F82: -22.032 | G82: 1 | H82: 55 | I82: матрица | K82: 1.5 | L82: =E82-K82 -> -0.166 | M82: =E82-N82 -> 1.334 | O82: 5.6174 | Q82: 4 | S82: 4 | U82: =M82/5 -> 0.2668 | W82: =V82 -> 0 | Z82: =(F82+O82+P82+Q82+R82+S82+T82+W82)/U82 -> -31.538981 | AA82: =(F82+O82+P82+Q82+R82+S82+T82)/U82 -> -31.538981 | AB82: 0.2668 | AC82: 0.7434 | AD82: 0.7434 | AE82: 0.267 | AF82: 0.267 | AG82: 0.291 | AH82: 0.591 | AI82: 0.3 | AJ82: 14 кг списано (19,09,26) | AK82: =ROUND(G82*W82,0) -> 0
A83: 436 Колбаса Молочная стародворская с молоком, ВЕС, ТМ Стародворье ПОКОМ | B83: кг | G83: 0 | I83: матрица | L83: =E83-K83 -> 0 | M83: =E83-N83 -> 0 | Q83: 0 | S83: 0 | U83: =M83/5 -> 0 | W83: =V83 -> 0 | Z83: =(F83+O83+P83+Q83+R83+S83+T83+W83)/U83 -> #DIV/0! | AA83: =(F83+O83+P83+Q83+R83+S83+T83)/U83 -> #DIV/0! | AB83: 0 | AC83: 0 | AD83: 0 | AE83: 0 | AF83: 0 | AG83: 0 | AH83: 0 | AI83: 0 | AJ83: нет потребности | AK83: =ROUND(G83*W83,0) -> 0
A84: 449 Колбаса Дугушка Стародворская ВЕС ТС Дугушка ПОКОМ | B84: кг | C84: 2940.299 | D84: 4556.742 | E84: 3087.496 | F84: 2361.357 | G84: 1 | H84: 60 | I84: матрица | K84: 3210.464 | L84: =E84-K84 -> -122.968 | M84: =E84-N84 -> 2204.282 | N84: 883.214 | O84: 240 | Q84: 687.77931 | S84: 819.4 | T84: 880.6 | U84: =M84/5 -> 440.8564 | V84: =12*U84-T84-S84-R84-Q84-P84-O84-F84 -> 301.14049 | W84: 600 | X84: 900 | Y84: =VLOOKUP(A84,[1]Лист1!$A:$B,2,0) -> до 900 кг | Z84: =(F84+O84+P84+Q84+R84+S84+T84+W84)/U84 -> 12.677907 | AA84: =(F84+O84+P84+Q84+R84+S84+T84)/U84 -> 11.316919 | AB84: 511.7536 | AC84: 483.4838 | AD84: 522.9562 | AE84: 517.023 | AF84: 538.735 | AG84: 591.0634 | AH84: 673.6312 | AI84: 428.864 | AJ84: ПРОМО сентябрь | AK84: =ROUND(G84*W84,0) -> 600
A85: 451 Сосиски Филейские ТМ Вязанка в оболочке целлофан 0,3 кг. ПОКОМ | B85: шт | C85: 588 | D85: 28 | E85: 36 | F85: 459 | G85: 0.3 | H85: 40 | I85: матрица | K85: 260 | L85: =E85-K85 -> -224 | M85: =E85-N85 -> 36 | Q85: 0 | S85: 0 | U85: =M85/5 -> 7.2 | W85: =V85 -> 0 | Z85: =(F85+O85+P85+Q85+R85+S85+T85+W85)/U85 -> 63.75 | AA85: =(F85+O85+P85+Q85+R85+S85+T85)/U85 -> 63.75 | AB85: 16.4 | AC85: 26.8 | AD85: 38.8 | AE85: 47.6 | AF85: 64.8 | AG85: 54.6 | AH85: 43.4 | AI85: 52.8 | AJ85: нужно увеличить продажи!!! | AK85: =ROUND(G85*W85,0) -> 0
A86: 452 Колбаса Со шпиком ВЕС большой батон ТМ Особый рецепт ПОКОМ | B86: кг | C86: 1081.205 | D86: 3502.239 | E86: 1960.158 | F86: 1482.152 | G86: 1 | H86: 60 | I86: матрица | K86: 2035.099 | L86: =E86-K86 -> -74.941 | M86: =E86-N86 -> 1194.659 | N86: 765.499 | O86: 200 | P86: 210 | Q86: 0 | S86: 361.5 | T86: 388.5 | U86: =M86/5 -> 238.9318 | V86: =12*U86-T86-S86-R86-Q86-P86-O86-F86 -> 225.0296 | Z86: =(F86+O86+P86+Q86+R86+S86+T86+W86)/U86 -> 11.058185 | AA86: =(F86+O86+P86+Q86+R86+S86+T86)/U86 -> 11.058185 | AB86: 332.304 | AC86: 267.472 | AD86: 289.9846 | AE86: 263.7302 | AF86: 277.4752 | AG86: 257.9512 | AH86: 283.8922 | AI86: 197.213 | AK86: =ROUND(G86*W86,0) -> 0
A87: 456 Колбаса Филейная ТМ Особый рецепт ВЕС большой батон ПОКОМ | B87: кг | C87: 1285.493 | D87: 7163.856 | E87: 4151.518 | F87: 1711.114 | G87: 1 | H87: 60 | I87: матрица | K87: 4264.893 | L87: =E87-K87 -> -113.375 | M87: =E87-N87 -> 2180.225 | N87: 1971.293 | O87: 420 | P87: 300 | Q87: 664.68948 | S87: 939.9 | T87: 1010.1 | U87: =M87/5 -> 436.045 | V87: =12*U87-T87-S87-R87-Q87-P87-O87-F87 -> 186.73652 | W87: 400 | X87: 1000 | Y87: =VLOOKUP(A87,[1]Лист1!$A:$B,2,0) -> до 1000 кг | Z87: =(F87+O87+P87+Q87+R87+S87+T87+W87)/U87 -> 12.489086 | AA87: =(F87+O87+P87+Q87+R87+S87+T87)/U87 -> 11.571749 | AB87: 563.0238 | AC87: 485.1748 | AD87: 500.6804 | AE87: 462.618 | AF87: 495.6922 | AG87: 523.894 | AH87: 507.1012 | AI87: 403.7422 | AK87: =ROUND(G87*W87,0) -> 400
A88: 457 Колбаса Молочная ТМ Особый рецепт ВЕС большой батон ПОКОМ | B88: кг | C88: 1204.998 | D88: 8608.753 | E88: 4289.593 | F88: 2452.768 | G88: 1 | H88: 60 | I88: матрица | K88: 4343.354 | L88: =E88-K88 -> -53.761 | M88: =E88-N88 -> 2286.939 | N88: 2002.654 | O88: 440 | P88: 300 | Q88: 745.97377 | S88: 939.9 | T88: 1010.1 | U88: =M88/5 -> 457.3878 | W88: =V88 -> 0 | X88: 500 | Y88: =VLOOKUP(A88,[1]Лист1!$A:$B,2,0) -> 500 кг | Z88: =(F88+O88+P88+Q88+R88+S88+T88+W88)/U88 -> 12.874724 | AA88: =(F88+O88+P88+Q88+R88+S88+T88)/U88 -> 12.874724 | AB88: 640.3746 | AC88: 544.5064 | AD88: 570.493 | AE88: 578.1374 | AF88: 589.3164 | AG88: 576.8204 | AH88: 637.0952 | AI88: 500.9324 | AK88: =ROUND(G88*W88,0) -> 0
A89: 460 Колбаса Стародворская Традиционная ВЕС ТМ Стародворье в оболочке полиамид. ПОКОМ | B89: кг | C89: 38.997 | D89: 13.459 | E89: 14.658 | F89: 31.109 | G89: 1 | H89: 55 | I89: матрица | K89: 14.8 | L89: =E89-K89 -> -0.142 | M89: =E89-N89 -> 14.658 | S89: 0 | U89: =M89/5 -> 2.9316 | V89: =12*U89-T89-S89-R89-Q89-P89-O89-F89 -> 4.0702 | W89: =V89 -> 4.0702 | Z89: =(F89+O89+P89+Q89+R89+S89+T89+W89)/U89 -> 12 | AA89: =(F89+O89+P89+Q89+R89+S89+T89)/U89 -> 10.611611 | AB89: 2.9372 | AC89: 3.2064 | AD89: 3.226 | AE89: 3.7902 | AF89: 4.0486 | AG89: 4.0282 | AH89: 3.492 | AI89: 1.6096 | AK89: =ROUND(G89*W89,0) -> 4
A90: 498 Колбаса Сочинка рубленая с сочным окороком 0,3кг ТМ Стародворье ПОКОМ | B90: шт | E90: -2 | G90: 0.3 | H90: 40 | I90: НЕДОГРУЗ / матрица | K90: 92 | L90: =E90-K90 -> -94 | M90: =E90-N90 -> -2 | O90: 104 | Q90: 104 | S90: 30 | U90: =M90/5 -> -0.4 | W90: =V90 -> 0 | Z90: =(F90+O90+P90+Q90+R90+S90+T90+W90)/U90 -> -595 | AA90: =(F90+O90+P90+Q90+R90+S90+T90)/U90 -> -595 | AB90: -0.4 | AC90: 0 | AD90: 0 | AE90: 0 | AF90: -0.4 | AG90: -0.4 | AH90: 0 | AI90: -0.2 | AK90: =ROUND(G90*W90,0) -> 0
A91: 517 Сосиски С сыром ТМ Ядрена копоть 0,3кг ПОКОМ | B91: шт | C91: 36 | E91: -3 | F91: 22 | G91: 0.3 | H91: 40 | I91: матрица | K91: 15 | L91: =E91-K91 -> -18 | M91: =E91-N91 -> -3 | O91: 10.6 | Q91: 60.36 | S91: 0 | U91: =M91/5 -> -0.6 | W91: =V91 -> 0 | Z91: =(F91+O91+P91+Q91+R91+S91+T91+W91)/U91 -> -154.93333 | AA91: =(F91+O91+P91+Q91+R91+S91+T91)/U91 -> -154.93333 | AB91: 3 | AC91: 8 | AD91: 5.6 | AE91: 4.2 | AF91: 6.4 | AG91: 8.8 | AH91: 6 | AI91: 1.6 | AJ91: нужно увеличить продажи!!! | AK91: =ROUND(G91*W91,0) -> 0
A92: 523 Колбаса Сальчичон нарезка 0,07кг ТМ Стародворье ПОКОМ | B92: шт | C92: 18 | D92: 2 | F92: 20 | G92: 0.07 | H92: 90 | I92: НЕДОГРУЗ / матрица | K92: 79 | L92: =E92-K92 -> -79 | M92: =E92-N92 -> 0 | O92: 130 | Q92: 104 | S92: 0 | U92: =M92/5 -> 0 | W92: =V92 -> 0 | Z92: =(F92+O92+P92+Q92+R92+S92+T92+W92)/U92 -> #DIV/0! | AA92: =(F92+O92+P92+Q92+R92+S92+T92)/U92 -> #DIV/0! | AB92: 0.8 | AC92: 8.4 | AD92: 20.4 | AE92: 12.6 | AF92: 0.4 | AG92: 3 | AH92: 4.8 | AI92: 17.4 | AJ92: нужно увеличить продажи!!! | AK92: =ROUND(G92*W92,0) -> 0
A93: 524 Колбаса Сервелат Ореховый нарезка 0,07кг ТМ Стародворье ПОКОМ | B93: шт | C93: 222 | D93: 2 | E93: 96 | F93: 107 | G93: 0.07 | H93: 90 | I93: НЕДОГРУЗ / матрица | K93: 103 | L93: =E93-K93 -> -7 | M93: =E93-N93 -> 96 | O93: 130 | Q93: 39 | S93: 0 | U93: =M93/5 -> 19.2 | W93: 80 | X93: 100 | Y93: =VLOOKUP(A93,[1]Лист1!$A:$B,2,0) -> до 100 шт(спец задача на октябрь) | Z93: =(F93+O93+P93+Q93+R93+S93+T93+W93)/U93 -> 18.541667 | AA93: =(F93+O93+P93+Q93+R93+S93+T93)/U93 -> 14.375 | AB93: 23 | AC93: 19 | AD93: 27.6 | AE93: 35.2 | AF93: 34.2 | AG93: 44.6 | AH93: 28.2 | AI93: 6.6 | AK93: =ROUND(G93*W93,0) -> 6
A94: 525 Колбаса Фуэт нарезка 0,07кг ТМ Стародворье ПОКОМ | B94: шт | C94: 118 | D94: 398 | E94: 76 | F94: 418 | G94: 0.07 | H94: 90 | I94: НЕДОГРУЗ / матрица | K94: 86 | L94: =E94-K94 -> -10 | M94: =E94-N94 -> 76 | O94: 65 | Q94: 0 | S94: 0 | U94: =M94/5 -> 15.2 | W94: =V94 -> 0 | Z94: =(F94+O94+P94+Q94+R94+S94+T94+W94)/U94 -> 31.776316 | AA94: =(F94+O94+P94+Q94+R94+S94+T94)/U94 -> 31.776316 | AB94: 16.6 | AC94: 11 | AD94: 38 | AE94: 42.6 | AF94: 11.4 | AG94: 17.8 | AH94: 18.2 | AI94: 23 | AJ94: нужно увеличить продажи!!! | AK94: =ROUND(G94*W94,0) -> 0
A95: 544 Сосиски Мясные для гриля ТС Ядрена копоть 0,3 кг ПОКОМ | B95: шт | C95: 18 | D95: 8 | E95: 20 | F95: 2 | G95: 0.3 | H95: 40 | I95: матрица | K95: 33 | L95: =E95-K95 -> -13 | M95: =E95-N95 -> 20 | O95: 44 | Q95: 24.516 | S95: 0 | U95: =M95/5 -> 4 | W95: =V95 -> 0 | Z95: =(F95+O95+P95+Q95+R95+S95+T95+W95)/U95 -> 17.629 | AA95: =(F95+O95+P95+Q95+R95+S95+T95)/U95 -> 17.629 | AB95: 5 | AC95: 6.8 | AD95: 6.4 | AE95: 4.2 | AF95: 4 | AG95: 2.4 | AH95: 2.4 | AI95: 6.8 | AK95: =ROUND(G95*W95,0) -> 0
A96: 547 Колбаса Мясная Классическая ТМ Вязанка в оболочке полиамид. ВЕС ПОКОМ | B96: кг | C96: 28.097 | D96: 2 | E96: 17.082 | F96: =11.015+F123 -> 17.005 | G96: 1 | H96: 55 | I96: НЕДОГРУЗ / матрица | K96: 15.9 | L96: =E96-K96 -> 1.182 | M96: =E96-N96 -> 17.082 | O96: 0 | Q96: 16.17382 | S96: 9.30898 | U96: =M96/5 -> 3.4164 | W96: =V96 -> 0 | Z96: =(F96+O96+P96+Q96+R96+S96+T96+W96)/U96 -> 12.436424 | AA96: =(F96+O96+P96+Q96+R96+S96+T96)/U96 -> 12.436424 | AB96: 4.1698 | AC96: 3.3782 | AD96: 2.556 | AE96: 2.0268 | AF96: 3.2402 | AG96: 3.1644 | AH96: 1.3438 | AI96: 1.509 | AK96: =ROUND(G96*W96,0) -> 0
A97: 551 Колбаса Сливушка ТМ Вязанка в модифицированной газовой среде 0,11 кг нарезка ПОКОМ | B97: шт | C97: 402 | D97: 46 | E97: 39 | F97: -1 | G97: 0.11 | H97: 30 | I97: матрица | K97: 88 | L97: =E97-K97 -> -49 | M97: =E97-N97 -> 39 | Q97: 0 | S97: 50 | U97: =M97/5 -> 7.8 | V97: =12*U97-T97-S97-R97-Q97-P97-O97-F97 -> 44.6 | W97: =V97 -> 44.6 | Z97: =(F97+O97+P97+Q97+R97+S97+T97+W97)/U97 -> 12 | AA97: =(F97+O97+P97+Q97+R97+S97+T97)/U97 -> 6.2820513 | AB97: 6.8 | AC97: 7.2 | AD97: 32.6 | AE97: 33 | AF97: 11.2 | AG97: 28.2 | AH97: 51.2 | AI97: 43.4 | AJ97: 403шт списано (29,09,26) | AK97: =ROUND(G97*W97,0) -> 5
A98: 552 Ветчина Сливушка с индейкой ТМ Вязанка в модифицированной газовой среде 0,1 кг нарезка ПОКОМ | B98: шт | G98: 0 | I98: матрица | L98: =E98-K98 -> 0 | M98: =E98-N98 -> 0 | Q98: 0 | S98: 0 | U98: =M98/5 -> 0 | W98: =V98 -> 0 | Z98: =(F98+O98+P98+Q98+R98+S98+T98+W98)/U98 -> #DIV/0! | AA98: =(F98+O98+P98+Q98+R98+S98+T98)/U98 -> #DIV/0! | AB98: 0 | AC98: 0 | AD98: 0 | AE98: 0 | AF98: 0 | AG98: 0 | AH98: 0 | AI98: 0 | AJ98: нет потребности / нет в бланке | AK98: =ROUND(G98*W98,0) -> 0
A99: 553 Ассорти колбас Мясорубская коллекция: Сервелат Делюкс, С балыком 0,08 кг нарезка ПОКОМ | B99: шт | C99: 535 | D99: 105 | E99: 160 | F99: 418 | G99: 0.08 | H99: 45 | I99: матрица | K99: 185 | L99: =E99-K99 -> -25 | M99: =E99-N99 -> 160 | Q99: 0 | S99: 0 | U99: =M99/5 -> 32 | W99: =V99 -> 0 | Z99: =(F99+O99+P99+Q99+R99+S99+T99+W99)/U99 -> 13.0625 | AA99: =(F99+O99+P99+Q99+R99+S99+T99)/U99 -> 13.0625 | AB99: 39.2 | AC99: 39 | AD99: 55 | AE99: 67.2 | AF99: 78.4 | AG99: 93.4 | AH99: 89.4 | AI99: 91.2 | AK99: =ROUND(G99*W99,0) -> 0
A100: 554 Колбаса Сервелат Мясорубский ТМ Стародворье в упаковке скин 0,08 кг нарезка ПОКОМ | B100: шт | C100: 644 | D100: 10 | E100: 80 | F100: 556 | G100: 0.08 | H100: 45 | I100: матрица | K100: 117 | L100: =E100-K100 -> -37 | M100: =E100-N100 -> 80 | Q100: 0 | S100: 0 | U100: =M100/5 -> 16 | W100: =V100 -> 0 | Z100: =(F100+O100+P100+Q100+R100+S100+T100+W100)/U100 -> 34.75 | AA100: =(F100+O100+P100+Q100+R100+S100+T100)/U100 -> 34.75 | AB100: 28 | AC100: 20.6 | AD100: 41 | AE100: 50.6 | AF100: 60.4 | AG100: 86.8 | AH100: 88.8 | AI100: 80 | AJ100: нужно увеличить продажи!!! | AK100: =ROUND(G100*W100,0) -> 0
A101: 555 Колбаса Молокуша ТМ Вязанка в модифицированной газовой среде 0,17 кг нарезка ПОКОМ | B101: шт | C101: 356 | D101: 58 | E101: 19 | F101: 83 | G101: 0.17 | H101: 30 | I101: матрица | K101: 53 | L101: =E101-K101 -> -34 | M101: =E101-N101 -> 19 | Q101: 0 | S101: 0 | U101: =M101/5 -> 3.8 | W101: =V101 -> 0 | Z101: =(F101+O101+P101+Q101+R101+S101+T101+W101)/U101 -> 21.842105 | AA101: =(F101+O101+P101+Q101+R101+S101+T101)/U101 -> 21.842105 | AB101: 6.8 | AC101: 8.2 | AD101: 27.8 | AE101: 35 | AF101: 11.4 | AG101: 28 | AH101: 48.4 | AI101: 49.4 | AJ101: 298шт списано (29,09,26) | AK101: =ROUND(G101*W101,0) -> 0
A102: 556 Колбаса Сервелат Ореховый ТМ Вязанка в оболочке фиброуз в вакуумной упаковке, ВЕС ПОКОМ | B102: кг | C102: -0.879 | D102: 166.497 | E102: -1.534 | F102: -1.059 | G102: 1 | H102: 40 | I102: НЕДОГРУЗ / матрица | K102: 41.3 | L102: =E102-K102 -> -42.834 | M102: =E102-N102 -> -1.534 | O102: 325 | Q102: 303.67038 | S102: 120.5 | T102: 129.5 | U102: =M102/5 -> -0.3068 | W102: 50 | X102: 150 | Y102: =VLOOKUP(A102,[1]Лист1!$A:$B,2,0) -> 150 кг | Z102: =(F102+O102+P102+Q102+R102+S102+T102+W102)/U102 -> -3023.5051 | AA102: =(F102+O102+P102+Q102+R102+S102+T102)/U102 -> -2860.5325 | AB102: 14.639 | AC102: 60.0178 | AD102: 53.8266 | AE102: 11.5198 | AF102: 44.9686 | AG102: 78.888 | AH102: 74.9614 | AI102: 27.7522 | AK102: =ROUND(G102*W102,0) -> 50
...
