Workbook

Sheet Sheet
W1: 0.98
W2: дн | AL2: 17000
A3: Номенклатура | B3: Ед. изм. | C3: Начальный остаток | D3: Приход | E3: Расход | F3: Конечный остаток | G3: крат | H3: сроки | I3: метка | J3: метка2 | K3: заяв | L3: разн | M3: без опта | N3: опт | O3: заказ в пути | P3: заказ в пути | Q3: заказ в пути | R3: заказ в пути | S3: заказ в пути | T3: заказ в пути | U3: ср нов | V3: расчет | W3: итого | X3: заказ | Y3: заказ | Z3: ТК | AA3: кон ост | AB3: факт | AC3: ср | AD3: ср | AE3: ср | AF3: ср | AG3: ср | AH3: ср | AI3: ср | AJ3: ср | AK3: комментарии | AL3: вес | AM3: вес
O4: 18,08, | P4: 18,08,недогр | Q4: 22,08, | R4: 22,08,недогр | S4: 22,08,доз | T4: 23,08, | U4: 20,08, | X4: 25,08, | Y4: 24,08, | Z4: Хмель | AC4: 18,08, | AD4: 13,08, | AE4: 11,08, | AF4: 06,08, | AG4: 04,08, | AH4: 30,07, | AI4: 28,07, | AJ4: 23,07, | AL4: 25,08, | AM4: 24,08, | AO4: 1
E5: =SUM(E6:E500) -> 73581.433 | F5: =SUM(F6:F500) -> 46657.597 | K5: =SUM(K6:K500) -> 92199.358 | L5: =SUM(L6:L500) -> -18617.925 | M5: =SUM(M6:M500) -> 58637.696 | N5: =SUM(N6:N500) -> 14943.737 | O5: =SUM(O6:O500) -> 19603.011 | P5: =SUM(P6:P500) -> -1273.5 | Q5: =SUM(Q6:Q500) -> 22586.477 | R5: =SUM(R6:R500) -> -2032.9 | ... Y5: =SUM(Y6:Y500) -> 13146.432 | AC5: =SUM(AC6:AC500) -> 13329.493 | AD5: =SUM(AD6:AD500) -> 12669.462 | AE5: =SUM(AE6:AE500) -> 10646.114 | AF5: =SUM(AF6:AF500) -> 10433.826 | AG5: =SUM(AG6:AG500) -> 11173.737 | AH5: =SUM(AH6:AH500) -> 12763.75 | AI5: =SUM(AI6:AI500) -> 14118.473 | AJ5: =SUM(AJ6:AJ500) -> 10392.848 | AL5: =SUM(AL6:AL500) -> 16997 | AM5: =SUM(AM6:AM500) -> 7985 | AO5: 1
A6: 005 Колбаса Докторская ГОСТ, Вязанка вектор,ВЕС. ПОКОМ | B6: кг | C6: 2019.147 | D6: 3887.194 | E6: 2033.168 | F6: 2734.685 | G6: 1 | H6: 50 | I6: матрица | K6: 2268.741 | L6: =E6-K6 -> -235.573 | M6: =E6-N6 -> 1628.108 | N6: 405.06 | O6: 571.67825 | Q6: 215.47623 | T6: 267.65433 | U6: =M6/5 -> 325.6216 | V6: =12*U6-T6-Q6-P6-O6-F6 -> 117.96539 | W6: 0 | X6: =W6-Y6 -> 0 | AA6: =(F6+O6+P6+Q6+T6+X6+Y6+R6+S6)/U6 -> 11.637722 | AB6: =(F6+O6+P6+Q6+T6)/U6 -> 11.637722 | AC6: 402.6088 | AD6: 419.2068 | AE6: 402.0166 | AF6: 337.7342 | AG6: 348.7926 | AH6: 383.9166 | AI6: 414.5354 | AJ6: 309.1234 | AL6: =ROUND(G6*X6,0) -> 0 | AM6: =ROUND(G6*Y6,0) -> 0 | AN6: SU000722
A7: 016 Сосиски Вязанка Молочные, Вязанка вискофан ВЕС.ПОКОМ | B7: кг | C7: 473.784 | D7: 2893.569 | E7: 1688.492 | F7: 1204.04 | G7: 1 | H7: 45 | I7: матрица | K7: 1499.102 | L7: =E7-K7 -> 189.39 | M7: =E7-N7 -> 1081.529 | N7: 606.963 | O7: 753.70391 | Q7: 200.7 | T7: 249.3 | U7: =M7/5 -> 216.3058 | V7: =12*U7-T7-Q7-P7-O7-F7 -> 187.92569 | W7: =V7+$W$1*U7 -> 399.90537 | X7: =W7-Y7 -> 399.90537 | AA7: =(F7+O7+P7+Q7+T7+X7+Y7+R7+S7)/U7 -> 12.98 | AB7: =(F7+O7+P7+Q7+T7)/U7 -> 11.131204 | AC7: 223.072 | AD7: 285.975 | AE7: 246.8064 | AF7: 136.3926 | AG7: 175.6748 | AH7: 232.3934 | AI7: 194.2758 | AJ7: 139.5838 | AL7: =ROUND(G7*X7,0) -> 400 | AM7: =ROUND(G7*Y7,0) -> 0 | AN7: SU001523
A8: 017 Сосиски Вязанка Сливочные, Вязанка амицел ВЕС.ПОКОМ | B8: кг | C8: 2754.893 | D8: 6282.726 | E8: 4646.485 | F8: =2266.304+F86 -> 2260.863 | G8: 1 | H8: 45 | I8: матрица | K8: 4805.024 | L8: =E8-K8 -> -158.539 | M8: =E8-N8 -> 2732.122 | N8: 1914.363 | O8: 976.73631 | Q8: 1024.6154 | T8: 1272.7285 | U8: =M8/5 -> 546.4244 | V8: =12*U8-T8-Q8-P8-O8-F8 -> 1022.1495 | W8: =V8+$W$1*U8 -> 1557.6455 | X8: =W8-Y8 -> 857.64546 | Y8: 700 | AA8: =(F8+O8+P8+Q8+T8+X8+Y8+R8+S8)/U8 -> 12.98 | AB8: =(F8+O8+P8+Q8+T8)/U8 -> 10.129385 | AC8: 608.09 | AD8: 673.4266 | AE8: 716.373 | AF8: 543.649 | AG8: 613.5636 | AH8: 603.608 | AI8: 601.6022 | AJ8: 449.453 | AL8: =ROUND(G8*X8,0) -> 858 | AM8: =ROUND(G8*Y8,0) -> 700 | AN8: SU001721
A9: 023 Колбаса Докторская ГОСТ, Вязанка вектор, 0,4 кг, ПОКОМ | B9: шт | C9: 23 | D9: 10 | E9: 7 | F9: 18 | G9: 0.4 | H9: 50 | I9: матрица | K9: 14 | L9: =E9-K9 -> -7 | M9: =E9-N9 -> 7 | Q9: 0 | U9: =M9/5 -> 1.4 | W9: =V9 -> 0 | X9: =W9-Y9 -> 0 | AA9: =(F9+O9+P9+Q9+T9+X9+Y9+R9+S9)/U9 -> 12.857143 | AB9: =(F9+O9+P9+Q9+T9)/U9 -> 12.857143 | AC9: 1.4 | AD9: 1.8 | AE9: 2.4 | AF9: 1 | AG9: 1.2 | AH9: 2.6 | AI9: 2.2 | AJ9: 0 | AK9: 19 шт списано (12,07,26) | AL9: =ROUND(G9*X9,0) -> 0 | AM9: =ROUND(G9*Y9,0) -> 0 | AN9: SU001485
A10: 030 Сосиски Вязанка Молочные, Вязанка вискофан МГС, 0.45кг, ПОКОМ | B10: шт | C10: 1956.55 | D10: 2792 | E10: 2608.174 | F10: 615.376 | G10: 0.45 | H10: 45 | I10: ВНИМАНИЕ / матрица | K10: 3201 | L10: =E10-K10 -> -592.826 | M10: =E10-N10 -> 2464.174 | N10: 144 | O10: 907.608 | Q10: 535.2 | S10: 1000 | T10: 664.8 | U10: =M10/5 -> 492.8348 | V10: 2000 | W10: =V10 -> 2000 | X10: =W10-Y10 -> 700 | Y10: 1300 | AA10: =(F10+O10+P10+Q10+T10+X10+Y10+R10+S10)/U10 -> 11.612378 | AB10: =(F10+O10+P10+Q10+T10)/U10 -> 5.5251455 | AC10: 540.4348 | AD10: 426.419 | AE10: 373.019 | AF10: 298 | AG10: 339 | AH10: 705.871 | AI10: 624.671 | AJ10: 265.4 | AK10: 1000шт под ЮТЛ (Хмель 15,07,26) | AL10: =ROUND(G10*X10,0) -> 315 | AM10: =ROUND(G10*Y10,0) -> 585 | AN10: SU001718 | AO10: =VLOOKUP(AN10,[2]Лист1!$A:$A,1,0) -> SU001718
A11: 032 Сосиски Вязанка Сливочные, Вязанка амицел МГС, 0.45кг, ПОКОМ | B11: шт | C11: 5853.021 | D11: 2392 | E11: 4360.366 | F11: 1646.655 | G11: 0.45 | H11: 45 | I11: ВНИМАНИЕ / матрица | K11: 4886 | L11: =E11-K11 -> -525.634 | M11: =E11-N11 -> 3424.366 | N11: 936 | O11: 260 | Q11: 356.8 | T11: 443.2 | U11: =M11/5 -> 684.8732 | V11: =11*U11-T11-Q11-P11-O11-F11 -> 4826.9502 | W11: =V11 -> 4826.9502 | X11: =W11-Y11 -> 1826.9502 | Y11: 3000 | AA11: =(F11+O11+P11+Q11+T11+X11+Y11+R11+S11)/U11 -> 11 | AB11: =(F11+O11+P11+Q11+T11)/U11 -> 3.9520527 | AC11: 689.6732 | AD11: 718.03 | AE11: 763.0744 | AF11: 683.4 | AG11: 536.8 | AH11: 707.3658 | AI11: 771.7658 | AJ11: 431.2 | AK11: 1000 сеть МКД (05,08,26) | AL11: =ROUND(G11*X11,0) -> 822 | AM11: =ROUND(G11*Y11,0) -> 1350 | AN11: SU001720
A12: 047 Кол Баварская, белков.обол. в термоусад. пакете 0.17 кг, ТМ Стародворье ПОКОМ | B12: шт | C12: 282 | D12: 37 | E12: 119 | F12: 126 | G12: 0.17 | H12: 180 | I12: матрица | K12: 149 | L12: =E12-K12 -> -30 | M12: =E12-N12 -> 89 | N12: 30 | Q12: 0 | U12: =M12/5 -> 17.8 | V12: =12*U12-T12-Q12-P12-O12-F12 -> 87.6 | W12: =V12 -> 87.6 | X12: =W12-Y12 -> 87.6 | AA12: =(F12+O12+P12+Q12+T12+X12+Y12+R12+S12)/U12 -> 12 | AB12: =(F12+O12+P12+Q12+T12)/U12 -> 7.0786517 | AC12: 17.8 | AD12: 13.2 | AE12: 20 | AF12: 19.234 | AG12: 23.6 | AH12: 35 | AI12: 24.6 | AJ12: 9 | AL12: =ROUND(G12*X12,0) -> 15 | AM12: =ROUND(G12*Y12,0) -> 0 | AN12: SU002092
A13: 062 Колбаса Кракушка пряная с сальцем, 0.3кг в/у п/к, БАВАРУШКА ПОКОМ | B13: шт | C13: 96 | D13: 9 | E13: 60 | F13: 19 | G13: 0.3 | H13: 40 | I13: матрица | K13: 80 | L13: =E13-K13 -> -20 | M13: =E13-N13 -> 60 | Q13: 75 | R13: -78 | U13: =M13/5 -> 12 | V13: =12*U13-T13-Q13-P13-O13-F13 -> 50 | W13: =V13 -> 50 | X13: =W13-Y13 -> 50 | AA13: =(F13+O13+P13+Q13+T13+X13+Y13+R13+S13)/U13 -> 5.5 | AB13: =(F13+O13+P13+Q13+T13)/U13 -> 7.8333333 | AC13: 12.6 | AD13: 7.2 | AE13: 4.2 | AF13: 8.2 | AG13: 11.8 | AH13: 8.4 | AI13: 3.2 | AJ13: 1 | AL13: =ROUND(G13*X13,0) -> 15 | AM13: =ROUND(G13*Y13,0) -> 0 | AN13: SU002252
A14: 083 Колбаса Швейцарская 0,17 кг., ШТ., сырокопченая ПОКОМ | B14: шт | C14: 383 | D14: 103 | E14: 297 | F14: 6 | G14: 0.17 | H14: 180 | I14: матрица | K14: 397 | L14: =E14-K14 -> -100 | M14: =E14-N14 -> 87 | N14: 210 | Q14: 152 | U14: =M14/5 -> 17.4 | V14: =12*U14-T14-Q14-P14-O14-F14 -> 50.8 | W14: =V14 -> 50.8 | X14: =W14-Y14 -> 50.8 | AA14: =(F14+O14+P14+Q14+T14+X14+Y14+R14+S14)/U14 -> 12 | AB14: =(F14+O14+P14+Q14+T14)/U14 -> 9.0804598 | AC14: 35.4 | AD14: 34.2 | AE14: 26 | AF14: 27.634 | AG14: 36.8 | AH14: 60.2 | AI14: 65.2 | AJ14: 36.6 | AL14: =ROUND(G14*X14,0) -> 9 | AM14: =ROUND(G14*Y14,0) -> 0 | AN14: SU001869
A15: 103 Сосиски Классические, 0.42кг,ядрена копотьПОКОМ | B15: шт | C15: 336 | D15: 2 | E15: 5 | F15: 272 | G15: 0 | I15: не в матрице | K15: 53 | L15: =E15-K15 -> -48 | M15: =E15-N15 -> 5 | Q15: 0 | U15: =M15/5 -> 1 | W15: =V15 -> 0 | X15: =W15-Y15 -> 0 | AA15: =(F15+O15+P15+Q15+T15+X15+Y15+R15+S15)/U15 -> 272 | AB15: =(F15+O15+P15+Q15+T15)/U15 -> 272 | AC15: 1 | AD15: 5.2 | AE15: 4.4 | AF15: 0.2 | AG15: 4.4 | AH15: 4.2 | AI15: 0 | AJ15: 0 | AK15: Продукция для ПРС!!! | AL15: =ROUND(G15*X15,0) -> 0 | AM15: =ROUND(G15*Y15,0) -> 0 | AN15: SU000341
A16: 200 Ветчина Дугушка ТМ Стародворье, вектор в/у ПОКОМ | B16: кг | C16: 3949.242 | D16: 5740.334 | E16: 4270.796 | F16: 3018.523 | G16: 1 | H16: 70 | I16: матрица | K16: 4821.759 | L16: =E16-K16 -> -550.963 | M16: =E16-N16 -> 2883.302 | N16: 1387.494 | O16: 1598.8085 | Q16: 267.6 | T16: 332.4 | U16: =M16/5 -> 576.6604 | V16: =12*U16-T16-Q16-P16-O16-F16 -> 1702.5933 | W16: =V16+$W$1*U16 -> 2267.7205 | X16: =W16-Y16 -> 1402.7205 | Y16: 865 | AA16: =(F16+O16+P16+Q16+T16+X16+Y16+R16+S16)/U16 -> 12.98 | AB16: =(F16+O16+P16+Q16+T16)/U16 -> 9.047494 | AC16: 628.171 | AD16: 726.9406 | AE16: 643.966 | AF16: 609.9092 | AG16: 693.1158 | AH16: 746.7954 | AI16: 794.7714 | AJ16: 554.7976 | AL16: =ROUND(G16*X16,0) -> 1403 | AM16: =ROUND(G16*Y16,0) -> 865 | AN16: SU002035 | AO16: =VLOOKUP(AN16,[2]Лист1!$A:$A,1,0) -> SU002035
A17: 201 Ветчина Нежная ТМ Особый рецепт, (2,5кг), ПОКОМ | B17: кг | C17: 3045.259 | D17: 3464.733 | E17: 3118.307 | F17: 1311.933 | G17: 1 | H17: 50 | I17: матрица | K17: 4089.089 | L17: =E17-K17 -> -970.782 | M17: =E17-N17 -> 1418.037 | N17: 1700.27 | O17: 270.40264 | Q17: 888.46133 | T17: 1103.6044 | U17: =M17/5 -> 283.6074 | W17: =V17 -> 0 | X17: =W17-Y17 -> 0 | AA17: =(F17+O17+P17+Q17+T17+X17+Y17+R17+S17)/U17 -> 12.603343 | AB17: =(F17+O17+P17+Q17+T17)/U17 -> 12.603343 | AC17: 445.8572 | AD17: 436.475 | AE17: 435.7906 | AF17: 509.0408 | AG17: 530.1232 | AH17: 537.543 | AI17: 623.7324 | AJ17: 623.553 | AL17: =ROUND(G17*X17,0) -> 0 | AM17: =ROUND(G17*Y17,0) -> 0 | AN17: SU000126 | AO17: =VLOOKUP(AN17,[2]Лист1!$A:$A,1,0) -> SU000126
A18: 215 Колбаса Докторская ГОСТ Дугушка, ВЕС, ТМ Стародворье ПОКОМ | B18: кг | C18: 328.6 | D18: 310.218 | E18: 448.405 | F18: -10.764 | G18: 1 | H18: 60 | I18: матрица | K18: 523.844 | L18: =E18-K18 -> -75.439 | M18: =E18-N18 -> 146.161 | N18: 302.244 | Q18: 211.8584 | U18: =M18/5 -> 29.2322 | V18: =12*U18-T18-Q18-P18-O18-F18 -> 149.692 | W18: =V18 -> 149.692 | X18: =W18-Y18 -> 149.692 | AA18: =(F18+O18+P18+Q18+T18+X18+Y18+R18+S18)/U18 -> 12 | AB18: =(F18+O18+P18+Q18+T18)/U18 -> 6.8792085 | AC18: 29.2322 | AD18: 22.3572 | AE18: -0.251 | AF18: 23.0592 | AG18: 27.917 | AH18: 18.902 | AI18: 36.5078 | AJ18: 45.232 | AL18: =ROUND(G18*X18,0) -> 150 | AM18: =ROUND(G18*Y18,0) -> 0 | AN18: SU002011
A19: 219 Колбаса Докторская Особая ТМ Особый рецепт, ВЕС ПОКОМ | B19: кг | C19: -4.974 | E19: 1.755 | F19: -27.493 | G19: 0 | I19: не в матрице | J19: 597 Колбаса Классическая ТМ Особый рецепт в оболочке полиамид ВЕС. ПОКОМ | K19: 22.5 | L19: =E19-K19 -> -20.745 | M19: =E19-N19 -> 1.755 | Q19: 0 | U19: =M19/5 -> 0.351 | W19: =V19 -> 0 | X19: =W19-Y19 -> 0 | AA19: =(F19+O19+P19+Q19+T19+X19+Y19+R19+S19)/U19 -> -78.327635 | AB19: =(F19+O19+P19+Q19+T19)/U19 -> -78.327635 | AC19: 0.351 | AD19: -0.365 | AE19: -0.513 | AF19: -0.148 | AG19: 0 | AH19: 0.4948 | AI19: 0.4948 | AJ19: 0 | AL19: =ROUND(G19*X19,0) -> 0 | AM19: =ROUND(G19*Y19,0) -> 0 | AN19: SU004238 | AO19: =VLOOKUP(AN19,[2]Лист1!$A:$A,1,0) -> SU004238
A20: 225 Колбаса Дугушка со шпиком, ВЕС, ТМ Стародворье ПОКОМ | B20: кг | G20: 0 | I20: матрица | L20: =E20-K20 -> 0 | M20: =E20-N20 -> 0 | Q20: 0 | U20: =M20/5 -> 0 | W20: =V20 -> 0 | X20: =W20-Y20 -> 0 | AA20: =(F20+O20+P20+Q20+T20+X20+Y20+R20+S20)/U20 -> #DIV/0! | AB20: =(F20+O20+P20+Q20+T20)/U20 -> #DIV/0! | AC20: 0 | AD20: 0 | AE20: 0 | AF20: 0 | AG20: 0 | AH20: 0 | AI20: 0 | AJ20: 0 | AK20: нет потребности | AL20: =ROUND(G20*X20,0) -> 0 | AM20: =ROUND(G20*Y20,0) -> 0 | AN20: SU002182
A21: 226 Колбаса Княжеская, с/к белков.обол в термоусад. пакете, ВЕС, ТМ Стародворье ПОКОМ | B21: кг | C21: 4.074 | D21: 20.452 | E21: 4.417 | F21: 21.476 | G21: 1 | H21: 180 | I21: матрица | K21: 3.2 | L21: =E21-K21 -> 1.217 | M21: =E21-N21 -> 4.417 | Q21: 0 | U21: =M21/5 -> 0.8834 | W21: =V21 -> 0 | X21: =W21-Y21 -> 0 | AA21: =(F21+O21+P21+Q21+T21+X21+Y21+R21+S21)/U21 -> 24.310618 | AB21: =(F21+O21+P21+Q21+T21)/U21 -> 24.310618 | AC21: 0.8834 | AD21: 1.4618 | AE21: 1.1292 | AF21: 0.642 | AG21: 0.429 | AH21: 1.0448 | AI21: 1.1864 | AJ21: 0.4298 | AK21: нужно увеличить продажи | AL21: =ROUND(G21*X21,0) -> 0 | AM21: =ROUND(G21*Y21,0) -> 0 | AN21: SU001920
A22: 229 Колбаса Молочная Дугушка, в/у, ВЕС, ТМ Стародворье ПОКОМ | B22: кг | C22: 4132.444 | D22: 9744.665 | E22: 5972.888 | F22: 5774.89 | G22: 1 | H22: 60 | I22: матрица | K22: 5380.919 | L22: =E22-K22 -> 591.969 | M22: =E22-N22 -> 5972.888 | O22: 3489.2333 | Q22: 1826.1225 | T22: 2268.3225 | U22: =M22/5 -> 1194.5776 | V22: =12*U22-T22-Q22-P22-O22-F22 -> 976.36289 | W22: 0 | X22: =W22-Y22 -> 0 | AA22: =(F22+O22+P22+Q22+T22+X22+Y22+R22+S22)/U22 -> 11.182671 | AB22: =(F22+O22+P22+Q22+T22)/U22 -> 11.182671 | AC22: 1235.5082 | AD22: 1204.554 | AE22: 901.4088 | AF22: 763.3562 | AG22: 859.3734 | AH22: 796.5506 | AI22: 870.4836 | AJ22: 625.4246 | AL22: =ROUND(G22*X22,0) -> 0 | AM22: =ROUND(G22*Y22,0) -> 0 | AN22: SU002010
A23: 230 Колбаса Молочная Особая ТМ Особый рецепт, п/а, ВЕС. ПОКОМ | B23: кг | C23: -7.493 | E23: 4.97 | F23: -12.463 | G23: 0 | I23: не в матрице | J23: 457 Колбаса Молочная ТМ Особый рецепт ВЕС большой батон ПОКОМ | K23: 5 | L23: =E23-K23 -> -0.03 | M23: =E23-N23 -> 4.97 | Q23: 0 | U23: =M23/5 -> 0.994 | W23: =V23 -> 0 | X23: =W23-Y23 -> 0 | AA23: =(F23+O23+P23+Q23+T23+X23+Y23+R23+S23)/U23 -> -12.538229 | AB23: =(F23+O23+P23+Q23+T23)/U23 -> -12.538229 | AC23: 0.994 | AD23: 0 | AE23: 0 | AF23: 0 | AG23: 0 | AH23: 1.4986 | AI23: 1.4986 | AJ23: 0 | AL23: =ROUND(G23*X23,0) -> 0 | AM23: =ROUND(G23*Y23,0) -> 0 | AN23: SU003422 | AO23: =VLOOKUP(AN23,[2]Лист1!$A:$A,1,0) -> SU003422
A24: 236 Колбаса Рубленая ЗАПЕЧ. Дугушка ТМ Стародворье, вектор, в/к ПОКОМ | B24: кг | C24: 335.729 | D24: 1254.869 | E24: 209.511 | F24: 583.087 | G24: 1 | H24: 70 | I24: матрица | K24: 1037.545 | L24: =E24-K24 -> -828.034 | M24: =E24-N24 -> 108.401 | N24: 101.11 | Q24: 0 | U24: =M24/5 -> 21.6802 | W24: =V24 -> 0 | X24: =W24-Y24 -> 0 | AA24: =(F24+O24+P24+Q24+T24+X24+Y24+R24+S24)/U24 -> 26.894909 | AB24: =(F24+O24+P24+Q24+T24)/U24 -> 26.894909 | AC24: 72.8132 | AD24: 77.0706 | AE24: 121.8204 | AF24: 64.7166 | AG24: 29.2552 | AH24: 86.5184 | AI24: 112.269 | AJ24: 80.8328 | AK24: нужно увеличить продажи | AL24: =ROUND(G24*X24,0) -> 0 | AM24: =ROUND(G24*Y24,0) -> 0 | AN24: SU002150
A25: 239 Колбаса Салями запеч Дугушка, оболочка вектор, ВЕС, ТМ Стародворье ПОКОМ | B25: кг | C25: 1316.174 | D25: 1676.538 | E25: 1398.375 | F25: 990.209 | G25: 1 | H25: 70 | I25: матрица | K25: 1519.923 | L25: =E25-K25 -> -121.548 | M25: =E25-N25 -> 1063.414 | N25: 334.961 | O25: 457.30278 | Q25: 322.91478 | T25: 401.10939 | U25: =M25/5 -> 212.6828 | V25: =12*U25-T25-Q25-P25-O25-F25 -> 380.65764 | W25: =V25+$W$1*U25 -> 589.08679 | X25: =W25-Y25 -> 589.08679 | AA25: =(F25+O25+P25+Q25+T25+X25+Y25+R25+S25)/U25 -> 12.98 | AB25: =(F25+O25+P25+Q25+T25)/U25 -> 10.21021 | AC25: 230.368 | AD25: 244.7884 | AE25: 233.4784 | AF25: 197.4094 | AG25: 248.3712 | AH25: 254.2464 | AI25: 255.9778 | AJ25: 183.0002 | AL25: =ROUND(G25*X25,0) -> 589 | AM25: =ROUND(G25*Y25,0) -> 0 | AN25: SU002158
A26: 240 Колбаса Салями охотничья, ВЕС. ПОКОМ | B26: кг | G26: 0 | I26: матрица | L26: =E26-K26 -> 0 | M26: =E26-N26 -> 0 | Q26: 0 | U26: =M26/5 -> 0 | W26: =V26 -> 0 | X26: =W26-Y26 -> 0 | AA26: =(F26+O26+P26+Q26+T26+X26+Y26+R26+S26)/U26 -> #DIV/0! | AB26: =(F26+O26+P26+Q26+T26)/U26 -> #DIV/0! | AC26: 0 | AD26: 0 | AE26: 0 | AF26: 0 | AG26: 0 | AH26: 0 | AI26: 0 | AJ26: 0 | AK26: нет потребности | AL26: =ROUND(G26*X26,0) -> 0 | AM26: =ROUND(G26*Y26,0) -> 0 | AN26: SU001921
A27: 242 Колбаса Сервелат ЗАПЕЧ.Дугушка ТМ Стародворье, вектор, в/к ПОКОМ | B27: кг | C27: 2323.611 | D27: 2015.317 | E27: 2505.23 | F27: 633.433 | G27: 1 | H27: 70 | I27: матрица | K27: 2693.62 | L27: =E27-K27 -> -188.39 | M27: =E27-N27 -> 1782.234 | N27: 722.996 | O27: 416 | Q27: 1084.2377 | T27: 1346.7885 | U27: =M27/5 -> 356.4468 | V27: =12*U27-T27-Q27-P27-O27-F27 -> 796.90236 | W27: =V27+$W$1*U27 -> 1146.2202 | X27: =W27-Y27 -> 1146.2202 | AA27: =(F27+O27+P27+Q27+T27+X27+Y27+R27+S27)/U27 -> 12.98 | AB27: =(F27+O27+P27+Q27+T27)/U27 -> 9.7643161 | AC27: 377.3442 | AD27: 436.646 | AE27: 375.1652 | AF27: 497.5888 | AG27: 453.6796 | AH27: 417.4032 | AI27: 457.0628 | AJ27: 304.7148 | AL27: =ROUND(G27*X27,0) -> 1146 | AM27: =ROUND(G27*Y27,0) -> 0 | AN27: SU002151
A28: 244 Колбаса Сервелат Кремлевский, ВЕС. ПОКОМ | B28: кг | C28: 81.498 | E28: 6.511 | F28: 69.202 | G28: 1 | H28: 40 | I28: матрица | K28: 7.2 | L28: =E28-K28 -> -0.689 | M28: =E28-N28 -> 6.511 | Q28: 0 | U28: =M28/5 -> 1.3022 | W28: =V28 -> 0 | X28: =W28-Y28 -> 0 | AA28: =(F28+O28+P28+Q28+T28+X28+Y28+R28+S28)/U28 -> 53.142374 | AB28: =(F28+O28+P28+Q28+T28)/U28 -> 53.142374 | AC28: 1.3022 | AD28: 1.9806 | AE28: 1.2582 | AF28: 0.732 | AG28: 1.3146 | AH28: 7.8512 | AI28: 8.7356 | AJ28: 3.5048 | AK28: нужно увеличить продажи!!! | AL28: =ROUND(G28*X28,0) -> 0 | AM28: =ROUND(G28*Y28,0) -> 0 | AN28: SU001822
A29: 247 Сардельки Нежные, ВЕС. ПОКОМ | B29: кг | G29: 0 | I29: матрица | L29: =E29-K29 -> 0 | M29: =E29-N29 -> 0 | Q29: 0 | U29: =M29/5 -> 0 | W29: =V29 -> 0 | X29: =W29-Y29 -> 0 | AA29: =(F29+O29+P29+Q29+T29+X29+Y29+R29+S29)/U29 -> #DIV/0! | AB29: =(F29+O29+P29+Q29+T29)/U29 -> #DIV/0! | AC29: 0 | AD29: 0 | AE29: 0 | AF29: 0 | AG29: 0 | AH29: 0 | AI29: 0 | AJ29: 0 | AK29: нет потребности | AL29: =ROUND(G29*X29,0) -> 0 | AM29: =ROUND(G29*Y29,0) -> 0 | AN29: SU001051
A30: 248 Сардельки Сочные ТМ Особый рецепт, ПОКОМ | B30: кг | G30: 0 | I30: матрица | L30: =E30-K30 -> 0 | M30: =E30-N30 -> 0 | Q30: 0 | U30: =M30/5 -> 0 | W30: =V30 -> 0 | X30: =W30-Y30 -> 0 | AA30: =(F30+O30+P30+Q30+T30+X30+Y30+R30+S30)/U30 -> #DIV/0! | AB30: =(F30+O30+P30+Q30+T30)/U30 -> #DIV/0! | AC30: 0 | AD30: 0 | AE30: 0 | AF30: 0 | AG30: 0 | AH30: 0 | AI30: 0 | AJ30: 0 | AK30: нет потребности | AL30: =ROUND(G30*X30,0) -> 0 | AM30: =ROUND(G30*Y30,0) -> 0 | AN30: SU002287
A31: 250 Сардельки стародворские с говядиной в обол. NDX, ВЕС. ПОКОМ | B31: кг | C31: 1400.299 | D31: 2826.522 | E31: 3172.825 | F31: 187.902 | G31: 1 | H31: 30 | I31: НЕДОГРУЗ / матрица | K31: 2490.037 | L31: =E31-K31 -> 682.788 | M31: =E31-N31 -> 2203.238 | N31: 969.587 | O31: 416 | Q31: 669 | T31: 831 | U31: =M31/5 -> 440.6476 | V31: =11*U31-T31-Q31-P31-O31-F31 -> 2743.2216 | W31: =V31 -> 2743.2216 | X31: 2610 | Y31: =W31*0.5 -> 1371.6108 | AA31: =(F31+O31+P31+Q31+T31+X31+Y31+R31+S31)/U31 -> 13.810385 | AB31: =(F31+O31+P31+Q31+T31)/U31 -> 4.7745682 | AC31: 365.1898 | AD31: 310.8728 | AE31: 178.8978 | AF31: 437.4332 | AG31: 568.7244 | AH31: 251.4826 | AI31: 368.8554 | AJ31: 396.4942 | AL31: =ROUND(G31*X31,0) -> 2610 | AM31: =ROUND(G31*Y31,0) -> 1372 | AN31: SU000227
A32: 253 Сосиски Ганноверские ПОКОМ | B32: кг | C32: -0.23 | F32: -0.23 | G32: 0 | H32: 40 | I32: не в матрице | L32: =E32-K32 -> 0 | M32: =E32-N32 -> 0 | Q32: 0 | U32: =M32/5 -> 0 | W32: =V32 -> 0 | X32: =W32-Y32 -> 0 | AA32: =(F32+O32+P32+Q32+T32+X32+Y32+R32+S32)/U32 -> #DIV/0! | AB32: =(F32+O32+P32+Q32+T32)/U32 -> #DIV/0! | AC32: 0 | AD32: 0 | AE32: 0 | AF32: 0 | AG32: -0.098 | AH32: 12.5518 | AI32: 13.9894 | AJ32: 4.5704 | AL32: =ROUND(G32*X32,0) -> 0 | AM32: =ROUND(G32*Y32,0) -> 0 | AN32: SU001340
A33: 255 Сосиски Молочные для завтрака ТМ Особый рецепт, п/а МГС, ВЕС, ТМ Стародворье ПОКОМ | B33: кг | C33: 1148.73 | D33: 431.798 | E33: 3281.402 | F33: -114.405 | G33: 1 | H33: 40 | I33: НЕДОГРУЗ / матрица | K33: 3984.676 | L33: =E33-K33 -> -703.274 | M33: =E33-N33 -> 3281.402 | O33: 520 | P33: -522 | Q33: 892 | T33: 1208 | U33: =M33/5 -> 656.2804 | V33: 2200 | W33: =V33 -> 2200 | X33: =W33 -> 2200 | Y33: =W33*0.5 -> 1100 | AA33: =(F33+O33+P33+Q33+T33+X33+Y33+R33+S33)/U33 -> 8.0508194 | AB33: =(F33+O33+P33+Q33+T33)/U33 -> 3.0224809 | AC33: 656.844 | AD33: 328.153 | AE33: -0.8462 | AF33: 8.5924 | AG33: 9.8556 | AH33: 688.0432 | AI33: 1184.2532 | AJ33: 1031.4698 | AL33: =ROUND(G33*X33,0) -> 2200 | AM33: =ROUND(G33*Y33,0) -> 1100 | AN33: SU002074
A34: 257 Сосиски Молочные оригинальные ТМ Особый рецепт, ВЕС. ПОКОМ | B34: кг | G34: 0 | I34: матрица | L34: =E34-K34 -> 0 | M34: =E34-N34 -> 0 | Q34: 0 | U34: =M34/5 -> 0 | W34: =V34 -> 0 | X34: =W34-Y34 -> 0 | AA34: =(F34+O34+P34+Q34+T34+X34+Y34+R34+S34)/U34 -> #DIV/0! | AB34: =(F34+O34+P34+Q34+T34)/U34 -> #DIV/0! | AC34: 0 | AD34: 0 | AE34: 0 | AF34: 0 | AG34: 0 | AH34: 0 | AI34: 0 | AJ34: 0 | AK34: нет потребности | AL34: =ROUND(G34*X34,0) -> 0 | AM34: =ROUND(G34*Y34,0) -> 0 | AN34: SU000246
A35: 263 Шпикачки Стародворские, ВЕС. ПОКОМ | B35: кг | G35: 0 | I35: матрица | L35: =E35-K35 -> 0 | M35: =E35-N35 -> 0 | Q35: 0 | U35: =M35/5 -> 0 | W35: =V35 -> 0 | X35: =W35-Y35 -> 0 | AA35: =(F35+O35+P35+Q35+T35+X35+Y35+R35+S35)/U35 -> #DIV/0! | AB35: =(F35+O35+P35+Q35+T35)/U35 -> #DIV/0! | AC35: 0 | AD35: 0 | AE35: 0 | AF35: 0 | AG35: 0 | AH35: 0 | AI35: 0 | AJ35: 0 | AK35: нет потребности | AL35: =ROUND(G35*X35,0) -> 0 | AM35: =ROUND(G35*Y35,0) -> 0 | AN35: SU001430
A36: 265 Колбаса Балыкбургская, ВЕС, ТМ Баварушка ПОКОМ | B36: кг | G36: 0 | I36: матрица | L36: =E36-K36 -> 0 | M36: =E36-N36 -> 0 | Q36: 0 | U36: =M36/5 -> 0 | W36: =V36 -> 0 | X36: =W36-Y36 -> 0 | AA36: =(F36+O36+P36+Q36+T36+X36+Y36+R36+S36)/U36 -> #DIV/0! | AB36: =(F36+O36+P36+Q36+T36)/U36 -> #DIV/0! | AC36: 0 | AD36: 0 | AE36: 0 | AF36: 0 | AG36: 0 | AH36: 0 | AI36: 0 | AJ36: 0 | AK36: нет потребности | AL36: =ROUND(G36*X36,0) -> 0 | AM36: =ROUND(G36*Y36,0) -> 0 | AN36: SU002612
A37: 267 Колбаса Салями Филейбургская зернистая, оболочка фиброуз, ВЕС, ТМ Баварушка ПОКОМ | B37: кг | G37: 0 | I37: матрица | L37: =E37-K37 -> 0 | M37: =E37-N37 -> 0 | Q37: 0 | U37: =M37/5 -> 0 | W37: =V37 -> 0 | X37: =W37-Y37 -> 0 | AA37: =(F37+O37+P37+Q37+T37+X37+Y37+R37+S37)/U37 -> #DIV/0! | AB37: =(F37+O37+P37+Q37+T37)/U37 -> #DIV/0! | AC37: 0 | AD37: 0 | AE37: 0 | AF37: 0 | AG37: 0 | AH37: 0 | AI37: 0 | AJ37: 0 | AK37: нет потребности | AL37: =ROUND(G37*X37,0) -> 0 | AM37: =ROUND(G37*Y37,0) -> 0 | AN37: SU002614
A38: 273 Сосиски Сочинки с сочной грудинкой, МГС 0.4кг, ПОКОМ | B38: шт | C38: 1008 | D38: 4256 | E38: 5155 | F38: -322 | G38: 0.4 | H38: 45 | I38: НЕДОГРУЗ / матрица | K38: 4558 | L38: =E38-K38 -> 597 | M38: =E38-N38 -> 4075 | N38: 1080 | O38: 780 | Q38: 1767.944 | T38: 2196.056 | U38: =M38/5 -> 815 | V38: =11*U38-T38-Q38-P38-O38-F38 -> 4543 | W38: =V38 -> 4543 | X38: 3000 | Y38: 2220 | Z38: =VLOOKUP(A38,[1]Sheet!$A:$U,21,0) -> ОЧЕНЬ НУЖНА ЭТА ПОЗИЦИЯ !!! | AA38: =(F38+O38+P38+Q38+T38+X38+Y38+R38+S38)/U38 -> 11.830675 | AB38: =(F38+O38+P38+Q38+T38)/U38 -> 5.4257669 | AC38: 779 | AD38: 633.6 | AE38: 113.2 | AF38: 461.2 | AG38: 811.2 | AH38: 861.6 | AI38: 877.4 | AJ38: 623.4 | AL38: =ROUND(G38*X38,0) -> 1200 | AM38: =ROUND(G38*Y38,0) -> 888 | AN38: SU002618
A39: 276 Колбаса Сливушка ТМ Вязанка в оболочке полиамид 0,45 кг ПОКОМ | B39: шт | C39: 839.75 | D39: 263 | E39: 735 | F39: 253.75 | G39: 0.45 | H39: 50 | I39: ВНИМАНИЕ / матрица | K39: 1175 | L39: =E39-K39 -> -440 | M39: =E39-N39 -> 735 | Q39: 200 | U39: =M39/5 -> 147 | V39: =10*U39-T39-Q39-P39-O39-F39 -> 1016.25 | W39: =V39+500 -> 1516.25 | X39: =W39-Y39 -> 716.25 | Y39: 800 | Z39: =VLOOKUP(A39,[1]Sheet!$A:$U,21,0) -> еще плюс 500 сеть ютл | AA39: =(F39+O39+P39+Q39+T39+X39+Y39+R39+S39)/U39 -> 13.401361 | AB39: =(F39+O39+P39+Q39+T39)/U39 -> 3.0867347 | AC39: 147.6 | AD39: 112.6 | AE39: 71 | AF39: 70.4 | AG39: 98.4 | AH39: 126.8 | AI39: 127.8 | AJ39: 67.2 | AK39: 500шт под ЮТЛ (Хмель 21,08,26) | AL39: =ROUND(G39*X39,0) -> 322 | AM39: =ROUND(G39*Y39,0) -> 360 | AN39: SU002734
A40: 278 Сосиски Сочинки с сочным окороком, МГС 0.4кг, ПОКОМ | B40: шт | C40: -5 | D40: 832 | E40: 742 | F40: 43 | G40: 0.4 | H40: 45 | I40: НЕДОГРУЗ / матрица | K40: 2165 | L40: =E40-K40 -> -1423 | M40: =E40-N40 -> 742 | O40: 208 | Q40: 400 | R40: -402 | U40: =M40/5 -> 148.4 | V40: 500 | W40: =V40 -> 500 | X40: =W40 -> 500 | Y40: =W40*0.5 -> 250 | AA40: =(F40+O40+P40+Q40+T40+X40+Y40+R40+S40)/U40 -> 6.7318059 | AB40: =(F40+O40+P40+Q40+T40)/U40 -> 4.3867925 | AC40: 148.4 | AD40: 122.2 | AE40: 91.8 | AF40: 163.6 | AG40: 166.8 | AH40: 188.8 | AI40: 301.6 | AJ40: 192.2 | AL40: =ROUND(G40*X40,0) -> 200 | AM40: =ROUND(G40*Y40,0) -> 100 | AN40: SU002621
A41: 281 Сосиски Молочные для завтрака ТМ Особый рецепт, 0,4кг ПОКОМ | B41: шт | C41: -33 | D41: 30 | E41: 13 | F41: -13 | G41: 0.4 | H41: 40 | I41: НЕДОГРУЗ / матрица | K41: 569 | L41: =E41-K41 -> -556 | M41: =E41-N41 -> 13 | O41: 100 | P41: -102 | Q41: 200 | R41: -204 | U41: =M41/5 -> 2.6 | V41: 200 | W41: =V41 -> 200 | X41: =W41 -> 200 | Y41: =W41*0.5 -> 100 | AA41: =(F41+O41+P41+Q41+T41+X41+Y41+R41+S41)/U41 -> 108.07692 | AB41: =(F41+O41+P41+Q41+T41)/U41 -> 71.153846 | AC41: 2.6 | AD41: 46 | AE41: 64.4 | AF41: 125 | AG41: 116.2 | AH41: 86.8 | AI41: 126.8 | AJ41: 86 | AL41: =ROUND(G41*X41,0) -> 80 | AM41: =ROUND(G41*Y41,0) -> 40 | AN41: SU002205
A42: 283 Сосиски Сочинки, ВЕС, ТМ Стародворье ПОКОМ | B42: кг | D42: 52.552 | F42: 48.123 | G42: 1 | I42: НЕДОГРУЗ / матрица | K42: 82.6 | L42: =E42-K42 -> -82.6 | M42: =E42-N42 -> 0 | O42: 20 | Q42: 0 | U42: =M42/5 -> 0 | W42: =V42 -> 0 | X42: =W42 -> 0 | Y42: =W42*0.5 -> 0 | AA42: =(F42+O42+P42+Q42+T42+X42+Y42+R42+S42)/U42 -> #DIV/0! | AB42: =(F42+O42+P42+Q42+T42)/U42 -> #DIV/0! | AC42: 0 | AD42: 0 | AE42: 0 | AF42: 0 | AG42: 0 | AH42: 0 | AI42: 0 | AJ42: 0 | AK42: 300кг под задачи ТК (05,08,26) / 31,07,26 начали заказывать | AL42: =ROUND(G42*X42,0) -> 0 | AM42: =ROUND(G42*Y42,0) -> 0 | AN42: SU002725
A43: 285 Паштет печеночный со слив.маслом ТМ Стародворье ламистер 0,1 кг ПОКОМ | B43: шт | C43: 327 | D43: 220 | E43: 212 | F43: 276 | G43: 0.1 | H43: 731 | I43: матрица | K43: 270 | L43: =E43-K43 -> -58 | M43: =E43-N43 -> 212 | Q43: 102.6 | U43: =M43/5 -> 42.4 | V43: =12*U43-T43-Q43-P43-O43-F43 -> 130.2 | W43: =V43 -> 130.2 | X43: =W43-Y43 -> 130.2 | AA43: =(F43+O43+P43+Q43+T43+X43+Y43+R43+S43)/U43 -> 12 | AB43: =(F43+O43+P43+Q43+T43)/U43 -> 8.9292453 | AC43: 42.4 | AD43: 41.4 | AE43: 35 | AF43: 35.4 | AG43: 37.4 | AH43: 57.4 | AI43: 55.2 | AJ43: 30.6 | AL43: =ROUND(G43*X43,0) -> 13 | AM43: =ROUND(G43*Y43,0) -> 0 | AN43: SU002368
A44: 296 Колбаса Мясорубская с рубленой грудинкой 0,35кг срез ТМ Стародворье ПОКОМ | B44: шт | D44: 2 | E44: 21 | F44: -2 | G44: 0.35 | H44: 40 | I44: НЕДОГРУЗ / матрица | K44: 125 | L44: =E44-K44 -> -104 | M44: =E44-N44 -> 21 | O44: 50 | P44: -54 | Q44: 50 | R44: -54 | U44: =M44/5 -> 4.2 | V44: 50 | W44: =V44 -> 50 | X44: =W44 -> 50 | Y44: =W44*0.5 -> 25 | AA44: =(F44+O44+P44+Q44+T44+X44+Y44+R44+S44)/U44 -> 15.47619 | AB44: =(F44+O44+P44+Q44+T44)/U44 -> 10.47619 | AC44: 4.2 | AD44: 15.8 | AE44: 18.2 | AF44: 15.8 | AG44: 18.8 | AH44: 28.4 | AI44: 24.4 | AJ44: 10.2 | AL44: =ROUND(G44*X44,0) -> 18 | AM44: =ROUND(G44*Y44,0) -> 9 | AN44: SU002660
A45: 297 Колбаса Мясорубская с рубленой грудинкой ВЕС ТМ Стародворье ПОКОМ | B45: кг | C45: 18.668 | D45: 27.005 | E45: 14.656 | F45: 23.622 | G45: 1 | H45: 40 | I45: матрица | K45: 21.2 | L45: =E45-K45 -> -6.544 | M45: =E45-N45 -> 14.656 | Q45: 4 | U45: =M45/5 -> 2.9312 | V45: =12*U45-T45-Q45-P45-O45-F45 -> 7.5524 | W45: =V45 -> 7.5524 | X45: =W45-Y45 -> 7.5524 | AA45: =(F45+O45+P45+Q45+T45+X45+Y45+R45+S45)/U45 -> 12 | AB45: =(F45+O45+P45+Q45+T45)/U45 -> 9.4234443 | AC45: 3.1116 | AD45: 2.624 | AE45: 3.7808 | AF45: 4.3208 | AG45: 3.3064 | AH45: 1.6506 | AI45: 2.699 | AJ45: 4.2096 | AL45: =ROUND(G45*X45,0) -> 8 | AM45: =ROUND(G45*Y45,0) -> 0 | AN45: SU002756
A46: 301 Сосиски Сочинки по-баварски с сыром, 0.4кг, ТМ Стародворье ПОКОМ | B46: шт | C46: -32 | D46: 268 | E46: 154 | F46: -31 | G46: 0.4 | H46: 40 | I46: НЕДОГРУЗ / матрица | K46: 348 | L46: =E46-K46 -> -194 | M46: =E46-N46 -> 154 | Q46: 100 | U46: =M46/5 -> 30.8 | V46: 100 | W46: =V46 -> 100 | X46: =W46 -> 100 | Y46: =W46*0.5 -> 50 | AA46: =(F46+O46+P46+Q46+T46+X46+Y46+R46+S46)/U46 -> 7.1103896 | AB46: =(F46+O46+P46+Q46+T46)/U46 -> 2.2402597 | AC46: 31.8 | AD46: 4.8 | AE46: 0.4 | AF46: -0.2 | AG46: -0.8 | AH46: 0.6 | AI46: 1.4 | AJ46: 0.2 | AL46: =ROUND(G46*X46,0) -> 40 | AM46: =ROUND(G46*Y46,0) -> 20 | AN46: SU002801
A47: 302 Сосиски Сочинки по-баварски, 0.4кг, ТМ Стародворье ПОКОМ | B47: шт | C47: 9 | D47: 326 | E47: 146 | F47: 87 | G47: 0.4 | H47: 45 | I47: НЕДОГРУЗ / матрица | K47: 525 | L47: =E47-K47 -> -379 | M47: =E47-N47 -> 146 | O47: 50 | Q47: 60.2 | U47: =M47/5 -> 29.2 | V47: 100 | W47: =V47 -> 100 | X47: =W47 -> 100 | Y47: =W47*0.5 -> 50 | AA47: =(F47+O47+P47+Q47+T47+X47+Y47+R47+S47)/U47 -> 11.890411 | AB47: =(F47+O47+P47+Q47+T47)/U47 -> 6.7534247 | AC47: 29.2 | AD47: 8.8 | AE47: 0 | AF47: 0.4 | AG47: 26 | AH47: 58.6 | AI47: 50 | AJ47: 30.6 | AL47: =ROUND(G47*X47,0) -> 40 | AM47: =ROUND(G47*Y47,0) -> 20 | AN47: SU002799
A48: 305 Колбаса Сервелат Мясорубский с мелкорубленным окороком в/у ТМ Стародворье ВЕС ПОКОМ | B48: кг | C48: 35.881 | D48: 18.788 | E48: 29.079 | F48: 24.257 | G48: 1 | H48: 40 | I48: НЕДОГРУЗ / матрица | K48: 33.121 | L48: =E48-K48 -> -4.042 | M48: =E48-N48 -> 29.079 | Q48: 34.7812 | U48: =M48/5 -> 5.8158 | V48: =12*U48-T48-Q48-P48-O48-F48 -> 10.7514 | W48: =V48 -> 10.7514 | X48: =W48 -> 10.7514 | AA48: =(F48+O48+P48+Q48+T48+X48+Y48+R48+S48)/U48 -> 12 | AB48: =(F48+O48+P48+Q48+T48)/U48 -> 10.151346 | AC48: 5.8158 | AD48: 7.0094 | AE48: 6.545 | AF48: 3.348 | AG48: 1.8212 | AH48: 7.1238 | AI48: 8.9622 | AJ48: 4.3484 | AL48: =ROUND(G48*X48,0) -> 11 | AM48: =ROUND(G48*Y48,0) -> 0 | AN48: SU002847
A49: 307 Колбаса Сервелат Мясорубский с мелкорубленным окороком 0,35 кг срез ТМ Стародворье Поком | B49: шт | C49: 508 | D49: 351 | E49: 644 | F49: -55 | G49: 0.35 | H49: 40 | I49: НЕДОГРУЗ / матрица | K49: 886 | L49: =E49-K49 -> -242 | M49: =E49-N49 -> 494 | N49: 150 | O49: 158.808 | P49: -162 | Q49: 200 | R49: -204 | U49: =M49/5 -> 98.8 | V49: =200 -> 200 | W49: =V49+700 -> 900 | X49: =W49 -> 900 | Y49: =W49*0.5 -> 450 | Z49: =VLOOKUP(A49,[1]Sheet!$A:$U,21,0) -> 1500 нужно в сеть ютл | AA49: =(F49+O49+P49+Q49+T49+X49+Y49+R49+S49)/U49 -> 13.034494 | AB49: =(F49+O49+P49+Q49+T49)/U49 -> 1.4353036 | AC49: 122.8 | AD49: 88.6 | AE49: 86.8 | AF49: 80.2 | AG49: 92.8 | AH49: 120.2 | AI49: 117.4 | AJ49: 88 | AL49: =ROUND(G49*X49,0) -> 315 | AM49: =ROUND(G49*Y49,0) -> 158 | AN49: SU002848
A50: 309 Сосиски Сочинки с сыром 0,4 кг ТМ Стародворье ПОКОМ | B50: шт | C50: 61 | D50: 511 | E50: 154 | F50: 222 | G50: 0.4 | H50: 40 | I50: НЕДОГРУЗ / матрица | K50: 640 | L50: =E50-K50 -> -486 | M50: =E50-N50 -> 154 | O50: 100 | Q50: 150 | U50: =M50/5 -> 30.8 | V50: 50 | W50: =V50 -> 50 | X50: =W50 -> 50 | Y50: =W50*0.5 -> 25 | AA50: =(F50+O50+P50+Q50+T50+X50+Y50+R50+S50)/U50 -> 17.75974 | AB50: =(F50+O50+P50+Q50+T50)/U50 -> 15.324675 | AC50: 31.2 | AD50: 27.8 | AE50: 53.4 | AF50: 47 | AG50: 48.6 | AH50: 78.8 | AI50: 51 | AJ50: 35.8 | AL50: =ROUND(G50*X50,0) -> 20 | AM50: =ROUND(G50*Y50,0) -> 10 | AN50: SU002686
A51: 312 Ветчина Филейская ВЕС ТМ Вязанка ТС Столичная ПОКОМ | B51: кг | C51: 71.089 | D51: 229.054 | E51: 87.636 | F51: 19.741 | G51: 1 | H51: 50 | I51: матрица | K51: 260.09 | L51: =E51-K51 -> -172.454 | M51: =E51-N51 -> -53.713 | N51: 141.349 | Q51: 54.5712 | U51: =M51/5 -> -10.7426 | V51: 60 | W51: =V51 -> 60 | X51: =W51-Y51 -> 60 | AA51: =(F51+O51+P51+Q51+T51+X51+Y51+R51+S51)/U51 -> -12.502765 | AB51: =(F51+O51+P51+Q51+T51)/U51 -> -6.9175246 | AC51: 17.9112 | AD51: 18.7516 | AE51: 17.3722 | AF51: 14.886 | AG51: 16.8022 | AH51: 14.0424 | AI51: 19.11 | AJ51: 17.2288 | AL51: =ROUND(G51*X51,0) -> 60 | AM51: =ROUND(G51*Y51,0) -> 0 | AN51: SU002828
A52: 315 Колбаса вареная Молокуша ТМ Вязанка ВЕС, ПОКОМ | B52: кг | C52: 909.638 | D52: 1210.748 | E52: 841.536 | F52: 386.556 | G52: 1 | H52: 50 | I52: матрица | K52: 1224.215 | L52: =E52-K52 -> -382.679 | M52: =E52-N52 -> 517.019 | N52: 324.517 | Q52: 414.87601 | T52: 515.33927 | U52: =M52/5 -> 103.4038 | W52: =V52 -> 0 | X52: =W52-Y52 -> 0 | AA52: =(F52+O52+P52+Q52+T52+X52+Y52+R52+S52)/U52 -> 12.734264 | AB52: =(F52+O52+P52+Q52+T52)/U52 -> 12.734264 | AC52: 157.8124 | AD52: 128.7632 | AE52: 111.2424 | AF52: 138.0056 | AG52: 108.6206 | AH52: 78.2346 | AI52: 79.3954 | AJ52: 52.0788 | AL52: =ROUND(G52*X52,0) -> 0 | AM52: =ROUND(G52*Y52,0) -> 0 | AN52: SU002830
A53: 318 Сосиски Датские ТМ Зареченские, ВЕС ПОКОМ | B53: кг | G53: 0 | I53: матрица | L53: =E53-K53 -> 0 | M53: =E53-N53 -> 0 | Q53: 0 | U53: =M53/5 -> 0 | W53: =V53 -> 0 | X53: =W53-Y53 -> 0 | AA53: =(F53+O53+P53+Q53+T53+X53+Y53+R53+S53)/U53 -> #DIV/0! | AB53: =(F53+O53+P53+Q53+T53)/U53 -> #DIV/0! | AC53: 0 | AD53: 0 | AE53: 0 | AF53: 0 | AG53: 0 | AH53: 0 | AI53: 0 | AJ53: 0 | AK53: нет потребности | AL53: =ROUND(G53*X53,0) -> 0 | AM53: =ROUND(G53*Y53,0) -> 0 | AN53: SU002655
A54: 319 Колбаса вареная Филейская ТМ Вязанка ТС Классическая, 0,45 кг. ПОКОМ | B54: шт | C54: 366 | D54: 644 | E54: 496 | F54: 335 | G54: 0.45 | H54: 50 | I54: матрица | K54: 627 | L54: =E54-K54 -> -131 | M54: =E54-N54 -> 346 | N54: 150 | O54: 124.98346 | Q54: 180.29425 | S54: =250/G54 -> 555.55556 | T54: 223.95295 | U54: =M54/5 -> 69.2 | W54: =V54 -> 0 | X54: =W54-Y54 -> 0 | AA54: =(F54+O54+P54+Q54+T54+X54+Y54+R54+S54)/U54 -> 20.517142 | AB54: =(F54+O54+P54+Q54+T54)/U54 -> 12.488882 | AC54: 93.6 | AD54: 82 | AE54: 69.6 | AF54: 75.2 | AG54: 79.4 | AH54: 86.2 | AI54: 84 | AJ54: 66.4 | AL54: =ROUND(G54*X54,0) -> 0 | AM54: =ROUND(G54*Y54,0) -> 0 | AN54: SU002815 | AO54: =VLOOKUP(AN54,[2]Лист1!$A:$A,1,0) -> SU002815
A55: 322 Колбаса вареная Молокуша 0,45кг ТМ Вязанка ПОКОМ | B55: шт | C55: 677 | D55: 675 | E55: 694 | F55: 691 | G55: 0.45 | H55: 50 | I55: матрица | K55: 641 | L55: =E55-K55 -> 53 | M55: =E55-N55 -> 694 | O55: 166.32128 | Q55: 295.51576 | T55: 367.07562 | U55: =M55/5 -> 138.8 | V55: =12*U55-T55-Q55-P55-O55-F55 -> 145.68734 | W55: =V55+$W$1*U55 -> 281.71134 | X55: =W55-Y55 -> 281.71134 | AA55: =(F55+O55+P55+Q55+T55+X55+Y55+R55+S55)/U55 -> 12.98 | AB55: =(F55+O55+P55+Q55+T55)/U55 -> 10.950379 | AC55: 140.2 | AD55: 121.6 | AE55: 115 | AF55: 109 | AG55: 86 | AH55: 112.8 | AI55: 148.2 | AJ55: 93.6 | AL55: =ROUND(G55*X55,0) -> 127 | AM55: =ROUND(G55*Y55,0) -> 0 | AN55: SU002816
A56: 328 Сардельки Сочинки Стародворье ТМ 0,4 кг ПОКОМ | B56: шт | G56: 0 | I56: матрица | L56: =E56-K56 -> 0 | M56: =E56-N56 -> 0 | Q56: 0 | U56: =M56/5 -> 0 | W56: =V56 -> 0 | X56: =W56-Y56 -> 0 | AA56: =(F56+O56+P56+Q56+T56+X56+Y56+R56+S56)/U56 -> #DIV/0! | AB56: =(F56+O56+P56+Q56+T56)/U56 -> #DIV/0! | AC56: 0 | AD56: 0 | AE56: 0 | AF56: 0 | AG56: 0 | AH56: 0 | AI56: 0 | AJ56: 0 | AK56: нет потребности | AL56: =ROUND(G56*X56,0) -> 0 | AM56: =ROUND(G56*Y56,0) -> 0 | AN56: SU002758
A57: 329 Сардельки Сочинки с сыром Стародворье ТМ, 0,4 кг. ПОКОМ | B57: шт | D57: 50 | E57: 12 | F57: 19 | G57: 0.4 | H57: 40 | I57: НЕДОГРУЗ / матрица | K57: 30 | L57: =E57-K57 -> -18 | M57: =E57-N57 -> 12 | Q57: 10 | U57: =M57/5 -> 2.4 | V57: 10 | W57: =V57 -> 10 | X57: =W57 -> 10 | AA57: =(F57+O57+P57+Q57+T57+X57+Y57+R57+S57)/U57 -> 16.25 | AB57: =(F57+O57+P57+Q57+T57)/U57 -> 12.083333 | AC57: 2.4 | AD57: -0.4 | AE57: 0.2 | AF57: 2.4 | AG57: 2.8 | AH57: 4.8 | AI57: 5.6 | AJ57: 3 | AL57: =ROUND(G57*X57,0) -> 4 | AM57: =ROUND(G57*Y57,0) -> 0 | AN57: SU002759
A58: 330 Колбаса вареная Филейская ТМ Вязанка ТС Классическая ВЕС ПОКОМ | B58: кг | C58: 237.382 | D58: 761.196 | E58: 397.166 | F58: 313.839 | G58: 1 | H58: 50 | I58: матрица | K58: 623.727 | L58: =E58-K58 -> -226.561 | M58: =E58-N58 -> 290.139 | N58: 107.027 | O58: 231.74273 | Q58: 0 | S58: 100 | U58: =M58/5 -> 58.0278 | V58: =12*U58-T58-Q58-P58-O58-F58 -> 150.75187 | W58: =V58 -> 150.75187 | X58: =W58-Y58 -> 150.75187 | AA58: =(F58+O58+P58+Q58+T58+X58+Y58+R58+S58)/U58 -> 13.723312 | AB58: =(F58+O58+P58+Q58+T58)/U58 -> 9.4020751 | AC58: 74.7718 | AD58: 94.4776 | AE58: 78.9278 | AF58: 65.6172 | AG58: 68.841 | AH58: 74.6386 | AI58: 99.824 | AJ58: 124.6264 | AL58: =ROUND(G58*X58,0) -> 151 | AM58: =ROUND(G58*Y58,0) -> 0 | AN58: SU002829 | AO58: =VLOOKUP(AN58,[2]Лист1!$A:$A,1,0) -> SU002829
A59: 334 Паштет Любительский ТМ Стародворье ламистер 0,1 кг ПОКОМ | B59: шт | C59: 104 | D59: 232 | E59: 136 | F59: 160 | G59: 0.1 | H59: 731 | I59: матрица | K59: 175 | L59: =E59-K59 -> -39 | M59: =E59-N59 -> 136 | Q59: 77.6 | U59: =M59/5 -> 27.2 | V59: =12*U59-T59-Q59-P59-O59-F59 -> 88.8 | W59: =V59 -> 88.8 | X59: =W59-Y59 -> 88.8 | AA59: =(F59+O59+P59+Q59+T59+X59+Y59+R59+S59)/U59 -> 12 | AB59: =(F59+O59+P59+Q59+T59)/U59 -> 8.7352941 | AC59: 27.2 | AD59: 26.2 | AE59: 26.8 | AF59: 27.6 | AG59: 24.4 | AH59: 26.4 | AI59: 26.6 | AJ59: 17.6 | AL59: =ROUND(G59*X59,0) -> 9 | AM59: =ROUND(G59*Y59,0) -> 0 | AN59: SU002841
A60: 335 Колбаса Сливушка ТМ Вязанка. ВЕС. ПОКОМ | B60: кг | C60: 491.873 | D60: 782.451 | E60: 492.623 | F60: 426.031 | G60: 1 | H60: 50 | I60: матрица | K60: 654.698 | L60: =E60-K60 -> -162.075 | M60: =E60-N60 -> 364.816 | N60: 127.807 | Q60: 133.80848 | U60: =M60/5 -> 72.9632 | V60: =12*U60-T60-Q60-P60-O60-F60 -> 315.71892 | W60: =V60 -> 315.71892 | X60: =W60-Y60 -> 315.71892 | AA60: =(F60+O60+P60+Q60+T60+X60+Y60+R60+S60)/U60 -> 12 | AB60: =(F60+O60+P60+Q60+T60)/U60 -> 7.672902 | AC60: 88.7722 | AD60: 93.2926 | AE60: 105.9266 | AF60: 80.3084 | AG60: 57.7956 | AH60: 86.5908 | AI60: 102.032 | AJ60: 70.1322 | AL60: =ROUND(G60*X60,0) -> 316 | AM60: =ROUND(G60*Y60,0) -> 0 | AN60: SU002928
A61: 336 Ветчина Сливушка с индейкой ТМ Вязанка. ВЕС ПОКОМ | B61: кг | C61: 48.068 | D61: 53.973 | E61: 24.357 | F61: 77.318 | G61: 1 | H61: 55 | I61: матрица | K61: 22.2 | L61: =E61-K61 -> 2.157 | M61: =E61-N61 -> 24.357 | Q61: 0 | U61: =M61/5 -> 4.8714 | W61: =V61 -> 0 | X61: =W61-Y61 -> 0 | AA61: =(F61+O61+P61+Q61+T61+X61+Y61+R61+S61)/U61 -> 15.871823 | AB61: =(F61+O61+P61+Q61+T61)/U61 -> 15.871823 | AC61: 4.8714 | AD61: 8.2176 | AE61: 6.5724 | AF61: 2.7148 | AG61: 3.7802 | AH61: 7.574 | AI61: 8.3828 | AJ61: 3.4996 | AL61: =ROUND(G61*X61,0) -> 0 | AM61: =ROUND(G61*Y61,0) -> 0 | AN61: SU002833
A62: 338 Паштет печеночный с морковью ТМ Стародворье ламистер 0,1 кг. ПОКОМ | B62: шт | C62: 105 | D62: 147 | E62: 118 | F62: 119 | G62: 0.1 | H62: 731 | I62: матрица | K62: 132 | L62: =E62-K62 -> -14 | M62: =E62-N62 -> 118 | Q62: 100.2 | U62: =M62/5 -> 23.6 | V62: =12*U62-T62-Q62-P62-O62-F62 -> 64 | W62: =V62 -> 64 | X62: =W62-Y62 -> 64 | AA62: =(F62+O62+P62+Q62+T62+X62+Y62+R62+S62)/U62 -> 12 | AB62: =(F62+O62+P62+Q62+T62)/U62 -> 9.2881356 | AC62: 23.6 | AD62: 20.2 | AE62: 24 | AF62: 23 | AG62: 23.6 | AH62: 23 | AI62: 24.2 | AJ62: 17.6 | AL62: =ROUND(G62*X62,0) -> 6 | AM62: =ROUND(G62*Y62,0) -> 0 | AN62: SU002840
A63: 339 Колбаса вареная Филейская ТМ Вязанка ТС Классическая, 0,40 кг. ПОКОМ | B63: шт | C63: 18 | D63: 10 | E63: 1 | F63: 27 | G63: 0.4 | H63: 50 | I63: матрица | K63: 3 | L63: =E63-K63 -> -2 | M63: =E63-N63 -> 1 | Q63: 0 | U63: =M63/5 -> 0.2 | W63: =V63 -> 0 | X63: =W63-Y63 -> 0 | AA63: =(F63+O63+P63+Q63+T63+X63+Y63+R63+S63)/U63 -> 135 | AB63: =(F63+O63+P63+Q63+T63)/U63 -> 135 | AC63: 0.2 | AD63: 0.8 | AE63: 1.4 | AF63: 2.2 | AG63: 2.2 | AH63: 1 | AI63: 1.6 | AJ63: 2.8 | AK63: нужно увеличить продажи!!! | AL63: =ROUND(G63*X63,0) -> 0 | AM63: =ROUND(G63*Y63,0) -> 0 | AN63: SU002831
A64: 340 Сосиски Сочинки Молочные ТМ Стародворье, ВЕС ПОКОМ | B64: кг | C64: -26.584 | D64: 296.516 | E64: 9.889 | F64: 71.605 | G64: 1 | H64: 40 | I64: НЕДОГРУЗ / матрица | K64: 168.8 | L64: =E64-K64 -> -158.911 | M64: =E64-N64 -> 9.889 | Q64: 0 | U64: =M64/5 -> 1.9778 | V64: 50 | W64: =V64 -> 50 | X64: =W64 -> 50 | Y64: =W64*0.5 -> 25 | AA64: =(F64+O64+P64+Q64+T64+X64+Y64+R64+S64)/U64 -> 74.125291 | AB64: =(F64+O64+P64+Q64+T64)/U64 -> 36.204368 | AC64: 1.9778 | AD64: 35.9304 | AE64: 33.7672 | AF64: 5.178 | AG64: 12.8698 | AH64: 11.319 | AI64: 7.4388 | AJ64: 8.8168 | AK64: 300кг под задачи ТК (05,08,26) / 150кг под задачи ТК (31,07,26) | AL64: =ROUND(G64*X64,0) -> 50 | AM64: =ROUND(G64*Y64,0) -> 25 | AN64: SU002843
A65: 341 Сосиски Сочинки Сливочные ТМ Стародворье ВЕС ПОКОМ | B65: кг | C65: -40.819 | D65: 261.317 | E65: 98.992 | F65: -53.939 | G65: 1 | H65: 40 | I65: НЕДОГРУЗ / матрица | K65: 233.497 | L65: =E65-K65 -> -134.505 | M65: =E65-N65 -> 98.992 | Q65: 50 | U65: =M65/5 -> 19.7984 | V65: 60 | W65: =V65 -> 60 | X65: =W65 -> 60 | Y65: =W65*0.5 -> 30 | AA65: =(F65+O65+P65+Q65+T65+X65+Y65+R65+S65)/U65 -> 4.3468664 | AB65: =(F65+O65+P65+Q65+T65)/U65 -> -0.19895547 | AC65: 10.04 | AD65: 35.8838 | AE65: 36.3566 | AF65: 15.0884 | AG65: 0.2688 | AH65: 0.556 | AI65: 8.06 | AJ65: 8.0434 | AK65: 300кг под задачи ТК (05,08,26) / 150кг под задачи ТК (31,07,26) | AL65: =ROUND(G65*X65,0) -> 60 | AM65: =ROUND(G65*Y65,0) -> 30 | AN65: SU002845
A66: 342 Сосиски Сочинки Молочные ТМ Стародворье 0,4 кг ПОКОМ | B66: шт | C66: 878 | D66: 1011 | E66: 940 | F66: 124 | G66: 0.4 | H66: 40 | I66: матрица | K66: 1435 | L66: =E66-K66 -> -495 | M66: =E66-N66 -> 820 | N66: 120 | Q66: 551.05976 | T66: 684.50024 | U66: =M66/5 -> 164 | V66: =12*U66-T66-Q66-P66-O66-F66 -> 608.44 | W66: =V66+$W$1*U66 -> 769.16 | X66: =W66-Y66 -> 769.16 | AA66: =(F66+O66+P66+Q66+T66+X66+Y66+R66+S66)/U66 -> 12.98 | AB66: =(F66+O66+P66+Q66+T66)/U66 -> 8.29 | AC66: 188.8 | AD66: 96.2 | AE66: 124.2 | AF66: 168 | AG66: 89.6 | AH66: 26.4 | AI66: 94.8 | AJ66: 113.2 | AL66: =ROUND(G66*X66,0) -> 308 | AM66: =ROUND(G66*Y66,0) -> 0 | AN66: SU002842
A67: 343 Сосиски Сочинки Сливочные ТМ Стародворье 0,4 кг ПОКОМ | B67: шт | C67: 79 | D67: 315 | E67: 193 | G67: 0.4 | H67: 40 | I67: НЕДОГРУЗ / матрица | K67: 667 | L67: =E67-K67 -> -474 | M67: =E67-N67 -> 133 | N67: 60 | O67: 50 | Q67: 187.4 | R67: -192 | U67: =M67/5 -> 26.6 | V67: 200 | W67: =V67 -> 200 | X67: =W67 -> 200 | Y67: =W67*0.5 -> 100 | AA67: =(F67+O67+P67+Q67+T67+X67+Y67+R67+S67)/U67 -> 12.984962 | AB67: =(F67+O67+P67+Q67+T67)/U67 -> 8.924812 | AC67: 38.4 | AD67: 0.6 | AE67: 0 | AF67: 0.4 | AG67: 0.8 | AH67: 45.6 | AI67: 95.8 | AJ67: 80.4 | AL67: =ROUND(G67*X67,0) -> 80 | AM67: =ROUND(G67*Y67,0) -> 40 | AN67: SU002844
A68: 344 Колбаса Сочинка по-европейски с сочной грудинкой ТМ Стародворье, ВЕС ПОКОМ | B68: кг | C68: 131.675 | D68: 182.439 | E68: 131.474 | F68: 90.784 | G68: 1 | H68: 40 | I68: матрица | K68: 130.688 | L68: =E68-K68 -> 0.786 | M68: =E68-N68 -> 55.728 | N68: 75.746 | Q68: 0 | U68: =M68/5 -> 11.1456 | V68: =12*U68-T68-Q68-P68-O68-F68 -> 42.9632 | W68: =V68 -> 42.9632 | X68: =W68-Y68 -> 42.9632 | AA68: =(F68+O68+P68+Q68+T68+X68+Y68+R68+S68)/U68 -> 12 | AB68: =(F68+O68+P68+Q68+T68)/U68 -> 8.1452771 | AC68: 9.0596 | AD68: 17.7364 | AE68: 6.0776 | AF68: 4.7904 | AG68: 12.2656 | AH68: 17.0556 | AI68: 11.9252 | AJ68: 7.8718 | AL68: =ROUND(G68*X68,0) -> 43 | AM68: =ROUND(G68*Y68,0) -> 0 | AN68: SU002941
A69: 345 Колбаса Сочинка по-фински с сочным окроком ТМ Стародворье ВЕС ПОКОМ | B69: кг | C69: 59.363 | D69: 389.28 | E69: 48.876 | F69: 191.063 | G69: 1 | H69: 40 | I69: матрица | K69: 237.132 | L69: =E69-K69 -> -188.256 | M69: =E69-N69 -> 16.556 | N69: 32.32 | Q69: 0 | U69: =M69/5 -> 3.3112 | W69: =V69 -> 0 | X69: =W69-Y69 -> 0 | AA69: =(F69+O69+P69+Q69+T69+X69+Y69+R69+S69)/U69 -> 57.702042 | AB69: =(F69+O69+P69+Q69+T69)/U69 -> 57.702042 | AC69: 20.5816 | AD69: 30.9612 | AE69: 27.1608 | AF69: 17.945 | AG69: 16.6822 | AH69: 20.4164 | AI69: 21.8698 | AJ69: 14.438 | AL69: =ROUND(G69*X69,0) -> 0 | AM69: =ROUND(G69*Y69,0) -> 0 | AN69: SU002943
A70: 346 Колбаса Сочинка зернистая с сочной грудинкой ТМ Стародворье.ВЕС ПОКОМ | B70: кг | C70: 764.342 | D70: 374.042 | E70: 525.474 | F70: 354.421 | G70: 1 | H70: 40 | I70: матрица | K70: 631.668 | L70: =E70-K70 -> -106.194 | M70: =E70-N70 -> 417.277 | N70: 108.197 | Q70: 378.854 | R70: -383.4 | U70: =M70/5 -> 83.4554 | V70: =12*U70-T70-Q70-P70-O70-F70 -> 268.1898 | W70: =V70 -> 268.1898 | X70: =W70-Y70 -> 268.1898 | AA70: =(F70+O70+P70+Q70+T70+X70+Y70+R70+S70)/U70 -> 7.4059294 | AB70: =(F70+O70+P70+Q70+T70)/U70 -> 8.7864296 | AC70: 94.112 | AD70: 81.4164 | AE70: 61.898 | AF70: 89.2536 | AG70: 110.1428 | AH70: 106.628 | AI70: 119.445 | AJ70: 150.356 | AL70: =ROUND(G70*X70,0) -> 268 | AM70: =ROUND(G70*Y70,0) -> 0 | AN70: SU002945
A71: 347 Колбаса Сочинка рубленая с сочным окороком ТМ Стародворье ВЕС ПОКОМ | B71: кг | C71: 115.339 | D71: 182.222 | E71: 117.982 | F71: -28.299 | G71: 1 | H71: 40 | I71: матрица | K71: 235.834 | L71: =E71-K71 -> -117.852 | M71: =E71-N71 -> 85.562 | N71: 32.42 | Q71: 186.3614 | U71: =M71/5 -> 17.1124 | V71: =12*U71-T71-Q71-P71-O71-F71 -> 47.2864 | W71: =V71 -> 47.2864 | X71: =W71-Y71 -> 47.2864 | AA71: =(F71+O71+P71+Q71+T71+X71+Y71+R71+S71)/U71 -> 12 | AB71: =(F71+O71+P71+Q71+T71)/U71 -> 9.2367172 | AC71: 30.8038 | AD71: 13.1944 | AE71: 3.5874 | AF71: 14.342 | AG71: 18.891 | AH71: 10.531 | AI71: 10.1662 | AJ71: 7.0498 | AL71: =ROUND(G71*X71,0) -> 47 | AM71: =ROUND(G71*Y71,0) -> 0 | AN71: SU002947
A72: 355 Колбаса Сервелат запеченный ТМ Стародворье ТС Дугушка. 0,6 кг. ПОКОМ | B72: шт | G72: 0 | I72: матрица | L72: =E72-K72 -> 0 | M72: =E72-N72 -> 0 | Q72: 0 | U72: =M72/5 -> 0 | W72: =V72 -> 0 | X72: =W72-Y72 -> 0 | AA72: =(F72+O72+P72+Q72+T72+X72+Y72+R72+S72)/U72 -> #DIV/0! | AB72: =(F72+O72+P72+Q72+T72)/U72 -> #DIV/0! | AC72: 0 | AD72: 0 | AE72: 0 | AF72: 0 | AG72: 0 | AH72: 0 | AI72: 0 | AJ72: 0 | AK72: нет потребности | AL72: =ROUND(G72*X72,0) -> 0 | AM72: =ROUND(G72*Y72,0) -> 0 | AN72: SU002918
A73: 364 Сардельки Филейские Вязанка ВЕС NDX ТМ Вязанка ПОКОМ | B73: кг | C73: 709.1 | D73: 204.638 | E73: 230.796 | F73: 484.814 | G73: 1 | H73: 30 | I73: матрица | K73: 378.4 | L73: =E73-K73 -> -147.604 | M73: =E73-N73 -> 230.796 | Q73: 0 | U73: =M73/5 -> 46.1592 | V73: =12*U73-T73-Q73-P73-O73-F73 -> 69.0964 | W73: =V73 -> 69.0964 | X73: =W73-Y73 -> 69.0964 | AA73: =(F73+O73+P73+Q73+T73+X73+Y73+R73+S73)/U73 -> 12 | AB73: =(F73+O73+P73+Q73+T73)/U73 -> 10.503085 | AC73: 46.7592 | AD73: 74.2702 | AE73: 73.8136 | AF73: 59.3512 | AG73: 99.834 | AH73: 113.3442 | AI73: 77.8298 | AJ73: 48.9584 | AL73: =ROUND(G73*X73,0) -> 69 | AM73: =ROUND(G73*Y73,0) -> 0 | AN73: SU002835
A74: 365 Колбаса Салями Филейбургская зернистая, 0,28 кг срез ТМ Баварушка ПОКОМ | B74: шт | E74: 1 | F74: -1 | G74: 0 | I74: не в матрице | K74: 1 | L74: =E74-K74 -> 0 | M74: =E74-N74 -> 1 | Q74: 0 | U74: =M74/5 -> 0.2 | W74: =V74 -> 0 | X74: =W74-Y74 -> 0 | AA74: =(F74+O74+P74+Q74+T74+X74+Y74+R74+S74)/U74 -> -5 | AB74: =(F74+O74+P74+Q74+T74)/U74 -> -5 | AC74: 0.2 | AD74: 0 | AE74: 0 | AF74: 0 | AG74: 0 | AH74: 0 | AI74: 0 | AJ74: 0 | AL74: =ROUND(G74*X74,0) -> 0 | AM74: =ROUND(G74*Y74,0) -> 0
A75: 376 Колбаса Докторская Дугушка 0,6кг ГОСТ ТМ Стародворье ПОКОМ | B75: шт | C75: 1155 | D75: 212 | E75: 639 | F75: 482 | G75: 0.6 | H75: 60 | I75: матрица | K75: 739 | L75: =E75-K75 -> -100 | M75: =E75-N75 -> 639 | Q75: 317.08816 | T75: 393.87184 | U75: =M75/5 -> 127.8 | V75: =12*U75-T75-Q75-P75-O75-F75 -> 340.64 | W75: =V75+$W$1*U75 -> 465.884 | X75: =W75-Y75 -> 465.884 | AA75: =(F75+O75+P75+Q75+T75+X75+Y75+R75+S75)/U75 -> 12.98 | AB75: =(F75+O75+P75+Q75+T75)/U75 -> 9.3345853 | AC75: 127.8 | AD75: 101.6 | AE75: 91.8 | AF75: 71.4 | AG75: 79.4 | AH75: 144.8 | AI75: 132.2 | AJ75: 65.6 | AL75: =ROUND(G75*X75,0) -> 280 | AM75: =ROUND(G75*Y75,0) -> 0 | AN75: SU002632
A76: 377 Колбаса Молочная Дугушка 0,6кг ТМ Стародворье ПОКОМ | B76: шт | C76: 831 | D76: 520 | E76: 646 | F76: 503 | G76: 0.6 | H76: 60 | I76: матрица | K76: 720 | L76: =E76-K76 -> -74 | M76: =E76-N76 -> 646 | O76: 347.88 | Q76: 354.24 | U76: =M76/5 -> 129.2 | V76: =12*U76-T76-Q76-P76-O76-F76 -> 345.28 | W76: =V76+$W$1*U76 -> 471.896 | X76: =W76-Y76 -> 471.896 | AA76: =(F76+O76+P76+Q76+T76+X76+Y76+R76+S76)/U76 -> 12.98 | AB76: =(F76+O76+P76+Q76+T76)/U76 -> 9.3275542 | AC76: 129.2 | AD76: 126 | AE76: 88.6 | AF76: 74.4 | AG76: 96.8 | AH76: 125.2 | AI76: 118.6 | AJ76: 74.4 | AL76: =ROUND(G76*X76,0) -> 283 | AM76: =ROUND(G76*Y76,0) -> 0 | AN76: SU002631
A77: 387 Колбаса вареная Мусульманская Халяль ТМ Вязанка, 0,4 кг ПОКОМ | B77: шт | D77: 40 | F77: 40 | G77: 0.4 | I77: матрица | L77: =E77-K77 -> 0 | M77: =E77-N77 -> 0 | Q77: 10 | U77: =M77/5 -> 0 | W77: =V77 -> 0 | X77: =W77-Y77 -> 0 | AA77: =(F77+O77+P77+Q77+T77+X77+Y77+R77+S77)/U77 -> #DIV/0! | AB77: =(F77+O77+P77+Q77+T77)/U77 -> #DIV/0! | AC77: 0 | AD77: 0 | AE77: 0 | AF77: 0 | AG77: 0 | AH77: 0 | AI77: 0 | AJ77: 0 | AK77: с 14,08,26 начинаем заказывать | AL77: =ROUND(G77*X77,0) -> 0 | AM77: =ROUND(G77*Y77,0) -> 0 | AN77: SU002983
A78: 388 Сосиски Восточные Халяль ТМ Вязанка 0,33 кг АК. ПОКОМ | B78: шт | C78: 1 | F78: 1 | G78: 0 | I78: матрица | L78: =E78-K78 -> 0 | M78: =E78-N78 -> 0 | Q78: 0 | U78: =M78/5 -> 0 | W78: =V78 -> 0 | X78: =W78-Y78 -> 0 | AA78: =(F78+O78+P78+Q78+T78+X78+Y78+R78+S78)/U78 -> #DIV/0! | AB78: =(F78+O78+P78+Q78+T78)/U78 -> #DIV/0! | AC78: 0 | AD78: 0.2 | AE78: 0.2 | AF78: 0 | AG78: 0 | AH78: 0 | AI78: 0 | AJ78: 0 | AK78: нет потребности | AL78: =ROUND(G78*X78,0) -> 0 | AM78: =ROUND(G78*Y78,0) -> 0 | AN78: SU002984
A79: 394 Колбаса полукопченая Аль-Ислами халяль ТМ Вязанка оболочка фиброуз в в/у 0,35 кг ПОКОМ | B79: шт | C79: 14 | D79: 66 | E79: 20 | F79: 64 | G79: 0.35 | H79: 90 | I79: матрица | K79: 57 | L79: =E79-K79 -> -37 | M79: =E79-N79 -> 20 | Q79: 0 | U79: =M79/5 -> 4 | W79: =V79 -> 0 | X79: =W79-Y79 -> 0 | AA79: =(F79+O79+P79+Q79+T79+X79+Y79+R79+S79)/U79 -> 16 | AB79: =(F79+O79+P79+Q79+T79)/U79 -> 16 | AC79: 4 | AD79: 8.8 | AE79: 7.2 | AF79: 9.4 | AG79: 10.4 | AH79: 6.2 | AI79: 9.4 | AJ79: 9.4 | AL79: =ROUND(G79*X79,0) -> 0 | AM79: =ROUND(G79*Y79,0) -> 0 | AN79: SU002985
A80: 395 Колбаса Докторская ГОСТ ТМ Вязанка в оболочке полиамид 0,37 кг. ПОКОМ | B80: шт | C80: 88 | D80: 275 | E80: 153 | F80: 195 | G80: 0.37 | H80: 50 | I80: матрица | K80: 175 | L80: =E80-K80 -> -22 | M80: =E80-N80 -> 153 | Q80: 85.6 | U80: =M80/5 -> 30.6 | V80: =12*U80-T80-Q80-P80-O80-F80 -> 86.6 | W80: =V80 -> 86.6 | X80: =W80-Y80 -> 86.6 | AA80: =(F80+O80+P80+Q80+T80+X80+Y80+R80+S80)/U80 -> 12 | AB80: =(F80+O80+P80+Q80+T80)/U80 -> 9.1699346 | AC80: 30.6 | AD80: 27.4 | AE80: 35.4 | AF80: 29.4 | AG80: 16.2 | AH80: 28.8 | AI80: 28.8 | AJ80: 18.2 | AL80: =ROUND(G80*X80,0) -> 32 | AM80: =ROUND(G80*Y80,0) -> 0 | AN80: SU002986
A81: 397 Ветчина Дугушка ТМ Стародворье ТС Дугушка в полиамидной оболочке 0,6 кг. ПОКОМ | B81: шт | C81: 722 | D81: 13 | E81: 309 | F81: 389 | G81: 0.6 | H81: 70 | I81: ВНИМАНИЕ / матрица | K81: 331 | L81: =E81-K81 -> -22 | M81: =E81-N81 -> 309 | Q81: 127 | U81: =M81/5 -> 61.8 | V81: =11*U81-T81-Q81-P81-O81-F81 -> 163.8 | W81: =V81 -> 163.8 | X81: =W81-Y81 -> 163.8 | AA81: =(F81+O81+P81+Q81+T81+X81+Y81+R81+S81)/U81 -> 11 | AB81: =(F81+O81+P81+Q81+T81)/U81 -> 8.3495146 | AC81: 61.8 | AD81: 34.2 | AE81: 32.6 | AF81: 19.6 | AG81: 83.6 | AH81: 196.6 | AI81: 134 | AJ81: 33.2 | AK81: 500шт под ЮТЛ (Хмель 05,08,26) / 500шт под ЮТЛ (Хмель 15,07,26) | AL81: =ROUND(G81*X81,0) -> 98 | AM81: =ROUND(G81*Y81,0) -> 0 | AN81: SU002643
A82: 405 Сардельки Сливушки ТМ Вязанка в оболочке айпил 0,33 кг. ПОКОМ | B82: шт | C82: 84 | D82: 372 | E82: 206 | F82: 55 | G82: 0.33 | H82: 40 | I82: матрица | K82: 342 | L82: =E82-K82 -> -136 | M82: =E82-N82 -> 206 | O82: 144.0712 | Q82: 156.54 | U82: =M82/5 -> 41.2 | V82: =12*U82-T82-Q82-P82-O82-F82 -> 138.7888 | W82: =V82 -> 138.7888 | X82: =W82-Y82 -> 138.7888 | AA82: =(F82+O82+P82+Q82+T82+X82+Y82+R82+S82)/U82 -> 12 | AB82: =(F82+O82+P82+Q82+T82)/U82 -> 8.6313398 | AC82: 49.6 | AD82: 42 | AE82: 24.8 | AF82: 34.4 | AG82: 51 | AH82: 66.4 | AI82: 43.8 | AJ82: 14 | AL82: =ROUND(G82*X82,0) -> 46 | AM82: =ROUND(G82*Y82,0) -> 0 | AN82: SU002367
A83: 408 Ветчина Сливушка с индейкой ТМ Вязанка, 0,4кг ПОКОМ | B83: шт | C83: 50 | D83: 114 | E83: 66 | F83: 113 | G83: 0.4 | H83: 55 | I83: матрица | K83: 58 | L83: =E83-K83 -> 8 | M83: =E83-N83 -> 66 | Q83: 19.2 | U83: =M83/5 -> 13.2 | V83: =12*U83-T83-Q83-P83-O83-F83 -> 26.2 | W83: =V83 -> 26.2 | X83: =W83-Y83 -> 26.2 | AA83: =(F83+O83+P83+Q83+T83+X83+Y83+R83+S83)/U83 -> 12 | AB83: =(F83+O83+P83+Q83+T83)/U83 -> 10.015152 | AC83: 13.2 | AD83: 12.8 | AE83: 9.6 | AF83: 8.6 | AG83: 10.8 | AH83: 12.2 | AI83: 8.4 | AJ83: 8.4 | AL83: =ROUND(G83*X83,0) -> 10 | AM83: =ROUND(G83*Y83,0) -> 0 | AN83: SU002735
A84: 410 Сосиски Баварские с сыром ТМ Стародворье 0,35 кг. ПОКОМ | B84: шт | C84: -8 | D84: 375 | E84: 98 | F84: 262 | G84: 0.35 | H84: 40 | I84: НЕДОГРУЗ / матрица | K84: 70 | L84: =E84-K84 -> 28 | M84: =E84-N84 -> 98 | O84: 50 | Q84: 0 | U84: =M84/5 -> 19.6 | V84: 50 | W84: =V84 -> 50 | X84: =W84 -> 50 | Y84: =W84*0.5 -> 25 | AA84: =(F84+O84+P84+Q84+T84+X84+Y84+R84+S84)/U84 -> 19.744898 | AB84: =(F84+O84+P84+Q84+T84)/U84 -> 15.918367 | AC84: 19.6 | AD84: 50 | AE84: 40 | AF84: 12.4 | AG84: -1 | AH84: 8.8 | AI84: 26.2 | AJ84: 35.8 | AL84: =ROUND(G84*X84,0) -> 18 | AM84: =ROUND(G84*Y84,0) -> 9 | AN84: SU003168
A85: 412 Сосиски Баварские ТМ Стародворье 0,35 кг ПОКОМ | B85: шт | C85: -1 | D85: 315 | E85: -3 | F85: 10 | G85: 0.35 | H85: 45 | I85: НЕДОГРУЗ / матрица | K85: 269 | L85: =E85-K85 -> -272 | M85: =E85-N85 -> -153 | N85: 150 | O85: 50 | Q85: 100 | U85: =M85/5 -> -30.6 | V85: 100 | W85: =V85 -> 100 | X85: =W85 -> 100 | Y85: =W85*0.5 -> 50 | AA85: =(F85+O85+P85+Q85+T85+X85+Y85+R85+S85)/U85 -> -10.130719 | AB85: =(F85+O85+P85+Q85+T85)/U85 -> -5.2287582 | AC85: -0.6 | AD85: 0 | AE85: 2.8 | AF85: 74.4 | AG85: 77.2 | AH85: 16.6 | AI85: 66.6 | AJ85: 83 | AL85: =ROUND(G85*X85,0) -> 35 | AM85: =ROUND(G85*Y85,0) -> 18 | AN85: SU003167
A86: 425 Сосиски Сливочные Вязанка Сливушки Весовые П/а мгс Вязанка Поком | B86: кг | C86: -5.441 | F86: -5.441 | G86: 0 | I86: не в матрице | J86: 017 Сосиски Вязанка Сливочные, Вязанка амицел ВЕС.ПОКОМ | L86: =E86-K86 -> 0 | M86: =E86-N86 -> 0 | Q86: 0 | U86: =M86/5 -> 0 | W86: =V86 -> 0 | X86: =W86-Y86 -> 0 | AA86: =(F86+O86+P86+Q86+T86+X86+Y86+R86+S86)/U86 -> #DIV/0! | AB86: =(F86+O86+P86+Q86+T86)/U86 -> #DIV/0! | AC86: 0 | AD86: 0 | AE86: 1.0882 | AF86: 1.0882 | AG86: 0 | AH86: 0 | AI86: 0 | AJ86: 0 | AL86: =ROUND(G86*X86,0) -> 0 | AM86: =ROUND(G86*Y86,0) -> 0
A87: 430 Колбаса Стародворская с окороком 0,4 кг. ТМ Стародворье в оболочке полиамид ПОКОМ | B87: шт | C87: 53 | D87: 50 | E87: 2 | F87: 103 | G87: 0.4 | H87: 55 | I87: матрица | L87: =E87-K87 -> 2 | M87: =E87-N87 -> 2 | Q87: 0 | U87: =M87/5 -> 0.4 | W87: =V87 -> 0 | X87: =W87-Y87 -> 0 | AA87: =(F87+O87+P87+Q87+T87+X87+Y87+R87+S87)/U87 -> 257.5 | AB87: =(F87+O87+P87+Q87+T87)/U87 -> 257.5 | AC87: 0.4 | AD87: 8.6 | AE87: 8.6 | AF87: 4.4 | AG87: 7.6 | AH87: 4 | AI87: 4 | AJ87: 0 | AK87: нужно увеличить продажи!!! | AL87: =ROUND(G87*X87,0) -> 0 | AM87: =ROUND(G87*Y87,0) -> 0 | AN87: SU003272
A88: 433 Колбаса Стародворская со шпиком в оболочке полиамид. ТМ Стародворье ВЕС ПОКОМ | B88: кг | C88: 33.729 | E88: 4.091 | F88: 16.384 | G88: 1 | H88: 55 | I88: матрица | K88: 15.3 | L88: =E88-K88 -> -11.209 | M88: =E88-N88 -> 4.091 | Q88: 0 | U88: =M88/5 -> 0.8182 | W88: =V88 -> 0 | X88: =W88-Y88 -> 0 | AA88: =(F88+O88+P88+Q88+T88+X88+Y88+R88+S88)/U88 -> 20.024444 | AB88: =(F88+O88+P88+Q88+T88)/U88 -> 20.024444 | AC88: 0.8182 | AD88: 1.704 | AE88: 2.01 | AF88: 1.7164 | AG88: 1.7184 | AH88: 0.578 | AI88: 1.7448 | AJ88: 1.7296 | AK88: нужно увеличить продажи!!! | AL88: =ROUND(G88*X88,0) -> 0 | AM88: =ROUND(G88*Y88,0) -> 0 | AN88: SU003275
A89: 436 Колбаса Молочная стародворская с молоком, ВЕС, ТМ Стародворье ПОКОМ | B89: кг | G89: 0 | I89: матрица | L89: =E89-K89 -> 0 | M89: =E89-N89 -> 0 | Q89: 0 | U89: =M89/5 -> 0 | W89: =V89 -> 0 | X89: =W89-Y89 -> 0 | AA89: =(F89+O89+P89+Q89+T89+X89+Y89+R89+S89)/U89 -> #DIV/0! | AB89: =(F89+O89+P89+Q89+T89)/U89 -> #DIV/0! | AC89: 0 | AD89: 0 | AE89: 0 | AF89: 0 | AG89: 0 | AH89: 0 | AI89: 0 | AJ89: 0 | AK89: нет потребности | AL89: =ROUND(G89*X89,0) -> 0 | AM89: =ROUND(G89*Y89,0) -> 0 | AN89: SU003273
A90: 449 Колбаса Дугушка Стародворская ВЕС ТС Дугушка ПОКОМ | B90: кг | C90: 3866.12 | D90: 5962.269 | E90: 4315.109 | F90: 3348.852 | G90: 1 | H90: 60 | I90: матрица | K90: 4583.6 | L90: =E90-K90 -> -268.491 | M90: =E90-N90 -> 4213.159 | N90: 101.95 | O90: 1377.187 | Q90: 2305.799 | T90: 2864.154 | U90: =M90/5 -> 842.6318 | V90: =12*U90-T90-Q90-P90-O90-F90 -> 215.58959 | W90: 0 | X90: =W90-Y90 -> 0 | AA90: =(F90+O90+P90+Q90+T90+X90+Y90+R90+S90)/U90 -> 11.744147 | AB90: =(F90+O90+P90+Q90+T90)/U90 -> 11.744147 | AC90: 930.8048 | AD90: 746.087 | AE90: 678.2404 | AF90: 611.373 | AG90: 524.66 | AH90: 546.3716 | AI90: 631.1854 | AJ90: 487.4292 | AL90: =ROUND(G90*X90,0) -> 0 | AM90: =ROUND(G90*Y90,0) -> 0 | AN90: SU002634 | AO90: =VLOOKUP(AN90,[2]Лист1!$A:$A,1,0) -> SU002634
A91: 451 Сосиски Филейские ТМ Вязанка в оболочке целлофан 0,3 кг. ПОКОМ | B91: шт | C91: 146 | D91: 322 | E91: 245 | F91: 197 | G91: 0.3 | H91: 40 | I91: матрица | K91: 271 | L91: =E91-K91 -> -26 | M91: =E91-N91 -> 245 | O91: 208.21944 | Q91: 0 | U91: =M91/5 -> 49 | V91: =12*U91-T91-Q91-P91-O91-F91 -> 182.78056 | W91: =V91 -> 182.78056 | X91: =W91-Y91 -> 182.78056 | AA91: =(F91+O91+P91+Q91+T91+X91+Y91+R91+S91)/U91 -> 12 | AB91: =(F91+O91+P91+Q91+T91)/U91 -> 8.2697845 | AC91: 49 | AD91: 54.8 | AE91: 31.2 | AF91: 37.8 | AG91: 35.8 | AH91: 44 | AI91: 54.4 | AJ91: 32.2 | AL91: =ROUND(G91*X91,0) -> 55 | AM91: =ROUND(G91*Y91,0) -> 0 | AN91: SU002825
A92: 452 Колбаса Со шпиком ВЕС большой батон ТМ Особый рецепт ПОКОМ | B92: кг | C92: 1501.596 | D92: 4179.04 | E92: 1786.174 | F92: 383.127 | G92: 1 | H92: 60 | I92: матрица | K92: 3731.734 | L92: =E92-K92 -> -1945.56 | M92: =E92-N92 -> 1786.174 | O92: 794.34634 | Q92: 1619.6355 | T92: 2011.8342 | U92: =M92/5 -> 357.2348 | W92: =V92 -> 0 | X92: =W92-Y92 -> 0 | AA92: =(F92+O92+P92+Q92+T92+X92+Y92+R92+S92)/U92 -> 13.461575 | AB92: =(F92+O92+P92+Q92+T92)/U92 -> 13.461575 | AC92: 505.7272 | AD92: 276.8416 | AE92: 190.1532 | AF92: 224.5422 | AG92: 235.4412 | AH92: 237.8428 | AI92: 261.7706 | AJ92: 210.9222 | AL92: =ROUND(G92*X92,0) -> 0 | AM92: =ROUND(G92*Y92,0) -> 0 | AN92: SU003423 | AO92: =VLOOKUP(AN92,[2]Лист1!$A:$A,1,0) -> SU003423
A93: 456 Колбаса Филейная ТМ Особый рецепт ВЕС большой батон ПОКОМ | B93: кг | C93: 5155.091 | D93: 3786.117 | E93: 3167.687 | F93: 3242.443 | G93: 1 | H93: 60 | I93: матрица | K93: 4175.722 | L93: =E93-K93 -> -1008.035 | M93: =E93-N93 -> 1522.677 | N93: 1645.01 | O93: 1039.1909 | Q93: 398.05943 | T93: 494.4505 | U93: =M93/5 -> 304.5354 | W93: =V93 -> 0 | X93: =W93-Y93 -> 0 | AA93: =(F93+O93+P93+Q93+T93+X93+Y93+R93+S93)/U93 -> 16.990287 | AB93: =(F93+O93+P93+Q93+T93)/U93 -> 16.990287 | AC93: 631.58 | AD93: 682.7248 | AE93: 684.1716 | AF93: 529.6386 | AG93: 447.9076 | AH93: 485.6838 | AI93: 514.5382 | AJ93: 401.6282 | AK93: нужно увеличить продажи | AL93: =ROUND(G93*X93,0) -> 0 | AM93: =ROUND(G93*Y93,0) -> 0 | AN93: SU003420 | AO93: =VLOOKUP(AN93,[2]Лист1!$A:$A,1,0) -> SU003420
A94: 457 Колбаса Молочная ТМ Особый рецепт ВЕС большой батон ПОКОМ | B94: кг | C94: 5918.617 | D94: 6028.203 | E94: =2735.521+E23 -> 2740.491 | F94: =5525.034+F23 -> 5512.571 | G94: 1 | H94: 60 | I94: матрица | K94: 6008.577 | L94: =E94-K94 -> -3268.086 | M94: =E94-N94 -> 1989.252 | N94: 751.239 | O94: 1317.908 | Q94: 0 | U94: =M94/5 -> 397.8504 | W94: =V94 -> 0 | X94: =W94-Y94 -> 0 | AA94: =(F94+O94+P94+Q94+T94+X94+Y94+R94+S94)/U94 -> 17.168461 | AB94: =(F94+O94+P94+Q94+T94)/U94 -> 17.168461 | AC94: 698.2562 | AD94: 848.8694 | AE94: 803.5792 | AF94: 649.2556 | AG94: 717.882 | AH94: 624.5142 | AI94: 657.897 | AJ94: 520.9252 | AK94: нужно увеличить продажи | AL94: =ROUND(G94*X94,0) -> 0 | AM94: =ROUND(G94*Y94,0) -> 0 | AN94: SU003422 | AO94: =VLOOKUP(AN94,[2]Лист1!$A:$A,1,0) -> SU003422
A95: 460 Колбаса Стародворская Традиционная ВЕС ТМ Стародворье в оболочке полиамид. ПОКОМ | B95: кг | C95: 76.864 | D95: 2.67 | E95: 26.854 | F95: 48.498 | G95: 1 | H95: 55 | I95: матрица | K95: 27.2 | L95: =E95-K95 -> -0.346 | M95: =E95-N95 -> 26.854 | Q95: 0 | U95: =M95/5 -> 5.3708 | V95: =12*U95-T95-Q95-P95-O95-F95 -> 15.9516 | W95: =V95 -> 15.9516 | X95: =W95-Y95 -> 15.9516 | AA95: =(F95+O95+P95+Q95+T95+X95+Y95+R95+S95)/U95 -> 12 | AB95: =(F95+O95+P95+Q95+T95)/U95 -> 9.0299397 | AC95: 5.3708 | AD95: 3.2182 | AE95: 2.9496 | AF95: 2.4132 | AG95: 4.8088 | AH95: 2.9366 | AI95: 2.9626 | AJ95: 9.129 | AL95: =ROUND(G95*X95,0) -> 16 | AM95: =ROUND(G95*Y95,0) -> 0 | AN95: SU003392
A96: 463 Колбаса Молочная Традиционнаяв оболочке полиамид.ТМ Стародворье. ВЕС ПОКОМ | B96: кг | C96: -1.36 | F96: -1.36 | G96: 0 | I96: не в матрице | L96: =E96-K96 -> 0 | M96: =E96-N96 -> 0 | Q96: 0 | U96: =M96/5 -> 0 | W96: =V96 -> 0 | X96: =W96-Y96 -> 0 | AA96: =(F96+O96+P96+Q96+T96+X96+Y96+R96+S96)/U96 -> #DIV/0! | AB96: =(F96+O96+P96+Q96+T96)/U96 -> #DIV/0! | AC96: 0 | AD96: 0 | AE96: 0 | AF96: 0 | AG96: 0 | AH96: 0 | AI96: 0 | AJ96: 0.272 | AL96: =ROUND(G96*X96,0) -> 0 | AM96: =ROUND(G96*Y96,0) -> 0 | AN96: SU003394
A97: 485 Колбаса Молочная по-стародворски ТМ Стародворье в оболочке полиамид. ВЕС ПОКОМ | B97: кг | C97: -2.596 | F97: -2.596 | G97: 0 | I97: не в матрице | L97: =E97-K97 -> 0 | M97: =E97-N97 -> 0 | Q97: 0 | U97: =M97/5 -> 0 | W97: =V97 -> 0 | X97: =W97-Y97 -> 0 | AA97: =(F97+O97+P97+Q97+T97+X97+Y97+R97+S97)/U97 -> #DIV/0! | AB97: =(F97+O97+P97+Q97+T97)/U97 -> #DIV/0! | AC97: 0 | AD97: 0.5484 | AE97: 3.7996 | AF97: 5.404 | AG97: 5.3784 | AH97: 6.864 | AI97: 3.9004 | AJ97: 2.42 | AL97: =ROUND(G97*X97,0) -> 0 | AM97: =ROUND(G97*Y97,0) -> 0
A98: 498 Колбаса Сочинка рубленая с сочным окороком 0,3кг ТМ Стародворье ПОКОМ | B98: шт | C98: -3 | D98: 2 | F98: -3 | G98: 0.3 | H98: 40 | I98: НЕДОГРУЗ / матрица | K98: 182 | L98: =E98-K98 -> -182 | M98: =E98-N98 -> 0 | Q98: 50 | R98: -54 | U98: =M98/5 -> 0 | V98: 50 | W98: =V98 -> 50 | X98: =W98 -> 50 | Y98: =W98*0.5 -> 25 | AA98: =(F98+O98+P98+Q98+T98+X98+Y98+R98+S98)/U98 -> #DIV/0! | AB98: =(F98+O98+P98+Q98+T98)/U98 -> #DIV/0! | AC98: 0 | AD98: 8.4 | AE98: 9.6 | AF98: 9.2 | AG98: 15.2 | AH98: 23.8 | AI98: 25.4 | AJ98: 17.2 | AL98: =ROUND(G98*X98,0) -> 15 | AM98: =ROUND(G98*Y98,0) -> 8 | AN98: SU002948
A99: 517 Сосиски С сыром ТМ Ядрена копоть 0,3кг ПОКОМ | B99: шт | C99: 56 | D99: 156 | E99: 39 | F99: 169 | G99: 0.3 | H99: 40 | I99: матрица | K99: 41 | L99: =E99-K99 -> -2 | M99: =E99-N99 -> 39 | Q99: 0 | U99: =M99/5 -> 7.8 | W99: =V99 -> 0 | X99: =W99-Y99 -> 0 | AA99: =(F99+O99+P99+Q99+T99+X99+Y99+R99+S99)/U99 -> 21.666667 | AB99: =(F99+O99+P99+Q99+T99)/U99 -> 21.666667 | AC99: 7.8 | AD99: 17.2 | AE99: 16.2 | AF99: 4 | AG99: 9.6 | AH99: 11 | AI99: 12.4 | AJ99: 6.8 | AK99: нужно увеличить продажи | AL99: =ROUND(G99*X99,0) -> 0 | AM99: =ROUND(G99*Y99,0) -> 0 | AN99: SU003665
A100: 523 Колбаса Сальчичон нарезка 0,07кг ТМ Стародворье ПОКОМ | B100: шт | C100: 505 | D100: 23 | E100: 127 | F100: 327 | G100: 0.07 | H100: 90 | I100: ВНИМАНИЕ / матрица | K100: 189 | L100: =E100-K100 -> -62 | M100: =E100-N100 -> 127 | Q100: 0 | U100: =M100/5 -> 25.4 | W100: =V100+400 -> 400 | X100: =W100-Y100 -> 400 | Z100: =VLOOKUP(A100,[1]Sheet!$A:$U,21,0) -> 400 сеть молоко | AA100: =(F100+O100+P100+Q100+T100+X100+Y100+R100+S100)/U100 -> 28.622047 | AB100: =(F100+O100+P100+Q100+T100)/U100 -> 12.874016 | AC100: 25.4 | AD100: 27.8 | AE100: 21.6 | AF100: 29 | AG100: 32.4 | AH100: 33.4 | AI100: 34.8 | AJ100: 22.2 | AK100: плюсом 400шт сеть Молоко (21,08,26) / плюсом 300шт сеть Молоко (05,08,26) | AL100: =ROUND(G100*X100,0) -> 28 | AM100: =ROUND(G100*Y100,0) -> 0 | AN100: SU003893
...

Sheet недогруз 22,08
A1: SU002205 | B1: Сосиски «Молочные для завтрака» Фикс.вес 0,4 П/а мгс ТМ «Особый рецепт» | C1: 81.6 | D1: -81.6
A2: SU002252 | B2: П/к колбасы Кракушка пряная с сальцем Бавария Фикс.вес 0,3 н/о в/у Стародворье | C2: 23.4 | D2: -23.4
A3: SU002621 | B3: Сосиски «Сочинки с сочным окороком» Фикс.вес 0,4 П/а мгс ТМ «Стародворье» | C3: 160.8 | D3: -160.8
A4: SU002660 | B4: Колбаса Мясорубская ТМ Стародворье с рубленой грудинкой в оболочке фиброуз в вакуумной упаковке 0,35 кг срез | C4: 18.9 | D4: -18.9
A5: SU002844 | B5: Сосиски «Сочинки Сливочные» Фикс.вес 0,4 п/а мгс ТМ «Стародворье» | C5: 76.8 | D5: -76.8
A6: SU002848 | B6: В/к колбасы Сервелат Мясорубский с мелкорубленным окороком срез Бордо Фикс.вес 0,35 фиброуз Стародворье | C6: 71.4 | D6: -71.4
A7: SU002942 | B7: В/к колбасы «Сочинка по-фински с сочным окороком» срез Фикс.вес 0,3 фиброуз ТМ «Стародворье» | C7: 16.2 | D7: -16.2
A8: SU002944 | B8: В/к колбасы «Сочинка по-европейски с сочной грудинкой» срез Фикс.вес 0,3 фиброуз ТМ «Стародворье» | C8: 30.6 | D8: -30.6
A9: SU002945 | B9: П/к колбасы «Сочинка зернистая с сочной грудинкой» Весовой фиброуз ТМ «Стародворье» | C9: 383.4 | D9: -383.4
A10: SU002948 | B10: П/к колбасы «Сочинка рубленая с сочным окороком» срез Фикс.вес 0,3 фиброуз ТМ «Стародворье» | C10: 16.2 | D10: -16.2
A11: SU004041 | B11: Копченые колбасы «Балыковая» Весовой фиброуз ТМ «Вязанка» | C11: 101.5 | D11: -101.5
A12: SU004045 | B12: Копченые колбасы «Сервелат Финский» Фикс.вес 0,28 фиброуз срез ТМ «Вязанка» | C12: 57.12 | D12: -57.12
