Workbook

Sheet Sheet
Y1: 0.98
Y2: дн | AO2: 17000
A3: Номенклатура | B3: Ед. изм. | C3: Начальный остаток | D3: Приход | E3: Расход | F3: Конечный остаток | G3: крат | H3: сроки | I3: метка | J3: метка2 | K3: заяв | L3: разн | M3: без опта | N3: опт | O3: заказ в пути | P3: заказ в пути | Q3: заказ в пути | R3: заказ в пути | S3: заказ в пути | T3: заказ в пути | U3: заказ в пути | V3: заказ в пути | W3: ср нов | X3: расчет | Y3: итого | Z3: заказ | AA3: заказ | AB3: заказ | AC3: ТК | AD3: кон ост | AE3: факт | AF3: ср | AG3: ср | AH3: ср | AI3: ср | AJ3: ср | AK3: ср | AL3: ср | AM3: ср | AN3: комментарии | AO3: вес | AP3: вес
O4: 18,08, | P4: 18,08,недогр | Q4: 22,08, | R4: 22,08,недогр | S4: 22,08,доз | T4: 23,08, | U4: 23,08,недогр | V4: 23,08,доз | W4: 20,08, | Z4: 25,08, | AA4: 24,08,недогр | AB4: 24,08, | AC4: Хмель | AF4: 18,08, | AG4: 13,08, | AH4: 11,08, | AI4: 06,08, | AJ4: 04,08, | AK4: 30,07, | AL4: 28,07, | AM4: 23,07, | AO4: 25,08, | AP4: 24,08, | AR4: 1
E5: =SUM(E6:E500) -> 73581.433 | F5: =SUM(F6:F500) -> 46657.597 | K5: =SUM(K6:K500) -> 92199.358 | L5: =SUM(L6:L500) -> -18617.925 | M5: =SUM(M6:M500) -> 58637.696 | N5: =SUM(N6:N500) -> 14943.737 | O5: =SUM(O6:O500) -> 19603.011 | P5: =SUM(P6:P500) -> -1273.5 | Q5: =SUM(Q6:Q500) -> 22586.477 | R5: =SUM(R6:R500) -> -2032.9 | ... AB5: =SUM(AB6:AB500) -> 13146.432 | AF5: =SUM(AF6:AF500) -> 13329.493 | AG5: =SUM(AG6:AG500) -> 12669.462 | AH5: =SUM(AH6:AH500) -> 10646.114 | AI5: =SUM(AI6:AI500) -> 10433.826 | AJ5: =SUM(AJ6:AJ500) -> 11173.737 | AK5: =SUM(AK6:AK500) -> 12763.75 | AL5: =SUM(AL6:AL500) -> 14118.473 | AM5: =SUM(AM6:AM500) -> 10392.848 | AO5: =SUM(AO6:AO500) -> 16997 | AP5: =SUM(AP6:AP500) -> 7985 | AR5: 1
A6: 005 Колбаса Докторская ГОСТ, Вязанка вектор,ВЕС. ПОКОМ | B6: кг | C6: 2019.147 | D6: 3887.194 | E6: 2033.168 | F6: 2734.685 | G6: 1 | H6: 50 | I6: матрица | K6: 2268.741 | L6: =E6-K6 -> -235.573 | M6: =E6-N6 -> 1628.108 | N6: 405.06 | O6: 571.67825 | Q6: 215.47623 | T6: 267.65433 | W6: =M6/5 -> 325.6216 | X6: =12*W6-T6-Q6-P6-O6-F6 -> 117.96539 | Y6: 0 | Z6: =Y6-AB6 -> 0 | AD6: =(F6+O6+P6+Q6+T6+Z6+AB6+R6+S6+U6+V6)/W6 -> 11.637722 | AE6: =(F6+O6+P6+Q6+T6)/W6 -> 11.637722 | AF6: 402.6088 | AG6: 419.2068 | AH6: 402.0166 | AI6: 337.7342 | AJ6: 348.7926 | AK6: 383.9166 | AL6: 414.5354 | AM6: 309.1234 | AO6: =ROUND(G6*Z6,0) -> 0 | AP6: =ROUND(G6*AB6,0) -> 0 | AQ6: SU000722
A7: 016 Сосиски Вязанка Молочные, Вязанка вискофан ВЕС.ПОКОМ | B7: кг | C7: 473.784 | D7: 2893.569 | E7: 1688.492 | F7: 1204.04 | G7: 1 | H7: 45 | I7: матрица | K7: 1499.102 | L7: =E7-K7 -> 189.39 | M7: =E7-N7 -> 1081.529 | N7: 606.963 | O7: 753.70391 | Q7: 200.7 | T7: 249.3 | W7: =M7/5 -> 216.3058 | X7: =12*W7-T7-Q7-P7-O7-F7 -> 187.92569 | Y7: =X7+$Y$1*W7 -> 399.90537 | Z7: =Y7-AB7 -> 399.90537 | AD7: =(F7+O7+P7+Q7+T7+Z7+AB7+R7+S7+U7+V7)/W7 -> 12.98 | AE7: =(F7+O7+P7+Q7+T7)/W7 -> 11.131204 | AF7: 223.072 | AG7: 285.975 | AH7: 246.8064 | AI7: 136.3926 | AJ7: 175.6748 | AK7: 232.3934 | AL7: 194.2758 | AM7: 139.5838 | AO7: =ROUND(G7*Z7,0) -> 400 | AP7: =ROUND(G7*AB7,0) -> 0 | AQ7: SU001523
A8: 017 Сосиски Вязанка Сливочные, Вязанка амицел ВЕС.ПОКОМ | B8: кг | C8: 2754.893 | D8: 6282.726 | E8: 4646.485 | F8: =2266.304+F86 -> 2260.863 | G8: 1 | H8: 45 | I8: матрица | K8: 4805.024 | L8: =E8-K8 -> -158.539 | M8: =E8-N8 -> 2732.122 | N8: 1914.363 | O8: 976.73631 | Q8: 1024.6154 | T8: 1272.7285 | W8: =M8/5 -> 546.4244 | X8: =12*W8-T8-Q8-P8-O8-F8 -> 1022.1495 | Y8: =X8+$Y$1*W8 -> 1557.6455 | Z8: =Y8-AB8 -> 857.64546 | AB8: 700 | AD8: =(F8+O8+P8+Q8+T8+Z8+AB8+R8+S8+U8+V8)/W8 -> 12.98 | AE8: =(F8+O8+P8+Q8+T8)/W8 -> 10.129385 | AF8: 608.09 | AG8: 673.4266 | AH8: 716.373 | AI8: 543.649 | AJ8: 613.5636 | AK8: 603.608 | AL8: 601.6022 | AM8: 449.453 | AO8: =ROUND(G8*Z8,0) -> 858 | AP8: =ROUND(G8*AB8,0) -> 700 | AQ8: SU001721
A9: 023 Колбаса Докторская ГОСТ, Вязанка вектор, 0,4 кг, ПОКОМ | B9: шт | C9: 23 | D9: 10 | E9: 7 | F9: 18 | G9: 0.4 | H9: 50 | I9: матрица | K9: 14 | L9: =E9-K9 -> -7 | M9: =E9-N9 -> 7 | Q9: 0 | W9: =M9/5 -> 1.4 | Y9: =X9 -> 0 | Z9: =Y9-AB9 -> 0 | AD9: =(F9+O9+P9+Q9+T9+Z9+AB9+R9+S9+U9+V9)/W9 -> 12.857143 | AE9: =(F9+O9+P9+Q9+T9)/W9 -> 12.857143 | AF9: 1.4 | AG9: 1.8 | AH9: 2.4 | AI9: 1 | AJ9: 1.2 | AK9: 2.6 | AL9: 2.2 | AM9: 0 | AN9: 19 шт списано (12,07,26) | AO9: =ROUND(G9*Z9,0) -> 0 | AP9: =ROUND(G9*AB9,0) -> 0 | AQ9: SU001485
A10: 030 Сосиски Вязанка Молочные, Вязанка вискофан МГС, 0.45кг, ПОКОМ | B10: шт | C10: 1956.55 | D10: 2792 | E10: 2608.174 | F10: 615.376 | G10: 0.45 | H10: 45 | I10: ВНИМАНИЕ / матрица | K10: 3201 | L10: =E10-K10 -> -592.826 | M10: =E10-N10 -> 2464.174 | N10: 144 | O10: 907.608 | Q10: 535.2 | S10: 1000 | T10: 664.8 | W10: =M10/5 -> 492.8348 | X10: 2000 | Y10: =X10 -> 2000 | Z10: =Y10-AB10 -> 700 | AB10: 1300 | AD10: =(F10+O10+P10+Q10+T10+Z10+AB10+R10+S10+U10+V10)/W10 -> 11.612378 | AE10: =(F10+O10+P10+Q10+T10)/W10 -> 5.5251455 | AF10: 540.4348 | AG10: 426.419 | AH10: 373.019 | AI10: 298 | AJ10: 339 | AK10: 705.871 | AL10: 624.671 | AM10: 265.4 | AN10: 1000шт под ЮТЛ (Хмель 15,07,26) | AO10: =ROUND(G10*Z10,0) -> 315 | AP10: =ROUND(G10*AB10,0) -> 585 | AQ10: SU001718 | AR10: =VLOOKUP(AQ10,[1]Лист1!$A:$A,1,0) -> SU001718
A11: 032 Сосиски Вязанка Сливочные, Вязанка амицел МГС, 0.45кг, ПОКОМ | B11: шт | C11: 5853.021 | D11: 2392 | E11: 4360.366 | F11: 1646.655 | G11: 0.45 | H11: 45 | I11: ВНИМАНИЕ / матрица | K11: 4886 | L11: =E11-K11 -> -525.634 | M11: =E11-N11 -> 3424.366 | N11: 936 | O11: 260 | Q11: 356.8 | T11: 443.2 | W11: =M11/5 -> 684.8732 | X11: =11*W11-T11-Q11-P11-O11-F11 -> 4826.9502 | Y11: =X11 -> 4826.9502 | Z11: =Y11-AB11 -> 1826.9502 | AB11: 3000 | AD11: =(F11+O11+P11+Q11+T11+Z11+AB11+R11+S11+U11+V11)/W11 -> 11 | AE11: =(F11+O11+P11+Q11+T11)/W11 -> 3.9520527 | AF11: 689.6732 | AG11: 718.03 | AH11: 763.0744 | AI11: 683.4 | AJ11: 536.8 | AK11: 707.3658 | AL11: 771.7658 | AM11: 431.2 | AN11: 1000 сеть МКД (05,08,26) | AO11: =ROUND(G11*Z11,0) -> 822 | AP11: =ROUND(G11*AB11,0) -> 1350 | AQ11: SU001720
A12: 047 Кол Баварская, белков.обол. в термоусад. пакете 0.17 кг, ТМ Стародворье ПОКОМ | B12: шт | C12: 282 | D12: 37 | E12: 119 | F12: 126 | G12: 0.17 | H12: 180 | I12: матрица | K12: 149 | L12: =E12-K12 -> -30 | M12: =E12-N12 -> 89 | N12: 30 | Q12: 0 | W12: =M12/5 -> 17.8 | X12: =12*W12-T12-Q12-P12-O12-F12 -> 87.6 | Y12: =X12 -> 87.6 | Z12: =Y12-AB12 -> 87.6 | AD12: =(F12+O12+P12+Q12+T12+Z12+AB12+R12+S12+U12+V12)/W12 -> 12 | AE12: =(F12+O12+P12+Q12+T12)/W12 -> 7.0786517 | AF12: 17.8 | AG12: 13.2 | AH12: 20 | AI12: 19.234 | AJ12: 23.6 | AK12: 35 | AL12: 24.6 | AM12: 9 | AO12: =ROUND(G12*Z12,0) -> 15 | AP12: =ROUND(G12*AB12,0) -> 0 | AQ12: SU002092
A13: 062 Колбаса Кракушка пряная с сальцем, 0.3кг в/у п/к, БАВАРУШКА ПОКОМ | B13: шт | C13: 96 | D13: 9 | E13: 60 | F13: 19 | G13: 0.3 | H13: 40 | I13: матрица | K13: 80 | L13: =E13-K13 -> -20 | M13: =E13-N13 -> 60 | Q13: 75 | R13: -78 | W13: =M13/5 -> 12 | X13: =12*W13-T13-Q13-P13-O13-F13 -> 50 | Y13: =X13 -> 50 | Z13: =Y13-AB13 -> 50 | AD13: =(F13+O13+P13+Q13+T13+Z13+AB13+R13+S13+U13+V13)/W13 -> 5.5 | AE13: =(F13+O13+P13+Q13+T13)/W13 -> 7.8333333 | AF13: 12.6 | AG13: 7.2 | AH13: 4.2 | AI13: 8.2 | AJ13: 11.8 | AK13: 8.4 | AL13: 3.2 | AM13: 1 | AO13: =ROUND(G13*Z13,0) -> 15 | AP13: =ROUND(G13*AB13,0) -> 0 | AQ13: SU002252
A14: 083 Колбаса Швейцарская 0,17 кг., ШТ., сырокопченая ПОКОМ | B14: шт | C14: 383 | D14: 103 | E14: 297 | F14: 6 | G14: 0.17 | H14: 180 | I14: матрица | K14: 397 | L14: =E14-K14 -> -100 | M14: =E14-N14 -> 87 | N14: 210 | Q14: 152 | W14: =M14/5 -> 17.4 | X14: =12*W14-T14-Q14-P14-O14-F14 -> 50.8 | Y14: =X14 -> 50.8 | Z14: =Y14-AB14 -> 50.8 | AD14: =(F14+O14+P14+Q14+T14+Z14+AB14+R14+S14+U14+V14)/W14 -> 12 | AE14: =(F14+O14+P14+Q14+T14)/W14 -> 9.0804598 | AF14: 35.4 | AG14: 34.2 | AH14: 26 | AI14: 27.634 | AJ14: 36.8 | AK14: 60.2 | AL14: 65.2 | AM14: 36.6 | AO14: =ROUND(G14*Z14,0) -> 9 | AP14: =ROUND(G14*AB14,0) -> 0 | AQ14: SU001869
A15: 103 Сосиски Классические, 0.42кг,ядрена копотьПОКОМ | B15: шт | C15: 336 | D15: 2 | E15: 5 | F15: 272 | G15: 0 | I15: не в матрице | K15: 53 | L15: =E15-K15 -> -48 | M15: =E15-N15 -> 5 | Q15: 0 | W15: =M15/5 -> 1 | Y15: =X15 -> 0 | Z15: =Y15-AB15 -> 0 | AD15: =(F15+O15+P15+Q15+T15+Z15+AB15+R15+S15+U15+V15)/W15 -> 272 | AE15: =(F15+O15+P15+Q15+T15)/W15 -> 272 | AF15: 1 | AG15: 5.2 | AH15: 4.4 | AI15: 0.2 | AJ15: 4.4 | AK15: 4.2 | AL15: 0 | AM15: 0 | AN15: Продукция для ПРС!!! | AO15: =ROUND(G15*Z15,0) -> 0 | AP15: =ROUND(G15*AB15,0) -> 0 | AQ15: SU000341
A16: 200 Ветчина Дугушка ТМ Стародворье, вектор в/у ПОКОМ | B16: кг | C16: 3949.242 | D16: 5740.334 | E16: 4270.796 | F16: 3018.523 | G16: 1 | H16: 70 | I16: матрица | K16: 4821.759 | L16: =E16-K16 -> -550.963 | M16: =E16-N16 -> 2883.302 | N16: 1387.494 | O16: 1598.8085 | Q16: 267.6 | T16: 332.4 | W16: =M16/5 -> 576.6604 | X16: =12*W16-T16-Q16-P16-O16-F16 -> 1702.5933 | Y16: =X16+$Y$1*W16 -> 2267.7205 | Z16: =Y16-AB16 -> 1402.7205 | AB16: 865 | AD16: =(F16+O16+P16+Q16+T16+Z16+AB16+R16+S16+U16+V16)/W16 -> 12.98 | AE16: =(F16+O16+P16+Q16+T16)/W16 -> 9.047494 | AF16: 628.171 | AG16: 726.9406 | AH16: 643.966 | AI16: 609.9092 | AJ16: 693.1158 | AK16: 746.7954 | AL16: 794.7714 | AM16: 554.7976 | AO16: =ROUND(G16*Z16,0) -> 1403 | AP16: =ROUND(G16*AB16,0) -> 865 | AQ16: SU002035 | AR16: =VLOOKUP(AQ16,[1]Лист1!$A:$A,1,0) -> SU002035
A17: 201 Ветчина Нежная ТМ Особый рецепт, (2,5кг), ПОКОМ | B17: кг | C17: 3045.259 | D17: 3464.733 | E17: 3118.307 | F17: 1311.933 | G17: 1 | H17: 50 | I17: матрица | K17: 4089.089 | L17: =E17-K17 -> -970.782 | M17: =E17-N17 -> 1418.037 | N17: 1700.27 | O17: 270.40264 | Q17: 888.46133 | T17: 1103.6044 | V17: 300 | W17: =M17/5 -> 283.6074 | Y17: =X17 -> 0 | Z17: =Y17-AB17 -> 0 | AD17: =(F17+O17+P17+Q17+T17+Z17+AB17+R17+S17+U17+V17)/W17 -> 13.661144 | AE17: =(F17+O17+P17+Q17+T17)/W17 -> 12.603343 | AF17: 445.8572 | AG17: 436.475 | AH17: 435.7906 | AI17: 509.0408 | AJ17: 530.1232 | AK17: 537.543 | AL17: 623.7324 | AM17: 623.553 | AO17: =ROUND(G17*Z17,0) -> 0 | AP17: =ROUND(G17*AB17,0) -> 0 | AQ17: SU000126 | AR17: =VLOOKUP(AQ17,[1]Лист1!$A:$A,1,0) -> SU000126
A18: 215 Колбаса Докторская ГОСТ Дугушка, ВЕС, ТМ Стародворье ПОКОМ | B18: кг | C18: 328.6 | D18: 310.218 | E18: 448.405 | F18: -10.764 | G18: 1 | H18: 60 | I18: матрица | K18: 523.844 | L18: =E18-K18 -> -75.439 | M18: =E18-N18 -> 146.161 | N18: 302.244 | Q18: 211.8584 | W18: =M18/5 -> 29.2322 | X18: =12*W18-T18-Q18-P18-O18-F18 -> 149.692 | Y18: =X18 -> 149.692 | Z18: =Y18-AB18 -> 149.692 | AD18: =(F18+O18+P18+Q18+T18+Z18+AB18+R18+S18+U18+V18)/W18 -> 12 | AE18: =(F18+O18+P18+Q18+T18)/W18 -> 6.8792085 | AF18: 29.2322 | AG18: 22.3572 | AH18: -0.251 | AI18: 23.0592 | AJ18: 27.917 | AK18: 18.902 | AL18: 36.5078 | AM18: 45.232 | AO18: =ROUND(G18*Z18,0) -> 150 | AP18: =ROUND(G18*AB18,0) -> 0 | AQ18: SU002011
A19: 219 Колбаса Докторская Особая ТМ Особый рецепт, ВЕС ПОКОМ | B19: кг | C19: -4.974 | E19: 1.755 | F19: -27.493 | G19: 0 | I19: не в матрице | J19: 597 Колбаса Классическая ТМ Особый рецепт в оболочке полиамид ВЕС. ПОКОМ | K19: 22.5 | L19: =E19-K19 -> -20.745 | M19: =E19-N19 -> 1.755 | Q19: 0 | W19: =M19/5 -> 0.351 | Y19: =X19 -> 0 | Z19: =Y19-AB19 -> 0 | AD19: =(F19+O19+P19+Q19+T19+Z19+AB19+R19+S19+U19+V19)/W19 -> -78.327635 | AE19: =(F19+O19+P19+Q19+T19)/W19 -> -78.327635 | AF19: 0.351 | AG19: -0.365 | AH19: -0.513 | AI19: -0.148 | AJ19: 0 | AK19: 0.4948 | AL19: 0.4948 | AM19: 0 | AO19: =ROUND(G19*Z19,0) -> 0 | AP19: =ROUND(G19*AB19,0) -> 0 | AQ19: SU004238 | AR19: =VLOOKUP(AQ19,[1]Лист1!$A:$A,1,0) -> SU004238
A20: 225 Колбаса Дугушка со шпиком, ВЕС, ТМ Стародворье ПОКОМ | B20: кг | G20: 0 | I20: матрица | L20: =E20-K20 -> 0 | M20: =E20-N20 -> 0 | Q20: 0 | W20: =M20/5 -> 0 | Y20: =X20 -> 0 | Z20: =Y20-AB20 -> 0 | AD20: =(F20+O20+P20+Q20+T20+Z20+AB20+R20+S20+U20+V20)/W20 -> #DIV/0! | AE20: =(F20+O20+P20+Q20+T20)/W20 -> #DIV/0! | AF20: 0 | AG20: 0 | AH20: 0 | AI20: 0 | AJ20: 0 | AK20: 0 | AL20: 0 | AM20: 0 | AN20: нет потребности | AO20: =ROUND(G20*Z20,0) -> 0 | AP20: =ROUND(G20*AB20,0) -> 0 | AQ20: SU002182
A21: 226 Колбаса Княжеская, с/к белков.обол в термоусад. пакете, ВЕС, ТМ Стародворье ПОКОМ | B21: кг | C21: 4.074 | D21: 20.452 | E21: 4.417 | F21: 21.476 | G21: 1 | H21: 180 | I21: матрица | K21: 3.2 | L21: =E21-K21 -> 1.217 | M21: =E21-N21 -> 4.417 | Q21: 0 | W21: =M21/5 -> 0.8834 | Y21: =X21 -> 0 | Z21: =Y21-AB21 -> 0 | AD21: =(F21+O21+P21+Q21+T21+Z21+AB21+R21+S21+U21+V21)/W21 -> 24.310618 | AE21: =(F21+O21+P21+Q21+T21)/W21 -> 24.310618 | AF21: 0.8834 | AG21: 1.4618 | AH21: 1.1292 | AI21: 0.642 | AJ21: 0.429 | AK21: 1.0448 | AL21: 1.1864 | AM21: 0.4298 | AN21: нужно увеличить продажи | AO21: =ROUND(G21*Z21,0) -> 0 | AP21: =ROUND(G21*AB21,0) -> 0 | AQ21: SU001920
A22: 229 Колбаса Молочная Дугушка, в/у, ВЕС, ТМ Стародворье ПОКОМ | B22: кг | C22: 4132.444 | D22: 9744.665 | E22: 5972.888 | F22: 5774.89 | G22: 1 | H22: 60 | I22: матрица | K22: 5380.919 | L22: =E22-K22 -> 591.969 | M22: =E22-N22 -> 5972.888 | O22: 3489.2333 | Q22: 1826.1225 | T22: 2268.3225 | W22: =M22/5 -> 1194.5776 | X22: =12*W22-T22-Q22-P22-O22-F22 -> 976.36289 | Y22: 0 | Z22: =Y22-AB22 -> 0 | AD22: =(F22+O22+P22+Q22+T22+Z22+AB22+R22+S22+U22+V22)/W22 -> 11.182671 | AE22: =(F22+O22+P22+Q22+T22)/W22 -> 11.182671 | AF22: 1235.5082 | AG22: 1204.554 | AH22: 901.4088 | AI22: 763.3562 | AJ22: 859.3734 | AK22: 796.5506 | AL22: 870.4836 | AM22: 625.4246 | AO22: =ROUND(G22*Z22,0) -> 0 | AP22: =ROUND(G22*AB22,0) -> 0 | AQ22: SU002010
A23: 230 Колбаса Молочная Особая ТМ Особый рецепт, п/а, ВЕС. ПОКОМ | B23: кг | C23: -7.493 | E23: 4.97 | F23: -12.463 | G23: 0 | I23: не в матрице | J23: 457 Колбаса Молочная ТМ Особый рецепт ВЕС большой батон ПОКОМ | K23: 5 | L23: =E23-K23 -> -0.03 | M23: =E23-N23 -> 4.97 | Q23: 0 | W23: =M23/5 -> 0.994 | Y23: =X23 -> 0 | Z23: =Y23-AB23 -> 0 | AD23: =(F23+O23+P23+Q23+T23+Z23+AB23+R23+S23+U23+V23)/W23 -> -12.538229 | AE23: =(F23+O23+P23+Q23+T23)/W23 -> -12.538229 | AF23: 0.994 | AG23: 0 | AH23: 0 | AI23: 0 | AJ23: 0 | AK23: 1.4986 | AL23: 1.4986 | AM23: 0 | AO23: =ROUND(G23*Z23,0) -> 0 | AP23: =ROUND(G23*AB23,0) -> 0 | AQ23: SU003422 | AR23: =VLOOKUP(AQ23,[1]Лист1!$A:$A,1,0) -> SU003422
A24: 236 Колбаса Рубленая ЗАПЕЧ. Дугушка ТМ Стародворье, вектор, в/к ПОКОМ | B24: кг | C24: 335.729 | D24: 1254.869 | E24: 209.511 | F24: 583.087 | G24: 1 | H24: 70 | I24: матрица | K24: 1037.545 | L24: =E24-K24 -> -828.034 | M24: =E24-N24 -> 108.401 | N24: 101.11 | Q24: 0 | W24: =M24/5 -> 21.6802 | Y24: =X24 -> 0 | Z24: =Y24-AB24 -> 0 | AD24: =(F24+O24+P24+Q24+T24+Z24+AB24+R24+S24+U24+V24)/W24 -> 26.894909 | AE24: =(F24+O24+P24+Q24+T24)/W24 -> 26.894909 | AF24: 72.8132 | AG24: 77.0706 | AH24: 121.8204 | AI24: 64.7166 | AJ24: 29.2552 | AK24: 86.5184 | AL24: 112.269 | AM24: 80.8328 | AN24: нужно увеличить продажи | AO24: =ROUND(G24*Z24,0) -> 0 | AP24: =ROUND(G24*AB24,0) -> 0 | AQ24: SU002150
A25: 239 Колбаса Салями запеч Дугушка, оболочка вектор, ВЕС, ТМ Стародворье ПОКОМ | B25: кг | C25: 1316.174 | D25: 1676.538 | E25: 1398.375 | F25: 990.209 | G25: 1 | H25: 70 | I25: матрица | K25: 1519.923 | L25: =E25-K25 -> -121.548 | M25: =E25-N25 -> 1063.414 | N25: 334.961 | O25: 457.30278 | Q25: 322.91478 | T25: 401.10939 | W25: =M25/5 -> 212.6828 | X25: =12*W25-T25-Q25-P25-O25-F25 -> 380.65764 | Y25: =X25+$Y$1*W25 -> 589.08679 | Z25: =Y25-AB25 -> 589.08679 | AD25: =(F25+O25+P25+Q25+T25+Z25+AB25+R25+S25+U25+V25)/W25 -> 12.98 | AE25: =(F25+O25+P25+Q25+T25)/W25 -> 10.21021 | AF25: 230.368 | AG25: 244.7884 | AH25: 233.4784 | AI25: 197.4094 | AJ25: 248.3712 | AK25: 254.2464 | AL25: 255.9778 | AM25: 183.0002 | AO25: =ROUND(G25*Z25,0) -> 589 | AP25: =ROUND(G25*AB25,0) -> 0 | AQ25: SU002158
A26: 240 Колбаса Салями охотничья, ВЕС. ПОКОМ | B26: кг | G26: 0 | I26: матрица | L26: =E26-K26 -> 0 | M26: =E26-N26 -> 0 | Q26: 0 | W26: =M26/5 -> 0 | Y26: =X26 -> 0 | Z26: =Y26-AB26 -> 0 | AD26: =(F26+O26+P26+Q26+T26+Z26+AB26+R26+S26+U26+V26)/W26 -> #DIV/0! | AE26: =(F26+O26+P26+Q26+T26)/W26 -> #DIV/0! | AF26: 0 | AG26: 0 | AH26: 0 | AI26: 0 | AJ26: 0 | AK26: 0 | AL26: 0 | AM26: 0 | AN26: нет потребности | AO26: =ROUND(G26*Z26,0) -> 0 | AP26: =ROUND(G26*AB26,0) -> 0 | AQ26: SU001921
A27: 242 Колбаса Сервелат ЗАПЕЧ.Дугушка ТМ Стародворье, вектор, в/к ПОКОМ | B27: кг | C27: 2323.611 | D27: 2015.317 | E27: 2505.23 | F27: 633.433 | G27: 1 | H27: 70 | I27: матрица | K27: 2693.62 | L27: =E27-K27 -> -188.39 | M27: =E27-N27 -> 1782.234 | N27: 722.996 | O27: 416 | Q27: 1084.2377 | T27: 1346.7885 | W27: =M27/5 -> 356.4468 | X27: =12*W27-T27-Q27-P27-O27-F27 -> 796.90236 | Y27: =X27+$Y$1*W27 -> 1146.2202 | Z27: =Y27-AB27 -> 1146.2202 | AD27: =(F27+O27+P27+Q27+T27+Z27+AB27+R27+S27+U27+V27)/W27 -> 12.98 | AE27: =(F27+O27+P27+Q27+T27)/W27 -> 9.7643161 | AF27: 377.3442 | AG27: 436.646 | AH27: 375.1652 | AI27: 497.5888 | AJ27: 453.6796 | AK27: 417.4032 | AL27: 457.0628 | AM27: 304.7148 | AO27: =ROUND(G27*Z27,0) -> 1146 | AP27: =ROUND(G27*AB27,0) -> 0 | AQ27: SU002151
A28: 244 Колбаса Сервелат Кремлевский, ВЕС. ПОКОМ | B28: кг | C28: 81.498 | E28: 6.511 | F28: 69.202 | G28: 1 | H28: 40 | I28: матрица | K28: 7.2 | L28: =E28-K28 -> -0.689 | M28: =E28-N28 -> 6.511 | Q28: 0 | W28: =M28/5 -> 1.3022 | Y28: =X28 -> 0 | Z28: =Y28-AB28 -> 0 | AD28: =(F28+O28+P28+Q28+T28+Z28+AB28+R28+S28+U28+V28)/W28 -> 53.142374 | AE28: =(F28+O28+P28+Q28+T28)/W28 -> 53.142374 | AF28: 1.3022 | AG28: 1.9806 | AH28: 1.2582 | AI28: 0.732 | AJ28: 1.3146 | AK28: 7.8512 | AL28: 8.7356 | AM28: 3.5048 | AN28: нужно увеличить продажи!!! | AO28: =ROUND(G28*Z28,0) -> 0 | AP28: =ROUND(G28*AB28,0) -> 0 | AQ28: SU001822
A29: 247 Сардельки Нежные, ВЕС. ПОКОМ | B29: кг | G29: 0 | I29: матрица | L29: =E29-K29 -> 0 | M29: =E29-N29 -> 0 | Q29: 0 | W29: =M29/5 -> 0 | Y29: =X29 -> 0 | Z29: =Y29-AB29 -> 0 | AD29: =(F29+O29+P29+Q29+T29+Z29+AB29+R29+S29+U29+V29)/W29 -> #DIV/0! | AE29: =(F29+O29+P29+Q29+T29)/W29 -> #DIV/0! | AF29: 0 | AG29: 0 | AH29: 0 | AI29: 0 | AJ29: 0 | AK29: 0 | AL29: 0 | AM29: 0 | AN29: нет потребности | AO29: =ROUND(G29*Z29,0) -> 0 | AP29: =ROUND(G29*AB29,0) -> 0 | AQ29: SU001051
A30: 248 Сардельки Сочные ТМ Особый рецепт, ПОКОМ | B30: кг | G30: 0 | I30: матрица | L30: =E30-K30 -> 0 | M30: =E30-N30 -> 0 | Q30: 0 | W30: =M30/5 -> 0 | Y30: =X30 -> 0 | Z30: =Y30-AB30 -> 0 | AD30: =(F30+O30+P30+Q30+T30+Z30+AB30+R30+S30+U30+V30)/W30 -> #DIV/0! | AE30: =(F30+O30+P30+Q30+T30)/W30 -> #DIV/0! | AF30: 0 | AG30: 0 | AH30: 0 | AI30: 0 | AJ30: 0 | AK30: 0 | AL30: 0 | AM30: 0 | AN30: нет потребности | AO30: =ROUND(G30*Z30,0) -> 0 | AP30: =ROUND(G30*AB30,0) -> 0 | AQ30: SU002287
A31: 250 Сардельки стародворские с говядиной в обол. NDX, ВЕС. ПОКОМ | B31: кг | C31: 1400.299 | D31: 2826.522 | E31: 3172.825 | F31: 187.902 | G31: 1 | H31: 30 | I31: НЕДОГРУЗ / матрица | K31: 2490.037 | L31: =E31-K31 -> 682.788 | M31: =E31-N31 -> 2203.238 | N31: 969.587 | O31: 416 | Q31: 669 | T31: 831 | W31: =M31/5 -> 440.6476 | X31: =11*W31-T31-Q31-P31-O31-F31 -> 2743.2216 | Y31: =X31 -> 2743.2216 | Z31: 2610 | AA31: -500.8 | AB31: =Y31*0.5 -> 1371.6108 | AD31: =(F31+O31+P31+Q31+T31+Z31+AB31+R31+S31+U31+V31)/W31 -> 13.810385 | AE31: =(F31+O31+P31+Q31+T31)/W31 -> 4.7745682 | AF31: 365.1898 | AG31: 310.8728 | AH31: 178.8978 | AI31: 437.4332 | AJ31: 568.7244 | AK31: 251.4826 | AL31: 368.8554 | AM31: 396.4942 | AO31: =ROUND(G31*Z31,0) -> 2610 | AP31: =ROUND(G31*AB31,0) -> 1372 | AQ31: SU000227
A32: 253 Сосиски Ганноверские ПОКОМ | B32: кг | C32: -0.23 | F32: -0.23 | G32: 0 | H32: 40 | I32: не в матрице | L32: =E32-K32 -> 0 | M32: =E32-N32 -> 0 | Q32: 0 | W32: =M32/5 -> 0 | Y32: =X32 -> 0 | Z32: =Y32-AB32 -> 0 | AD32: =(F32+O32+P32+Q32+T32+Z32+AB32+R32+S32+U32+V32)/W32 -> #DIV/0! | AE32: =(F32+O32+P32+Q32+T32)/W32 -> #DIV/0! | AF32: 0 | AG32: 0 | AH32: 0 | AI32: 0 | AJ32: -0.098 | AK32: 12.5518 | AL32: 13.9894 | AM32: 4.5704 | AO32: =ROUND(G32*Z32,0) -> 0 | AP32: =ROUND(G32*AB32,0) -> 0 | AQ32: SU001340
A33: 255 Сосиски Молочные для завтрака ТМ Особый рецепт, п/а МГС, ВЕС, ТМ Стародворье ПОКОМ | B33: кг | C33: 1148.73 | D33: 431.798 | E33: 3281.402 | F33: -114.405 | G33: 1 | H33: 40 | I33: НЕДОГРУЗ / матрица | K33: 3984.676 | L33: =E33-K33 -> -703.274 | M33: =E33-N33 -> 3281.402 | O33: 520 | P33: -522 | Q33: 892 | T33: 1208 | U33: -1208 | W33: =M33/5 -> 656.2804 | X33: 2200 | Y33: =X33 -> 2200 | Z33: =Y33 -> 2200 | AB33: =Y33*0.5 -> 1100 | AD33: =(F33+O33+P33+Q33+T33+Z33+AB33+R33+S33+U33+V33)/W33 -> 6.2101428 | AE33: =(F33+O33+P33+Q33+T33)/W33 -> 3.0224809 | AF33: 656.844 | AG33: 328.153 | AH33: -0.8462 | AI33: 8.5924 | AJ33: 9.8556 | AK33: 688.0432 | AL33: 1184.2532 | AM33: 1031.4698 | AO33: =ROUND(G33*Z33,0) -> 2200 | AP33: =ROUND(G33*AB33,0) -> 1100 | AQ33: SU002074
A34: 257 Сосиски Молочные оригинальные ТМ Особый рецепт, ВЕС. ПОКОМ | B34: кг | G34: 0 | I34: матрица | L34: =E34-K34 -> 0 | M34: =E34-N34 -> 0 | Q34: 0 | W34: =M34/5 -> 0 | Y34: =X34 -> 0 | Z34: =Y34-AB34 -> 0 | AD34: =(F34+O34+P34+Q34+T34+Z34+AB34+R34+S34+U34+V34)/W34 -> #DIV/0! | AE34: =(F34+O34+P34+Q34+T34)/W34 -> #DIV/0! | AF34: 0 | AG34: 0 | AH34: 0 | AI34: 0 | AJ34: 0 | AK34: 0 | AL34: 0 | AM34: 0 | AN34: нет потребности | AO34: =ROUND(G34*Z34,0) -> 0 | AP34: =ROUND(G34*AB34,0) -> 0 | AQ34: SU000246
A35: 263 Шпикачки Стародворские, ВЕС. ПОКОМ | B35: кг | G35: 0 | I35: матрица | L35: =E35-K35 -> 0 | M35: =E35-N35 -> 0 | Q35: 0 | W35: =M35/5 -> 0 | Y35: =X35 -> 0 | Z35: =Y35-AB35 -> 0 | AD35: =(F35+O35+P35+Q35+T35+Z35+AB35+R35+S35+U35+V35)/W35 -> #DIV/0! | AE35: =(F35+O35+P35+Q35+T35)/W35 -> #DIV/0! | AF35: 0 | AG35: 0 | AH35: 0 | AI35: 0 | AJ35: 0 | AK35: 0 | AL35: 0 | AM35: 0 | AN35: нет потребности | AO35: =ROUND(G35*Z35,0) -> 0 | AP35: =ROUND(G35*AB35,0) -> 0 | AQ35: SU001430
A36: 265 Колбаса Балыкбургская, ВЕС, ТМ Баварушка ПОКОМ | B36: кг | G36: 0 | I36: матрица | L36: =E36-K36 -> 0 | M36: =E36-N36 -> 0 | Q36: 0 | W36: =M36/5 -> 0 | Y36: =X36 -> 0 | Z36: =Y36-AB36 -> 0 | AD36: =(F36+O36+P36+Q36+T36+Z36+AB36+R36+S36+U36+V36)/W36 -> #DIV/0! | AE36: =(F36+O36+P36+Q36+T36)/W36 -> #DIV/0! | AF36: 0 | AG36: 0 | AH36: 0 | AI36: 0 | AJ36: 0 | AK36: 0 | AL36: 0 | AM36: 0 | AN36: нет потребности | AO36: =ROUND(G36*Z36,0) -> 0 | AP36: =ROUND(G36*AB36,0) -> 0 | AQ36: SU002612
A37: 267 Колбаса Салями Филейбургская зернистая, оболочка фиброуз, ВЕС, ТМ Баварушка ПОКОМ | B37: кг | G37: 0 | I37: матрица | L37: =E37-K37 -> 0 | M37: =E37-N37 -> 0 | Q37: 0 | W37: =M37/5 -> 0 | Y37: =X37 -> 0 | Z37: =Y37-AB37 -> 0 | AD37: =(F37+O37+P37+Q37+T37+Z37+AB37+R37+S37+U37+V37)/W37 -> #DIV/0! | AE37: =(F37+O37+P37+Q37+T37)/W37 -> #DIV/0! | AF37: 0 | AG37: 0 | AH37: 0 | AI37: 0 | AJ37: 0 | AK37: 0 | AL37: 0 | AM37: 0 | AN37: нет потребности | AO37: =ROUND(G37*Z37,0) -> 0 | AP37: =ROUND(G37*AB37,0) -> 0 | AQ37: SU002614
A38: 273 Сосиски Сочинки с сочной грудинкой, МГС 0.4кг, ПОКОМ | B38: шт | C38: 1008 | D38: 4256 | E38: 5155 | F38: -322 | G38: 0.4 | H38: 45 | I38: НЕДОГРУЗ / матрица | K38: 4558 | L38: =E38-K38 -> 597 | M38: =E38-N38 -> 4075 | N38: 1080 | O38: 780 | Q38: 1767.944 | T38: 2196.056 | W38: =M38/5 -> 815 | X38: =11*W38-T38-Q38-P38-O38-F38 -> 4543 | Y38: =X38 -> 4543 | Z38: 3000 | AB38: 2220 | AC38: =VLOOKUP(A38,[2]Sheet!$A:$U,21,0) -> ОЧЕНЬ НУЖНА ЭТА ПОЗИЦИЯ !!! | AD38: =(F38+O38+P38+Q38+T38+Z38+AB38+R38+S38+U38+V38)/W38 -> 11.830675 | AE38: =(F38+O38+P38+Q38+T38)/W38 -> 5.4257669 | AF38: 779 | AG38: 633.6 | AH38: 113.2 | AI38: 461.2 | AJ38: 811.2 | AK38: 861.6 | AL38: 877.4 | AM38: 623.4 | AO38: =ROUND(G38*Z38,0) -> 1200 | AP38: =ROUND(G38*AB38,0) -> 888 | AQ38: SU002618
A39: 276 Колбаса Сливушка ТМ Вязанка в оболочке полиамид 0,45 кг ПОКОМ | B39: шт | C39: 839.75 | D39: 263 | E39: 735 | F39: 253.75 | G39: 0.45 | H39: 50 | I39: ВНИМАНИЕ / матрица | K39: 1175 | L39: =E39-K39 -> -440 | M39: =E39-N39 -> 735 | Q39: 200 | W39: =M39/5 -> 147 | X39: =10*W39-T39-Q39-P39-O39-F39 -> 1016.25 | Y39: =X39+500 -> 1516.25 | Z39: =Y39-AB39 -> 716.25 | AB39: 800 | AC39: =VLOOKUP(A39,[2]Sheet!$A:$U,21,0) -> еще плюс 500 сеть ютл | AD39: =(F39+O39+P39+Q39+T39+Z39+AB39+R39+S39+U39+V39)/W39 -> 13.401361 | AE39: =(F39+O39+P39+Q39+T39)/W39 -> 3.0867347 | AF39: 147.6 | AG39: 112.6 | AH39: 71 | AI39: 70.4 | AJ39: 98.4 | AK39: 126.8 | AL39: 127.8 | AM39: 67.2 | AN39: 500шт под ЮТЛ (Хмель 21,08,26) | AO39: =ROUND(G39*Z39,0) -> 322 | AP39: =ROUND(G39*AB39,0) -> 360 | AQ39: SU002734
A40: 278 Сосиски Сочинки с сочным окороком, МГС 0.4кг, ПОКОМ | B40: шт | C40: -5 | D40: 832 | E40: 742 | F40: 43 | G40: 0.4 | H40: 45 | I40: НЕДОГРУЗ / матрица | K40: 2165 | L40: =E40-K40 -> -1423 | M40: =E40-N40 -> 742 | O40: 208 | Q40: 400 | R40: -402 | W40: =M40/5 -> 148.4 | X40: 500 | Y40: =X40 -> 500 | Z40: =Y40 -> 500 | AA40: -252 | AB40: =Y40*0.5 -> 250 | AD40: =(F40+O40+P40+Q40+T40+Z40+AB40+R40+S40+U40+V40)/W40 -> 6.7318059 | AE40: =(F40+O40+P40+Q40+T40)/W40 -> 4.3867925 | AF40: 148.4 | AG40: 122.2 | AH40: 91.8 | AI40: 163.6 | AJ40: 166.8 | AK40: 188.8 | AL40: 301.6 | AM40: 192.2 | AO40: =ROUND(G40*Z40,0) -> 200 | AP40: =ROUND(G40*AB40,0) -> 100 | AQ40: SU002621
A41: 281 Сосиски Молочные для завтрака ТМ Особый рецепт, 0,4кг ПОКОМ | B41: шт | C41: -33 | D41: 30 | E41: 13 | F41: -13 | G41: 0.4 | H41: 40 | I41: НЕДОГРУЗ / матрица | K41: 569 | L41: =E41-K41 -> -556 | M41: =E41-N41 -> 13 | O41: 100 | P41: -102 | Q41: 200 | R41: -204 | W41: =M41/5 -> 2.6 | X41: 200 | Y41: =X41 -> 200 | Z41: =Y41 -> 200 | AA41: -102 | AB41: =Y41*0.5 -> 100 | AD41: =(F41+O41+P41+Q41+T41+Z41+AB41+R41+S41+U41+V41)/W41 -> 108.07692 | AE41: =(F41+O41+P41+Q41+T41)/W41 -> 71.153846 | AF41: 2.6 | AG41: 46 | AH41: 64.4 | AI41: 125 | AJ41: 116.2 | AK41: 86.8 | AL41: 126.8 | AM41: 86 | AO41: =ROUND(G41*Z41,0) -> 80 | AP41: =ROUND(G41*AB41,0) -> 40 | AQ41: SU002205
A42: 283 Сосиски Сочинки, ВЕС, ТМ Стародворье ПОКОМ | B42: кг | D42: 52.552 | F42: 48.123 | G42: 1 | I42: НЕДОГРУЗ / матрица | K42: 82.6 | L42: =E42-K42 -> -82.6 | M42: =E42-N42 -> 0 | O42: 20 | Q42: 0 | W42: =M42/5 -> 0 | Y42: =X42 -> 0 | Z42: =Y42 -> 0 | AB42: =Y42*0.5 -> 0 | AD42: =(F42+O42+P42+Q42+T42+Z42+AB42+R42+S42+U42+V42)/W42 -> #DIV/0! | AE42: =(F42+O42+P42+Q42+T42)/W42 -> #DIV/0! | AF42: 0 | AG42: 0 | AH42: 0 | AI42: 0 | AJ42: 0 | AK42: 0 | AL42: 0 | AM42: 0 | AN42: 300кг под задачи ТК (05,08,26) / 31,07,26 начали заказывать | AO42: =ROUND(G42*Z42,0) -> 0 | AP42: =ROUND(G42*AB42,0) -> 0 | AQ42: SU002725
A43: 285 Паштет печеночный со слив.маслом ТМ Стародворье ламистер 0,1 кг ПОКОМ | B43: шт | C43: 327 | D43: 220 | E43: 212 | F43: 276 | G43: 0.1 | H43: 731 | I43: матрица | K43: 270 | L43: =E43-K43 -> -58 | M43: =E43-N43 -> 212 | Q43: 102.6 | W43: =M43/5 -> 42.4 | X43: =12*W43-T43-Q43-P43-O43-F43 -> 130.2 | Y43: =X43 -> 130.2 | Z43: =Y43-AB43 -> 130.2 | AD43: =(F43+O43+P43+Q43+T43+Z43+AB43+R43+S43+U43+V43)/W43 -> 12 | AE43: =(F43+O43+P43+Q43+T43)/W43 -> 8.9292453 | AF43: 42.4 | AG43: 41.4 | AH43: 35 | AI43: 35.4 | AJ43: 37.4 | AK43: 57.4 | AL43: 55.2 | AM43: 30.6 | AO43: =ROUND(G43*Z43,0) -> 13 | AP43: =ROUND(G43*AB43,0) -> 0 | AQ43: SU002368
A44: 296 Колбаса Мясорубская с рубленой грудинкой 0,35кг срез ТМ Стародворье ПОКОМ | B44: шт | D44: 2 | E44: 21 | F44: -2 | G44: 0.35 | H44: 40 | I44: НЕДОГРУЗ / матрица | K44: 125 | L44: =E44-K44 -> -104 | M44: =E44-N44 -> 21 | O44: 50 | P44: -54 | Q44: 50 | R44: -54 | W44: =M44/5 -> 4.2 | X44: 50 | Y44: =X44 -> 50 | Z44: =Y44 -> 50 | AA44: -30 | AB44: =Y44*0.5 -> 25 | AD44: =(F44+O44+P44+Q44+T44+Z44+AB44+R44+S44+U44+V44)/W44 -> 15.47619 | AE44: =(F44+O44+P44+Q44+T44)/W44 -> 10.47619 | AF44: 4.2 | AG44: 15.8 | AH44: 18.2 | AI44: 15.8 | AJ44: 18.8 | AK44: 28.4 | AL44: 24.4 | AM44: 10.2 | AO44: =ROUND(G44*Z44,0) -> 18 | AP44: =ROUND(G44*AB44,0) -> 9 | AQ44: SU002660
A45: 297 Колбаса Мясорубская с рубленой грудинкой ВЕС ТМ Стародворье ПОКОМ | B45: кг | C45: 18.668 | D45: 27.005 | E45: 14.656 | F45: 23.622 | G45: 1 | H45: 40 | I45: матрица | K45: 21.2 | L45: =E45-K45 -> -6.544 | M45: =E45-N45 -> 14.656 | Q45: 4 | W45: =M45/5 -> 2.9312 | X45: =12*W45-T45-Q45-P45-O45-F45 -> 7.5524 | Y45: =X45 -> 7.5524 | Z45: =Y45-AB45 -> 7.5524 | AD45: =(F45+O45+P45+Q45+T45+Z45+AB45+R45+S45+U45+V45)/W45 -> 12 | AE45: =(F45+O45+P45+Q45+T45)/W45 -> 9.4234443 | AF45: 3.1116 | AG45: 2.624 | AH45: 3.7808 | AI45: 4.3208 | AJ45: 3.3064 | AK45: 1.6506 | AL45: 2.699 | AM45: 4.2096 | AO45: =ROUND(G45*Z45,0) -> 8 | AP45: =ROUND(G45*AB45,0) -> 0 | AQ45: SU002756
A46: 301 Сосиски Сочинки по-баварски с сыром, 0.4кг, ТМ Стародворье ПОКОМ | B46: шт | C46: -32 | D46: 268 | E46: 154 | F46: -31 | G46: 0.4 | H46: 40 | I46: НЕДОГРУЗ / матрица | K46: 348 | L46: =E46-K46 -> -194 | M46: =E46-N46 -> 154 | Q46: 100 | W46: =M46/5 -> 30.8 | X46: 100 | Y46: =X46 -> 100 | Z46: =Y46 -> 100 | AB46: =Y46*0.5 -> 50 | AD46: =(F46+O46+P46+Q46+T46+Z46+AB46+R46+S46+U46+V46)/W46 -> 7.1103896 | AE46: =(F46+O46+P46+Q46+T46)/W46 -> 2.2402597 | AF46: 31.8 | AG46: 4.8 | AH46: 0.4 | AI46: -0.2 | AJ46: -0.8 | AK46: 0.6 | AL46: 1.4 | AM46: 0.2 | AO46: =ROUND(G46*Z46,0) -> 40 | AP46: =ROUND(G46*AB46,0) -> 20 | AQ46: SU002801
A47: 302 Сосиски Сочинки по-баварски, 0.4кг, ТМ Стародворье ПОКОМ | B47: шт | C47: 9 | D47: 326 | E47: 146 | F47: 87 | G47: 0.4 | H47: 45 | I47: НЕДОГРУЗ / матрица | K47: 525 | L47: =E47-K47 -> -379 | M47: =E47-N47 -> 146 | O47: 50 | Q47: 60.2 | W47: =M47/5 -> 29.2 | X47: 100 | Y47: =X47 -> 100 | Z47: =Y47 -> 100 | AB47: =Y47*0.5 -> 50 | AD47: =(F47+O47+P47+Q47+T47+Z47+AB47+R47+S47+U47+V47)/W47 -> 11.890411 | AE47: =(F47+O47+P47+Q47+T47)/W47 -> 6.7534247 | AF47: 29.2 | AG47: 8.8 | AH47: 0 | AI47: 0.4 | AJ47: 26 | AK47: 58.6 | AL47: 50 | AM47: 30.6 | AO47: =ROUND(G47*Z47,0) -> 40 | AP47: =ROUND(G47*AB47,0) -> 20 | AQ47: SU002799
A48: 305 Колбаса Сервелат Мясорубский с мелкорубленным окороком в/у ТМ Стародворье ВЕС ПОКОМ | B48: кг | C48: 35.881 | D48: 18.788 | E48: 29.079 | F48: 24.257 | G48: 1 | H48: 40 | I48: НЕДОГРУЗ / матрица | K48: 33.121 | L48: =E48-K48 -> -4.042 | M48: =E48-N48 -> 29.079 | Q48: 34.7812 | W48: =M48/5 -> 5.8158 | X48: =12*W48-T48-Q48-P48-O48-F48 -> 10.7514 | Y48: =X48 -> 10.7514 | Z48: =Y48 -> 10.7514 | AD48: =(F48+O48+P48+Q48+T48+Z48+AB48+R48+S48+U48+V48)/W48 -> 12 | AE48: =(F48+O48+P48+Q48+T48)/W48 -> 10.151346 | AF48: 5.8158 | AG48: 7.0094 | AH48: 6.545 | AI48: 3.348 | AJ48: 1.8212 | AK48: 7.1238 | AL48: 8.9622 | AM48: 4.3484 | AO48: =ROUND(G48*Z48,0) -> 11 | AP48: =ROUND(G48*AB48,0) -> 0 | AQ48: SU002847
A49: 307 Колбаса Сервелат Мясорубский с мелкорубленным окороком 0,35 кг срез ТМ Стародворье Поком | B49: шт | C49: 508 | D49: 351 | E49: 644 | F49: -55 | G49: 0.35 | H49: 40 | I49: НЕДОГРУЗ / матрица | K49: 886 | L49: =E49-K49 -> -242 | M49: =E49-N49 -> 494 | N49: 150 | O49: 158.808 | P49: -162 | Q49: 200 | R49: -204 | W49: =M49/5 -> 98.8 | X49: =200 -> 200 | Y49: =X49+700 -> 900 | Z49: =Y49 -> 900 | AA49: -456 | AB49: =Y49*0.5 -> 450 | AC49: =VLOOKUP(A49,[2]Sheet!$A:$U,21,0) -> 1500 нужно в сеть ютл | AD49: =(F49+O49+P49+Q49+T49+Z49+AB49+R49+S49+U49+V49)/W49 -> 13.034494 | AE49: =(F49+O49+P49+Q49+T49)/W49 -> 1.4353036 | AF49: 122.8 | AG49: 88.6 | AH49: 86.8 | AI49: 80.2 | AJ49: 92.8 | AK49: 120.2 | AL49: 117.4 | AM49: 88 | AO49: =ROUND(G49*Z49,0) -> 315 | AP49: =ROUND(G49*AB49,0) -> 158 | AQ49: SU002848
A50: 309 Сосиски Сочинки с сыром 0,4 кг ТМ Стародворье ПОКОМ | B50: шт | C50: 61 | D50: 511 | E50: 154 | F50: 222 | G50: 0.4 | H50: 40 | I50: НЕДОГРУЗ / матрица | K50: 640 | L50: =E50-K50 -> -486 | M50: =E50-N50 -> 154 | O50: 100 | Q50: 150 | W50: =M50/5 -> 30.8 | X50: 50 | Y50: =X50 -> 50 | Z50: =Y50 -> 50 | AB50: =Y50*0.5 -> 25 | AD50: =(F50+O50+P50+Q50+T50+Z50+AB50+R50+S50+U50+V50)/W50 -> 17.75974 | AE50: =(F50+O50+P50+Q50+T50)/W50 -> 15.324675 | AF50: 31.2 | AG50: 27.8 | AH50: 53.4 | AI50: 47 | AJ50: 48.6 | AK50: 78.8 | AL50: 51 | AM50: 35.8 | AO50: =ROUND(G50*Z50,0) -> 20 | AP50: =ROUND(G50*AB50,0) -> 10 | AQ50: SU002686
A51: 312 Ветчина Филейская ВЕС ТМ Вязанка ТС Столичная ПОКОМ | B51: кг | C51: 71.089 | D51: 229.054 | E51: 87.636 | F51: 19.741 | G51: 1 | H51: 50 | I51: матрица | K51: 260.09 | L51: =E51-K51 -> -172.454 | M51: =E51-N51 -> -53.713 | N51: 141.349 | Q51: 54.5712 | W51: =M51/5 -> -10.7426 | X51: 60 | Y51: =X51 -> 60 | Z51: =Y51-AB51 -> 60 | AD51: =(F51+O51+P51+Q51+T51+Z51+AB51+R51+S51+U51+V51)/W51 -> -12.502765 | AE51: =(F51+O51+P51+Q51+T51)/W51 -> -6.9175246 | AF51: 17.9112 | AG51: 18.7516 | AH51: 17.3722 | AI51: 14.886 | AJ51: 16.8022 | AK51: 14.0424 | AL51: 19.11 | AM51: 17.2288 | AO51: =ROUND(G51*Z51,0) -> 60 | AP51: =ROUND(G51*AB51,0) -> 0 | AQ51: SU002828
A52: 315 Колбаса вареная Молокуша ТМ Вязанка ВЕС, ПОКОМ | B52: кг | C52: 909.638 | D52: 1210.748 | E52: 841.536 | F52: 386.556 | G52: 1 | H52: 50 | I52: матрица | K52: 1224.215 | L52: =E52-K52 -> -382.679 | M52: =E52-N52 -> 517.019 | N52: 324.517 | Q52: 414.87601 | T52: 515.33927 | W52: =M52/5 -> 103.4038 | Y52: =X52 -> 0 | Z52: =Y52-AB52 -> 0 | AD52: =(F52+O52+P52+Q52+T52+Z52+AB52+R52+S52+U52+V52)/W52 -> 12.734264 | AE52: =(F52+O52+P52+Q52+T52)/W52 -> 12.734264 | AF52: 157.8124 | AG52: 128.7632 | AH52: 111.2424 | AI52: 138.0056 | AJ52: 108.6206 | AK52: 78.2346 | AL52: 79.3954 | AM52: 52.0788 | AO52: =ROUND(G52*Z52,0) -> 0 | AP52: =ROUND(G52*AB52,0) -> 0 | AQ52: SU002830
A53: 318 Сосиски Датские ТМ Зареченские, ВЕС ПОКОМ | B53: кг | G53: 0 | I53: матрица | L53: =E53-K53 -> 0 | M53: =E53-N53 -> 0 | Q53: 0 | W53: =M53/5 -> 0 | Y53: =X53 -> 0 | Z53: =Y53-AB53 -> 0 | AD53: =(F53+O53+P53+Q53+T53+Z53+AB53+R53+S53+U53+V53)/W53 -> #DIV/0! | AE53: =(F53+O53+P53+Q53+T53)/W53 -> #DIV/0! | AF53: 0 | AG53: 0 | AH53: 0 | AI53: 0 | AJ53: 0 | AK53: 0 | AL53: 0 | AM53: 0 | AN53: нет потребности | AO53: =ROUND(G53*Z53,0) -> 0 | AP53: =ROUND(G53*AB53,0) -> 0 | AQ53: SU002655
A54: 319 Колбаса вареная Филейская ТМ Вязанка ТС Классическая, 0,45 кг. ПОКОМ | B54: шт | C54: 366 | D54: 644 | E54: 496 | F54: 335 | G54: 0.45 | H54: 50 | I54: матрица | K54: 627 | L54: =E54-K54 -> -131 | M54: =E54-N54 -> 346 | N54: 150 | O54: 124.98346 | Q54: 180.29425 | S54: =250/G54 -> 555.55556 | T54: 223.95295 | W54: =M54/5 -> 69.2 | Y54: =X54 -> 0 | Z54: =Y54-AB54 -> 0 | AD54: =(F54+O54+P54+Q54+T54+Z54+AB54+R54+S54+U54+V54)/W54 -> 20.517142 | AE54: =(F54+O54+P54+Q54+T54)/W54 -> 12.488882 | AF54: 93.6 | AG54: 82 | AH54: 69.6 | AI54: 75.2 | AJ54: 79.4 | AK54: 86.2 | AL54: 84 | AM54: 66.4 | AO54: =ROUND(G54*Z54,0) -> 0 | AP54: =ROUND(G54*AB54,0) -> 0 | AQ54: SU002815 | AR54: =VLOOKUP(AQ54,[1]Лист1!$A:$A,1,0) -> SU002815
A55: 322 Колбаса вареная Молокуша 0,45кг ТМ Вязанка ПОКОМ | B55: шт | C55: 677 | D55: 675 | E55: 694 | F55: 691 | G55: 0.45 | H55: 50 | I55: матрица | K55: 641 | L55: =E55-K55 -> 53 | M55: =E55-N55 -> 694 | O55: 166.32128 | Q55: 295.51576 | T55: 367.07562 | W55: =M55/5 -> 138.8 | X55: =12*W55-T55-Q55-P55-O55-F55 -> 145.68734 | Y55: =X55+$Y$1*W55 -> 281.71134 | Z55: =Y55-AB55 -> 281.71134 | AD55: =(F55+O55+P55+Q55+T55+Z55+AB55+R55+S55+U55+V55)/W55 -> 12.98 | AE55: =(F55+O55+P55+Q55+T55)/W55 -> 10.950379 | AF55: 140.2 | AG55: 121.6 | AH55: 115 | AI55: 109 | AJ55: 86 | AK55: 112.8 | AL55: 148.2 | AM55: 93.6 | AO55: =ROUND(G55*Z55,0) -> 127 | AP55: =ROUND(G55*AB55,0) -> 0 | AQ55: SU002816
A56: 328 Сардельки Сочинки Стародворье ТМ 0,4 кг ПОКОМ | B56: шт | G56: 0 | I56: матрица | L56: =E56-K56 -> 0 | M56: =E56-N56 -> 0 | Q56: 0 | W56: =M56/5 -> 0 | Y56: =X56 -> 0 | Z56: =Y56-AB56 -> 0 | AD56: =(F56+O56+P56+Q56+T56+Z56+AB56+R56+S56+U56+V56)/W56 -> #DIV/0! | AE56: =(F56+O56+P56+Q56+T56)/W56 -> #DIV/0! | AF56: 0 | AG56: 0 | AH56: 0 | AI56: 0 | AJ56: 0 | AK56: 0 | AL56: 0 | AM56: 0 | AN56: нет потребности | AO56: =ROUND(G56*Z56,0) -> 0 | AP56: =ROUND(G56*AB56,0) -> 0 | AQ56: SU002758
A57: 329 Сардельки Сочинки с сыром Стародворье ТМ, 0,4 кг. ПОКОМ | B57: шт | D57: 50 | E57: 12 | F57: 19 | G57: 0.4 | H57: 40 | I57: НЕДОГРУЗ / матрица | K57: 30 | L57: =E57-K57 -> -18 | M57: =E57-N57 -> 12 | Q57: 10 | W57: =M57/5 -> 2.4 | X57: 10 | Y57: =X57 -> 10 | Z57: =Y57 -> 10 | AD57: =(F57+O57+P57+Q57+T57+Z57+AB57+R57+S57+U57+V57)/W57 -> 16.25 | AE57: =(F57+O57+P57+Q57+T57)/W57 -> 12.083333 | AF57: 2.4 | AG57: -0.4 | AH57: 0.2 | AI57: 2.4 | AJ57: 2.8 | AK57: 4.8 | AL57: 5.6 | AM57: 3 | AO57: =ROUND(G57*Z57,0) -> 4 | AP57: =ROUND(G57*AB57,0) -> 0 | AQ57: SU002759
A58: 330 Колбаса вареная Филейская ТМ Вязанка ТС Классическая ВЕС ПОКОМ | B58: кг | C58: 237.382 | D58: 761.196 | E58: 397.166 | F58: 313.839 | G58: 1 | H58: 50 | I58: матрица | K58: 623.727 | L58: =E58-K58 -> -226.561 | M58: =E58-N58 -> 290.139 | N58: 107.027 | O58: 231.74273 | Q58: 0 | S58: 100 | W58: =M58/5 -> 58.0278 | X58: =12*W58-T58-Q58-P58-O58-F58 -> 150.75187 | Y58: =X58 -> 150.75187 | Z58: =Y58-AB58 -> 150.75187 | AD58: =(F58+O58+P58+Q58+T58+Z58+AB58+R58+S58+U58+V58)/W58 -> 13.723312 | AE58: =(F58+O58+P58+Q58+T58)/W58 -> 9.4020751 | AF58: 74.7718 | AG58: 94.4776 | AH58: 78.9278 | AI58: 65.6172 | AJ58: 68.841 | AK58: 74.6386 | AL58: 99.824 | AM58: 124.6264 | AO58: =ROUND(G58*Z58,0) -> 151 | AP58: =ROUND(G58*AB58,0) -> 0 | AQ58: SU002829 | AR58: =VLOOKUP(AQ58,[1]Лист1!$A:$A,1,0) -> SU002829
A59: 334 Паштет Любительский ТМ Стародворье ламистер 0,1 кг ПОКОМ | B59: шт | C59: 104 | D59: 232 | E59: 136 | F59: 160 | G59: 0.1 | H59: 731 | I59: матрица | K59: 175 | L59: =E59-K59 -> -39 | M59: =E59-N59 -> 136 | Q59: 77.6 | W59: =M59/5 -> 27.2 | X59: =12*W59-T59-Q59-P59-O59-F59 -> 88.8 | Y59: =X59 -> 88.8 | Z59: =Y59-AB59 -> 88.8 | AD59: =(F59+O59+P59+Q59+T59+Z59+AB59+R59+S59+U59+V59)/W59 -> 12 | AE59: =(F59+O59+P59+Q59+T59)/W59 -> 8.7352941 | AF59: 27.2 | AG59: 26.2 | AH59: 26.8 | AI59: 27.6 | AJ59: 24.4 | AK59: 26.4 | AL59: 26.6 | AM59: 17.6 | AO59: =ROUND(G59*Z59,0) -> 9 | AP59: =ROUND(G59*AB59,0) -> 0 | AQ59: SU002841
A60: 335 Колбаса Сливушка ТМ Вязанка. ВЕС. ПОКОМ | B60: кг | C60: 491.873 | D60: 782.451 | E60: 492.623 | F60: 426.031 | G60: 1 | H60: 50 | I60: матрица | K60: 654.698 | L60: =E60-K60 -> -162.075 | M60: =E60-N60 -> 364.816 | N60: 127.807 | Q60: 133.80848 | W60: =M60/5 -> 72.9632 | X60: =12*W60-T60-Q60-P60-O60-F60 -> 315.71892 | Y60: =X60 -> 315.71892 | Z60: =Y60-AB60 -> 315.71892 | AD60: =(F60+O60+P60+Q60+T60+Z60+AB60+R60+S60+U60+V60)/W60 -> 12 | AE60: =(F60+O60+P60+Q60+T60)/W60 -> 7.672902 | AF60: 88.7722 | AG60: 93.2926 | AH60: 105.9266 | AI60: 80.3084 | AJ60: 57.7956 | AK60: 86.5908 | AL60: 102.032 | AM60: 70.1322 | AO60: =ROUND(G60*Z60,0) -> 316 | AP60: =ROUND(G60*AB60,0) -> 0 | AQ60: SU002928
A61: 336 Ветчина Сливушка с индейкой ТМ Вязанка. ВЕС ПОКОМ | B61: кг | C61: 48.068 | D61: 53.973 | E61: 24.357 | F61: 77.318 | G61: 1 | H61: 55 | I61: матрица | K61: 22.2 | L61: =E61-K61 -> 2.157 | M61: =E61-N61 -> 24.357 | Q61: 0 | W61: =M61/5 -> 4.8714 | Y61: =X61 -> 0 | Z61: =Y61-AB61 -> 0 | AD61: =(F61+O61+P61+Q61+T61+Z61+AB61+R61+S61+U61+V61)/W61 -> 15.871823 | AE61: =(F61+O61+P61+Q61+T61)/W61 -> 15.871823 | AF61: 4.8714 | AG61: 8.2176 | AH61: 6.5724 | AI61: 2.7148 | AJ61: 3.7802 | AK61: 7.574 | AL61: 8.3828 | AM61: 3.4996 | AO61: =ROUND(G61*Z61,0) -> 0 | AP61: =ROUND(G61*AB61,0) -> 0 | AQ61: SU002833
A62: 338 Паштет печеночный с морковью ТМ Стародворье ламистер 0,1 кг. ПОКОМ | B62: шт | C62: 105 | D62: 147 | E62: 118 | F62: 119 | G62: 0.1 | H62: 731 | I62: матрица | K62: 132 | L62: =E62-K62 -> -14 | M62: =E62-N62 -> 118 | Q62: 100.2 | W62: =M62/5 -> 23.6 | X62: =12*W62-T62-Q62-P62-O62-F62 -> 64 | Y62: =X62 -> 64 | Z62: =Y62-AB62 -> 64 | AD62: =(F62+O62+P62+Q62+T62+Z62+AB62+R62+S62+U62+V62)/W62 -> 12 | AE62: =(F62+O62+P62+Q62+T62)/W62 -> 9.2881356 | AF62: 23.6 | AG62: 20.2 | AH62: 24 | AI62: 23 | AJ62: 23.6 | AK62: 23 | AL62: 24.2 | AM62: 17.6 | AO62: =ROUND(G62*Z62,0) -> 6 | AP62: =ROUND(G62*AB62,0) -> 0 | AQ62: SU002840
A63: 339 Колбаса вареная Филейская ТМ Вязанка ТС Классическая, 0,40 кг. ПОКОМ | B63: шт | C63: 18 | D63: 10 | E63: 1 | F63: 27 | G63: 0.4 | H63: 50 | I63: матрица | K63: 3 | L63: =E63-K63 -> -2 | M63: =E63-N63 -> 1 | Q63: 0 | W63: =M63/5 -> 0.2 | Y63: =X63 -> 0 | Z63: =Y63-AB63 -> 0 | AD63: =(F63+O63+P63+Q63+T63+Z63+AB63+R63+S63+U63+V63)/W63 -> 135 | AE63: =(F63+O63+P63+Q63+T63)/W63 -> 135 | AF63: 0.2 | AG63: 0.8 | AH63: 1.4 | AI63: 2.2 | AJ63: 2.2 | AK63: 1 | AL63: 1.6 | AM63: 2.8 | AN63: нужно увеличить продажи!!! | AO63: =ROUND(G63*Z63,0) -> 0 | AP63: =ROUND(G63*AB63,0) -> 0 | AQ63: SU002831
A64: 340 Сосиски Сочинки Молочные ТМ Стародворье, ВЕС ПОКОМ | B64: кг | C64: -26.584 | D64: 296.516 | E64: 9.889 | F64: 71.605 | G64: 1 | H64: 40 | I64: НЕДОГРУЗ / матрица | K64: 168.8 | L64: =E64-K64 -> -158.911 | M64: =E64-N64 -> 9.889 | Q64: 0 | W64: =M64/5 -> 1.9778 | X64: 50 | Y64: =X64 -> 50 | Z64: =Y64 -> 50 | AB64: =Y64*0.5 -> 25 | AD64: =(F64+O64+P64+Q64+T64+Z64+AB64+R64+S64+U64+V64)/W64 -> 74.125291 | AE64: =(F64+O64+P64+Q64+T64)/W64 -> 36.204368 | AF64: 1.9778 | AG64: 35.9304 | AH64: 33.7672 | AI64: 5.178 | AJ64: 12.8698 | AK64: 11.319 | AL64: 7.4388 | AM64: 8.8168 | AN64: 300кг под задачи ТК (05,08,26) / 150кг под задачи ТК (31,07,26) | AO64: =ROUND(G64*Z64,0) -> 50 | AP64: =ROUND(G64*AB64,0) -> 25 | AQ64: SU002843
A65: 341 Сосиски Сочинки Сливочные ТМ Стародворье ВЕС ПОКОМ | B65: кг | C65: -40.819 | D65: 261.317 | E65: 98.992 | F65: -53.939 | G65: 1 | H65: 40 | I65: НЕДОГРУЗ / матрица | K65: 233.497 | L65: =E65-K65 -> -134.505 | M65: =E65-N65 -> 98.992 | Q65: 50 | W65: =M65/5 -> 19.7984 | X65: 60 | Y65: =X65 -> 60 | Z65: =Y65 -> 60 | AB65: =Y65*0.5 -> 30 | AD65: =(F65+O65+P65+Q65+T65+Z65+AB65+R65+S65+U65+V65)/W65 -> 4.3468664 | AE65: =(F65+O65+P65+Q65+T65)/W65 -> -0.19895547 | AF65: 10.04 | AG65: 35.8838 | AH65: 36.3566 | AI65: 15.0884 | AJ65: 0.2688 | AK65: 0.556 | AL65: 8.06 | AM65: 8.0434 | AN65: 300кг под задачи ТК (05,08,26) / 150кг под задачи ТК (31,07,26) | AO65: =ROUND(G65*Z65,0) -> 60 | AP65: =ROUND(G65*AB65,0) -> 30 | AQ65: SU002845
A66: 342 Сосиски Сочинки Молочные ТМ Стародворье 0,4 кг ПОКОМ | B66: шт | C66: 878 | D66: 1011 | E66: 940 | F66: 124 | G66: 0.4 | H66: 40 | I66: матрица | K66: 1435 | L66: =E66-K66 -> -495 | M66: =E66-N66 -> 820 | N66: 120 | Q66: 551.05976 | T66: 684.50024 | W66: =M66/5 -> 164 | X66: =12*W66-T66-Q66-P66-O66-F66 -> 608.44 | Y66: =X66+$Y$1*W66 -> 769.16 | Z66: =Y66-AB66 -> 769.16 | AD66: =(F66+O66+P66+Q66+T66+Z66+AB66+R66+S66+U66+V66)/W66 -> 12.98 | AE66: =(F66+O66+P66+Q66+T66)/W66 -> 8.29 | AF66: 188.8 | AG66: 96.2 | AH66: 124.2 | AI66: 168 | AJ66: 89.6 | AK66: 26.4 | AL66: 94.8 | AM66: 113.2 | AO66: =ROUND(G66*Z66,0) -> 308 | AP66: =ROUND(G66*AB66,0) -> 0 | AQ66: SU002842
A67: 343 Сосиски Сочинки Сливочные ТМ Стародворье 0,4 кг ПОКОМ | B67: шт | C67: 79 | D67: 315 | E67: 193 | G67: 0.4 | H67: 40 | I67: НЕДОГРУЗ / матрица | K67: 667 | L67: =E67-K67 -> -474 | M67: =E67-N67 -> 133 | N67: 60 | O67: 50 | Q67: 187.4 | R67: -192 | W67: =M67/5 -> 26.6 | X67: 200 | Y67: =X67 -> 200 | Z67: =Y67 -> 200 | AB67: =Y67*0.5 -> 100 | AD67: =(F67+O67+P67+Q67+T67+Z67+AB67+R67+S67+U67+V67)/W67 -> 12.984962 | AE67: =(F67+O67+P67+Q67+T67)/W67 -> 8.924812 | AF67: 38.4 | AG67: 0.6 | AH67: 0 | AI67: 0.4 | AJ67: 0.8 | AK67: 45.6 | AL67: 95.8 | AM67: 80.4 | AO67: =ROUND(G67*Z67,0) -> 80 | AP67: =ROUND(G67*AB67,0) -> 40 | AQ67: SU002844
A68: 344 Колбаса Сочинка по-европейски с сочной грудинкой ТМ Стародворье, ВЕС ПОКОМ | B68: кг | C68: 131.675 | D68: 182.439 | E68: 131.474 | F68: 90.784 | G68: 1 | H68: 40 | I68: матрица | K68: 130.688 | L68: =E68-K68 -> 0.786 | M68: =E68-N68 -> 55.728 | N68: 75.746 | Q68: 0 | W68: =M68/5 -> 11.1456 | X68: =12*W68-T68-Q68-P68-O68-F68 -> 42.9632 | Y68: =X68 -> 42.9632 | Z68: =Y68-AB68 -> 42.9632 | AD68: =(F68+O68+P68+Q68+T68+Z68+AB68+R68+S68+U68+V68)/W68 -> 12 | AE68: =(F68+O68+P68+Q68+T68)/W68 -> 8.1452771 | AF68: 9.0596 | AG68: 17.7364 | AH68: 6.0776 | AI68: 4.7904 | AJ68: 12.2656 | AK68: 17.0556 | AL68: 11.9252 | AM68: 7.8718 | AO68: =ROUND(G68*Z68,0) -> 43 | AP68: =ROUND(G68*AB68,0) -> 0 | AQ68: SU002941
A69: 345 Колбаса Сочинка по-фински с сочным окроком ТМ Стародворье ВЕС ПОКОМ | B69: кг | C69: 59.363 | D69: 389.28 | E69: 48.876 | F69: 191.063 | G69: 1 | H69: 40 | I69: матрица | K69: 237.132 | L69: =E69-K69 -> -188.256 | M69: =E69-N69 -> 16.556 | N69: 32.32 | Q69: 0 | W69: =M69/5 -> 3.3112 | Y69: =X69 -> 0 | Z69: =Y69-AB69 -> 0 | AD69: =(F69+O69+P69+Q69+T69+Z69+AB69+R69+S69+U69+V69)/W69 -> 57.702042 | AE69: =(F69+O69+P69+Q69+T69)/W69 -> 57.702042 | AF69: 20.5816 | AG69: 30.9612 | AH69: 27.1608 | AI69: 17.945 | AJ69: 16.6822 | AK69: 20.4164 | AL69: 21.8698 | AM69: 14.438 | AO69: =ROUND(G69*Z69,0) -> 0 | AP69: =ROUND(G69*AB69,0) -> 0 | AQ69: SU002943
A70: 346 Колбаса Сочинка зернистая с сочной грудинкой ТМ Стародворье.ВЕС ПОКОМ | B70: кг | C70: 764.342 | D70: 374.042 | E70: 525.474 | F70: 354.421 | G70: 1 | H70: 40 | I70: матрица | K70: 631.668 | L70: =E70-K70 -> -106.194 | M70: =E70-N70 -> 417.277 | N70: 108.197 | Q70: 378.854 | R70: -383.4 | W70: =M70/5 -> 83.4554 | X70: =12*W70-T70-Q70-P70-O70-F70 -> 268.1898 | Y70: =X70 -> 268.1898 | Z70: =Y70-AB70 -> 268.1898 | AD70: =(F70+O70+P70+Q70+T70+Z70+AB70+R70+S70+U70+V70)/W70 -> 7.4059294 | AE70: =(F70+O70+P70+Q70+T70)/W70 -> 8.7864296 | AF70: 94.112 | AG70: 81.4164 | AH70: 61.898 | AI70: 89.2536 | AJ70: 110.1428 | AK70: 106.628 | AL70: 119.445 | AM70: 150.356 | AO70: =ROUND(G70*Z70,0) -> 268 | AP70: =ROUND(G70*AB70,0) -> 0 | AQ70: SU002945
A71: 347 Колбаса Сочинка рубленая с сочным окороком ТМ Стародворье ВЕС ПОКОМ | B71: кг | C71: 115.339 | D71: 182.222 | E71: 117.982 | F71: -28.299 | G71: 1 | H71: 40 | I71: матрица | K71: 235.834 | L71: =E71-K71 -> -117.852 | M71: =E71-N71 -> 85.562 | N71: 32.42 | Q71: 186.3614 | W71: =M71/5 -> 17.1124 | X71: =12*W71-T71-Q71-P71-O71-F71 -> 47.2864 | Y71: =X71 -> 47.2864 | Z71: =Y71-AB71 -> 47.2864 | AD71: =(F71+O71+P71+Q71+T71+Z71+AB71+R71+S71+U71+V71)/W71 -> 12 | AE71: =(F71+O71+P71+Q71+T71)/W71 -> 9.2367172 | AF71: 30.8038 | AG71: 13.1944 | AH71: 3.5874 | AI71: 14.342 | AJ71: 18.891 | AK71: 10.531 | AL71: 10.1662 | AM71: 7.0498 | AO71: =ROUND(G71*Z71,0) -> 47 | AP71: =ROUND(G71*AB71,0) -> 0 | AQ71: SU002947
A72: 355 Колбаса Сервелат запеченный ТМ Стародворье ТС Дугушка. 0,6 кг. ПОКОМ | B72: шт | G72: 0 | I72: матрица | L72: =E72-K72 -> 0 | M72: =E72-N72 -> 0 | Q72: 0 | W72: =M72/5 -> 0 | Y72: =X72 -> 0 | Z72: =Y72-AB72 -> 0 | AD72: =(F72+O72+P72+Q72+T72+Z72+AB72+R72+S72+U72+V72)/W72 -> #DIV/0! | AE72: =(F72+O72+P72+Q72+T72)/W72 -> #DIV/0! | AF72: 0 | AG72: 0 | AH72: 0 | AI72: 0 | AJ72: 0 | AK72: 0 | AL72: 0 | AM72: 0 | AN72: нет потребности | AO72: =ROUND(G72*Z72,0) -> 0 | AP72: =ROUND(G72*AB72,0) -> 0 | AQ72: SU002918
A73: 364 Сардельки Филейские Вязанка ВЕС NDX ТМ Вязанка ПОКОМ | B73: кг | C73: 709.1 | D73: 204.638 | E73: 230.796 | F73: 484.814 | G73: 1 | H73: 30 | I73: матрица | K73: 378.4 | L73: =E73-K73 -> -147.604 | M73: =E73-N73 -> 230.796 | Q73: 0 | W73: =M73/5 -> 46.1592 | X73: =12*W73-T73-Q73-P73-O73-F73 -> 69.0964 | Y73: =X73 -> 69.0964 | Z73: =Y73-AB73 -> 69.0964 | AD73: =(F73+O73+P73+Q73+T73+Z73+AB73+R73+S73+U73+V73)/W73 -> 12 | AE73: =(F73+O73+P73+Q73+T73)/W73 -> 10.503085 | AF73: 46.7592 | AG73: 74.2702 | AH73: 73.8136 | AI73: 59.3512 | AJ73: 99.834 | AK73: 113.3442 | AL73: 77.8298 | AM73: 48.9584 | AO73: =ROUND(G73*Z73,0) -> 69 | AP73: =ROUND(G73*AB73,0) -> 0 | AQ73: SU002835
A74: 365 Колбаса Салями Филейбургская зернистая, 0,28 кг срез ТМ Баварушка ПОКОМ | B74: шт | E74: 1 | F74: -1 | G74: 0 | I74: не в матрице | K74: 1 | L74: =E74-K74 -> 0 | M74: =E74-N74 -> 1 | Q74: 0 | W74: =M74/5 -> 0.2 | Y74: =X74 -> 0 | Z74: =Y74-AB74 -> 0 | AD74: =(F74+O74+P74+Q74+T74+Z74+AB74+R74+S74+U74+V74)/W74 -> -5 | AE74: =(F74+O74+P74+Q74+T74)/W74 -> -5 | AF74: 0.2 | AG74: 0 | AH74: 0 | AI74: 0 | AJ74: 0 | AK74: 0 | AL74: 0 | AM74: 0 | AO74: =ROUND(G74*Z74,0) -> 0 | AP74: =ROUND(G74*AB74,0) -> 0
A75: 376 Колбаса Докторская Дугушка 0,6кг ГОСТ ТМ Стародворье ПОКОМ | B75: шт | C75: 1155 | D75: 212 | E75: 639 | F75: 482 | G75: 0.6 | H75: 60 | I75: матрица | K75: 739 | L75: =E75-K75 -> -100 | M75: =E75-N75 -> 639 | Q75: 317.08816 | T75: 393.87184 | W75: =M75/5 -> 127.8 | X75: =12*W75-T75-Q75-P75-O75-F75 -> 340.64 | Y75: =X75+$Y$1*W75 -> 465.884 | Z75: =Y75-AB75 -> 465.884 | AD75: =(F75+O75+P75+Q75+T75+Z75+AB75+R75+S75+U75+V75)/W75 -> 12.98 | AE75: =(F75+O75+P75+Q75+T75)/W75 -> 9.3345853 | AF75: 127.8 | AG75: 101.6 | AH75: 91.8 | AI75: 71.4 | AJ75: 79.4 | AK75: 144.8 | AL75: 132.2 | AM75: 65.6 | AO75: =ROUND(G75*Z75,0) -> 280 | AP75: =ROUND(G75*AB75,0) -> 0 | AQ75: SU002632
A76: 377 Колбаса Молочная Дугушка 0,6кг ТМ Стародворье ПОКОМ | B76: шт | C76: 831 | D76: 520 | E76: 646 | F76: 503 | G76: 0.6 | H76: 60 | I76: матрица | K76: 720 | L76: =E76-K76 -> -74 | M76: =E76-N76 -> 646 | O76: 347.88 | Q76: 354.24 | W76: =M76/5 -> 129.2 | X76: =12*W76-T76-Q76-P76-O76-F76 -> 345.28 | Y76: =X76+$Y$1*W76 -> 471.896 | Z76: =Y76-AB76 -> 471.896 | AD76: =(F76+O76+P76+Q76+T76+Z76+AB76+R76+S76+U76+V76)/W76 -> 12.98 | AE76: =(F76+O76+P76+Q76+T76)/W76 -> 9.3275542 | AF76: 129.2 | AG76: 126 | AH76: 88.6 | AI76: 74.4 | AJ76: 96.8 | AK76: 125.2 | AL76: 118.6 | AM76: 74.4 | AO76: =ROUND(G76*Z76,0) -> 283 | AP76: =ROUND(G76*AB76,0) -> 0 | AQ76: SU002631
A77: 387 Колбаса вареная Мусульманская Халяль ТМ Вязанка, 0,4 кг ПОКОМ | B77: шт | D77: 40 | F77: 40 | G77: 0.4 | I77: матрица | L77: =E77-K77 -> 0 | M77: =E77-N77 -> 0 | Q77: 10 | W77: =M77/5 -> 0 | Y77: =X77 -> 0 | Z77: =Y77-AB77 -> 0 | AD77: =(F77+O77+P77+Q77+T77+Z77+AB77+R77+S77+U77+V77)/W77 -> #DIV/0! | AE77: =(F77+O77+P77+Q77+T77)/W77 -> #DIV/0! | AF77: 0 | AG77: 0 | AH77: 0 | AI77: 0 | AJ77: 0 | AK77: 0 | AL77: 0 | AM77: 0 | AN77: с 14,08,26 начинаем заказывать | AO77: =ROUND(G77*Z77,0) -> 0 | AP77: =ROUND(G77*AB77,0) -> 0 | AQ77: SU002983
A78: 388 Сосиски Восточные Халяль ТМ Вязанка 0,33 кг АК. ПОКОМ | B78: шт | C78: 1 | F78: 1 | G78: 0 | I78: матрица | L78: =E78-K78 -> 0 | M78: =E78-N78 -> 0 | Q78: 0 | W78: =M78/5 -> 0 | Y78: =X78 -> 0 | Z78: =Y78-AB78 -> 0 | AD78: =(F78+O78+P78+Q78+T78+Z78+AB78+R78+S78+U78+V78)/W78 -> #DIV/0! | AE78: =(F78+O78+P78+Q78+T78)/W78 -> #DIV/0! | AF78: 0 | AG78: 0.2 | AH78: 0.2 | AI78: 0 | AJ78: 0 | AK78: 0 | AL78: 0 | AM78: 0 | AN78: нет потребности | AO78: =ROUND(G78*Z78,0) -> 0 | AP78: =ROUND(G78*AB78,0) -> 0 | AQ78: SU002984
A79: 394 Колбаса полукопченая Аль-Ислами халяль ТМ Вязанка оболочка фиброуз в в/у 0,35 кг ПОКОМ | B79: шт | C79: 14 | D79: 66 | E79: 20 | F79: 64 | G79: 0.35 | H79: 90 | I79: матрица | K79: 57 | L79: =E79-K79 -> -37 | M79: =E79-N79 -> 20 | Q79: 0 | W79: =M79/5 -> 4 | Y79: =X79 -> 0 | Z79: =Y79-AB79 -> 0 | AD79: =(F79+O79+P79+Q79+T79+Z79+AB79+R79+S79+U79+V79)/W79 -> 16 | AE79: =(F79+O79+P79+Q79+T79)/W79 -> 16 | AF79: 4 | AG79: 8.8 | AH79: 7.2 | AI79: 9.4 | AJ79: 10.4 | AK79: 6.2 | AL79: 9.4 | AM79: 9.4 | AO79: =ROUND(G79*Z79,0) -> 0 | AP79: =ROUND(G79*AB79,0) -> 0 | AQ79: SU002985
A80: 395 Колбаса Докторская ГОСТ ТМ Вязанка в оболочке полиамид 0,37 кг. ПОКОМ | B80: шт | C80: 88 | D80: 275 | E80: 153 | F80: 195 | G80: 0.37 | H80: 50 | I80: матрица | K80: 175 | L80: =E80-K80 -> -22 | M80: =E80-N80 -> 153 | Q80: 85.6 | W80: =M80/5 -> 30.6 | X80: =12*W80-T80-Q80-P80-O80-F80 -> 86.6 | Y80: =X80 -> 86.6 | Z80: =Y80-AB80 -> 86.6 | AD80: =(F80+O80+P80+Q80+T80+Z80+AB80+R80+S80+U80+V80)/W80 -> 12 | AE80: =(F80+O80+P80+Q80+T80)/W80 -> 9.1699346 | AF80: 30.6 | AG80: 27.4 | AH80: 35.4 | AI80: 29.4 | AJ80: 16.2 | AK80: 28.8 | AL80: 28.8 | AM80: 18.2 | AO80: =ROUND(G80*Z80,0) -> 32 | AP80: =ROUND(G80*AB80,0) -> 0 | AQ80: SU002986
A81: 397 Ветчина Дугушка ТМ Стародворье ТС Дугушка в полиамидной оболочке 0,6 кг. ПОКОМ | B81: шт | C81: 722 | D81: 13 | E81: 309 | F81: 389 | G81: 0.6 | H81: 70 | I81: ВНИМАНИЕ / матрица | K81: 331 | L81: =E81-K81 -> -22 | M81: =E81-N81 -> 309 | Q81: 127 | W81: =M81/5 -> 61.8 | X81: =11*W81-T81-Q81-P81-O81-F81 -> 163.8 | Y81: =X81 -> 163.8 | Z81: =Y81-AB81 -> 163.8 | AD81: =(F81+O81+P81+Q81+T81+Z81+AB81+R81+S81+U81+V81)/W81 -> 11 | AE81: =(F81+O81+P81+Q81+T81)/W81 -> 8.3495146 | AF81: 61.8 | AG81: 34.2 | AH81: 32.6 | AI81: 19.6 | AJ81: 83.6 | AK81: 196.6 | AL81: 134 | AM81: 33.2 | AN81: 500шт под ЮТЛ (Хмель 05,08,26) / 500шт под ЮТЛ (Хмель 15,07,26) | AO81: =ROUND(G81*Z81,0) -> 98 | AP81: =ROUND(G81*AB81,0) -> 0 | AQ81: SU002643
A82: 405 Сардельки Сливушки ТМ Вязанка в оболочке айпил 0,33 кг. ПОКОМ | B82: шт | C82: 84 | D82: 372 | E82: 206 | F82: 55 | G82: 0.33 | H82: 40 | I82: матрица | K82: 342 | L82: =E82-K82 -> -136 | M82: =E82-N82 -> 206 | O82: 144.0712 | Q82: 156.54 | W82: =M82/5 -> 41.2 | X82: =12*W82-T82-Q82-P82-O82-F82 -> 138.7888 | Y82: =X82 -> 138.7888 | Z82: =Y82-AB82 -> 138.7888 | AD82: =(F82+O82+P82+Q82+T82+Z82+AB82+R82+S82+U82+V82)/W82 -> 12 | AE82: =(F82+O82+P82+Q82+T82)/W82 -> 8.6313398 | AF82: 49.6 | AG82: 42 | AH82: 24.8 | AI82: 34.4 | AJ82: 51 | AK82: 66.4 | AL82: 43.8 | AM82: 14 | AO82: =ROUND(G82*Z82,0) -> 46 | AP82: =ROUND(G82*AB82,0) -> 0 | AQ82: SU002367
A83: 408 Ветчина Сливушка с индейкой ТМ Вязанка, 0,4кг ПОКОМ | B83: шт | C83: 50 | D83: 114 | E83: 66 | F83: 113 | G83: 0.4 | H83: 55 | I83: матрица | K83: 58 | L83: =E83-K83 -> 8 | M83: =E83-N83 -> 66 | Q83: 19.2 | W83: =M83/5 -> 13.2 | X83: =12*W83-T83-Q83-P83-O83-F83 -> 26.2 | Y83: =X83 -> 26.2 | Z83: =Y83-AB83 -> 26.2 | AD83: =(F83+O83+P83+Q83+T83+Z83+AB83+R83+S83+U83+V83)/W83 -> 12 | AE83: =(F83+O83+P83+Q83+T83)/W83 -> 10.015152 | AF83: 13.2 | AG83: 12.8 | AH83: 9.6 | AI83: 8.6 | AJ83: 10.8 | AK83: 12.2 | AL83: 8.4 | AM83: 8.4 | AO83: =ROUND(G83*Z83,0) -> 10 | AP83: =ROUND(G83*AB83,0) -> 0 | AQ83: SU002735
A84: 410 Сосиски Баварские с сыром ТМ Стародворье 0,35 кг. ПОКОМ | B84: шт | C84: -8 | D84: 375 | E84: 98 | F84: 262 | G84: 0.35 | H84: 40 | I84: НЕДОГРУЗ / матрица | K84: 70 | L84: =E84-K84 -> 28 | M84: =E84-N84 -> 98 | O84: 50 | Q84: 0 | W84: =M84/5 -> 19.6 | X84: 50 | Y84: =X84 -> 50 | Z84: =Y84 -> 50 | AA84: -30 | AB84: =Y84*0.5 -> 25 | AD84: =(F84+O84+P84+Q84+T84+Z84+AB84+R84+S84+U84+V84)/W84 -> 19.744898 | AE84: =(F84+O84+P84+Q84+T84)/W84 -> 15.918367 | AF84: 19.6 | AG84: 50 | AH84: 40 | AI84: 12.4 | AJ84: -1 | AK84: 8.8 | AL84: 26.2 | AM84: 35.8 | AO84: =ROUND(G84*Z84,0) -> 18 | AP84: =ROUND(G84*AB84,0) -> 9 | AQ84: SU003168
A85: 412 Сосиски Баварские ТМ Стародворье 0,35 кг ПОКОМ | B85: шт | C85: -1 | D85: 315 | E85: -3 | F85: 10 | G85: 0.35 | H85: 45 | I85: НЕДОГРУЗ / матрица | K85: 269 | L85: =E85-K85 -> -272 | M85: =E85-N85 -> -153 | N85: 150 | O85: 50 | Q85: 100 | W85: =M85/5 -> -30.6 | X85: 100 | Y85: =X85 -> 100 | Z85: =Y85 -> 100 | AB85: =Y85*0.5 -> 50 | AD85: =(F85+O85+P85+Q85+T85+Z85+AB85+R85+S85+U85+V85)/W85 -> -10.130719 | AE85: =(F85+O85+P85+Q85+T85)/W85 -> -5.2287582 | AF85: -0.6 | AG85: 0 | AH85: 2.8 | AI85: 74.4 | AJ85: 77.2 | AK85: 16.6 | AL85: 66.6 | AM85: 83 | AO85: =ROUND(G85*Z85,0) -> 35 | AP85: =ROUND(G85*AB85,0) -> 18 | AQ85: SU003167
A86: 425 Сосиски Сливочные Вязанка Сливушки Весовые П/а мгс Вязанка Поком | B86: кг | C86: -5.441 | F86: -5.441 | G86: 0 | I86: не в матрице | J86: 017 Сосиски Вязанка Сливочные, Вязанка амицел ВЕС.ПОКОМ | L86: =E86-K86 -> 0 | M86: =E86-N86 -> 0 | Q86: 0 | W86: =M86/5 -> 0 | Y86: =X86 -> 0 | Z86: =Y86-AB86 -> 0 | AD86: =(F86+O86+P86+Q86+T86+Z86+AB86+R86+S86+U86+V86)/W86 -> #DIV/0! | AE86: =(F86+O86+P86+Q86+T86)/W86 -> #DIV/0! | AF86: 0 | AG86: 0 | AH86: 1.0882 | AI86: 1.0882 | AJ86: 0 | AK86: 0 | AL86: 0 | AM86: 0 | AO86: =ROUND(G86*Z86,0) -> 0 | AP86: =ROUND(G86*AB86,0) -> 0
A87: 430 Колбаса Стародворская с окороком 0,4 кг. ТМ Стародворье в оболочке полиамид ПОКОМ | B87: шт | C87: 53 | D87: 50 | E87: 2 | F87: 103 | G87: 0.4 | H87: 55 | I87: матрица | L87: =E87-K87 -> 2 | M87: =E87-N87 -> 2 | Q87: 0 | W87: =M87/5 -> 0.4 | Y87: =X87 -> 0 | Z87: =Y87-AB87 -> 0 | AD87: =(F87+O87+P87+Q87+T87+Z87+AB87+R87+S87+U87+V87)/W87 -> 257.5 | AE87: =(F87+O87+P87+Q87+T87)/W87 -> 257.5 | AF87: 0.4 | AG87: 8.6 | AH87: 8.6 | AI87: 4.4 | AJ87: 7.6 | AK87: 4 | AL87: 4 | AM87: 0 | AN87: нужно увеличить продажи!!! | AO87: =ROUND(G87*Z87,0) -> 0 | AP87: =ROUND(G87*AB87,0) -> 0 | AQ87: SU003272
A88: 433 Колбаса Стародворская со шпиком в оболочке полиамид. ТМ Стародворье ВЕС ПОКОМ | B88: кг | C88: 33.729 | E88: 4.091 | F88: 16.384 | G88: 1 | H88: 55 | I88: матрица | K88: 15.3 | L88: =E88-K88 -> -11.209 | M88: =E88-N88 -> 4.091 | Q88: 0 | W88: =M88/5 -> 0.8182 | Y88: =X88 -> 0 | Z88: =Y88-AB88 -> 0 | AD88: =(F88+O88+P88+Q88+T88+Z88+AB88+R88+S88+U88+V88)/W88 -> 20.024444 | AE88: =(F88+O88+P88+Q88+T88)/W88 -> 20.024444 | AF88: 0.8182 | AG88: 1.704 | AH88: 2.01 | AI88: 1.7164 | AJ88: 1.7184 | AK88: 0.578 | AL88: 1.7448 | AM88: 1.7296 | AN88: нужно увеличить продажи!!! | AO88: =ROUND(G88*Z88,0) -> 0 | AP88: =ROUND(G88*AB88,0) -> 0 | AQ88: SU003275
A89: 436 Колбаса Молочная стародворская с молоком, ВЕС, ТМ Стародворье ПОКОМ | B89: кг | G89: 0 | I89: матрица | L89: =E89-K89 -> 0 | M89: =E89-N89 -> 0 | Q89: 0 | W89: =M89/5 -> 0 | Y89: =X89 -> 0 | Z89: =Y89-AB89 -> 0 | AD89: =(F89+O89+P89+Q89+T89+Z89+AB89+R89+S89+U89+V89)/W89 -> #DIV/0! | AE89: =(F89+O89+P89+Q89+T89)/W89 -> #DIV/0! | AF89: 0 | AG89: 0 | AH89: 0 | AI89: 0 | AJ89: 0 | AK89: 0 | AL89: 0 | AM89: 0 | AN89: нет потребности | AO89: =ROUND(G89*Z89,0) -> 0 | AP89: =ROUND(G89*AB89,0) -> 0 | AQ89: SU003273
A90: 449 Колбаса Дугушка Стародворская ВЕС ТС Дугушка ПОКОМ | B90: кг | C90: 3866.12 | D90: 5962.269 | E90: 4315.109 | F90: 3348.852 | G90: 1 | H90: 60 | I90: матрица | K90: 4583.6 | L90: =E90-K90 -> -268.491 | M90: =E90-N90 -> 4213.159 | N90: 101.95 | O90: 1377.187 | Q90: 2305.799 | T90: 2864.154 | W90: =M90/5 -> 842.6318 | X90: =12*W90-T90-Q90-P90-O90-F90 -> 215.58959 | Y90: 0 | Z90: =Y90-AB90 -> 0 | AD90: =(F90+O90+P90+Q90+T90+Z90+AB90+R90+S90+U90+V90)/W90 -> 11.744147 | AE90: =(F90+O90+P90+Q90+T90)/W90 -> 11.744147 | AF90: 930.8048 | AG90: 746.087 | AH90: 678.2404 | AI90: 611.373 | AJ90: 524.66 | AK90: 546.3716 | AL90: 631.1854 | AM90: 487.4292 | AO90: =ROUND(G90*Z90,0) -> 0 | AP90: =ROUND(G90*AB90,0) -> 0 | AQ90: SU002634 | AR90: =VLOOKUP(AQ90,[1]Лист1!$A:$A,1,0) -> SU002634
A91: 451 Сосиски Филейские ТМ Вязанка в оболочке целлофан 0,3 кг. ПОКОМ | B91: шт | C91: 146 | D91: 322 | E91: 245 | F91: 197 | G91: 0.3 | H91: 40 | I91: матрица | K91: 271 | L91: =E91-K91 -> -26 | M91: =E91-N91 -> 245 | O91: 208.21944 | Q91: 0 | W91: =M91/5 -> 49 | X91: =12*W91-T91-Q91-P91-O91-F91 -> 182.78056 | Y91: =X91 -> 182.78056 | Z91: =Y91-AB91 -> 182.78056 | AD91: =(F91+O91+P91+Q91+T91+Z91+AB91+R91+S91+U91+V91)/W91 -> 12 | AE91: =(F91+O91+P91+Q91+T91)/W91 -> 8.2697845 | AF91: 49 | AG91: 54.8 | AH91: 31.2 | AI91: 37.8 | AJ91: 35.8 | AK91: 44 | AL91: 54.4 | AM91: 32.2 | AO91: =ROUND(G91*Z91,0) -> 55 | AP91: =ROUND(G91*AB91,0) -> 0 | AQ91: SU002825
A92: 452 Колбаса Со шпиком ВЕС большой батон ТМ Особый рецепт ПОКОМ | B92: кг | C92: 1501.596 | D92: 4179.04 | E92: 1786.174 | F92: 383.127 | G92: 1 | H92: 60 | I92: матрица | K92: 3731.734 | L92: =E92-K92 -> -1945.56 | M92: =E92-N92 -> 1786.174 | O92: 794.34634 | Q92: 1619.6355 | T92: 2011.8342 | W92: =M92/5 -> 357.2348 | Y92: =X92 -> 0 | Z92: =Y92-AB92 -> 0 | AD92: =(F92+O92+P92+Q92+T92+Z92+AB92+R92+S92+U92+V92)/W92 -> 13.461575 | AE92: =(F92+O92+P92+Q92+T92)/W92 -> 13.461575 | AF92: 505.7272 | AG92: 276.8416 | AH92: 190.1532 | AI92: 224.5422 | AJ92: 235.4412 | AK92: 237.8428 | AL92: 261.7706 | AM92: 210.9222 | AO92: =ROUND(G92*Z92,0) -> 0 | AP92: =ROUND(G92*AB92,0) -> 0 | AQ92: SU003423 | AR92: =VLOOKUP(AQ92,[1]Лист1!$A:$A,1,0) -> SU003423
A93: 456 Колбаса Филейная ТМ Особый рецепт ВЕС большой батон ПОКОМ | B93: кг | C93: 5155.091 | D93: 3786.117 | E93: 3167.687 | F93: 3242.443 | G93: 1 | H93: 60 | I93: матрица | K93: 4175.722 | L93: =E93-K93 -> -1008.035 | M93: =E93-N93 -> 1522.677 | N93: 1645.01 | O93: 1039.1909 | Q93: 398.05943 | T93: 494.4505 | V93: 300 | W93: =M93/5 -> 304.5354 | Y93: =X93 -> 0 | Z93: =Y93-AB93 -> 0 | AD93: =(F93+O93+P93+Q93+T93+Z93+AB93+R93+S93+U93+V93)/W93 -> 17.975394 | AE93: =(F93+O93+P93+Q93+T93)/W93 -> 16.990287 | AF93: 631.58 | AG93: 682.7248 | AH93: 684.1716 | AI93: 529.6386 | AJ93: 447.9076 | AK93: 485.6838 | AL93: 514.5382 | AM93: 401.6282 | AN93: нужно увеличить продажи | AO93: =ROUND(G93*Z93,0) -> 0 | AP93: =ROUND(G93*AB93,0) -> 0 | AQ93: SU003420 | AR93: =VLOOKUP(AQ93,[1]Лист1!$A:$A,1,0) -> SU003420
A94: 457 Колбаса Молочная ТМ Особый рецепт ВЕС большой батон ПОКОМ | B94: кг | C94: 5918.617 | D94: 6028.203 | E94: =2735.521+E23 -> 2740.491 | F94: =5525.034+F23 -> 5512.571 | G94: 1 | H94: 60 | I94: матрица | K94: 6008.577 | L94: =E94-K94 -> -3268.086 | M94: =E94-N94 -> 1989.252 | N94: 751.239 | O94: 1317.908 | Q94: 0 | V94: 400 | W94: =M94/5 -> 397.8504 | Y94: =X94 -> 0 | Z94: =Y94-AB94 -> 0 | AD94: =(F94+O94+P94+Q94+T94+Z94+AB94+R94+S94+U94+V94)/W94 -> 18.173864 | AE94: =(F94+O94+P94+Q94+T94)/W94 -> 17.168461 | AF94: 698.2562 | AG94: 848.8694 | AH94: 803.5792 | AI94: 649.2556 | AJ94: 717.882 | AK94: 624.5142 | AL94: 657.897 | AM94: 520.9252 | AN94: нужно увеличить продажи | AO94: =ROUND(G94*Z94,0) -> 0 | AP94: =ROUND(G94*AB94,0) -> 0 | AQ94: SU003422 | AR94: =VLOOKUP(AQ94,[1]Лист1!$A:$A,1,0) -> SU003422
A95: 460 Колбаса Стародворская Традиционная ВЕС ТМ Стародворье в оболочке полиамид. ПОКОМ | B95: кг | C95: 76.864 | D95: 2.67 | E95: 26.854 | F95: 48.498 | G95: 1 | H95: 55 | I95: матрица | K95: 27.2 | L95: =E95-K95 -> -0.346 | M95: =E95-N95 -> 26.854 | Q95: 0 | W95: =M95/5 -> 5.3708 | X95: =12*W95-T95-Q95-P95-O95-F95 -> 15.9516 | Y95: =X95 -> 15.9516 | Z95: =Y95-AB95 -> 15.9516 | AD95: =(F95+O95+P95+Q95+T95+Z95+AB95+R95+S95+U95+V95)/W95 -> 12 | AE95: =(F95+O95+P95+Q95+T95)/W95 -> 9.0299397 | AF95: 5.3708 | AG95: 3.2182 | AH95: 2.9496 | AI95: 2.4132 | AJ95: 4.8088 | AK95: 2.9366 | AL95: 2.9626 | AM95: 9.129 | AO95: =ROUND(G95*Z95,0) -> 16 | AP95: =ROUND(G95*AB95,0) -> 0 | AQ95: SU003392
A96: 463 Колбаса Молочная Традиционнаяв оболочке полиамид.ТМ Стародворье. ВЕС ПОКОМ | B96: кг | C96: -1.36 | F96: -1.36 | G96: 0 | I96: не в матрице | L96: =E96-K96 -> 0 | M96: =E96-N96 -> 0 | Q96: 0 | W96: =M96/5 -> 0 | Y96: =X96 -> 0 | Z96: =Y96-AB96 -> 0 | AD96: =(F96+O96+P96+Q96+T96+Z96+AB96+R96+S96+U96+V96)/W96 -> #DIV/0! | AE96: =(F96+O96+P96+Q96+T96)/W96 -> #DIV/0! | AF96: 0 | AG96: 0 | AH96: 0 | AI96: 0 | AJ96: 0 | AK96: 0 | AL96: 0 | AM96: 0.272 | AO96: =ROUND(G96*Z96,0) -> 0 | AP96: =ROUND(G96*AB96,0) -> 0 | AQ96: SU003394
A97: 485 Колбаса Молочная по-стародворски ТМ Стародворье в оболочке полиамид. ВЕС ПОКОМ | B97: кг | C97: -2.596 | F97: -2.596 | G97: 0 | I97: не в матрице | L97: =E97-K97 -> 0 | M97: =E97-N97 -> 0 | Q97: 0 | W97: =M97/5 -> 0 | Y97: =X97 -> 0 | Z97: =Y97-AB97 -> 0 | AD97: =(F97+O97+P97+Q97+T97+Z97+AB97+R97+S97+U97+V97)/W97 -> #DIV/0! | AE97: =(F97+O97+P97+Q97+T97)/W97 -> #DIV/0! | AF97: 0 | AG97: 0.5484 | AH97: 3.7996 | AI97: 5.404 | AJ97: 5.3784 | AK97: 6.864 | AL97: 3.9004 | AM97: 2.42 | AO97: =ROUND(G97*Z97,0) -> 0 | AP97: =ROUND(G97*AB97,0) -> 0
A98: 498 Колбаса Сочинка рубленая с сочным окороком 0,3кг ТМ Стародворье ПОКОМ | B98: шт | C98: -3 | D98: 2 | F98: -3 | G98: 0.3 | H98: 40 | I98: НЕДОГРУЗ / матрица | K98: 182 | L98: =E98-K98 -> -182 | M98: =E98-N98 -> 0 | Q98: 50 | R98: -54 | W98: =M98/5 -> 0 | X98: 50 | Y98: =X98 -> 50 | Z98: =Y98 -> 50 | AA98: -30 | AB98: =Y98*0.5 -> 25 | AD98: =(F98+O98+P98+Q98+T98+Z98+AB98+R98+S98+U98+V98)/W98 -> #DIV/0! | AE98: =(F98+O98+P98+Q98+T98)/W98 -> #DIV/0! | AF98: 0 | AG98: 8.4 | AH98: 9.6 | AI98: 9.2 | AJ98: 15.2 | AK98: 23.8 | AL98: 25.4 | AM98: 17.2 | AO98: =ROUND(G98*Z98,0) -> 15 | AP98: =ROUND(G98*AB98,0) -> 8 | AQ98: SU002948
A99: 517 Сосиски С сыром ТМ Ядрена копоть 0,3кг ПОКОМ | B99: шт | C99: 56 | D99: 156 | E99: 39 | F99: 169 | G99: 0.3 | H99: 40 | I99: матрица | K99: 41 | L99: =E99-K99 -> -2 | M99: =E99-N99 -> 39 | Q99: 0 | W99: =M99/5 -> 7.8 | Y99: =X99 -> 0 | Z99: =Y99-AB99 -> 0 | AD99: =(F99+O99+P99+Q99+T99+Z99+AB99+R99+S99+U99+V99)/W99 -> 21.666667 | AE99: =(F99+O99+P99+Q99+T99)/W99 -> 21.666667 | AF99: 7.8 | AG99: 17.2 | AH99: 16.2 | AI99: 4 | AJ99: 9.6 | AK99: 11 | AL99: 12.4 | AM99: 6.8 | AN99: нужно увеличить продажи | AO99: =ROUND(G99*Z99,0) -> 0 | AP99: =ROUND(G99*AB99,0) -> 0 | AQ99: SU003665
A100: 523 Колбаса Сальчичон нарезка 0,07кг ТМ Стародворье ПОКОМ | B100: шт | C100: 505 | D100: 23 | E100: 127 | F100: 327 | G100: 0.07 | H100: 90 | I100: ВНИМАНИЕ / матрица | K100: 189 | L100: =E100-K100 -> -62 | M100: =E100-N100 -> 127 | Q100: 0 | W100: =M100/5 -> 25.4 | Y100: =X100+400 -> 400 | Z100: =Y100-AB100 -> 400 | AC100: =VLOOKUP(A100,[2]Sheet!$A:$U,21,0) -> 400 сеть молоко | AD100: =(F100+O100+P100+Q100+T100+Z100+AB100+R100+S100+U100+V100)/W100 -> 28.622047 | AE100: =(F100+O100+P100+Q100+T100)/W100 -> 12.874016 | AF100: 25.4 | AG100: 27.8 | AH100: 21.6 | AI100: 29 | AJ100: 32.4 | AK100: 33.4 | AL100: 34.8 | AM100: 22.2 | AN100: плюсом 400шт сеть Молоко (21,08,26) / плюсом 300шт сеть Молоко (05,08,26) | AO100: =ROUND(G100*Z100,0) -> 28 | AP100: =ROUND(G100*AB100,0) -> 0 | AQ100: SU003893
...

Sheet недогруз 22,08
A1: SU002205 | B1: Сосиски «Молочные для завтрака» Фикс.вес 0,4 П/а мгс ТМ «Особый рецепт» | C1: 81.6 | D1: -81.6
A2: SU002252 | B2: П/к колбасы Кракушка пряная с сальцем Бавария Фикс.вес 0,3 н/о в/у Стародворье | C2: 23.4 | D2: -23.4
A3: SU002621 | B3: Сосиски «Сочинки с сочным окороком» Фикс.вес 0,4 П/а мгс ТМ «Стародворье» | C3: 160.8 | D3: -160.8
A4: SU002660 | B4: Колбаса Мясорубская ТМ Стародворье с рубленой грудинкой в оболочке фиброуз в вакуумной упаковке 0,35 кг срез | C4: 18.9 | D4: -18.9
A5: SU002844 | B5: Сосиски «Сочинки Сливочные» Фикс.вес 0,4 п/а мгс ТМ «Стародворье» | C5: 76.8 | D5: -76.8
A6: SU002848 | B6: В/к колбасы Сервелат Мясорубский с мелкорубленным окороком срез Бордо Фикс.вес 0,35 фиброуз Стародворье | C6: 71.4 | D6: -71.4
A7: SU002942 | B7: В/к колбасы «Сочинка по-фински с сочным окороком» срез Фикс.вес 0,3 фиброуз ТМ «Стародворье» | C7: 16.2 | D7: -16.2
A8: SU002944 | B8: В/к колбасы «Сочинка по-европейски с сочной грудинкой» срез Фикс.вес 0,3 фиброуз ТМ «Стародворье» | C8: 30.6 | D8: -30.6
A9: SU002945 | B9: П/к колбасы «Сочинка зернистая с сочной грудинкой» Весовой фиброуз ТМ «Стародворье» | C9: 383.4 | D9: -383.4
A10: SU002948 | B10: П/к колбасы «Сочинка рубленая с сочным окороком» срез Фикс.вес 0,3 фиброуз ТМ «Стародворье» | C10: 16.2 | D10: -16.2
A11: SU004041 | B11: Копченые колбасы «Балыковая» Весовой фиброуз ТМ «Вязанка» | C11: 101.5 | D11: -101.5
A12: SU004045 | B12: Копченые колбасы «Сервелат Финский» Фикс.вес 0,28 фиброуз срез ТМ «Вязанка» | C12: 57.12 | D12: -57.12

Sheet недогруз 24,08
A1: SU000227 | B1: Сардельки «Стародворские с говядиной» Весовые NDX ТМ «Стародворье» | C1: -500.8 | D1: 1372.8
A2: SU001718 | B2: Сосиски «Молокуши» ф/в 0,45 п/а мгс ТМ «Вязанка» | D2: 585.9
A3: SU001720 | B3: Сосиски «Сливочные» ф/в 0,45 п/а мгс ТМ «Вязанка» | D3: 1350
A4: SU001721 | B4: Сосиски «Сливочные Вязанка» Весовой п/а мгс ТМ «Вязанка» | D4: 704.7
A5: SU002035 | B5: Ветчины Дугушка Дугушка Вес б/о Дугушка | D5: 865.92
A6: SU002074 | B6: Сосиски «Молочные для завтрака» Весовой п/а ТМ «Особый рецепт» | D6: 1107
A7: SU002205 | B7: Сосиски «Молочные для завтрака» Фикс.вес 0,4 П/а мгс ТМ «Особый рецепт» | C7: -40.8 | D7: 40.8
A8: SU002618 | B8: Сосиски «Сочинки с сочной грудинкой» Фикс.вес 0,4 П/а мгс ТМ «Стародворье» | D8: 888
A9: SU002621 | B9: Сосиски «Сочинки с сочным окороком» Фикс.вес 0,4 П/а мгс ТМ «Стародворье» | C9: -100.8 | D9: 100.8
A10: SU002660 | B10: Колбаса Мясорубская ТМ Стародворье с рубленой грудинкой в оболочке фиброуз в вакуумной упаковке 0,35 кг срез | C10: -10.5 | D10: 10.5
A11: SU002686 | B11: Сосиски Сочинки с сыром Бордо ф/в 0,4 кг п/а Стародворье | D11: 12
A12: SU002734 | B12: Вареные колбасы Сливушка Вязанка Фикс.вес 0,45 П/а Вязанка | D12: 360
A13: SU002799 | B13: Сосиски Сочинки по-баварски Бавария Фикс.вес 0,4 П/а мгс Стародворье | D13: 21.6
A14: SU002801 | B14: Сосиски «Сочинки по-баварски с сыром» Фикс.вес 0,4 П/а мгс ТМ «Стародворье» | D14: 21.6
A15: SU002843 | B15: Сосиски «Сочинки Молочные» Весовой п/а мгс ТМ «Стародворье» | D15: 32.4
A16: SU002844 | B16: Сосиски «Сочинки Сливочные» Фикс.вес 0,4 п/а мгс ТМ «Стародворье» | D16: 40.8
A17: SU002845 | B17: Сосиски «Сочинки Сливочные» Весовые ТМ «Стародворье» 1,35 кг | D17: 32.4
A18: SU002848 | B18: В/к колбасы Сервелат Мясорубский с мелкорубленным окороком срез Бордо Фикс.вес 0,35 фиброуз Стародворье | C18: -159.6 | D18: 159.6
A19: SU002942 | B19: В/к колбасы «Сочинка по-фински с сочным окороком» срез Фикс.вес 0,3 фиброуз ТМ «Стародворье» | C19: -9 | D19: 9
A20: SU002944 | B20: В/к колбасы «Сочинка по-европейски с сочной грудинкой» срез Фикс.вес 0,3 фиброуз ТМ «Стародворье» | C20: -9 | D20: 9
A21: SU002948 | B21: П/к колбасы «Сочинка рубленая с сочным окороком» срез Фикс.вес 0,3 фиброуз ТМ «Стародворье» | C21: -9 | D21: 9
A22: SU003167 | B22: Сосиски «Баварские» Фикс.вес 0,35 П/а ТМ «Стародворье» | D22: 18.9
A23: SU003168 | B23: Сосиски «Баварские с сыром» Фикс.вес 0,35 п/а ТМ «Стародворье» | C23: -10.5 | D23: 10.5
A24: SU003829 | B24: Копченые колбасы «Сервелат Мясорубский Делюкс» Фикс.вес 0,3 фиброуз ТМ «Стародворье» | C24: -5.4 | D24: 5.4
A25: SU004039 | B25: Копченые колбасы «Балыковая» Фикс.вес 0,28 фиброуз срез ТМ «Вязанка» | C25: -43.68 | D25: 43.68
A26: SU004041 | B26: Копченые колбасы «Балыковая» Весовой фиброуз ТМ «Вязанка» | C26: -42 | D26: 42
A27: SU004042 | B27: Копченые колбасы «Сервелат Ореховый» Фикс.вес 0,28 фиброуз срез ТМ «Вязанка» | C27: -35.28 | D27: 35.28
A28: SU004044 | B28: Копченые колбасы «Сервелат Ореховый» Весовой фиброуз ТМ «Вязанка» | C28: -91 | D28: 91
A29: SU004045 | B29: Копченые колбасы «Сервелат Финский» Фикс.вес 0,28 фиброуз срез ТМ «Вязанка» | C29: -21.84 | D29: 21.84
A30: SU004047 | B30: Копченые колбасы «Сервелат Финский» Весовой фиброуз ТМ «Вязанка» | D30: 28
A31: SU004146 | B31: Консервы «Буженина в пряном маринаде» Фикс.вес 0,25 ТМ «Стародворье» | D31: 3
