Workbook

Sheet Лист2
B1: № | C1: Наименование у Бычкова | D1: Наименование 1С ЛП | F1: Код УТ | G1: код завода | H1: ЗАКАЗ | I1: Вес, кг
B2: 1 | C2: Салями Охотничья б/о с/к Стародворские колбасы | D2: Колбаса Салями охотничья, ВЕС. ПОКОМ | E2: 1 | F2: 240 | G2: 1921 | H2: =VLOOKUP(C2,'Рабочий лист_Бычков'!B:J,9,0) -> 0 | I2: =H2*E2 -> 0
B3: 2 | C3: Сосиски БАВАРСКИЕ 0,35кг Стародворье | D3: Сосиски Баварские ТМ Стародворье 0,35 кг ПОКОМ | E3: 0.35 | F3: 412 | G3: 3167 | H3: =VLOOKUP(C3,'Рабочий лист_Бычков'!B:J,9,0) -> 12 | I3: =H3*E3 -> 4.2
B4: 3 | C4: Сосиски Баварские с сыром 0,35кг Стародворские колбасы | D4: Сосиски Баварские с сыром ТМ Стародворье 0,35 кг. ПОКОМ | E4: 0.35 | F4: 410 | G4: 3168 | H4: =VLOOKUP(C4,'Рабочий лист_Бычков'!B:J,9,0) -> 6 | I4: =H4*E4 -> 2.1
B5: 4 | C5: Сосиски Баварские Стародворские колбасы | D5: Сосиски Баварские Бавария Весовые п/а Стародворье | E5: 1 | F5: 251 | G5: 1835 | H5: =VLOOKUP(C5,'Рабочий лист_Бычков'!B:J,9,0) -> 25 | I5: =H5*E5 -> 25
B6: 5 | C6: Балыкбургская с копченым балыком 0,35кг | D6: Колбаса Балыкбурская с копченым балыком, в/у 0,35 кг срез, БАВАРУШКА ПОКОМ | E6: 0.35 | F6: 116 | G6: 2604 | H6: =VLOOKUP(C6,'Рабочий лист_Бычков'!B:J,9,0) -> 0 | I6: =H6*E6 -> 0
B7: 6 | C7: Балыковая в/к фиброуз в/у термо Стародворские колбасы | D7: Колбаса Балыковая НОВАЯ ВЕС Вязанка фиброуз в/у ПОКОМ | E7: 1 | F7: 558 | G7: 4041 | H7: =VLOOKUP(C7,'Рабочий лист_Бычков'!B:J,9,0) -> 0 | I7: =H7*E7 -> 0
B8: 7 | C8: Ветчина Нежная Особая 0,4кг Стародворские колбасы | D8: Ветчина Нежная ТМ Особый рецепт, п/а, 0,4кг ПОКОМ | E8: 0.4 | F8: 43 | G8: 2027 | H8: =VLOOKUP(C8,'Рабочий лист_Бычков'!B:J,9,0) -> 0 | I8: =H8*E8 -> 0
B9: 8 | C9: Ветчина нежная ОСОБАЯ Зареченские колбасы 2.6кг БАТОН | D9: Ветчина Нежная ТМ Особый рецепт, (2,5кг), ПОКОМ, кг | E9: 1 | F9: 201 | G9: 126 | H9: =VLOOKUP(C9,'Рабочий лист_Бычков'!B:J,9,0) -> 300 | I9: =H9*E9 -> 300
B10: 9 | C10: Ветчина Нежная Особая Зареченские колбасы малый батон | D10: Ветчина Нежная ВЕС ТМ Зареченские ПОКОМ | E10: 1 | F10: 510 | G10: 2806 | H10: =VLOOKUP(C10,'Рабочий лист_Бычков'!B:J,9,0) -> 0 | I10: =H10*E10 -> 0
B11: 10 | C11: Ветчина Столичная вязанка 0,45кг Стародворские колбасы | D11: Ветчина Филейская ТМ Вязанка Столичная 0,45 кг ПОКОМ | E11: 0.45 | F11: 324 | G11: 2814 | H11: =VLOOKUP(C11,'Рабочий лист_Бычков'!B:J,9,0) -> 0 | I11: =H11*E11 -> 0
B12: 11 | C12: Ветчина Филейская Столичная Стародворские колбасы | D12: Ветчина Филейская ВЕС ТМ Вязанка ТС Столичная ПОКОМ | E12: 1 | F12: 312 | G12: 2828 | H12: =VLOOKUP(C12,'Рабочий лист_Бычков'!B:J,9,0) -> 50 | I12: =H12*E12 -> 50
B13: 12 | C13: ГОСТ Докторская вязанка МИНИ 0,4кг Стародворские колбасы | D13: Колбаса Докторская ГОСТ, Вязанка вектор, 0,4 кг, ПОКОМ, шт | E13: 0.4 | F13: 23 | G13: 1485 | H13: =VLOOKUP(C13,'Рабочий лист_Бычков'!B:J,9,0) -> 0 | I13: =H13*E13 -> 0
... B79: 78 | C79: Шпикачки Стародворские н/о | D79: Шпикачки Стародворские, ВЕС. ПОКОМ | E79: 1 | F79: 263 | G79: 1430 | H79: =VLOOKUP(C79,'Рабочий лист_Бычков'!B:J,9,0) -> 15 | I79: =H79*E79 -> 15
D80: Сосиски Сочинки по-баварски ТМ Стародворье в оболочке полиамид в мод. газ. среде 0,3 кг ПОКОМ | E80: 0.3 | F80: 561 | G80: 3814 | I80: =H80*E80 -> 0
D81: Ассорти колбас Мясорубская коллекция: Сервелат Делюкс, С балыком 0,08 кг нарезка ПОКОМ | E81: 0.08 | F81: 553 | G81: 4026 | I81: =H81*E81 -> 0
D82: Колбаса Сервелат Мясорубский ТМ Стародворье в упаковке скин 0,08 кг нарезка ПОКОМ | E82: 0.08 | F82: 554 | G82: 3178 | I82: =H82*E82 -> 0
D83: Колбаса Сервелат Ореховый ТМ Вязанка в оболочке фиброуз в вакуумной упаковке, ВЕС ПОКОМ | E83: 1 | F83: 556 | G83: 4044 | I83: =H83*E83 -> 0
D84: Колбаса Сервелат Финский ТМ Вязанка в оболочке фиброуз в вакуумной упаковке, ВЕС ПОКОМ | E84: 1 | F84: 557 | G84: 4047 | I84: =H84*E84 -> 0
D85: Колбаса Сервелат Вяленый ТМ Стародворье в оболочке фиброуз в вакуумной упаковке 0,3 кг ПОКОМ | E85: 0.3 | F85: 559 | G85: 4086 | I85: =H85*E85 -> 0
D86: Колбаса Мясорубская с чесноком ТМ Стародворье в обол. фиброуз в вак. упак. 0,3 кг срез ПОКОМ | E86: 0.3 | F86: 550 | G86: 3997 | I86: =H86*E86 -> 0
D87: Колбаса Молокуша ТМ Вязанка в модифицированной газовой среде 0,17 кг нарезка ПОКОМ | E87: 0.17 | F87: 555 | G87: 2354 | I87: =H87*E87 -> 0
D88: Колбаса Молочная Дугушка ТМ Стародворье ТС Дугушка в оболочке полиамид 0,4 кг ПОКОМ | E88: 0.4 | F88: 538 | G88: 3786 | I88: =H88*E88 -> 0
D89: Колбаса Мясная Классическая ТМ Вязанка в оболочке полиамид. ВЕС ПОКОМ | E89: 1 | F89: 547 | G89: 4028 | I89: =H89*E89 -> 0
D90: Сосиски Классические ТМ Ядрена копоть 0,3кг ПОКОМ | E90: 0.3 | F90: 516 | G90: 3664 | I90: =H90*E90 -> 0
D91: Сосиски С сыром ТМ Ядрена копоть 0,3кг ПОКОМ | E91: 0.3 | F91: 517 | G91: 3665 | I91: =H91*E91 -> 0
... D158: Колбаса Балыкбургская рубленая, в/у 0,35 кг срез, БАВАРУШКА ПОКОМ | E158: 0.35 | F158: 282 | G158: 2545 | I158: =H158*E158 -> 0
B159: 79 | C159: Вязанка Молокуша 0,45кг Стародворские колбасы | D159: Колбаса вареная Молокуша 0,45кг ТМ Вязанка ПОКОМ | E159: 0.45 | F159: 322 | G159: 2816 | H159: =VLOOKUP(C159,'Рабочий лист_Бычков'!B:J,9,0) -> 30 | I159: =H159*E159 -> 13.5
D160: Колбаса вареная Сочинка ТМ Стародворье, 0,45 кг. ПОКОМ | E160: 0.45 | F160: 326 | G160: 2823 | I160: =H160*E160 -> 0
B161: 80 | C161: Дугушка со шпиком | D161: Колбаса Дугушка со шпиком, ВЕС, ТМ Стародворье ПОКОМ | E161: 1 | F161: 225 | G161: 2182 | H161: =VLOOKUP(C161,'Рабочий лист_Бычков'!B:J,9,0) -> 0 | I161: =H161*E161 -> 0
D162: Колбаса Княжеская, белковой обол в термоусад. пакете, ВЕС, ТМ Стародворье | E162: 1 | F162: 226 | G162: 1920 | I162: =H162*E162 -> 0
D163: Колбаса Кракушка пряная с сальцем, 0.3кг в/у п/к, БАВАРУШКА ПОКОМ | E163: 0.3 | F163: 62 | G163: 2252 | I163: =H163*E163 -> 0
D164: Колбаса Салями Мясорубская с рубленным шпиком ВЕС ТМ Стародворье ПОКОМ | E164: 1 | F164: 304 | G164: 2876 | I164: =H164*E164 -> 0
D165: Колбаса Салями Мясорубская с рубленым шпиком 0,35 кг срез ТМ Стародворье Поком | E165: 0.35 | F165: 306 | G165: 2877 | I165: =H165*E165 -> 0
D166: Колбаса Салями Финская, Вязанка фиброуз в/у, ПОКОМ | E166: 1 | F166: 11 | G166: 664 | I166: =H166*E166 -> 0
D167: Колбаса Сервелат Левантский ТМ Особый Рецепт, ВЕС. ПОКОМ | E167: 1 | F167: 271 | G167: 2360 | I167: =H167*E167 -> 0
D168: Колбаса Сервелат Мясорубский с мелкорубленным окороком 0,35 кг срез ТМ Стародворье Поком | E168: 0.35 | F168: 307 | G168: 2848 | I168: =H168*E168 -> 0
D169: Колбаса Сервелат Мясорубский с мелкорубленным окороком в/у ТМ Стародворье ВЕС ПОКОМ | E169: 1 | F169: 305 | G169: 2847 | I169: =H169*E169 -> 0
D170: Колбаса Сервелатная по-стародворски, Фирм. фиброуз в/у ВЕС, ТМ Стародворье | E170: 1 | F170: 245 | G170: 1801 | I170: =H170*E170 -> 0
D171: Колбаса Сливушка ТМ Вязанка в оболочке полиамид 0,45 кг ПОКОМ | E171: 0.45 | F171: 276 | G171: 2734 | I171: =H171*E171 -> 0
D172: Сардельки Нежные, ВЕС. ПОКОМ | E172: 1 | F172: 247 | G172: 1051 | I172: =H172*E172 -> 0
D173: Сардельки Сочинки с сыром Стародворье ТМ, 0,4 кг. ПОКОМ | E173: 0.4 | F173: 329 | G173: 2759 | I173: =H173*E173 -> 0
... D199: Вязанка Сардельки Сливушки 330г (Стародвор) | E199: 0.33 | F199: 405 | G199: 2367 | I199: =H199*E199 -> 0
D200: Колбаса Сервелат Ореховый нарезка 0,07кг ТМ Стародворье ПОКОМ, шт | E200: 0.07 | F200: 524 | G200: 3894 | I200: =H200*E200 -> 0
D201: Колбаски Краковюрст ТМ Баварушка с изысканными пряностями в оболочке NDX в в.у 0,2 кг. ПОКОМ , шт | E201: 0.2 | F201: 447 | G201: 3342 | I201: =H201*E201 -> 0
D202: Колбаса Сальчичон нарезка 0,07кг ТМ Стародворье ПОКОМ , шт | E202: 0.07 | F202: 523 | G202: 3893 | I202: =H202*E202 -> 0
D203: Корейка вяленая выдержанная нарезка 0,05кг ТМ Стародворье ПОКОМ, шт | E203: 0.05 | F203: 526 | G203: 3925 | I203: =H203*E203 -> 0
D204: Колбаса Фуэт нарезка 0,07кг ТМ Стародворье ПОКОМ, шт | E204: 0.07 | F204: 525 | G204: 3896 | I204: =H204*E204 -> 0
D205: Окорок Прошутто выдержанный нарезка 0,055кг ТМ Стародворье ПОКОМ, шт | E205: 0.055 | F205: 527 | G205: 3924 | I205: =H205*E205 -> 0
D206: Сосиски Филейбургские с грудкой ТМ Баварушка 0,33 кг. ПОКОМ, шт | E206: 0.33 | F206: 356 | G206: 2557 | I206: =H206*E206 -> 0
D207: Копченые колбасы «Колбаски Мини-колбаски со вкусом Мясо на углях» Фикс.вес 0,2 б/о ТМ «Ядрена копоть» | E207: 0.2 | G207: 4004 | I207: =H207*E207 -> 0
D208: Ветчины «Филейская» ф/в 0,37 п/а ТМ «Вязанка» | E208: 0.37 | G208: 3689 | I208: =H208*E208 -> 0
D209: Сосиски «Вязанка Молочные» Фикс.вес 0,37 п/а ТМ «Вязанка» | E209: 0.37 | G209: 3503 | I209: =H209*E209 -> 0
D210: Вареные колбасы «Сливушка» Фикс.вес 0,11 нарезка ТМ «Вязанка» | E210: 0.11 | G210: 3745 | I210: =H210*E210 -> 0
D211: Ветчины «Сливушка с индейкой» Фикс.вес 0,1 нарезка ТМ «Вязанка» | E211: 0.1 | G211: 2356 | I211: =H211*E211 -> 0
D212: Сосиски «Сочные» Фикс.вес 0,3 П/а мгс ТМ «Вязанка» | E212: 0.3 | G212: 4053 | I212: =H212*E212 -> 0
D213: Копченые колбасы «Сервелат Вяленый» Фикс.вес 0,15 фиброуз ТМ «Стародворье» | E213: 0.15 | G213: 4085 | I213: =H213*E213 -> 0
D214: В/к колбасы Сервелат Мясорубский с мелкорубленным окороком срез Бордо Фикс.вес 0,4 фиброуз Стародворье | E214: 0.4 | G214: 2659 | I214: =H214*E214 -> 0
D215: Вареные колбасы «Стародворская Мясная» Фикс.вес 0,4 п/а ТМ «Стародворье» | E215: 0.4 | G215: 3859 | I215: =H215*E215 -> 0
D216: Вареные колбасы «Стародворская со шпиком» Фикс.вес 0,4 п/а ТМ «Стародворье» | E216: 0.4 | G216: 4011 | I216: =H216*E216 -> 0
D217: Вареные колбасы Докторская ГОСТ Золоченная в печи Весовые ц/о в/у Стародворье | E217: 1 | G217: 2201 | I217: =H217*E217 -> 0
D218: Вареные колбасы «со шпиком» Весовой фиброуз ТМ «Стародворье» | E218: 1 | G218: 3946 | I218: =H218*E218 -> 0
... D228: Ветчины «Рубленая» Весовой п/а ТМ «Зареченские» НТУ HR | E228: 1 | G228: 2967 | I228: =H228*E228 -> 0
C229: Итого: | D229: ИТОГО: | H229: =SUM(H2:H228) -> 1397 | I229: =SUM(I2:I228) -> 1239.55

Sheet Рабочий лист_Бычков
A1: № | B1: Наименование у Бычкова | C1: Резерв 1 | D1: Резерв 2 | E1: Резерв 3 | F1: Резерв 4 | G1: Резерв 5 | H1: Резерв 6 | I1: Резерв 7 | J1: Итого заказ | K1: кооф | L1: ЗАКАЗ, кг
A2: 1 | B2: Салями Охотничья б/о с/к Стародворские колбасы | J2: =SUM(C2:I2) -> 0
A3: 2 | B3: Сосиски БАВАРСКИЕ 0,35кг Стародворье | C3: 12 | J3: =SUM(C3:I3) -> 12 | K3: 0.35 | L3: =K3*J3 -> 4.2
A4: 3 | B4: Сосиски Баварские с сыром 0,35кг Стародворские колбасы | C4: 6 | J4: =SUM(C4:I4) -> 6 | K4: 0.35 | L4: =K4*J4 -> 2.1
A5: 4 | B5: Сосиски Баварские Стародворские колбасы | C5: 25 | J5: =SUM(C5:I5) -> 25 | K5: 1 | L5: =K5*J5 -> 25
A6: 5 | B6: Балыкбургская с копченым балыком 0,35кг | J6: =SUM(C6:I6) -> 0
A7: 6 | B7: Балыковая в/к фиброуз в/у термо Стародворские колбасы | J7: =SUM(C7:I7) -> 0
A8: 7 | B8: Ветчина Нежная Особая 0,4кг Стародворские колбасы | J8: =SUM(C8:I8) -> 0
A9: 8 | B9: Ветчина нежная ОСОБАЯ Зареченские колбасы 2.6кг БАТОН | C9: 300 | J9: =SUM(C9:I9) -> 300 | K9: 1 | L9: =K9*J9 -> 300
A10: 9 | B10: Ветчина Нежная Особая Зареченские колбасы малый батон | J10: =SUM(C10:I10) -> 0
A11: 10 | B11: Ветчина Столичная вязанка 0,45кг Стародворские колбасы | J11: =SUM(C11:I11) -> 0
A12: 11 | B12: Ветчина Филейская Столичная Стародворские колбасы | C12: 50 | J12: =SUM(C12:I12) -> 50 | K12: 1 | L12: =K12*J12 -> 50
A13: 12 | B13: ГОСТ Докторская вязанка МИНИ 0,4кг Стародворские колбасы | J13: =SUM(C13:I13) -> 0
A14: 13 | B14: ГОСТ Докторская вязанка Стародворские колбасы | C14: 30 | J14: =SUM(C14:I14) -> 30 | K14: 1 | L14: =K14*J14 -> 30
A15: 14 | B15: Филейская Вязанка Классическая 0,45кг Стародворские колбасы | C15: 100 | J15: =SUM(C15:I15) -> 100 | K15: 0.45 | L15: =K15*J15 -> 45
A16: 15 | B16: ДУГУШКА Ветчина Стародворские колбасы | C16: 15 | J16: =SUM(C16:I16) -> 15 | K16: 1 | L16: =K16*J16 -> 15
A17: 16 | B17: ДУГУШКА Докторская вар. ГОСТ Стародворские колбасы | C17: 10 | J17: =SUM(C17:I17) -> 10 | K17: 1 | L17: =K17*J17 -> 10
A18: 17 | B18: ДУГУШКА Молочная вар. Стародворские колбасы | C18: 5 | J18: =SUM(C18:I18) -> 5 | K18: 1 | L18: =K18*J18 -> 5
A19: 18 | B19: ДУГУШКА Рубленная п/к. Стародворские колбасы | J19: =SUM(C19:I19) -> 0
A20: 19 | B20: ДУГУШКА Салями запеченная Стародворские колбасы | J20: =SUM(C20:I20) -> 0
A21: 20 | B21: ДУГУШКА Сервелат п/к Стародворские колбасы | C21: 5 | J21: =SUM(C21:I21) -> 5 | K21: 1 | L21: =K21*J21 -> 5
A22: 21 | B22: Дугушка Стародворская вар. ТУ Стародворские колбасы | J22: =SUM(C22:I22) -> 0
A23: 22 | B23: Колбаса вареная Вязанка Филейская Стародворские колбасы | J23: =SUM(C23:I23) -> 0
A24: 23 | B24: Колбаса вареная Мусульманская халяль 0,4 кг (СТМ Вязанка) KZ Стародворские колбасы | C24: 16 | J24: =SUM(C24:I24) -> 16 | K24: 0.4 | L24: =K24*J24 -> 6.4
A25: 24 | B25: Колбаса Вязанка со шпиком вар Стародворские колбасы | J25: =SUM(C25:I25) -> 0
A26: 25 | B26: Колбаса п/к Аль-Ислами халяль вак/уп 0,35 кг (СТМ Вязанка) К | J26: =SUM(C26:I26) -> 0
A27: 26 | B27: Колбаса Стародворская Традиционная п/а 400 г ТМ Стародворье | C27: 50 | J27: =SUM(C27:I27) -> 50 | K27: 0.4 | L27: =K27*J27 -> 20
A28: 27 | B28: Колбаса Стародворская Традиционная ТМ Стародворье | C28: 60 | J28: =SUM(C28:I28) -> 60 | K28: 1 | L28: =K28*J28 -> 60
A29: 28 | B29: Мини Сервелат Кремлевский 0,35 Стародворские колбасы | C29: 18 | J29: =SUM(C29:I29) -> 18 | K29: 0.35 | L29: =K29*J29 -> 6.3
A30: 29 | B30: Молочная по-стародворски вар п/а Стародворские колбасы | J30: =SUM(C30:I30) -> 0
A31: 30 | B31: Молочная по-стародворски вар. 0,4кг Стародворские колбасы | J31: =SUM(C31:I31) -> 0
A32: 31 | B32: Молочная ручная вязка Стародворские колбасы | C32: 20 | J32: =SUM(C32:I32) -> 20 | K32: 1 | L32: =K32*J32 -> 20
A33: 32 | B33: Молочная Традиционная Стародворские колбасы | C33: 30 | J33: =SUM(C33:I33) -> 30 | K33: 1 | L33: =K33*J33 -> 30
A34: 33 | B34: Молочная Традиционная п/а 400г Стародворские колбасы | J34: =SUM(C34:I34) -> 0
A35: 34 | B35: Мясорубская с рубленной грудинкой в/к 0,35кг Стародворские колбасы | J35: =SUM(C35:I35) -> 0
A36: 35 | B36: Мясорубская с рубленной грудинкой в/к Стародворские колбасы | J36: =SUM(C36:I36) -> 0
A37: 36 | B37: Нежная вар. Стародворские колбасы | C37: 60 | J37: =SUM(C37:I37) -> 60 | K37: 1 | L37: =K37*J37 -> 60
A38: 37 | B38: Особая вар сетка Зареченские колбасы | C38: 80 | J38: =SUM(C38:I38) -> 80 | K38: 1 | L38: =K38*J38 -> 80
A39: 38 | B39: ОСОБАЯ вар. 0,5кг Стародворские колбасы | J39: =SUM(C39:I39) -> 0
A40: 39 | B40: Особая Докторская 2,65кг сетка Зареченские колбасы Стародворские колбасы | C40: 100 | J40: =SUM(C40:I40) -> 100 | K40: 1 | L40: =K40*J40 -> 100
A41: 40 | B41: ОСОБАЯ ДОКТОРСКАЯ вар. 0.5кг Стародворские колбасы | J41: =SUM(C41:I41) -> 0
A42: 41 | B42: Особая МОЛОЧНАЯ вар. Зареченские колбасы Стародворские колбасы | C42: 30 | J42: =SUM(C42:I42) -> 30 | K42: 1 | L42: =K42*J42 -> 30
A43: 42 | B43: Салями Филейбургская зернистая в/к 0,35кг Стародворские колбасы | J43: =SUM(C43:I43) -> 0
A44: 43 | B44: Салями Филейбургская зернистая в/у Стародворские колбасы | J44: =SUM(C44:I44) -> 0
A45: 44 | B45: Сардельки Мясные Говяжьи Н/О Стародворские колбасы | C45: 25 | J45: =SUM(C45:I45) -> 25 | K45: 1 | L45: =K45*J45 -> 25
A46: 45 | B46: Сервелат Зернистый п/к Стародворские колбасы | J46: =SUM(C46:I46) -> 0
A47: 46 | B47: Сервелат Кремлевский в/к Стародворские колбасы | C47: 40 | J47: =SUM(C47:I47) -> 40 | K47: 1 | L47: =K47*J47 -> 40
A48: 47 | B48: Сервелат Рижский п/к Стародворские колбасы | J48: =SUM(C48:I48) -> 0
A49: 48 | B49: Сервелат Столичный вязанка в/к в/у термо Стародворские колбасы | J49: =SUM(C49:I49) -> 0
A50: 49 | B50: Сервелат Филедворский 0,35кг Стародворские колбасы | J50: =SUM(C50:I50) -> 0
A51: 50 | B51: Сервелат Филейбургский с ароматными пряностями 0,35кг Стародворские колбасы | J51: =SUM(C51:I51) -> 0
A52: 51 | B52: Сервелат Филейбургский с копченой грудинкой 0,35кг Стародворские колбасы | J52: =SUM(C52:I52) -> 0
A53: 52 | B53: Сервелат Филейбургский с филе сочного окорока в/к 0,35кг Стародворские колбасы | J53: =SUM(C53:I53) -> 0
A54: 53 | B54: Сливушка Вязанка вар. Стародворские колбасы | J54: =SUM(C54:I54) -> 0
A55: 54 | B55: Сливушка Вязанка п/а 375г Стародворские колбасы | J55: =SUM(C55:I55) -> 0
A56: 55 | B56: Сосиски Ганноверские по-Стародворски Стародворские колбасы | C56: 150 | J56: =SUM(C56:I56) -> 150 | K56: 1 | L56: =K56*J56 -> 150
A57: 56 | B57: Ганноверские сосиски 0,6кг Стародворье | J57: =SUM(C57:I57) -> 0
A58: 57 | B58: Сосиски Датские Стародворские колбасы | J58: =SUM(C58:I58) -> 0
A59: 58 | B59: Сосиски Молочные Вязанка Стародворские колбасы | C59: 10 | J59: =SUM(C59:I59) -> 10 | K59: 1 | L59: =K59*J59 -> 10
A60: 59 | B60: Сосиски Молочные Вязанка 0,45 кг Стародворские колбасы | J60: =SUM(C60:I60) -> 0
A61: 60 | B61: Сосиски Сливочные вязанка 0,45 кг Стародворье | J61: =SUM(C61:I61) -> 0
A62: 61 | B62: Сосиски Сливочные вязанка Стародворские колбасы | C62: 15 | J62: =SUM(C62:I62) -> 15 | K62: 1 | L62: =K62*J62 -> 15
A63: 62 | B63: Сосиски Сочинки Молочные 0,4кг Стародворские колбасы | J63: =SUM(C63:I63) -> 0
A64: 63 | B64: Сосиски Сочинки с сочной грудинкой 0,4 кг Стародворские колбасы | J64: =SUM(C64:I64) -> 0
A65: 64 | B65: Сосиски Сочинки с сочным окороком в/к в/у 0,4 кг Стародворские колбасы | J65: =SUM(C65:I65) -> 0
A66: 65 | B66: Сосиски Сочинки Сливочные 0,4кг Стародворские колбасы | J66: =SUM(C66:I66) -> 0
A67: 66 | B67: Сосиски Филейские Рубленые 0.3кг Стародворские колбасы | C67: 15 | J67: =SUM(C67:I67) -> 15 | K67: 0.3 | L67: =K67*J67 -> 4.5
A68: 67 | B68: Сочинка зернистая с сочной грудинкой Стародворские колбасы | J68: =SUM(C68:I68) -> 0
A69: 68 | B69: Сочинка по-европейски с соч. груд. в/к Стародворские колбасы | J69: =SUM(C69:I69) -> 0
A70: 69 | B70: Сочинка по-фински с сочным окороком.в/к Стародворские колбасы | J70: =SUM(C70:I70) -> 0
A71: 70 | B71: Сочинка рубленная с сочным окороком в/к Стародворские колбасы | J71: =SUM(C71:I71) -> 0
A72: 71 | B72: Стародворская традиционная со шпиком п/а(Стародворские колбасы) | C72: 30 | J72: =SUM(C72:I72) -> 30 | K72: 1 | L72: =K72*J72 -> 30
A73: 72 | B73: Филедворская по-стародворски 0,5кг ТМ Стародворские колбасы | J73: =SUM(C73:I73) -> 0
A74: 73 | B74: Филедворская по-стародворски п/а (Стародвор) | C74: 30 | J74: =SUM(C74:I74) -> 30 | K74: 1 | L74: =K74*J74 -> 30
A75: 74 | B75: Филедворская со шпиком по-стародворски п/а(Старод) | J75: =SUM(C75:I75) -> 0
A76: 75 | B76: Филейбургская с душистым чесноком в/к в/у Стародворские колбасы | J76: =SUM(C76:I76) -> 0
A77: 76 | B77: Филейбургская с сочным окороком в/к в/у Стародворские колбасы | J77: =SUM(C77:I77) -> 0
A78: 77 | B78: Швейцарская с/к 0,170 кг Стародворские колбасы | C78: 15 | J78: =SUM(C78:I78) -> 15 | K78: 0.17 | L78: =K78*J78 -> 2.55
A79: 78 | B79: Шпикачки Стародворские н/о | C79: 15 | J79: =SUM(C79:I79) -> 15 | K79: 1 | L79: =K79*J79 -> 15
A80: 79 | B80: Вязанка Молокуша 0,45кг Стародворские колбасы | C80: 30 | J80: =SUM(C80:I80) -> 30 | K80: 0.45 | L80: =K80*J80 -> 13.5
A81: 80 | B81: Дугушка со шпиком | J81: =SUM(C81:I81) -> 0
B82: Итого: | C82: =SUM(C2:C81) -> 1397 | D82: =SUM(D2:D81) -> 0 | E82: =SUM(E2:E81) -> 0 | F82: =SUM(F2:F81) -> 0 | G82: =SUM(G2:G81) -> 0 | H82: =SUM(H2:H81) -> 0 | I82: =SUM(I2:I81) -> 0 | J82: =SUM(J2:J81) -> 1397 | L82: =SUM(L2:L81) -> 1239.55
