Workbook

Sheet TDSheet
A1: Номенклатура | B1: Количество
A2: 7523 ГОВЯЖЬЯ Папа Может вар п/о 0,4кг 6шт. ОСТАНКИНО | B2: 6
A3: 6220 ГОВЯЖЬЯ папа может вар п/о Останкино | B3: 8.097
A4: 6498 МОЛОЧНАЯ Папа может вар п/о ОСТАНКИНО | B4: 104.81
A5: 4063 МЯСНАЯ Папа может вар п/о_Л ОСТАНКИНО | B5: 169.078
A6: 4813 ФИЛЕЙНАЯ Папа может вар п/о_Л ОСТАНКИНО | B6: 177.089
A7: 5851 ЭКСТРА Папа может вар п/о ОСТАНКИНО | B7: 85.542
A8: 7632 ЭКСТРА Папа может вар п/о 0.4кг 8шт_195к ОСТАНКИНО | B8: 32
A9: 6325 ДОКТОРСКАЯ ПРЕМИУМ вар п/о 0.4кг 8шт. ОСТАНКИНО | B9: 64
A10: 6797 С ИНДЕЙКОЙ Папа может вар п/о 0,4кг 8шт. ОСТАНКИНО | B10: 152
A11: 7231 КЛАССИЧЕСКАЯ ПМ вар п/о 0,3кг 8 шт_209к Останкино | B11: 112
A12: 7461 ДЛЯ ДЕТЕЙ Папа Может сос п/о мгс 0,33кг ОСТАНКИНО | B12: 72
A13: 7075 МОЛОЧ.ПРЕМИУМ ПМ сос п/о мгс 1,5*4_О_50с Останкино | B13: 62.006
... A29: Поддон деревянный ЕВРО | B29: 9

Sheet Лист1
B1: ЗАКАЗ | C1: 17,09,26 | D1: 19,09,26
A2: Номенклатура | B2: Количество | C2: Количество | D2: Количество
A3: 4063 МЯСНАЯ Папа может вар п/о_Л ОСТАНКИНО | B3: =VLOOKUP(A3,[1]Sheet!$A:$O,15,0) -> 172 | C3: =IFERROR(VLOOKUP(A3,TDSheet!A:B,2,0),0) -> 169.078 | D3: =IFERROR(VLOOKUP(A3,[2]TDSheet!$A:$B,2,0),0) -> 169.553
A4: 4813 ФИЛЕЙНАЯ Папа может вар п/о_Л ОСТАНКИНО | B4: =VLOOKUP(A4,[1]Sheet!$A:$O,15,0) -> 181 | C4: =IFERROR(VLOOKUP(A4,TDSheet!A:B,2,0),0) -> 177.089 | D4: =IFERROR(VLOOKUP(A4,[2]TDSheet!$A:$B,2,0),0) -> 178.353
A5: 5495 ВЕТЧ.С ИНДЕЙКОЙ Папа может п/о 400*6 Останкино | B5: =VLOOKUP(A5,[1]Sheet!$A:$O,15,0) -> 21 | C5: =IFERROR(VLOOKUP(A5,TDSheet!A:B,2,0),0) -> 18 | D5: =IFERROR(VLOOKUP(A5,[2]TDSheet!$A:$B,2,0),0) -> 0
A6: 5544 Сервелат Финский в/к в/у_45с НОВАЯ ОСТАНКИНО | B6: =VLOOKUP(A6,[1]Sheet!$A:$O,15,0) -> 164 | C6: =IFERROR(VLOOKUP(A6,TDSheet!A:B,2,0),0) -> 0 | D6: =IFERROR(VLOOKUP(A6,[2]TDSheet!$A:$B,2,0),0) -> 173.811
A7: 5851 ЭКСТРА Папа может вар п/о ОСТАНКИНО | B7: =VLOOKUP(A7,[1]Sheet!$A:$O,15,0) -> 86 | C7: =IFERROR(VLOOKUP(A7,TDSheet!A:B,2,0),0) -> 85.542 | D7: =IFERROR(VLOOKUP(A7,[2]TDSheet!$A:$B,2,0),0) -> 0
A8: 6220 ГОВЯЖЬЯ папа может вар п/о Останкино | B8: =VLOOKUP(A8,[1]Sheet!$A:$O,15,0) -> 65 | C8: =IFERROR(VLOOKUP(A8,TDSheet!A:B,2,0),0) -> 8.097 | D8: =IFERROR(VLOOKUP(A8,[2]TDSheet!$A:$B,2,0),0) -> 0
A9: 6221 НЕОПОЛИТАНСКИЙ ДУЭТ с/к с/н мгс 1/90 Останкино | B9: =VLOOKUP(A9,[1]Sheet!$A:$O,15,0) -> 60 | C9: =IFERROR(VLOOKUP(A9,TDSheet!A:B,2,0),0) -> 50 | D9: =IFERROR(VLOOKUP(A9,[2]TDSheet!$A:$B,2,0),0) -> 0
A10: 6303 Мясные Папа может сос п/о мгс 1,5*3 Останкино | B10: =VLOOKUP(A10,[1]Sheet!$A:$O,15,0) -> 434 | C10: =IFERROR(VLOOKUP(A10,TDSheet!A:B,2,0),0) -> 0 | D10: =IFERROR(VLOOKUP(A10,[2]TDSheet!$A:$B,2,0),0) -> 448.247
A11: 6325 ДОКТОРСКАЯ ПРЕМИУМ вар п/о 0.4кг 8шт. ОСТАНКИНО | B11: =VLOOKUP(A11,[1]Sheet!$A:$O,15,0) -> 66 | C11: =IFERROR(VLOOKUP(A11,TDSheet!A:B,2,0),0) -> 64 | D11: =IFERROR(VLOOKUP(A11,[2]TDSheet!$A:$B,2,0),0) -> 0
A12: 6498 МОЛОЧНАЯ Папа может вар п/о ОСТАНКИНО | B12: =VLOOKUP(A12,[1]Sheet!$A:$O,15,0) -> 104 | C12: =IFERROR(VLOOKUP(A12,TDSheet!A:B,2,0),0) -> 104.81 | D12: =IFERROR(VLOOKUP(A12,[2]TDSheet!$A:$B,2,0),0) -> 0
A13: 6527 ШПИКАЧКИ СОЧНЫЕ ПМ сар б/о мгс 1*3 45с ОСТАНКИНО | B13: =VLOOKUP(A13,[1]Sheet!$A:$O,15,0) -> 111 | C13: =IFERROR(VLOOKUP(A13,TDSheet!A:B,2,0),0) -> 84.757 | D13: =IFERROR(VLOOKUP(A13,[2]TDSheet!$A:$B,2,0),0) -> 0
A14: 6550 МЯСНЫЕ Папа может сар б/о мгс 1*3 О 45с Останкино | B14: =VLOOKUP(A14,[1]Sheet!$A:$O,15,0) -> 102 | C14: =IFERROR(VLOOKUP(A14,TDSheet!A:B,2,0),0) -> 56.176 | D14: =IFERROR(VLOOKUP(A14,[2]TDSheet!$A:$B,2,0),0) -> 0
... A36: 7651 ХОЧУ ВЕТЧ.МРАМОР. ПМ с/н мгс 1/100_Л11 ОСТАНКИНО | B36: =VLOOKUP(A36,[1]Sheet!$A:$O,15,0) -> 8 | C36: =IFERROR(VLOOKUP(A36,TDSheet!A:B,2,0),0) -> 8 | D36: =IFERROR(VLOOKUP(A36,[2]TDSheet!$A:$B,2,0),0) -> 0
A38: ЗАДВОЕНЫ
A39: НЕ ОТГРУЖЕНЫ
