Workbook

Sheet Sheet
AB1: -0.65
AB2: дн | AT2: 17200 | AU2: 4013 | AV2: 3380
A3: Номенклатура | B3: Ед. изм. | C3: Начальный остаток | D3: Приход | E3: Расход | F3: Конечный остаток | G3: крат | H3: сроки | I3: метка | J3: метка2 | K3: заяв | L3: разн | M3: без опта | N3: опт | O3: заказ в пути | P3: SU | Q3: заказ в пути | R3: заказ в пути | S3: заказ в пути | T3: заказ в пути | U3: заказ в пути | V3: заказ в пути | W3: заказ в пути | X3: заказ в пути | Y3: заказ в пути | Z3: заказ в пути | AA3: ср нов | AB3: расчет | AC3: заказ | AD3: заказ | AE3: заказ | AF3: ТК | AG3: кон ост | AH3: факт | AI3: ср | AJ3: ср | AK3: ср | AL3: ср | AM3: ср | AN3: ср | AO3: ср | AP3: ср | AQ3: ср | AR3: ср | AS3: комментарии | AT3: вес | AU3: вес | AV3: вес
O4: брак | Q4: 13,07, | R4: 13,07,(2) | S4: 14,07, | T4: 18,07, | U4: 18,07,(дозаказ) | V4: 19,07, | W4: 19,07,(недогруз) | X4: 19,07,(дозаказ) | Y4: 20,07,(дозаказ) | Z4: 20,07,(недогруз) | AA4: 16,07, | AC4: 20,07, | AD4: 21,07, | AE4: 21,07,(2) | AF4: Хмель | AI4: 14,07, | AJ4: 09,07, | AK4: 07,07, | AL4: 02,07, | AM4: 30,06, | AN4: 25,06, | AO4: 23,06, | AP4: 26,05, | AQ4: 02,06, | AR4: 09,06, | AT4: 20,07, | AU4: 21,07, | AV4: 21,07,(2)
E5: =SUM(E6:E496) -> 73628.852 | F5: =SUM(F6:F496) -> 53861.308 | K5: =SUM(K6:K496) -> 80313.207 | L5: =SUM(L6:L496) -> -6684.355 | M5: =SUM(M6:M496) -> 70696.337 | N5: =SUM(N6:N496) -> 2932.515 | O5: =SUM(O6:O496) -> -3500 | Q5: =SUM(Q6:Q496) -> 21569.382 | R5: =SUM(R6:R496) -> 13550 | S5: =SUM(S6:S496) -> 21100 | T5: =SUM(T6:T496) -> 21673.423 | U5: =SUM(U6:U496) -> 4000 | V5: =SUM(V6:V496) -> 15680.571 | W5: =SUM(W6:W496) -> -4381 | X5: =SUM(X6:X496) -> 4000 | ... AE5: =SUM(AE6:AE496) -> 4230 | AI5: =SUM(AI6:AI496) -> 14539.534 | AJ5: =SUM(AJ6:AJ496) -> 14055.493 | AK5: =SUM(AK6:AK496) -> 13132.787 | AL5: =SUM(AL6:AL496) -> 13790.886 | AM5: =SUM(AM6:AM496) -> 14807.387 | AN5: =SUM(AN6:AN496) -> 14449.542 | AO5: =SUM(AO6:AO496) -> 14334.903 | AP5: =SUM(AP6:AP496) -> 12027.39 | ... AR5: =SUM(AR6:AR496) -> 14678.959 | AT5: =SUM(AT6:AT496) -> 15812 | AU5: =SUM(AU6:AU496) -> 4013 | AV5: =SUM(AV6:AV496) -> 3380
A6: 005 Колбаса Докторская ГОСТ, Вязанка вектор,ВЕС. ПОКОМ | B6: кг | C6: 3397.371 | D6: 2919.476 | E6: 2893.803 | F6: 1018.439 | G6: 1 | H6: 50 | I6: P003011 | K6: 3012.177 | L6: =E6-K6 -> -118.374 | M6: =E6-N6 -> 2376.526 | N6: 517.277 | P6: SU000722 | Q6: 426.482 | R6: 400 | S6: 700 | T6: 1462.6172 | V6: 1486.2078 | AA6: =M6/5 -> 475.3052 | AB6: =12.5*AA6-V6-T6-S6-R6-Q6-O6-F6+$AB$1*AA6 -> 138.62063 | AC6: =AB6-AD6-AE6 -> 138.62063 | AG6: =(F6+O6+Q6+R6+S6+T6+U6+V6+W6+X6+Y6+AC6+AD6+AE6)/AA6 -> 11.85 | AH6: =(F6+O6+Q6+R6+S6+T6+U6+V6+W6+X6+Y6)/AA6 -> 11.558354 | AI6: 548.6424 | AJ6: 471.7946 | AK6: 438.9076 | AL6: 507.6376 | AM6: 550.456 | AN6: 574.1258 | AO6: 568.0958 | AP6: 541.7818 | AQ6: 554.7146 | AR6: 479.7918 | AT6: =ROUND(G6*AC6,0) -> 139 | AU6: =ROUND(G6*AD6,0) -> 0 | AV6: =ROUND(G6*AE6,0) -> 0
A7: 016 Сосиски Вязанка Молочные, Вязанка вискофан ВЕС.ПОКОМ | B7: кг | C7: 1119.769 | D7: 1157.342 | E7: 994.919 | F7: 693.67 | G7: 1 | H7: 45 | I7: P003986 | K7: 1035.197 | L7: =E7-K7 -> -40.278 | M7: =E7-N7 -> 994.919 | P7: SU001523 | Q7: 283.05579 | R7: 100 | S7: 300 | T7: 373.7359 | V7: 379.76389 | AA7: =M7/5 -> 198.9838 | AB7: =12.5*AA7-V7-T7-S7-R7-Q7-O7-F7+$AB$1*AA7 -> 227.73245 | AC7: =AB7-AD7-AE7 -> 227.73245 | AG7: =(F7+O7+Q7+R7+S7+T7+U7+V7+W7+X7+Y7+AC7+AD7+AE7)/AA7 -> 11.85 | AH7: =(F7+O7+Q7+R7+S7+T7+U7+V7+W7+X7+Y7)/AA7 -> 10.705523 | AI7: 211.201 | AJ7: 193.3256 | AK7: 182.8198 | AL7: 175.5036 | AM7: 191.0596 | AN7: 216.9326 | AO7: 206.4628 | AP7: 142.0986 | AQ7: 157.1064 | AR7: 162.0754 | AT7: =ROUND(G7*AC7,0) -> 228 | AU7: =ROUND(G7*AD7,0) -> 0 | AV7: =ROUND(G7*AE7,0) -> 0
A8: 017 Сосиски Вязанка Сливочные, Вязанка амицел ВЕС.ПОКОМ | B8: кг | C8: 2421.397 | D8: 4604.904 | E8: 3019.532 | F8: 2021.815 | G8: 1 | H8: 45 | I8: P003988 | K8: 3078.382 | L8: =E8-K8 -> -58.85 | M8: =E8-N8 -> 3019.532 | P8: SU001721 | Q8: 601.12828 | R8: 600 | S8: 800 | T8: 998.37706 | V8: 1014.4799 | AA8: =M8/5 -> 603.9064 | AB8: =12.5*AA8-V8-T8-S8-R8-Q8-O8-F8 -> 1513.0298 | AC8: =AB8-AD8-AE8 -> 1013.0298 | AE8: 500 | AG8: =(F8+O8+Q8+R8+S8+T8+U8+V8+W8+X8+Y8+AC8+AD8+AE8)/AA8 -> 12.5 | AH8: =(F8+O8+Q8+R8+S8+T8+U8+V8+W8+X8+Y8)/AA8 -> 9.9945956 | AI8: 611.2856 | AJ8: 564.6566 | AK8: 559.115 | AL8: 520.8624 | AM8: 595.9394 | AN8: 645.5598 | AO8: 584.8524 | AP8: 581.0992 | AQ8: 595.5908 | AR8: 611.736 | AT8: =ROUND(G8*AC8,0) -> 1013 | AU8: =ROUND(G8*AD8,0) -> 0 | AV8: =ROUND(G8*AE8,0) -> 500
A9: 023 Колбаса Докторская ГОСТ, Вязанка вектор, 0,4 кг, ПОКОМ | B9: шт | C9: 25 | D9: 2 | G9: 0.4 | H9: 50 | I9: P003008 | K9: 5 | L9: =E9-K9 -> -5 | M9: =E9-N9 -> 0 | P9: SU001485 | Q9: 0 | T9: 15 | AA9: =M9/5 -> 0 | AC9: =AB9-AD9-AE9 -> 0 | AG9: =(F9+O9+Q9+R9+S9+T9+U9+V9+W9+X9+Y9+AC9+AD9+AE9)/AA9 -> #DIV/0! | AH9: =(F9+O9+Q9+R9+S9+T9+U9+V9+W9+X9+Y9)/AA9 -> #DIV/0! | AI9: 0.6 | AJ9: 0.6 | AK9: 0 | AL9: 0 | AM9: 0.2 | AN9: 4.2 | AO9: 5.8 | AP9: 4.4 | AQ9: 4.4 | AR9: 2 | AS9: 19 шт списано (12,07,26) | AT9: =ROUND(G9*AC9,0) -> 0 | AU9: =ROUND(G9*AD9,0) -> 0 | AV9: =ROUND(G9*AE9,0) -> 0
A10: 030 Сосиски Вязанка Молочные, Вязанка вискофан МГС, 0.45кг, ПОКОМ | B10: шт | C10: 3252 | D10: 3927 | E10: 3368 | F10: 1112 | G10: 0.45 | H10: 45 | I10: ВНИМАНИЕ / P003985 | K10: 3603 | L10: =E10-K10 -> -235 | M10: =E10-N10 -> 3368 | P10: SU001718 | Q10: 124.0784 | R10: 100 | S10: 150 | T10: 1000 | AA10: =M10/5 -> 673.6 | AB10: 2500 | AC10: =AB10-AD10-AE10 -> 1000 | AD10: 500 | AE10: 1000 | AG10: =(F10+O10+Q10+R10+S10+T10+U10+V10+W10+X10+Y10+AC10+AD10+AE10)/AA10 -> 7.4021354 | AH10: =(F10+O10+Q10+R10+S10+T10+U10+V10+W10+X10+Y10)/AA10 -> 3.690734 | AI10: 380.8 | AJ10: 376.4 | AK10: 381.8 | AL10: 353.6 | AM10: 327.6 | AN10: 392 | AO10: 376.6 | AP10: 460 | AQ10: 328.2 | AR10: 407 | AS10: 1000шт под ЮТЛ (Хмель 15,07,26) | AT10: =ROUND(G10*AC10,0) -> 450 | AU10: =ROUND(G10*AD10,0) -> 225 | AV10: =ROUND(G10*AE10,0) -> 450
A11: 032 Сосиски Вязанка Сливочные, Вязанка амицел МГС, 0.45кг, ПОКОМ | B11: шт | C11: 2791 | D11: 4243 | E11: 3302.3 | F11: 1710 | G11: 0.45 | H11: 45 | I11: P003989 | K11: 3686 | L11: =E11-K11 -> -383.7 | M11: =E11-N11 -> 3302.3 | P11: SU001720 | Q11: 1113.8373 | R11: 1100 | S11: 1700 | T11: 649.09806 | V11: 659.56739 | AA11: =M11/5 -> 660.46 | AB11: =12.5*AA11-V11-T11-S11-R11-Q11-O11-F11 -> 1323.2472 | AC11: =AB11-AD11-AE11 -> 823.2472 | AD11: 500 | AG11: =(F11+O11+Q11+R11+S11+T11+U11+V11+W11+X11+Y11+AC11+AD11+AE11)/AA11 -> 12.5 | AH11: =(F11+O11+Q11+R11+S11+T11+U11+V11+W11+X11+Y11)/AA11 -> 10.496476 | AI11: 717.66 | AJ11: 698.8 | AK11: 602.2 | AL11: 550.4 | AM11: 621.8 | AN11: 638.6 | AO11: 583.8 | AP11: 603.6 | AQ11: 534.2492 | AR11: 630.2 | AT11: =ROUND(G11*AC11,0) -> 370 | AU11: =ROUND(G11*AD11,0) -> 225 | AV11: =ROUND(G11*AE11,0) -> 0
A12: 047 Кол Баварская, белков.обол. в термоусад. пакете 0.17 кг, ТМ Стародворье ПОКОМ | B12: шт | C12: 93 | D12: 102 | E12: 86 | F12: 36 | G12: 0.17 | H12: 180 | I12: P002290 | K12: 97 | L12: =E12-K12 -> -11 | M12: =E12-N12 -> 86 | P12: SU002092 | Q12: 64.2 | T12: 109.8 | AA12: =M12/5 -> 17.2 | AB12: 10 | AC12: =AB12-AD12-AE12 -> 10 | AG12: =(F12+O12+Q12+R12+S12+T12+U12+V12+W12+X12+Y12+AC12+AD12+AE12)/AA12 -> 12.790698 | AH12: =(F12+O12+Q12+R12+S12+T12+U12+V12+W12+X12+Y12)/AA12 -> 12.209302 | AI12: 21 | AJ12: 14.4 | AK12: 13.6 | AL12: 11.2 | AM12: 12.6 | AN12: 17 | AO12: 16.2 | AP12: 14.8 | AQ12: 14.8 | AR12: 35.4 | AT12: =ROUND(G12*AC12,0) -> 2 | AU12: =ROUND(G12*AD12,0) -> 0 | AV12: =ROUND(G12*AE12,0) -> 0
A13: 062 Колбаса Кракушка пряная с сальцем, 0.3кг в/у п/к, БАВАРУШКА ПОКОМ | B13: шт | C13: 54 | D13: 13 | E13: 47 | F13: 6 | G13: 0.3 | H13: 40 | I13: P002461 | K13: 60 | L13: =E13-K13 -> -13 | M13: =E13-N13 -> 47 | P13: SU002252 | Q13: 0 | T13: 84.8 | AA13: =M13/5 -> 9.4 | AB13: =12.5*AA13-V13-T13-S13-R13-Q13-O13-F13 -> 26.7 | AC13: =AB13-AD13-AE13 -> 26.7 | AG13: =(F13+O13+Q13+R13+S13+T13+U13+V13+W13+X13+Y13+AC13+AD13+AE13)/AA13 -> 12.5 | AH13: =(F13+O13+Q13+R13+S13+T13+U13+V13+W13+X13+Y13)/AA13 -> 9.6595745 | AI13: 13.4 | AJ13: 4.4 | AK13: 0.4 | AL13: 5.8 | AM13: 7 | AN13: 1.6 | AO13: -0.4 | AP13: 7 | AQ13: 6.2 | AR13: 7.4 | AT13: =ROUND(G13*AC13,0) -> 8 | AU13: =ROUND(G13*AD13,0) -> 0 | AV13: =ROUND(G13*AE13,0) -> 0
A14: 083 Колбаса Швейцарская 0,17 кг., ШТ., сырокопченая ПОКОМ | B14: шт | C14: 108 | D14: 269 | E14: 147 | F14: 16 | G14: 0.17 | H14: 180 | I14: P001909 | K14: 220 | L14: =E14-K14 -> -73 | M14: =E14-N14 -> 147 | P14: SU001869 | Q14: 220 | R14: 200 | S14: 300 | T14: 55.2 | AA14: =M14/5 -> 29.4 | AC14: =AB14-AD14-AE14 -> 0 | AG14: =(F14+O14+Q14+R14+S14+T14+U14+V14+W14+X14+Y14+AC14+AD14+AE14)/AA14 -> 26.911565 | AH14: =(F14+O14+Q14+R14+S14+T14+U14+V14+W14+X14+Y14)/AA14 -> 26.911565 | AI14: 74.2 | AJ14: 73.8 | AK14: 37.6 | AL14: 35.2 | AM14: 46.2 | AN14: 49.6 | AO14: 43.2 | AP14: 44 | AQ14: 46.6 | AR14: 48.4 | AT14: =ROUND(G14*AC14,0) -> 0 | AU14: =ROUND(G14*AD14,0) -> 0 | AV14: =ROUND(G14*AE14,0) -> 0
A15: 200 Ветчина Дугушка ТМ Стародворье, вектор в/у ПОКОМ | B15: кг | C15: 4219.967 | D15: 5059.901 | E15: 3589.93 | F15: 2650.539 | G15: 1 | H15: 70 | I15: P004460 | K15: 3595.25 | L15: =E15-K15 -> -5.32 | M15: =E15-N15 -> 3589.93 | P15: SU002035 | Q15: 1000.2384 | R15: 750 | S15: 1300 | T15: 650.32179 | V15: 660.81086 | AA15: =M15/5 -> 717.986 | AB15: =12.5*AA15-V15-T15-S15-R15-Q15-O15-F15 -> 1962.9149 | AC15: 800 | AD15: 500 | AE15: 500 | AG15: =(F15+O15+Q15+R15+S15+T15+U15+V15+W15+X15+Y15+AC15+AD15+AE15)/AA15 -> 12.273095 | AH15: =(F15+O15+Q15+R15+S15+T15+U15+V15+W15+X15+Y15)/AA15 -> 9.7660819 | AI15: 729.0608 | AJ15: 733.4764 | AK15: 698.6224 | AL15: 743.1684 | AM15: 777.89 | AN15: 793.4198 | AO15: 813.2912 | AP15: 705.1214 | AQ15: 789.393 | AR15: 802.2968 | AT15: =ROUND(G15*AC15,0) -> 800 | AU15: =ROUND(G15*AD15,0) -> 500 | AV15: =ROUND(G15*AE15,0) -> 500
A16: 201 Ветчина Нежная ТМ Особый рецепт, (2,5кг), ПОКОМ | B16: кг | C16: 5488.771 | D16: 1809.3 | E16: 3254.989 | F16: 2463.767 | G16: 1 | H16: 50 | I16: P002555 | K16: 3410.55 | L16: =E16-K16 -> -155.561 | M16: =E16-N16 -> 3254.989 | P16: SU000126 | Q16: 683.07408 | R16: 600 | S16: 800 | T16: 924.85034 | V16: 939.76729 | W16: -940 | AA16: =M16/5 -> 650.9978 | AB16: =12.5*AA16-V16-T16-S16-R16-Q16-O16-F16 -> 1726.0138 | AC16: =AB16-AD16-AE16 -> 1226.0138 | AD16: 500 | AG16: =(F16+O16+Q16+R16+S16+T16+U16+V16+W16+X16+Y16+AC16+AD16+AE16)/AA16 -> 11.056063 | AH16: =(F16+O16+Q16+R16+S16+T16+U16+V16+W16+X16+Y16)/AA16 -> 8.4047269 | AI16: 665.4226 | AJ16: 618.9746 | AK16: 533.1102 | AL16: 718.056 | AM16: 883.8804 | AN16: 762.7834 | AO16: 722.8462 | AP16: 706.8428 | AQ16: 748.3828 | AR16: 655.8824 | AT16: =ROUND(G16*AC16,0) -> 1226 | AU16: =ROUND(G16*AD16,0) -> 500 | AV16: =ROUND(G16*AE16,0) -> 0
A17: 215 Колбаса Докторская ГОСТ Дугушка, ВЕС, ТМ Стародворье ПОКОМ | B17: кг | C17: 602.357 | D17: 301.172 | E17: 263.431 | F17: 626.406 | G17: 1 | H17: 60 | I17: P004028 | K17: 269.65 | L17: =E17-K17 -> -6.219 | M17: =E17-N17 -> 263.431 | P17: SU002011 | Q17: 0 | T17: 0 | AA17: =M17/5 -> 52.6862 | AB17: =12.5*AA17-V17-T17-S17-R17-Q17-O17-F17 -> 32.1715 | AC17: =AB17-AD17-AE17 -> 32.1715 | AG17: =(F17+O17+Q17+R17+S17+T17+U17+V17+W17+X17+Y17+AC17+AD17+AE17)/AA17 -> 12.5 | AH17: =(F17+O17+Q17+R17+S17+T17+U17+V17+W17+X17+Y17)/AA17 -> 11.889375 | AI17: 53.1126 | AJ17: 49.3644 | AK17: 53.1448 | AL17: 67.8956 | AM17: 65.3426 | AN17: 56.4814 | AO17: 55.7172 | AP17: 68.611 | AQ17: 50.9578 | AR17: 50.5012 | AT17: =ROUND(G17*AC17,0) -> 32 | AU17: =ROUND(G17*AD17,0) -> 0 | AV17: =ROUND(G17*AE17,0) -> 0
A18: 226 Колбаса Княжеская, с/к белков.обол в термоусад. пакете, ВЕС, ТМ Стародворье ПОКОМ | B18: кг | C18: 14.237 | D18: 1.429 | E18: 5.267 | F18: 8.614 | G18: 1 | H18: 180 | I18: P001900 | K18: 6.18 | L18: =E18-K18 -> -0.913 | M18: =E18-N18 -> 5.267 | P18: SU001920 | Q18: 0 | T18: 4 | AA18: =M18/5 -> 1.0534 | AB18: 4 | AC18: =AB18-AD18-AE18 -> 4 | AG18: =(F18+O18+Q18+R18+S18+T18+U18+V18+W18+X18+Y18+AC18+AD18+AE18)/AA18 -> 15.771787 | AH18: =(F18+O18+Q18+R18+S18+T18+U18+V18+W18+X18+Y18)/AA18 -> 11.974559 | AI18: 1.054 | AJ18: 0.2838 | AK18: 0.07 | AL18: 0.4956 | AM18: 0.9974 | AN18: 1.117 | AO18: 0.6164 | AP18: 1.0632 | AQ18: 0.1398 | AR18: 0.5024 | AT18: =ROUND(G18*AC18,0) -> 4 | AU18: =ROUND(G18*AD18,0) -> 0 | AV18: =ROUND(G18*AE18,0) -> 0
A19: 229 Колбаса Молочная Дугушка, в/у, ВЕС, ТМ Стародворье ПОКОМ | B19: кг | C19: 5123.708 | D19: 4940.061 | E19: 4486.358 | F19: 3840.338 | G19: 1 | H19: 60 | I19: P004030 | K19: 4602.132 | L19: =E19-K19 -> -115.774 | M19: =E19-N19 -> 4385.126 | N19: 101.232 | P19: SU002010 | Q19: 1163.2069 | R19: 1000 | S19: 1500 | T19: 493.59248 | V19: 501.55365 | AA19: =M19/5 -> 877.0252 | AB19: =12.5*AA19-V19-T19-S19-R19-Q19-O19-F19 -> 2464.124 | AC19: =AB19-AD19-AE19 -> 1064.124 | AD19: 900 | AE19: 500 | AG19: =(F19+O19+Q19+R19+S19+T19+U19+V19+W19+X19+Y19+AC19+AD19+AE19)/AA19 -> 12.5 | AH19: =(F19+O19+Q19+R19+S19+T19+U19+V19+W19+X19+Y19)/AA19 -> 9.6903612 | AI19: 881.8386 | AJ19: 955.7506 | AK19: 939.1438 | AL19: 972.136 | AM19: 972.0944 | AN19: 939.8734 | AO19: 926.6484 | AP19: 875.1544 | AQ19: 870.9684 | AR19: 923.9608 | AT19: =ROUND(G19*AC19,0) -> 1064 | AU19: =ROUND(G19*AD19,0) -> 900 | AV19: =ROUND(G19*AE19,0) -> 500
A20: 230 Колбаса Молочная Особая ТМ Особый рецепт, п/а, ВЕС. ПОКОМ | B20: кг | D20: 4.995 | E20: 4.995 | G20: 0 | I20: дубль | J20: 457 Колбаса Молочная ТМ Особый рецепт ВЕС большой батон ПОКОМ | K20: 5 | L20: =E20-K20 -> -0.005 | M20: =E20-N20 -> 4.995 | P20: SU003422 | T20: 0 | AA20: =M20/5 -> 0.999 | AC20: =AB20-AD20-AE20 -> 0 | AG20: =(F20+O20+Q20+R20+S20+T20+U20+V20+W20+X20+Y20+AC20+AD20+AE20)/AA20 -> 0 | AH20: =(F20+O20+Q20+R20+S20+T20+U20+V20+W20+X20+Y20)/AA20 -> 0 | AI20: 0.999 | AJ20: 0 | AK20: 0 | AL20: 0 | AM20: 0 | AN20: 0 | AO20: 0 | AP20: 0 | AQ20: 0 | AR20: 0 | AT20: =ROUND(G20*AC20,0) -> 0 | AU20: =ROUND(G20*AD20,0) -> 0 | AV20: =ROUND(G20*AE20,0) -> 0
A21: 236 Колбаса Рубленая ЗАПЕЧ. Дугушка ТМ Стародворье, вектор, в/к ПОКОМ | B21: кг | C21: 577.778 | D21: 602.892 | E21: 438.835 | F21: 623.558 | G21: 1 | H21: 70 | I21: P004465 | K21: 457 | L21: =E21-K21 -> -18.165 | M21: =E21-N21 -> 438.835 | P21: SU002150 | Q21: 191.7284 | R21: 100 | S21: 200 | T21: 0 | AA21: =M21/5 -> 87.767 | AC21: =AB21-AD21-AE21 -> 0 | AG21: =(F21+O21+Q21+R21+S21+T21+U21+V21+W21+X21+Y21+AC21+AD21+AE21)/AA21 -> 12.707355 | AH21: =(F21+O21+Q21+R21+S21+T21+U21+V21+W21+X21+Y21)/AA21 -> 12.707355 | AI21: 81.9844 | AJ21: 105.7922 | AK21: 91.559 | AL21: 105.0118 | AM21: 101.4824 | AN21: 87.5822 | AO21: 89.2918 | AP21: 91.8488 | AQ21: 109.9436 | AR21: 85.9548 | AT21: =ROUND(G21*AC21,0) -> 0 | AU21: =ROUND(G21*AD21,0) -> 0 | AV21: =ROUND(G21*AE21,0) -> 0
A22: 239 Колбаса Салями запеч Дугушка, оболочка вектор, ВЕС, ТМ Стародворье ПОКОМ | B22: кг | C22: 2077.687 | D22: 1374.257 | E22: 1179.755 | F22: 1298.438 | G22: 1 | H22: 70 | I22: P004466 | K22: 1195.877 | L22: =E22-K22 -> -16.122 | M22: =E22-N22 -> 1179.755 | P22: SU002158 | Q22: 189.44697 | S22: 100 | T22: 259.85551 | V22: 264.04672 | AA22: =M22/5 -> 235.951 | AB22: =12.5*AA22-V22-T22-S22-R22-Q22-O22-F22 -> 837.6003 | AC22: =AB22-AD22-AE22 -> 437.6003 | AD22: 400 | AG22: =(F22+O22+Q22+R22+S22+T22+U22+V22+W22+X22+Y22+AC22+AD22+AE22)/AA22 -> 12.5 | AH22: =(F22+O22+Q22+R22+S22+T22+U22+V22+W22+X22+Y22)/AA22 -> 8.9501091 | AI22: 225.54 | AJ22: 220.3834 | AK22: 213.5002 | AL22: 289.4184 | AM22: 307.0924 | AN22: 271.9586 | AO22: 269.6736 | AP22: 231.0852 | AQ22: 233.071 | AR22: 257.7124 | AT22: =ROUND(G22*AC22,0) -> 438 | AU22: =ROUND(G22*AD22,0) -> 400 | AV22: =ROUND(G22*AE22,0) -> 0
A23: 242 Колбаса Сервелат ЗАПЕЧ.Дугушка ТМ Стародворье, вектор, в/к ПОКОМ | B23: кг | C23: 2139.249 | D23: 2797.232 | E23: 2145.882 | F23: 1423.508 | G23: 1 | H23: 70 | I23: P004470 | K23: 2130.2 | L23: =E23-K23 -> 15.682 | M23: =E23-N23 -> 2145.882 | P23: SU002151 | Q23: 528.78577 | R23: 500 | S23: 700 | T23: 434.92934 | V23: 441.94433 | AA23: =M23/5 -> 429.1764 | AB23: =12.5*AA23-V23-T23-S23-R23-Q23-O23-F23 -> 1335.5376 | AC23: =AB23-AD23-AE23 -> 705.53755 | AD23: 400 | AE23: 230 | AG23: =(F23+O23+Q23+R23+S23+T23+U23+V23+W23+X23+Y23+AC23+AD23+AE23)/AA23 -> 12.5 | AH23: =(F23+O23+Q23+R23+S23+T23+U23+V23+W23+X23+Y23)/AA23 -> 9.3881384 | AI23: 423.8756 | AJ23: 418.3464 | AK23: 400.0342 | AL23: 384.5324 | AM23: 404.6702 | AN23: 469.1594 | AO23: 501.861 | AP23: 425.3232 | AQ23: 412.9102 | AR23: 446.0642 | AT23: =ROUND(G23*AC23,0) -> 706 | AU23: =ROUND(G23*AD23,0) -> 400 | AV23: =ROUND(G23*AE23,0) -> 230
A24: 244 Колбаса Сервелат Кремлевский, ВЕС. ПОКОМ | B24: кг | C24: 49.999 | D24: 54.85 | E24: 37.012 | F24: 65.657 | G24: 1 | H24: 40 | I24: P003013 | K24: 39.2 | L24: =E24-K24 -> -2.188 | M24: =E24-N24 -> 37.012 | P24: SU001822 | Q24: 34.3356 | T24: 0 | AA24: =M24/5 -> 7.4024 | AC24: =AB24-AD24-AE24 -> 0 | AG24: =(F24+O24+Q24+R24+S24+T24+U24+V24+W24+X24+Y24+AC24+AD24+AE24)/AA24 -> 13.508132 | AH24: =(F24+O24+Q24+R24+S24+T24+U24+V24+W24+X24+Y24)/AA24 -> 13.508132 | AI24: 6.248 | AJ24: 11.03 | AK24: 9.5734 | AL24: 1.4524 | AM24: 1.8864 | AN24: 3.0478 | AO24: 2.6138 | AP24: 0.5814 | AQ24: 9.3972 | AR24: 6.6224 | AT24: =ROUND(G24*AC24,0) -> 0 | AU24: =ROUND(G24*AD24,0) -> 0 | AV24: =ROUND(G24*AE24,0) -> 0
A25: 250 Сардельки стародворские с говядиной в обол. NDX, ВЕС. ПОКОМ | B25: кг | C25: 3503.937 | D25: 2690.878 | E25: 1724.585 | F25: 4105.979 | G25: 1 | H25: 30 | I25: P002536 | K25: 2331.508 | L25: =E25-K25 -> -606.923 | M25: =E25-N25 -> 1724.585 | O25: -3500 | P25: SU000227 | Q25: 742.46054 | R25: 600 | S25: 900 | T25: 700 | V25: 700 | W25: -700 | Z25: =VLOOKUP(P25,[1]Лист1!$A:$E,5,0) -> -405.6 | AA25: =M25/5 -> 344.917 | AB25: 700 | AC25: =AB25-AD25-AE25 -> 400 | AD25: 300 | AG25: =(F25+O25+Q25+R25+S25+T25+U25+V25+W25+X25+Y25+AC25+AD25+AE25)/AA25 -> 12.317281 | AH25: =(F25+O25+Q25+R25+S25+T25+U25+V25+W25+X25+Y25)/AA25 -> 10.287807 | AI25: 256.0514 | AJ25: 349.7722 | AK25: 272.0672 | AL25: 228.8976 | AM25: 443.475 | AN25: 527.5074 | AO25: 438.756 | AP25: 67.3324 | AQ25: -3.8862 | AR25: 293.1708 | AS25: 2000кг плюсом (Рекуто 15,07,26) / 3500кг БРАК!!! | AT25: =ROUND(G25*AC25,0) -> 400 | AU25: =ROUND(G25*AD25,0) -> 300 | AV25: =ROUND(G25*AE25,0) -> 0
A26: 253 Сосиски Ганноверские ПОКОМ | B26: кг | C26: 42.805 | D26: 88.842 | E26: 44.279 | F26: 87.368 | G26: 1 | H26: 40 | I26: P002209 | K26: 61.9 | L26: =E26-K26 -> -17.621 | M26: =E26-N26 -> 44.279 | P26: SU001340 | Q26: 37.695 | T26: 0 | AA26: =M26/5 -> 8.8558 | AC26: =AB26-AD26-AE26 -> 0 | AG26: =(F26+O26+Q26+R26+S26+T26+U26+V26+W26+X26+Y26+AC26+AD26+AE26)/AA26 -> 14.122157 | AH26: =(F26+O26+Q26+R26+S26+T26+U26+V26+W26+X26+Y26)/AA26 -> 14.122157 | AI26: 9.4266 | AJ26: 13.422 | AK26: 12.8826 | AL26: 1.8428 | AM26: 1.2908 | AN26: 8.7688 | AO26: 8.7688 | AP26: 0.8072 | AQ26: 9.4638 | AR26: 4.793 | AT26: =ROUND(G26*AC26,0) -> 0 | AU26: =ROUND(G26*AD26,0) -> 0 | AV26: =ROUND(G26*AE26,0) -> 0
A27: 255 Сосиски Молочные для завтрака ТМ Особый рецепт, п/а МГС, ВЕС, ТМ Стародворье ПОКОМ | B27: кг | C27: 9816.232 | D27: 6885.539 | E27: 8319.279 | F27: 1565.151 | G27: 1 | H27: 40 | I27: P004844 | K27: 8323.194 | L27: =E27-K27 -> -3.915 | M27: =E27-N27 -> 6869.391 | N27: 1449.888 | P27: SU002074 | Q27: 2556.3827 | R27: 2500 | S27: 4000 | T27: 2697.2418 | V27: 2740.7457 | W27: -2741 | Z27: =VLOOKUP(P27,[1]Лист1!$A:$E,5,0) -> -621 | AA27: =M27/5 -> 1373.8782 | AB27: =12.5*AA27-V27-T27-S27-R27-Q27-O27-F27 -> 1113.9562 | AC27: =AB27-AD27-AE27 -> 613.95625 | AD27: 500 | AG27: =(F27+O27+Q27+R27+S27+T27+U27+V27+W27+X27+Y27+AC27+AD27+AE27)/AA27 -> 10.504918 | AH27: =(F27+O27+Q27+R27+S27+T27+U27+V27+W27+X27+Y27)/AA27 -> 9.6941063 | AI27: 1608.1394 | AJ27: 1503.0754 | AK27: 1112.3946 | AL27: 1252.3152 | AM27: 1806.3748 | AN27: 1535.5788 | AO27: 1474.7154 | AP27: 0 | AQ27: 1578.2022 | AR27: 1492.6122 | AT27: =ROUND(G27*AC27,0) -> 614 | AU27: =ROUND(G27*AD27,0) -> 500 | AV27: =ROUND(G27*AE27,0) -> 0
A28: 273 Сосиски Сочинки с сочной грудинкой, МГС 0.4кг, ПОКОМ | B28: шт | C28: 3878 | D28: 6198 | E28: 4080 | F28: 2693 | G28: 0.4 | H28: 45 | I28: P003957 | K28: 4412 | L28: =E28-K28 -> -332 | M28: =E28-N28 -> 4080 | P28: SU002618 | Q28: 1434.6087 | R28: 1000 | S28: 1700 | T28: 1015.897 | V28: 1032.2824 | AA28: =M28/5 -> 816 | AB28: =12.5*AA28-V28-T28-S28-R28-Q28-O28-F28 -> 1324.212 | AC28: =AB28-AD28-AE28 -> 824.212 | AE28: 500 | AG28: =(F28+O28+Q28+R28+S28+T28+U28+V28+W28+X28+Y28+AC28+AD28+AE28)/AA28 -> 12.5 | AH28: =(F28+O28+Q28+R28+S28+T28+U28+V28+W28+X28+Y28)/AA28 -> 10.877191 | AI28: 898.6 | AJ28: 865 | AK28: 794.6 | AL28: 770.4 | AM28: 777.8 | AN28: 836.4 | AO28: 934.6 | AP28: 824.4 | AQ28: 789 | AR28: 1397.2 | AT28: =ROUND(G28*AC28,0) -> 330 | AU28: =ROUND(G28*AD28,0) -> 0 | AV28: =ROUND(G28*AE28,0) -> 200
A29: 276 Колбаса Сливушка ТМ Вязанка в оболочке полиамид 0,45 кг ПОКОМ | B29: шт | C29: 49 | D29: 2673 | E29: 548 | F29: 204.75 | G29: 0.45 | H29: 50 | I29: ВНИМАНИЕ / P003103 | K29: 794 | L29: =E29-K29 -> -246 | M29: =E29-N29 -> 548 | P29: SU002734 | Q29: 839.0568 | R29: 800 | S29: 1100 | T29: 0 | AA29: =M29/5 -> 109.6 | AC29: =AB29-AD29-AE29 -> 0 | AG29: =(F29+O29+Q29+R29+S29+T29+U29+V29+W29+X29+Y29+AC29+AD29+AE29)/AA29 -> 26.859551 | AH29: =(F29+O29+Q29+R29+S29+T29+U29+V29+W29+X29+Y29)/AA29 -> 26.859551 | AI29: 174.8 | AJ29: 277.8 | AK29: 284.8 | AL29: 208.4 | AM29: 87.4 | AN29: 111.2 | AO29: 94.2 | AP29: 166 | AQ29: 120.8 | AR29: 153.6 | AS29: нужно увеличить продажи / 710шт под клиента отгрузили 02,07,26 | AT29: =ROUND(G29*AC29,0) -> 0 | AU29: =ROUND(G29*AD29,0) -> 0 | AV29: =ROUND(G29*AE29,0) -> 0
A30: 278 Сосиски Сочинки с сочным окороком, МГС 0.4кг, ПОКОМ | B30: шт | C30: 1095 | D30: 1838 | E30: 1021 | F30: 218 | G30: 0.4 | H30: 45 | I30: P003958 | K30: 1221 | L30: =E30-K30 -> -200 | M30: =E30-N30 -> 1021 | P30: SU002621 | Q30: 457.32849 | R30: 400 | S30: 600 | T30: 286.8306 | V30: 291.4569 | AA30: =M30/5 -> 204.2 | AB30: =12.5*AA30-V30-T30-S30-R30-Q30-O30-F30+$AB$1*AA30 -> 166.154 | AC30: =AB30-AD30-AE30 -> 166.154 | AG30: =(F30+O30+Q30+R30+S30+T30+U30+V30+W30+X30+Y30+AC30+AD30+AE30)/AA30 -> 11.85 | AH30: =(F30+O30+Q30+R30+S30+T30+U30+V30+W30+X30+Y30)/AA30 -> 11.036317 | AI30: 235.2 | AJ30: 211 | AK30: 165 | AL30: 174 | AM30: 215.2 | AN30: 201.2 | AO30: 198.2 | AP30: 204.4 | AQ30: 183.2 | AR30: 200.6 | AT30: =ROUND(G30*AC30,0) -> 66 | AU30: =ROUND(G30*AD30,0) -> 0 | AV30: =ROUND(G30*AE30,0) -> 0
A31: 281 Сосиски Молочные для завтрака ТМ Особый рецепт, 0,4кг ПОКОМ | B31: шт | C31: 373 | D31: 2006 | E31: 587 | F31: 874 | G31: 0.4 | H31: 40 | I31: P005198 | K31: 660 | L31: =E31-K31 -> -73 | M31: =E31-N31 -> 587 | P31: SU002205 | Q31: 0 | T31: 0 | Z31: =VLOOKUP(P31,[1]Лист1!$A:$E,5,0) -> -208.8 | AA31: =M31/5 -> 117.4 | AB31: =12.5*AA31-V31-T31-S31-R31-Q31-O31-F31+$AB$1*AA31 -> 517.19 | AC31: =AB31-AD31-AE31 -> 517.19 | AG31: =(F31+O31+Q31+R31+S31+T31+U31+V31+W31+X31+Y31+AC31+AD31+AE31)/AA31 -> 11.85 | AH31: =(F31+O31+Q31+R31+S31+T31+U31+V31+W31+X31+Y31)/AA31 -> 7.4446337 | AI31: 80.4 | AJ31: 83.2 | AK31: 136 | AL31: 101.6 | AM31: 63.2 | AN31: 73.2 | AO31: 81.8 | AP31: 99.389 | AQ31: 77.164 | AR31: 80.4 | AT31: =ROUND(G31*AC31,0) -> 207 | AU31: =ROUND(G31*AD31,0) -> 0 | AV31: =ROUND(G31*AE31,0) -> 0
A32: 285 Паштет печеночный со слив.маслом ТМ Стародворье ламистер 0,1 кг ПОКОМ | B32: шт | C32: 378 | D32: 14 | E32: 230 | F32: 151 | G32: 0.1 | H32: 731 | I32: P002648 | K32: 243 | L32: =E32-K32 -> -13 | M32: =E32-N32 -> 230 | P32: SU002368 | Q32: 174 | T32: 14 | AA32: =M32/5 -> 46 | AB32: =12.5*AA32-V32-T32-S32-R32-Q32-O32-F32 -> 236 | AC32: =AB32-AD32-AE32 -> 236 | AG32: =(F32+O32+Q32+R32+S32+T32+U32+V32+W32+X32+Y32+AC32+AD32+AE32)/AA32 -> 12.5 | AH32: =(F32+O32+Q32+R32+S32+T32+U32+V32+W32+X32+Y32)/AA32 -> 7.3695652 | AI32: 42 | AJ32: 46 | AK32: 39 | AL32: 48.2 | AM32: 46.8 | AN32: 41.2 | AO32: 42.4 | AP32: 33.2 | AQ32: 46.8 | AR32: 35.6 | AT32: =ROUND(G32*AC32,0) -> 24 | AU32: =ROUND(G32*AD32,0) -> 0 | AV32: =ROUND(G32*AE32,0) -> 0
A33: 296 Колбаса Мясорубская с рубленой грудинкой 0,35кг срез ТМ Стародворье ПОКОМ | B33: шт | C33: 97 | D33: 109 | E33: 65 | F33: 5 | G33: 0.35 | H33: 40 | I33: P003256 | K33: 111 | L33: =E33-K33 -> -46 | M33: =E33-N33 -> 65 | P33: SU002660 | Q33: 185.4 | T33: 118 | AA33: =M33/5 -> 13 | AC33: =AB33-AD33-AE33 -> 0 | AG33: =(F33+O33+Q33+R33+S33+T33+U33+V33+W33+X33+Y33+AC33+AD33+AE33)/AA33 -> 23.723077 | AH33: =(F33+O33+Q33+R33+S33+T33+U33+V33+W33+X33+Y33)/AA33 -> 23.723077 | AI33: 28.4 | AJ33: 24.2 | AK33: 16.4 | AL33: 18.4 | AM33: 15.6 | AN33: 17.2 | AO33: 15 | AP33: 18 | AQ33: 26 | AR33: 14.8 | AT33: =ROUND(G33*AC33,0) -> 0 | AU33: =ROUND(G33*AD33,0) -> 0 | AV33: =ROUND(G33*AE33,0) -> 0
A34: 297 Колбаса Мясорубская с рубленой грудинкой ВЕС ТМ Стародворье ПОКОМ | B34: кг | C34: 21.553 | D34: 5.793 | E34: 7.198 | F34: 19.129 | G34: 1 | H34: 40 | I34: P003179 | K34: 7.6 | L34: =E34-K34 -> -0.402 | M34: =E34-N34 -> 7.198 | P34: SU002756 | Q34: 16.9262 | T34: 0 | AA34: =M34/5 -> 1.4396 | AC34: =AB34-AD34-AE34 -> 0 | AG34: =(F34+O34+Q34+R34+S34+T34+U34+V34+W34+X34+Y34+AC34+AD34+AE34)/AA34 -> 25.04529 | AH34: =(F34+O34+Q34+R34+S34+T34+U34+V34+W34+X34+Y34)/AA34 -> 25.04529 | AI34: 2.4448 | AJ34: 3.2066 | AK34: 2.0582 | AL34: 2.5328 | AM34: 3.35 | AN34: 4.3372 | AO34: 4.6544 | AP34: 4.8608 | AQ34: 7.405 | AR34: 4.3842 | AS34: нужно увеличить продажи | AT34: =ROUND(G34*AC34,0) -> 0 | AU34: =ROUND(G34*AD34,0) -> 0 | AV34: =ROUND(G34*AE34,0) -> 0
A35: 301 Сосиски Сочинки по-баварски с сыром, 0.4кг, ТМ Стародворье ПОКОМ | B35: шт | C35: -2 | D35: 220 | E35: -5 | F35: -1 | G35: 0.4 | H35: 40 | I35: P003475 | K35: 285 | L35: =E35-K35 -> -290 | M35: =E35-N35 -> -5 | P35: SU002801 | Q35: 0 | T35: 300 | Z35: =VLOOKUP(P35,[1]Лист1!$A:$E,5,0) -> -81.6 | AA35: =M35/5 -> -1 | AB35: 200 | AC35: =AB35-AD35-AE35 -> 200 | AG35: =(F35+O35+Q35+R35+S35+T35+U35+V35+W35+X35+Y35+AC35+AD35+AE35)/AA35 -> -499 | AH35: =(F35+O35+Q35+R35+S35+T35+U35+V35+W35+X35+Y35)/AA35 -> -299 | AI35: -1 | AJ35: 12 | AK35: 65.4 | AL35: 80.2 | AM35: 44.4 | AN35: 31.2 | AO35: 40.4 | AP35: 42.6 | AQ35: 61.4 | AR35: 48 | AT35: =ROUND(G35*AC35,0) -> 80 | AU35: =ROUND(G35*AD35,0) -> 0 | AV35: =ROUND(G35*AE35,0) -> 0
A36: 302 Сосиски Сочинки по-баварски, 0.4кг, ТМ Стародворье ПОКОМ | B36: шт | C36: 253 | D36: 156 | E36: 261 | F36: 67 | G36: 0.4 | H36: 45 | I36: P003217 | K36: 287 | L36: =E36-K36 -> -26 | M36: =E36-N36 -> 261 | P36: SU002799 | Q36: 102.8 | R36: 100 | S36: 150 | T36: 0 | Z36: =VLOOKUP(P36,[1]Лист1!$A:$E,5,0) -> -93.6 | AA36: =M36/5 -> 52.2 | AB36: =12.5*AA36-V36-T36-S36-R36-Q36-O36-F36 -> 232.7 | AC36: =AB36-AD36-AE36 -> 232.7 | AG36: =(F36+O36+Q36+R36+S36+T36+U36+V36+W36+X36+Y36+AC36+AD36+AE36)/AA36 -> 12.5 | AH36: =(F36+O36+Q36+R36+S36+T36+U36+V36+W36+X36+Y36)/AA36 -> 8.0421456 | AI36: 48.4 | AJ36: 56.4 | AK36: 42 | AL36: 27.6 | AM36: 34.8 | AN36: 54.8 | AO36: 53.6 | AP36: 29.8 | AQ36: 41.8 | AR36: 40.2 | AT36: =ROUND(G36*AC36,0) -> 93 | AU36: =ROUND(G36*AD36,0) -> 0 | AV36: =ROUND(G36*AE36,0) -> 0
A37: 305 Колбаса Сервелат Мясорубский с мелкорубленным окороком в/у ТМ Стародворье ВЕС ПОКОМ | B37: кг | C37: 50.008 | D37: 45.617 | E37: 26.135 | F37: 33.619 | G37: 1 | H37: 40 | I37: P003259 | K37: 34.823 | L37: =E37-K37 -> -8.688 | M37: =E37-N37 -> 26.135 | P37: SU002847 | Q37: 0 | T37: 18.179 | AA37: =M37/5 -> 5.227 | AB37: =12.5*AA37-V37-T37-S37-R37-Q37-O37-F37 -> 13.5395 | AC37: =AB37-AD37-AE37 -> 13.5395 | AG37: =(F37+O37+Q37+R37+S37+T37+U37+V37+W37+X37+Y37+AC37+AD37+AE37)/AA37 -> 12.5 | AH37: =(F37+O37+Q37+R37+S37+T37+U37+V37+W37+X37+Y37)/AA37 -> 9.9096996 | AI37: 5.501 | AJ37: 4.4914 | AK37: 6.1064 | AL37: 6.388 | AM37: 3.4708 | AN37: 4.7606 | AO37: 6.7906 | AP37: 12.0244 | AQ37: 9.3468 | AR37: 10.9548 | AT37: =ROUND(G37*AC37,0) -> 14 | AU37: =ROUND(G37*AD37,0) -> 0 | AV37: =ROUND(G37*AE37,0) -> 0
A38: 307 Колбаса Сервелат Мясорубский с мелкорубленным окороком 0,35 кг срез ТМ Стародворье Поком | B38: шт | C38: 1154 | D38: 2979 | E38: 550 | F38: 613 | G38: 0.35 | H38: 40 | I38: ВНИМАНИЕ / P003260 | K38: 815 | L38: =E38-K38 -> -265 | M38: =E38-N38 -> 550 | P38: SU002848 | Q38: 0 | T38: 200 | AA38: =M38/5 -> 110 | AB38: =12.5*AA38-V38-T38-S38-R38-Q38-O38-F38+$AB$1*AA38 -> 490.5 | AC38: =AB38-AD38-AE38 -> 490.5 | AF38: 200 | AG38: =(F38+O38+Q38+R38+S38+T38+U38+V38+W38+X38+Y38+AC38+AD38+AE38)/AA38 -> 11.85 | AH38: =(F38+O38+Q38+R38+S38+T38+U38+V38+W38+X38+Y38)/AA38 -> 7.3909091 | AI38: 269.2 | AJ38: 266.4 | AK38: 466.2 | AL38: 465.2 | AM38: 121.2 | AN38: 128.6 | AO38: 118 | AP38: 217.4 | AQ38: 150.2 | AR38: 101.4 | AS38: 17,07,26 уменьшить до 200 шт (Хмель) / 15,07,26 уменьшить до 200 шт (Хмель) | AT38: =ROUND(G38*AC38,0) -> 172 | AU38: =ROUND(G38*AD38,0) -> 0 | AV38: =ROUND(G38*AE38,0) -> 0
A39: 309 Сосиски Сочинки с сыром 0,4 кг ТМ Стародворье ПОКОМ | B39: шт | C39: 266 | D39: 814 | E39: 380 | F39: 197 | G39: 0.4 | H39: 40 | I39: P004178 | K39: 551 | L39: =E39-K39 -> -171 | M39: =E39-N39 -> 380 | P39: SU002686 | Q39: 0 | T39: 251.6 | AA39: =M39/5 -> 76 | AB39: =12.5*AA39-V39-T39-S39-R39-Q39-O39-F39 -> 501.4 | AC39: =AB39-AD39-AE39 -> 501.4 | AG39: =(F39+O39+Q39+R39+S39+T39+U39+V39+W39+X39+Y39+AC39+AD39+AE39)/AA39 -> 12.5 | AH39: =(F39+O39+Q39+R39+S39+T39+U39+V39+W39+X39+Y39)/AA39 -> 5.9026316 | AI39: 54.6 | AJ39: 57.4 | AK39: 95.4 | AL39: 87.2 | AM39: 75.6 | AN39: 88.2 | AO39: 91.4 | AP39: 81.6 | AQ39: 86.4 | AR39: 80.2 | AT39: =ROUND(G39*AC39,0) -> 201 | AU39: =ROUND(G39*AD39,0) -> 0 | AV39: =ROUND(G39*AE39,0) -> 0
A40: 312 Ветчина Филейская ВЕС ТМ Вязанка ТС Столичная ПОКОМ | B40: кг | C40: 115.857 | D40: 212.744 | E40: 102.255 | F40: 160.014 | G40: 1 | H40: 50 | I40: P003234 | K40: 129.9 | L40: =E40-K40 -> -27.645 | M40: =E40-N40 -> 102.255 | P40: SU002828 | Q40: 0 | T40: 16.1672 | AA40: =M40/5 -> 20.451 | AB40: =12.5*AA40-V40-T40-S40-R40-Q40-O40-F40 -> 79.4563 | AC40: =AB40-AD40-AE40 -> 79.4563 | AG40: =(F40+O40+Q40+R40+S40+T40+U40+V40+W40+X40+Y40+AC40+AD40+AE40)/AA40 -> 12.5 | AH40: =(F40+O40+Q40+R40+S40+T40+U40+V40+W40+X40+Y40)/AA40 -> 8.6147963 | AI40: 20.7852 | AJ40: 18.3852 | AK40: 26.343 | AL40: 19.9468 | AM40: 21.798 | AN40: 22.8396 | AO40: 22.8786 | AP40: 16.0274 | AQ40: 26.9794 | AR40: 44.0774 | AT40: =ROUND(G40*AC40,0) -> 79 | AU40: =ROUND(G40*AD40,0) -> 0 | AV40: =ROUND(G40*AE40,0) -> 0
A41: 315 Колбаса вареная Молокуша ТМ Вязанка ВЕС, ПОКОМ | B41: кг | C41: 961.411 | D41: 413.606 | E41: 498.67 | F41: 450.57 | G41: 1 | H41: 50 | I41: P003239 | K41: 628.859 | L41: =E41-K41 -> -130.189 | M41: =E41-N41 -> 390.611 | N41: 108.059 | P41: SU002830 | Q41: 54.0242 | T41: 279.689 | X41: 300 | Y41: 100 | AA41: =M41/5 -> 78.1222 | AB41: =12.5*AA41-V41-T41-S41-R41-Q41-O41-F41 -> 192.2443 | AC41: =AB41-AD41-AE41 -> 192.2443 | AG41: =(F41+O41+Q41+R41+S41+T41+U41+V41+W41+X41+Y41+AC41+AD41+AE41)/AA41 -> 17.620184 | AH41: =(F41+O41+Q41+R41+S41+T41+U41+V41+W41+X41+Y41)/AA41 -> 15.159368 | AI41: 85.3842 | AJ41: 84.6196 | AK41: 57.5222 | AL41: 111.0634 | AM41: 151.0036 | AN41: 105.7694 | AO41: 88.5098 | AP41: 72.1988 | AQ41: 79.127 | AR41: 104.3784 | AT41: =ROUND(G41*AC41,0) -> 192 | AU41: =ROUND(G41*AD41,0) -> 0 | AV41: =ROUND(G41*AE41,0) -> 0
A42: 319 Колбаса вареная Филейская ТМ Вязанка ТС Классическая, 0,45 кг. ПОКОМ | B42: шт | C42: 447 | D42: 834 | E42: 480 | F42: 489 | G42: 0.45 | H42: 50 | I42: P003227 | K42: 573 | L42: =E42-K42 -> -93 | M42: =E42-N42 -> 480 | P42: SU002815 | Q42: 209.1223 | T42: 195.6777 | AA42: =M42/5 -> 96 | AB42: =12.5*AA42-V42-T42-S42-R42-Q42-O42-F42 -> 306.2 | AC42: =AB42-AD42-AE42 -> 306.2 | AG42: =(F42+O42+Q42+R42+S42+T42+U42+V42+W42+X42+Y42+AC42+AD42+AE42)/AA42 -> 12.5 | AH42: =(F42+O42+Q42+R42+S42+T42+U42+V42+W42+X42+Y42)/AA42 -> 9.3104167 | AI42: 96.8 | AJ42: 97.4 | AK42: 102 | AL42: 99.8 | AM42: 86.137 | AN42: 64.937 | AO42: 81.2032 | AP42: 122.6 | AQ42: 106.3646 | AR42: 74.2 | AT42: =ROUND(G42*AC42,0) -> 138 | AU42: =ROUND(G42*AD42,0) -> 0 | AV42: =ROUND(G42*AE42,0) -> 0
A43: 322 Колбаса вареная Молокуша 0,45кг ТМ Вязанка ПОКОМ | B43: шт | C43: 437 | D43: 1181 | E43: 643 | F43: 328 | G43: 0.45 | H43: 50 | I43: P003228 | K43: 781 | L43: =E43-K43 -> -138 | M43: =E43-N43 -> 643 | P43: SU002816 | Q43: 180.55776 | R43: 100 | S43: 200 | T43: 194.65135 | V43: 197.79089 | AA43: =M43/5 -> 128.6 | AB43: =12.5*AA43-V43-T43-S43-R43-Q43-O43-F43+$AB$1*AA43 -> 322.91 | AC43: =AB43-AD43-AE43 -> 322.91 | AG43: =(F43+O43+Q43+R43+S43+T43+U43+V43+W43+X43+Y43+AC43+AD43+AE43)/AA43 -> 11.85 | AH43: =(F43+O43+Q43+R43+S43+T43+U43+V43+W43+X43+Y43)/AA43 -> 9.3390358 | AI43: 132 | AJ43: 114.6 | AK43: 104.4 | AL43: 96.4 | AM43: 86 | AN43: 79.2 | AO43: 98.6 | AP43: 103 | AQ43: 68.2 | AR43: 81.8 | AT43: =ROUND(G43*AC43,0) -> 145 | AU43: =ROUND(G43*AD43,0) -> 0 | AV43: =ROUND(G43*AE43,0) -> 0
A44: 329 Сардельки Сочинки с сыром Стародворье ТМ, 0,4 кг. ПОКОМ | B44: шт | D44: 83 | E44: 19 | F44: 29 | G44: 0.4 | H44: 40 | I44: P003961 | K44: 37 | L44: =E44-K44 -> -18 | M44: =E44-N44 -> 19 | P44: SU002759 | Q44: 0 | T44: 0 | AA44: =M44/5 -> 3.8 | AB44: =12.5*AA44-V44-T44-S44-R44-Q44-O44-F44 -> 18.5 | AC44: =AB44-AD44-AE44 -> 18.5 | AG44: =(F44+O44+Q44+R44+S44+T44+U44+V44+W44+X44+Y44+AC44+AD44+AE44)/AA44 -> 12.5 | AH44: =(F44+O44+Q44+R44+S44+T44+U44+V44+W44+X44+Y44)/AA44 -> 7.6315789 | AI44: -0.6 | AJ44: 0.8 | AK44: 12.2 | AL44: 12.4 | AM44: 5 | AN44: 4.2 | AO44: 6.2 | AP44: 13.8 | AQ44: 6 | AR44: 7.6 | AT44: =ROUND(G44*AC44,0) -> 7 | AU44: =ROUND(G44*AD44,0) -> 0 | AV44: =ROUND(G44*AE44,0) -> 0
A45: 330 Колбаса вареная Филейская ТМ Вязанка ТС Классическая ВЕС ПОКОМ | B45: кг | C45: 586.913 | D45: 393.923 | E45: 349.901 | F45: 373.672 | G45: 1 | H45: 50 | I45: P003235 | K45: 477.4 | L45: =E45-K45 -> -127.499 | M45: =E45-N45 -> 349.901 | P45: SU002829 | Q45: 218.739 | R45: 100 | S45: 250 | T45: 298.3856 | AA45: =M45/5 -> 69.9802 | AC45: =AB45-AD45-AE45 -> 0 | AG45: =(F45+O45+Q45+R45+S45+T45+U45+V45+W45+X45+Y45+AC45+AD45+AE45)/AA45 -> 17.730681 | AH45: =(F45+O45+Q45+R45+S45+T45+U45+V45+W45+X45+Y45)/AA45 -> 17.730681 | AI45: 120.0566 | AJ45: 112.971 | AK45: 95.9996 | AL45: 109.7628 | AM45: 96.1422 | AN45: 102.4154 | AO45: 98.6026 | AP45: 84.7556 | AQ45: 107.6558 | AR45: 104.7816 | AT45: =ROUND(G45*AC45,0) -> 0 | AU45: =ROUND(G45*AD45,0) -> 0 | AV45: =ROUND(G45*AE45,0) -> 0
A46: 334 Паштет Любительский ТМ Стародворье ламистер 0,1 кг ПОКОМ | B46: шт | C46: 221 | D46: 21 | E46: 132 | F46: 83 | G46: 0.1 | H46: 731 | I46: P003253 | K46: 142 | L46: =E46-K46 -> -10 | M46: =E46-N46 -> 132 | P46: SU002841 | Q46: 139 | T46: 35.2 | AA46: =M46/5 -> 26.4 | AB46: =12.5*AA46-V46-T46-S46-R46-Q46-O46-F46 -> 72.8 | AC46: =AB46-AD46-AE46 -> 72.8 | AG46: =(F46+O46+Q46+R46+S46+T46+U46+V46+W46+X46+Y46+AC46+AD46+AE46)/AA46 -> 12.5 | AH46: =(F46+O46+Q46+R46+S46+T46+U46+V46+W46+X46+Y46)/AA46 -> 9.7424242 | AI46: 29.2 | AJ46: 30 | AK46: 19.6 | AL46: 25.6 | AM46: 36 | AN46: 27.6 | AO46: 21.6 | AP46: 24 | AQ46: 27.6 | AR46: 26.8 | AT46: =ROUND(G46*AC46,0) -> 7 | AU46: =ROUND(G46*AD46,0) -> 0 | AV46: =ROUND(G46*AE46,0) -> 0
A47: 335 Колбаса Сливушка ТМ Вязанка. ВЕС. ПОКОМ | B47: кг | C47: 837.753 | D47: 1014.692 | E47: 409.628 | F47: 871.265 | G47: 1 | H47: 50 | I47: P003357 | K47: 445.4 | L47: =E47-K47 -> -35.772 | M47: =E47-N47 -> 409.628 | P47: SU002928 | Q47: 0 | T47: 0 | AA47: =M47/5 -> 81.9256 | AB47: =12.5*AA47-V47-T47-S47-R47-Q47-O47-F47 -> 152.805 | AC47: =AB47-AD47-AE47 -> 152.805 | AG47: =(F47+O47+Q47+R47+S47+T47+U47+V47+W47+X47+Y47+AC47+AD47+AE47)/AA47 -> 12.5 | AH47: =(F47+O47+Q47+R47+S47+T47+U47+V47+W47+X47+Y47)/AA47 -> 10.634832 | AI47: 86.0806 | AJ47: 92.589 | AK47: 122.234 | AL47: 127.477 | AM47: 116.4784 | AN47: 107.4956 | AO47: 89.5482 | AP47: 78.4356 | AQ47: 86.9194 | AR47: 118.1324 | AT47: =ROUND(G47*AC47,0) -> 153 | AU47: =ROUND(G47*AD47,0) -> 0 | AV47: =ROUND(G47*AE47,0) -> 0
A48: 336 Ветчина Сливушка с индейкой ТМ Вязанка. ВЕС ПОКОМ | B48: кг | C48: 86.215 | D48: 25.642 | E48: 26.586 | F48: 59.275 | G48: 1 | H48: 55 | I48: P004607 | K48: 28.946 | L48: =E48-K48 -> -2.36 | M48: =E48-N48 -> 26.586 | P48: SU002833 | Q48: 0 | T48: 0 | AA48: =M48/5 -> 5.3172 | AB48: =12.5*AA48-V48-T48-S48-R48-Q48-O48-F48 -> 7.19 | AC48: =AB48-AD48-AE48 -> 7.19 | AG48: =(F48+O48+Q48+R48+S48+T48+U48+V48+W48+X48+Y48+AC48+AD48+AE48)/AA48 -> 12.5 | AH48: =(F48+O48+Q48+R48+S48+T48+U48+V48+W48+X48+Y48)/AA48 -> 11.147785 | AI48: 3.4356 | AJ48: 4.8686 | AK48: 7.0706 | AL48: 8.1922 | AM48: 4.92 | AN48: 4.655 | AO48: 5.2094 | AP48: 14.4516 | AQ48: 7.6686 | AR48: 5.4644 | AT48: =ROUND(G48*AC48,0) -> 7 | AU48: =ROUND(G48*AD48,0) -> 0 | AV48: =ROUND(G48*AE48,0) -> 0
A49: 338 Паштет печеночный с морковью ТМ Стародворье ламистер 0,1 кг. ПОКОМ | B49: шт | C49: 231 | D49: 12 | E49: 118 | F49: 111 | G49: 0.1 | H49: 731 | I49: P003252 | K49: 128 | L49: =E49-K49 -> -10 | M49: =E49-N49 -> 118 | P49: SU002840 | Q49: 133.8 | T49: 8 | AA49: =M49/5 -> 23.6 | AB49: =12.5*AA49-V49-T49-S49-R49-Q49-O49-F49 -> 42.2 | AC49: =AB49-AD49-AE49 -> 42.2 | AG49: =(F49+O49+Q49+R49+S49+T49+U49+V49+W49+X49+Y49+AC49+AD49+AE49)/AA49 -> 12.5 | AH49: =(F49+O49+Q49+R49+S49+T49+U49+V49+W49+X49+Y49)/AA49 -> 10.711864 | AI49: 27.2 | AJ49: 30.4 | AK49: 17.6 | AL49: 19.8 | AM49: 31.4 | AN49: 23.4 | AO49: 19.6 | AP49: 23 | AQ49: 23.6 | AR49: 20.8 | AT49: =ROUND(G49*AC49,0) -> 4 | AU49: =ROUND(G49*AD49,0) -> 0 | AV49: =ROUND(G49*AE49,0) -> 0
A50: 339 Колбаса вареная Филейская ТМ Вязанка ТС Классическая, 0,40 кг. ПОКОМ | B50: шт | C50: 7 | D50: 1 | E50: 8 | G50: 0.4 | H50: 50 | I50: P003243 | K50: 10 | L50: =E50-K50 -> -2 | M50: =E50-N50 -> 8 | P50: SU002831 | Q50: 7.4 | T50: 17.8 | AA50: =M50/5 -> 1.6 | AC50: =AB50-AD50-AE50 -> 0 | AG50: =(F50+O50+Q50+R50+S50+T50+U50+V50+W50+X50+Y50+AC50+AD50+AE50)/AA50 -> 15.75 | AH50: =(F50+O50+Q50+R50+S50+T50+U50+V50+W50+X50+Y50)/AA50 -> 15.75 | AI50: 2.8 | AJ50: 1.2 | AK50: 0 | AL50: 0.4 | AM50: 0.4 | AN50: 0 | AO50: 0 | AP50: 0.2 | AQ50: 1 | AR50: 0.8 | AT50: =ROUND(G50*AC50,0) -> 0 | AU50: =ROUND(G50*AD50,0) -> 0 | AV50: =ROUND(G50*AE50,0) -> 0
A51: 340 Сосиски Сочинки Молочные ТМ Стародворье, ВЕС ПОКОМ | B51: кг | C51: 111.781 | D51: 18.627 | E51: 53.344 | F51: 53.31 | G51: 1 | H51: 40 | I51: P003263 | K51: 79.2 | L51: =E51-K51 -> -25.856 | M51: =E51-N51 -> 53.344 | P51: SU002843 | Q51: 39.8102 | T51: 39.05 | AA51: =M51/5 -> 10.6688 | AB51: 4 | AC51: =AB51-AD51-AE51 -> 4 | AG51: =(F51+O51+Q51+R51+S51+T51+U51+V51+W51+X51+Y51+AC51+AD51+AE51)/AA51 -> 12.763404 | AH51: =(F51+O51+Q51+R51+S51+T51+U51+V51+W51+X51+Y51)/AA51 -> 12.388479 | AI51: 14.4322 | AJ51: 12.6326 | AK51: 14.2206 | AL51: 11.2966 | AM51: 0.4582 | AN51: 4.8796 | AO51: 24.591 | AP51: 22.2172 | AQ51: 17.7404 | AR51: 8.156 | AT51: =ROUND(G51*AC51,0) -> 4 | AU51: =ROUND(G51*AD51,0) -> 0 | AV51: =ROUND(G51*AE51,0) -> 0
A52: 341 Сосиски Сочинки Сливочные ТМ Стародворье ВЕС ПОКОМ | B52: кг | C52: 60.293 | D52: 1.396 | E52: 8.146 | F52: 52.333 | G52: 1 | H52: 40 | I52: P003266 | K52: 8.9 | L52: =E52-K52 -> -0.754 | M52: =E52-N52 -> 8.146 | P52: SU002845 | Q52: 0 | T52: 0 | AA52: =M52/5 -> 1.6292 | AC52: =AB52-AD52-AE52 -> 0 | AG52: =(F52+O52+Q52+R52+S52+T52+U52+V52+W52+X52+Y52+AC52+AD52+AE52)/AA52 -> 32.1219 | AH52: =(F52+O52+Q52+R52+S52+T52+U52+V52+W52+X52+Y52)/AA52 -> 32.1219 | AI52: 1.1018 | AJ52: 0.3068 | AK52: 0.3708 | AL52: 0.4478 | AM52: 3.7236 | AN52: 8.131 | AO52: 7.1864 | AP52: 4.3976 | AQ52: 3.7996 | AR52: 5.4704 | AS52: нужно увеличить продажи!!! | AT52: =ROUND(G52*AC52,0) -> 0 | AU52: =ROUND(G52*AD52,0) -> 0 | AV52: =ROUND(G52*AE52,0) -> 0
A53: 342 Сосиски Сочинки Молочные ТМ Стародворье 0,4 кг ПОКОМ | B53: шт | C53: 400 | D53: 1099 | E53: 646 | F53: 263 | G53: 0.4 | H53: 40 | I53: P003262 | K53: 764 | L53: =E53-K53 -> -118 | M53: =E53-N53 -> 646 | P53: SU002842 | Q53: 148.4 | R53: 100 | S53: 150 | T53: 310.496 | V53: 315.504 | Z53: =VLOOKUP(P53,[1]Лист1!$A:$E,5,0) -> -98.4 | AA53: =M53/5 -> 129.2 | AB53: =12.5*AA53-V53-T53-S53-R53-Q53-O53-F53+$AB$1*AA53 -> 243.62 | AC53: =AB53-AD53-AE53 -> 243.62 | AG53: =(F53+O53+Q53+R53+S53+T53+U53+V53+W53+X53+Y53+AC53+AD53+AE53)/AA53 -> 11.85 | AH53: =(F53+O53+Q53+R53+S53+T53+U53+V53+W53+X53+Y53)/AA53 -> 9.9643963 | AI53: 139.4 | AJ53: 108.2 | AK53: 105.6 | AL53: 124.6 | AM53: 83.8 | AN53: 22.4 | AO53: 59.2 | AP53: 122.8 | AQ53: 126 | AR53: 127.8 | AT53: =ROUND(G53*AC53,0) -> 97 | AU53: =ROUND(G53*AD53,0) -> 0 | AV53: =ROUND(G53*AE53,0) -> 0
A54: 343 Сосиски Сочинки Сливочные ТМ Стародворье 0,4 кг ПОКОМ | B54: шт | C54: 789 | D54: 654 | E54: 518 | F54: 380 | G54: 0.4 | H54: 40 | I54: P003265 | K54: 596 | L54: =E54-K54 -> -78 | M54: =E54-N54 -> 518 | P54: SU002844 | Q54: 229.46716 | T54: 193.73284 | Z54: =VLOOKUP(P54,[1]Лист1!$A:$E,5,0) -> -170.4 | AA54: =M54/5 -> 103.6 | AB54: =12.5*AA54-V54-T54-S54-R54-Q54-O54-F54+$AB$1*AA54 -> 424.46 | AC54: =AB54-AD54-AE54 -> 424.46 | AG54: =(F54+O54+Q54+R54+S54+T54+U54+V54+W54+X54+Y54+AC54+AD54+AE54)/AA54 -> 11.85 | AH54: =(F54+O54+Q54+R54+S54+T54+U54+V54+W54+X54+Y54)/AA54 -> 7.7528958 | AI54: 96.2 | AJ54: 93 | AK54: 100.6 | AL54: 103.2 | AM54: 92.8 | AN54: 85.8 | AO54: 85.6 | AP54: 89 | AQ54: 88 | AR54: 87 | AT54: =ROUND(G54*AC54,0) -> 170 | AU54: =ROUND(G54*AD54,0) -> 0 | AV54: =ROUND(G54*AE54,0) -> 0
A55: 344 Колбаса Сочинка по-европейски с сочной грудинкой ТМ Стародворье, ВЕС ПОКОМ | B55: кг | C55: 164.972 | D55: 37.219 | E55: 51.894 | F55: 142.27 | G55: 1 | H55: 40 | I55: P003387 | K55: 61.3 | L55: =E55-K55 -> -9.406 | M55: =E55-N55 -> 51.894 | P55: SU002941 | Q55: 0 | T55: 0 | AA55: =M55/5 -> 10.3788 | AC55: =AB55-AD55-AE55 -> 0 | AG55: =(F55+O55+Q55+R55+S55+T55+U55+V55+W55+X55+Y55+AC55+AD55+AE55)/AA55 -> 13.70775 | AH55: =(F55+O55+Q55+R55+S55+T55+U55+V55+W55+X55+Y55)/AA55 -> 13.70775 | AI55: 10.9048 | AJ55: 10.0128 | AK55: 18.1794 | AL55: 18.5546 | AM55: 5.6436 | AN55: 0.7262 | AO55: -0.1802 | AP55: 5.9652 | AQ55: 10.6788 | AR55: 7.973 | AT55: =ROUND(G55*AC55,0) -> 0 | AU55: =ROUND(G55*AD55,0) -> 0 | AV55: =ROUND(G55*AE55,0) -> 0
A56: 345 Колбаса Сочинка по-фински с сочным окроком ТМ Стародворье ВЕС ПОКОМ | B56: кг | C56: 62.929 | D56: 130.622 | E56: 64.952 | F56: 69.941 | G56: 1 | H56: 40 | I56: P003401 | K56: 62.7 | L56: =E56-K56 -> 2.252 | M56: =E56-N56 -> 64.952 | P56: SU002943 | Q56: 75.5122 | T56: 0 | AA56: =M56/5 -> 12.9904 | AB56: =12.5*AA56-V56-T56-S56-R56-Q56-O56-F56 -> 16.9268 | AC56: =AB56-AD56-AE56 -> 16.9268 | AG56: =(F56+O56+Q56+R56+S56+T56+U56+V56+W56+X56+Y56+AC56+AD56+AE56)/AA56 -> 12.5 | AH56: =(F56+O56+Q56+R56+S56+T56+U56+V56+W56+X56+Y56)/AA56 -> 11.196976 | AI56: 13.3424 | AJ56: 17.5158 | AK56: 14.6234 | AL56: 4.8812 | AM56: 5.7866 | AN56: 13.3754 | AO56: 12.8288 | AP56: 10.3112 | AQ56: 15.5308 | AR56: 14.7936 | AT56: =ROUND(G56*AC56,0) -> 17 | AU56: =ROUND(G56*AD56,0) -> 0 | AV56: =ROUND(G56*AE56,0) -> 0
A57: 346 Колбаса Сочинка зернистая с сочной грудинкой ТМ Стародворье.ВЕС ПОКОМ | B57: кг | C57: 1754.221 | D57: 354.329 | E57: 884.713 | F57: 857.222 | G57: 1 | H57: 40 | I57: P003383 | K57: 838 | L57: =E57-K57 -> 46.713 | M57: =E57-N57 -> 884.713 | P57: SU002945 | Q57: 0 | T57: 298.72146 | V57: 303.53954 | AA57: =M57/5 -> 176.9426 | AB57: =12.5*AA57-V57-T57-S57-R57-Q57-O57-F57 -> 752.2995 | AC57: =AB57-AD57-AE57 -> 689.2995 | AD57: 63 | AG57: =(F57+O57+Q57+R57+S57+T57+U57+V57+W57+X57+Y57+AC57+AD57+AE57)/AA57 -> 12.5 | AH57: =(F57+O57+Q57+R57+S57+T57+U57+V57+W57+X57+Y57)/AA57 -> 8.2483416 | AI57: 160.395 | AJ57: 105.7924 | AK57: 94.5294 | AL57: 94.0026 | AM57: 120.4922 | AN57: 204.0352 | AO57: 200.1956 | AP57: 168.1254 | AQ57: 125.8494 | AR57: 147.985 | AT57: =ROUND(G57*AC57,0) -> 689 | AU57: =ROUND(G57*AD57,0) -> 63 | AV57: =ROUND(G57*AE57,0) -> 0
A58: 347 Колбаса Сочинка рубленая с сочным окороком ТМ Стародворье ВЕС ПОКОМ | B58: кг | C58: 75.043 | D58: 48.689 | E58: 56.209 | F58: 7.223 | G58: 1 | H58: 40 | I58: P003384 | K58: 77.9 | L58: =E58-K58 -> -21.691 | M58: =E58-N58 -> 56.209 | P58: SU002947 | Q58: 30.2234 | T58: 75.2076 | AA58: =M58/5 -> 11.2418 | AB58: =12.5*AA58-V58-T58-S58-R58-Q58-O58-F58 -> 27.8685 | AC58: =AB58-AD58-AE58 -> 27.8685 | AG58: =(F58+O58+Q58+R58+S58+T58+U58+V58+W58+X58+Y58+AC58+AD58+AE58)/AA58 -> 12.5 | AH58: =(F58+O58+Q58+R58+S58+T58+U58+V58+W58+X58+Y58)/AA58 -> 10.020993 | AI58: 12.7168 | AJ58: 8.7722 | AK58: 8.0262 | AL58: 9.06 | AM58: 10.198 | AN58: 9.1614 | AO58: 9.3218 | AP58: 17.0308 | AQ58: 13.9878 | AR58: 7.6652 | AT58: =ROUND(G58*AC58,0) -> 28 | AU58: =ROUND(G58*AD58,0) -> 0 | AV58: =ROUND(G58*AE58,0) -> 0
A59: 364 Сардельки Филейские Вязанка ВЕС NDX ТМ Вязанка ПОКОМ | B59: кг | C59: 345.195 | D59: 774.023 | E59: 581.187 | F59: 359.101 | G59: 1 | H59: 30 | I59: снизить запас / P003883 | K59: 661.336 | L59: =E59-K59 -> -80.149 | M59: =E59-N59 -> 581.187 | P59: SU002835 | Q59: 100 | T59: 0 | AA59: =M59/5 -> 116.2374 | AB59: =12.5*AA59-V59-T59-S59-R59-Q59-O59-F59+$AB$1*AA59 -> 918.31219 | AC59: =AB59-AD59-AE59 -> 918.31219 | AG59: =(F59+O59+Q59+R59+S59+T59+U59+V59+W59+X59+Y59+AC59+AD59+AE59)/AA59 -> 11.85 | AH59: =(F59+O59+Q59+R59+S59+T59+U59+V59+W59+X59+Y59)/AA59 -> 3.949684 | AI59: 91.6146 | AJ59: 122.6274 | AK59: 181.6866 | AL59: 114.6506 | AM59: 69.48 | AN59: 56.1828 | AO59: 55.8112 | AP59: 100.8188 | AQ59: 49.7212 | AR59: 194.2208 | AS59: убрать из заказа (Рекуто 15,07,26) | AT59: =ROUND(G59*AC59,0) -> 918 | AU59: =ROUND(G59*AD59,0) -> 0 | AV59: =ROUND(G59*AE59,0) -> 0
A60: 376 Колбаса Докторская Дугушка 0,6кг ГОСТ ТМ Стародворье ПОКОМ | B60: шт | C60: 1083 | D60: 1041 | E60: 610 | F60: 583 | G60: 0.6 | H60: 60 | I60: P004689 | K60: 669 | L60: =E60-K60 -> -59 | M60: =E60-N60 -> 610 | P60: SU002632 | Q60: 71.4 | T60: 242.6432 | V60: 246.5568 | AA60: =M60/5 -> 122 | AB60: =12.5*AA60-V60-T60-S60-R60-Q60-O60-F60+$AB$1*AA60 -> 302.1 | AC60: =AB60-AD60-AE60 -> 302.1 | AG60: =(F60+O60+Q60+R60+S60+T60+U60+V60+W60+X60+Y60+AC60+AD60+AE60)/AA60 -> 11.85 | AH60: =(F60+O60+Q60+R60+S60+T60+U60+V60+W60+X60+Y60)/AA60 -> 9.3737705 | AI60: 127.6 | AJ60: 96.2 | AK60: 82 | AL60: 93.4 | AM60: 153 | AN60: 154 | AO60: 159 | AP60: 120.8 | AQ60: 97.6 | AR60: 295 | AT60: =ROUND(G60*AC60,0) -> 181 | AU60: =ROUND(G60*AD60,0) -> 0 | AV60: =ROUND(G60*AE60,0) -> 0
A61: 377 Колбаса Молочная Дугушка 0,6кг ТМ Стародворье ПОКОМ | B61: шт | C61: 670 | D61: 770 | E61: 523 | F61: 182 | G61: 0.6 | H61: 60 | I61: P004688 | K61: 592 | L61: =E61-K61 -> -69 | M61: =E61-N61 -> 523 | P61: SU002631 | Q61: 172.4 | R61: 100 | S61: 200 | T61: 151.1808 | V61: 153.6192 | AA61: =M61/5 -> 104.6 | AB61: =12.5*AA61-V61-T61-S61-R61-Q61-O61-F61+$AB$1*AA61 -> 280.31 | AC61: =AB61-AD61-AE61 -> 280.31 | AG61: =(F61+O61+Q61+R61+S61+T61+U61+V61+W61+X61+Y61+AC61+AD61+AE61)/AA61 -> 11.85 | AH61: =(F61+O61+Q61+R61+S61+T61+U61+V61+W61+X61+Y61)/AA61 -> 9.1701721 | AI61: 112.2 | AJ61: 95.2 | AK61: 77.4 | AL61: 92.4 | AM61: 121.2 | AN61: 86.6 | AO61: 75.2 | AP61: 84.2 | AQ61: 80.8 | AR61: 83 | AT61: =ROUND(G61*AC61,0) -> 168 | AU61: =ROUND(G61*AD61,0) -> 0 | AV61: =ROUND(G61*AE61,0) -> 0
A62: 394 Колбаса полукопченая Аль-Ислами халяль ТМ Вязанка оболочка фиброуз в в/у 0,35 кг ПОКОМ | B62: шт | C62: 119 | D62: 23 | E62: 56 | F62: 62 | G62: 0.35 | H62: 90 | I62: P003439 | K62: 60 | L62: =E62-K62 -> -4 | M62: =E62-N62 -> 56 | P62: SU002985 | Q62: 46.6 | T62: 68.8 | AA62: =M62/5 -> 11.2 | AC62: =AB62-AD62-AE62 -> 0 | AG62: =(F62+O62+Q62+R62+S62+T62+U62+V62+W62+X62+Y62+AC62+AD62+AE62)/AA62 -> 15.839286 | AH62: =(F62+O62+Q62+R62+S62+T62+U62+V62+W62+X62+Y62)/AA62 -> 15.839286 | AI62: 17.4 | AJ62: 13.8 | AK62: 7.8 | AL62: 5.6 | AM62: 8.8 | AN62: 17 | AO62: 11 | AP62: 5.4 | AQ62: 7.6 | AR62: 11.8 | AT62: =ROUND(G62*AC62,0) -> 0 | AU62: =ROUND(G62*AD62,0) -> 0 | AV62: =ROUND(G62*AE62,0) -> 0
A63: 395 Колбаса Докторская ГОСТ ТМ Вязанка в оболочке полиамид 0,37 кг. ПОКОМ | B63: шт | C63: 62 | D63: 333 | E63: 161 | F63: 94 | G63: 0.37 | H63: 50 | I63: P003429 | K63: 201 | L63: =E63-K63 -> -40 | M63: =E63-N63 -> 161 | P63: SU002986 | Q63: 153 | T63: 0 | AA63: =M63/5 -> 32.2 | AB63: =12.5*AA63-V63-T63-S63-R63-Q63-O63-F63 -> 155.5 | AC63: =AB63-AD63-AE63 -> 155.5 | AG63: =(F63+O63+Q63+R63+S63+T63+U63+V63+W63+X63+Y63+AC63+AD63+AE63)/AA63 -> 12.5 | AH63: =(F63+O63+Q63+R63+S63+T63+U63+V63+W63+X63+Y63)/AA63 -> 7.6708075 | AI63: 29.2 | AJ63: 33 | AK63: 30 | AL63: 16.6 | AM63: 15.8 | AN63: 23.6 | AO63: 31 | AP63: 21.4 | AQ63: 22.4 | AR63: 30.2 | AT63: =ROUND(G63*AC63,0) -> 58 | AU63: =ROUND(G63*AD63,0) -> 0 | AV63: =ROUND(G63*AE63,0) -> 0
A64: 397 Ветчина Дугушка ТМ Стародворье ТС Дугушка в полиамидной оболочке 0,6 кг. ПОКОМ | B64: шт | C64: 1412.753 | D64: 660.247 | E64: 1336 | F64: 423 | G64: 0.6 | H64: 70 | I64: ВНИМАНИЕ / P004923 | K64: 1360 | L64: =E64-K64 -> -24 | M64: =E64-N64 -> 1336 | P64: SU002643 | Q64: 200 | T64: 500 | AA64: =M64/5 -> 267.2 | AB64: 100 | AC64: =AB64-AD64-AE64 -> 100 | AG64: =(F64+O64+Q64+R64+S64+T64+U64+V64+W64+X64+Y64+AC64+AD64+AE64)/AA64 -> 4.5770958 | AH64: =(F64+O64+Q64+R64+S64+T64+U64+V64+W64+X64+Y64)/AA64 -> 4.2028443 | AI64: 46.4 | AJ64: 45.8494 | AK64: 42.6494 | AL64: 44.8 | AM64: 51.4 | AN64: 44.4 | AO64: 22.8 | AP64: 112.8 | AQ64: 42 | AR64: 61 | AS64: 500шт под ЮТЛ (Хмель 15,07,26) | AT64: =ROUND(G64*AC64,0) -> 60 | AU64: =ROUND(G64*AD64,0) -> 0 | AV64: =ROUND(G64*AE64,0) -> 0
A65: 405 Сардельки Сливушки ТМ Вязанка в оболочке айпил 0,33 кг. ПОКОМ | B65: шт | C65: 132 | D65: 226 | E65: 178 | F65: 84 | G65: 0.33 | H65: 40 | I65: P002644 | K65: 272 | L65: =E65-K65 -> -94 | M65: =E65-N65 -> 178 | P65: SU002367 | Q65: 0 | T65: 54.8 | AA65: =M65/5 -> 35.6 | AB65: =10*AA65-V65-T65-S65-R65-Q65-O65-F65 -> 217.2 | AC65: =AB65-AD65-AE65 -> 217.2 | AG65: =(F65+O65+Q65+R65+S65+T65+U65+V65+W65+X65+Y65+AC65+AD65+AE65)/AA65 -> 10 | AH65: =(F65+O65+Q65+R65+S65+T65+U65+V65+W65+X65+Y65)/AA65 -> 3.8988764 | AI65: 19.8 | AJ65: 12.8 | AK65: 23.4 | AL65: 19.4 | AM65: 9.6 | AN65: 4.2 | AO65: 12 | AP65: 13.6 | AQ65: 21 | AR65: 7 | AT65: =ROUND(G65*AC65,0) -> 72 | AU65: =ROUND(G65*AD65,0) -> 0 | AV65: =ROUND(G65*AE65,0) -> 0
A66: 408 Ветчина Сливушка с индейкой ТМ Вязанка, 0,4кг ПОКОМ | B66: шт | C66: 1 | D66: 91 | E66: 36 | F66: 38 | G66: 0.4 | H66: 55 | I66: P004586 | K66: 53 | L66: =E66-K66 -> -17 | M66: =E66-N66 -> 36 | P66: SU002735 | Q66: 135.8 | T66: 0 | AA66: =M66/5 -> 7.2 | AC66: =AB66-AD66-AE66 -> 0 | AG66: =(F66+O66+Q66+R66+S66+T66+U66+V66+W66+X66+Y66+AC66+AD66+AE66)/AA66 -> 24.138889 | AH66: =(F66+O66+Q66+R66+S66+T66+U66+V66+W66+X66+Y66)/AA66 -> 24.138889 | AI66: 5.8 | AJ66: 17.2 | AK66: 11.4 | AL66: 6 | AM66: 13.6 | AN66: 13.2 | AO66: 10.148 | AP66: 10.6 | AQ66: 12.2 | AR66: 11.8 | AT66: =ROUND(G66*AC66,0) -> 0 | AU66: =ROUND(G66*AD66,0) -> 0 | AV66: =ROUND(G66*AE66,0) -> 0
A67: 410 Сосиски Баварские с сыром ТМ Стародворье 0,35 кг. ПОКОМ | B67: шт | C67: 154 | D67: 191 | E67: 231 | F67: 39 | G67: 0.35 | H67: 40 | I67: P003364 | K67: 272 | L67: =E67-K67 -> -41 | M67: =E67-N67 -> 231 | P67: SU003168 | Q67: 163.2 | T67: 62.2 | Z67: =VLOOKUP(P67,[1]Лист1!$A:$E,5,0) -> -111.3 | AA67: =M67/5 -> 46.2 | AB67: =12.5*AA67-V67-T67-S67-R67-Q67-O67-F67 -> 313.1 | AC67: =AB67-AD67-AE67 -> 313.1 | AG67: =(F67+O67+Q67+R67+S67+T67+U67+V67+W67+X67+Y67+AC67+AD67+AE67)/AA67 -> 12.5 | AH67: =(F67+O67+Q67+R67+S67+T67+U67+V67+W67+X67+Y67)/AA67 -> 5.7229437 | AI67: 34.4 | AJ67: 36.6 | AK67: 30 | AL67: 11.8 | AM67: 22.8 | AN67: 51.8 | AO67: 47.6 | AP67: 42.2 | AQ67: 31 | AR67: 28.6 | AT67: =ROUND(G67*AC67,0) -> 110 | AU67: =ROUND(G67*AD67,0) -> 0 | AV67: =ROUND(G67*AE67,0) -> 0
A68: 412 Сосиски Баварские ТМ Стародворье 0,35 кг ПОКОМ | B68: шт | C68: 836 | D68: 198 | E68: 410 | F68: 433 | G68: 0.35 | H68: 45 | I68: P003363 | K68: 458 | L68: =E68-K68 -> -48 | M68: =E68-N68 -> 410 | P68: SU003167 | Q68: 124 | T68: 214 | Z68: =VLOOKUP(P68,[1]Лист1!$A:$E,5,0) -> -90.3 | AA68: =M68/5 -> 82 | AB68: =12.5*AA68-V68-T68-S68-R68-Q68-O68-F68 -> 254 | AC68: =AB68-AD68-AE68 -> 254 | AG68: =(F68+O68+Q68+R68+S68+T68+U68+V68+W68+X68+Y68+AC68+AD68+AE68)/AA68 -> 12.5 | AH68: =(F68+O68+Q68+R68+S68+T68+U68+V68+W68+X68+Y68)/AA68 -> 9.402439 | AI68: 85 | AJ68: 80 | AK68: 70.6 | AL68: 69.4 | AM68: 121.4 | AN68: 133.4 | AO68: 75.8 | AP68: 79.4 | AQ68: 79.4 | AR68: 84.2 | AT68: =ROUND(G68*AC68,0) -> 89 | AU68: =ROUND(G68*AD68,0) -> 0 | AV68: =ROUND(G68*AE68,0) -> 0
A69: 430 Колбаса Стародворская с окороком 0,4 кг. ТМ Стародворье в оболочке полиамид ПОКОМ | B69: шт | C69: 45 | D69: 2 | E69: 23 | F69: 22 | G69: 0.4 | H69: 55 | I69: P003947 | K69: 23 | L69: =E69-K69 -> 0 | M69: =E69-N69 -> 23 | P69: SU003272 | Q69: 0 | T69: 15 | AA69: =M69/5 -> 4.6 | AB69: =12.5*AA69-V69-T69-S69-R69-Q69-O69-F69 -> 20.5 | AC69: =AB69-AD69-AE69 -> 20.5 | AG69: =(F69+O69+Q69+R69+S69+T69+U69+V69+W69+X69+Y69+AC69+AD69+AE69)/AA69 -> 12.5 | AH69: =(F69+O69+Q69+R69+S69+T69+U69+V69+W69+X69+Y69)/AA69 -> 8.0434783 | AI69: 5 | AJ69: 1 | AK69: 0.4 | AL69: 0 | AM69: 0 | AN69: 1 | AO69: 1 | AP69: 0 | AQ69: 4.6 | AR69: 3.4 | AT69: =ROUND(G69*AC69,0) -> 8 | AU69: =ROUND(G69*AD69,0) -> 0 | AV69: =ROUND(G69*AE69,0) -> 0
A70: 433 Колбаса Стародворская со шпиком в оболочке полиамид. ТМ Стародворье ВЕС ПОКОМ | B70: кг | C70: 43.843 | D70: 43.521 | E70: 14.227 | F70: 60.925 | G70: 1 | H70: 55 | I70: P003950 | K70: 13.3 | L70: =E70-K70 -> 0.927 | M70: =E70-N70 -> 14.227 | P70: SU003275 | Q70: 0 | T70: 0 | AA70: =M70/5 -> 2.8454 | AC70: =AB70-AD70-AE70 -> 0 | AG70: =(F70+O70+Q70+R70+S70+T70+U70+V70+W70+X70+Y70+AC70+AD70+AE70)/AA70 -> 21.411752 | AH70: =(F70+O70+Q70+R70+S70+T70+U70+V70+W70+X70+Y70)/AA70 -> 21.411752 | AI70: 1.7416 | AJ70: 3.1874 | AK70: 6.8354 | AL70: 3.283 | AM70: 2.9152 | AN70: 5.6456 | AO70: 4.0502 | AP70: 5.4164 | AQ70: 0.7844 | AR70: 1.3716 | AS70: нужно увеличить продажи!!! | AT70: =ROUND(G70*AC70,0) -> 0 | AU70: =ROUND(G70*AD70,0) -> 0 | AV70: =ROUND(G70*AE70,0) -> 0
A71: 449 Колбаса Дугушка Стародворская ВЕС ТС Дугушка ПОКОМ | B71: кг | C71: 3539.233 | D71: 5536.203 | E71: 3319.851 | F71: 3736.061 | G71: 1 | H71: 60 | I71: P002989 | K71: 3412.08 | L71: =E71-K71 -> -92.229 | M71: =E71-N71 -> 3319.851 | P71: SU002634 | Q71: 621.02796 | R71: 500 | S71: 800 | T71: 656.84412 | AA71: =M71/5 -> 663.9702 | AB71: =12.5*AA71-V71-T71-S71-R71-Q71-O71-F71 -> 1985.6944 | AC71: =AB71-AD71-AE71 -> 1485.6944 | AE71: 500 | AG71: =(F71+O71+Q71+R71+S71+T71+U71+V71+W71+X71+Y71+AC71+AD71+AE71)/AA71 -> 12.5 | AH71: =(F71+O71+Q71+R71+S71+T71+U71+V71+W71+X71+Y71)/AA71 -> 9.5093621 | AI71: 653.5722 | AJ71: 665.9952 | AK71: 698.3722 | AL71: 724.5638 | AM71: 676.8688 | AN71: 668.6032 | AO71: 799.488 | AP71: 781.1406 | AQ71: 821.6332 | AR71: 754.905 | AT71: =ROUND(G71*AC71,0) -> 1486 | AU71: =ROUND(G71*AD71,0) -> 0 | AV71: =ROUND(G71*AE71,0) -> 500
A72: 451 Сосиски Филейские ТМ Вязанка в оболочке целлофан 0,3 кг. ПОКОМ | B72: шт | C72: 317 | D72: 407 | E72: 156 | F72: 168 | G72: 0.3 | H72: 40 | I72: P004554 | K72: 176 | L72: =E72-K72 -> -20 | M72: =E72-N72 -> 156 | P72: SU002825 | Q72: 247 | T72: 19.6 | AA72: =M72/5 -> 31.2 | AC72: =AB72-AD72-AE72 -> 0 | AG72: =(F72+O72+Q72+R72+S72+T72+U72+V72+W72+X72+Y72+AC72+AD72+AE72)/AA72 -> 13.929487 | AH72: =(F72+O72+Q72+R72+S72+T72+U72+V72+W72+X72+Y72)/AA72 -> 13.929487 | AI72: 47.6 | AJ72: 47 | AK72: 39.8 | AL72: 42.6 | AM72: 36.2 | AN72: 40.2 | AO72: 53 | AP72: 21.2 | AQ72: 3.6 | AR72: 38.2 | AT72: =ROUND(G72*AC72,0) -> 0 | AU72: =ROUND(G72*AD72,0) -> 0 | AV72: =ROUND(G72*AE72,0) -> 0
A73: 452 Колбаса Со шпиком ВЕС большой батон ТМ Особый рецепт ПОКОМ | B73: кг | C73: 2291 | D73: 1597.858 | E73: 1348.545 | F73: 1650.357 | G73: 1 | H73: 60 | I73: P004257 | K73: 1408.2 | L73: =E73-K73 -> -59.655 | M73: =E73-N73 -> 1348.545 | P73: SU003423 | Q73: 198.70364 | T73: 580.65549 | V73: 590.0209 | AA73: =M73/5 -> 269.709 | AB73: =12.5*AA73-V73-T73-S73-R73-Q73-O73-F73+$AB$1*AA73 -> 176.31463 | AC73: =AB73-AD73-AE73 -> 176.31463 | AG73: =(F73+O73+Q73+R73+S73+T73+U73+V73+W73+X73+Y73+AC73+AD73+AE73)/AA73 -> 11.85 | AH73: =(F73+O73+Q73+R73+S73+T73+U73+V73+W73+X73+Y73)/AA73 -> 11.196278 | AI73: 297.4228 | AJ73: 254.0382 | AK73: 250.9092 | AL73: 349.9132 | AM73: 349.4784 | AN73: 308.028 | AO73: 301.47 | AP73: 254.7284 | AQ73: 276.9224 | AR73: 244.8942 | AT73: =ROUND(G73*AC73,0) -> 176 | AU73: =ROUND(G73*AD73,0) -> 0 | AV73: =ROUND(G73*AE73,0) -> 0
A74: 456 Колбаса Филейная ТМ Особый рецепт ВЕС большой батон ПОКОМ | B74: кг | C74: 5518.918 | D74: 4272.045 | E74: 3410.896 | F74: 4277.301 | G74: 1 | H74: 60 | I74: P004252 | K74: 3544.029 | L74: =E74-K74 -> -133.133 | M74: =E74-N74 -> 3032.067 | N74: 378.829 | P74: SU003420 | Q74: 418.15702 | R74: 300 | S74: 500 | T74: 809.15368 | U74: 1600 | V74: 822.20455 | X74: 1400 | Y74: 800 | AA74: =M74/5 -> 606.4134 | AB74: =12.5*AA74-V74-T74-S74-R74-Q74-O74-F74+$AB$1*AA74 -> 59.182534 | AC74: =AB74-AD74-AE74 -> 59.182534 | AG74: =(F74+O74+Q74+R74+S74+T74+U74+V74+W74+X74+Y74+AC74+AD74+AE74)/AA74 -> 18.116352 | AH74: =(F74+O74+Q74+R74+S74+T74+U74+V74+W74+X74+Y74)/AA74 -> 18.018758 | AI74: 702.1432 | AJ74: 695.8486 | AK74: 634.7774 | AL74: 822.7566 | AM74: 966.0704 | AN74: 712.9532 | AO74: 686.7184 | AP74: 605.0038 | AQ74: 659.8646 | AR74: 643.5846 | AT74: =ROUND(G74*AC74,0) -> 59 | AU74: =ROUND(G74*AD74,0) -> 0 | AV74: =ROUND(G74*AE74,0) -> 0
A75: 457 Колбаса Молочная ТМ Особый рецепт ВЕС большой батон ПОКОМ | B75: кг | C75: 3792.061 | D75: 3239.53 | E75: =3863.537+E20 -> 3868.532 | F75: 1229.707 | G75: 1 | H75: 60 | I75: P004256 | K75: 4083.83 | L75: =E75-K75 -> -215.298 | M75: =E75-N75 -> 3491.302 | N75: 377.23 | P75: SU003422 | Q75: 1551.2418 | R75: 1200 | S75: 1500 | T75: 1365.7285 | U75: 2000 | V75: 1387.7564 | X75: 1400 | Y75: 800 | AA75: =M75/5 -> 698.2604 | AB75: =12.5*AA75-V75-T75-S75-R75-Q75-O75-F75+$AB$1*AA75 -> 39.952036 | AC75: =AB75-AD75-AE75 -> 39.952036 | AG75: =(F75+O75+Q75+R75+S75+T75+U75+V75+W75+X75+Y75+AC75+AD75+AE75)/AA75 -> 17.864948 | AH75: =(F75+O75+Q75+R75+S75+T75+U75+V75+W75+X75+Y75)/AA75 -> 17.807731 | AI75: 814.3688 | AJ75: 736.1662 | AK75: 609.912 | AL75: 659.8388 | AM75: 775.938 | AN75: 804.4322 | AO75: 793.8598 | AP75: 670.3944 | AQ75: 796.8282 | AR75: 814.6358 | AT75: =ROUND(G75*AC75,0) -> 40 | AU75: =ROUND(G75*AD75,0) -> 0 | AV75: =ROUND(G75*AE75,0) -> 0
A76: 460 Колбаса Стародворская Традиционная ВЕС ТМ Стародворье в оболочке полиамид. ПОКОМ | B76: кг | C76: 144.82 | D76: 84.699 | E76: 46.99 | F76: 111.554 | G76: 1 | H76: 55 | I76: P004210 | K76: 44 | L76: =E76-K76 -> 2.99 | M76: =E76-N76 -> 46.99 | P76: SU003392 | Q76: 32.133 | T76: 0 | AA76: =M76/5 -> 9.398 | AC76: =AB76-AD76-AE76 -> 0 | AG76: =(F76+O76+Q76+R76+S76+T76+U76+V76+W76+X76+Y76+AC76+AD76+AE76)/AA76 -> 15.289104 | AH76: =(F76+O76+Q76+R76+S76+T76+U76+V76+W76+X76+Y76)/AA76 -> 15.289104 | AI76: 9.934 | AJ76: 15.5474 | AK76: 15.0168 | AL76: 2.435 | AM76: 1.0888 | AN76: 13.7394 | AO76: 13.4664 | AP76: 1.6126 | AQ76: 5.6142 | AR76: 8.8628 | AT76: =ROUND(G76*AC76,0) -> 0 | AU76: =ROUND(G76*AD76,0) -> 0 | AV76: =ROUND(G76*AE76,0) -> 0
A77: 485 Колбаса Молочная по-стародворски ТМ Стародворье в оболочке полиамид. ВЕС ПОКОМ | B77: кг | C77: 1043.513 | D77: 33.721 | E77: 69.865 | F77: 574.498 | G77: 0 | I77: не в матрице | K77: 71.7 | L77: =E77-K77 -> -1.835 | M77: =E77-N77 -> 69.865 | Q77: 0 | T77: 0 | AA77: =M77/5 -> 13.973 | AC77: =AB77-AD77-AE77 -> 0 | AG77: =(F77+O77+Q77+R77+S77+T77+U77+V77+W77+X77+Y77+AC77+AD77+AE77)/AA77 -> 41.114864 | AH77: =(F77+O77+Q77+R77+S77+T77+U77+V77+W77+X77+Y77)/AA77 -> 41.114864 | AI77: 18.044 | AJ77: 9.4332 | AK77: 0.5372 | AL77: 1.339 | AM77: 2.4164 | AN77: 1.0774 | AO77: 0 | AP77: 0 | AQ77: 0 | AR77: 0 | AS77: нужно увеличить продажи!!! | AT77: =ROUND(G77*AC77,0) -> 0 | AU77: =ROUND(G77*AD77,0) -> 0 | AV77: =ROUND(G77*AE77,0) -> 0
A78: 498 Колбаса Сочинка рубленая с сочным окороком 0,3кг ТМ Стародворье ПОКОМ | B78: шт | C78: 222 | D78: 176 | E78: 121 | F78: 158 | G78: 0.3 | H78: 40 | I78: P003390 | K78: 138 | L78: =E78-K78 -> -17 | M78: =E78-N78 -> 121 | P78: SU002948 | Q78: 0 | T78: 0 | AA78: =M78/5 -> 24.2 | AB78: =12.5*AA78-V78-T78-S78-R78-Q78-O78-F78 -> 144.5 | AC78: =AB78-AD78-AE78 -> 144.5 | AG78: =(F78+O78+Q78+R78+S78+T78+U78+V78+W78+X78+Y78+AC78+AD78+AE78)/AA78 -> 12.5 | AH78: =(F78+O78+Q78+R78+S78+T78+U78+V78+W78+X78+Y78)/AA78 -> 6.5289256 | AI78: 18.2 | AJ78: 15.4 | AK78: 28.2 | AL78: 24.4 | AM78: 9.8 | AN78: 18.4 | AO78: 31.8 | AP78: 18.8 | AQ78: 14.6 | AR78: 28.2 | AT78: =ROUND(G78*AC78,0) -> 43 | AU78: =ROUND(G78*AD78,0) -> 0 | AV78: =ROUND(G78*AE78,0) -> 0
A79: 517 Сосиски С сыром ТМ Ядрена копоть 0,3кг ПОКОМ | B79: шт | C79: 12 | D79: 107 | E79: 10 | F79: 89 | G79: 0.3 | H79: 40 | I79: P004642 | K79: 72 | L79: =E79-K79 -> -62 | M79: =E79-N79 -> 10 | P79: SU003665 | Q79: 54.2 | T79: 0 | AA79: =M79/5 -> 2 | AC79: =AB79-AD79-AE79 -> 0 | AG79: =(F79+O79+Q79+R79+S79+T79+U79+V79+W79+X79+Y79+AC79+AD79+AE79)/AA79 -> 71.6 | AH79: =(F79+O79+Q79+R79+S79+T79+U79+V79+W79+X79+Y79)/AA79 -> 71.6 | AI79: 2.4 | AJ79: 12.2 | AK79: 13.6 | AL79: 6.8 | AM79: 4.2 | AN79: 7.8 | AO79: 8.2 | AP79: 1.4 | AQ79: 7.4 | AR79: 3.4 | AT79: =ROUND(G79*AC79,0) -> 0 | AU79: =ROUND(G79*AD79,0) -> 0 | AV79: =ROUND(G79*AE79,0) -> 0
A80: 523 Колбаса Сальчичон нарезка 0,07кг ТМ Стародворье ПОКОМ | B80: шт | C80: 126 | D80: 135 | E80: 156 | F80: 38 | G80: 0.07 | H80: 90 | I80: P004978 | K80: 189 | L80: =E80-K80 -> -33 | M80: =E80-N80 -> 156 | P80: SU003893 | Q80: 147.88129 | T80: 66.318712 | AA80: =M80/5 -> 31.2 | AB80: =12.5*AA80-V80-T80-S80-R80-Q80-O80-F80 -> 137.8 | AC80: =AB80-AD80-AE80 -> 137.8 | AG80: =(F80+O80+Q80+R80+S80+T80+U80+V80+W80+X80+Y80+AC80+AD80+AE80)/AA80 -> 12.5 | AH80: =(F80+O80+Q80+R80+S80+T80+U80+V80+W80+X80+Y80)/AA80 -> 8.0833333 | AI80: 29.2 | AJ80: 24.8 | AK80: 22.8 | AL80: 19.6 | AM80: 16.8 | AN80: 16 | AO80: 16.4 | AP80: 14.6 | AQ80: 20.6 | AR80: 16.6 | AT80: =ROUND(G80*AC80,0) -> 10 | AU80: =ROUND(G80*AD80,0) -> 0 | AV80: =ROUND(G80*AE80,0) -> 0
A81: 524 Колбаса Сервелат Ореховый нарезка 0,07кг ТМ Стародворье ПОКОМ | B81: шт | C81: 32 | D81: 175 | E81: 110 | F81: 71 | G81: 0.07 | H81: 90 | I81: P004979 | K81: 144 | L81: =E81-K81 -> -34 | M81: =E81-N81 -> 110 | P81: SU003894 | Q81: 182.2 | S81: 100 | T81: 0 | AA81: =M81/5 -> 22 | AC81: =AB81-AD81-AE81 -> 0 | AG81: =(F81+O81+Q81+R81+S81+T81+U81+V81+W81+X81+Y81+AC81+AD81+AE81)/AA81 -> 16.054545 | AH81: =(F81+O81+Q81+R81+S81+T81+U81+V81+W81+X81+Y81)/AA81 -> 16.054545 | AI81: 23.4 | AJ81: 33 | AK81: 23.8 | AL81: 7.8 | AM81: 9.8 | AN81: 23.8 | AO81: 23.6 | AP81: 18.4 | AQ81: 30.6 | AR81: 19.2 | AT81: =ROUND(G81*AC81,0) -> 0 | AU81: =ROUND(G81*AD81,0) -> 0 | AV81: =ROUND(G81*AE81,0) -> 0
A82: 525 Колбаса Фуэт нарезка 0,07кг ТМ Стародворье ПОКОМ | B82: шт | C82: 68 | D82: 115 | E82: 114 | F82: 24 | G82: 0.07 | H82: 90 | I82: P004982 | K82: 131 | L82: =E82-K82 -> -17 | M82: =E82-N82 -> 114 | P82: SU003896 | Q82: 166.2 | T82: 0 | AA82: =M82/5 -> 22.8 | AB82: =12.5*AA82-V82-T82-S82-R82-Q82-O82-F82 -> 94.8 | AC82: =AB82-AD82-AE82 -> 94.8 | AG82: =(F82+O82+Q82+R82+S82+T82+U82+V82+W82+X82+Y82+AC82+AD82+AE82)/AA82 -> 12.5 | AH82: =(F82+O82+Q82+R82+S82+T82+U82+V82+W82+X82+Y82)/AA82 -> 8.3421053 | AI82: 20.6 | AJ82: 21.4 | AK82: 16.4 | AL82: 7 | AM82: 11.2 | AN82: 16.8 | AO82: 13.8 | AP82: 14 | AQ82: 15.2 | AR82: 16.6 | AT82: =ROUND(G82*AC82,0) -> 7 | AU82: =ROUND(G82*AD82,0) -> 0 | AV82: =ROUND(G82*AE82,0) -> 0
A83: 526 Корейка вяленая выдержанная нарезка 0,05кг ТМ Стародворье ПОКОМ | B83: шт | C83: 82 | D83: 17 | E83: 60 | F83: 19 | G83: 0.05 | H83: 90 | I83: P005023 | K83: 111 | L83: =E83-K83 -> -51 | M83: =E83-N83 -> 60 | P83: SU003925 | Q83: 91.6 | T83: 89.2 | AA83: =M83/5 -> 12 | AC83: =AB83-AD83-AE83 -> 0 | AG83: =(F83+O83+Q83+R83+S83+T83+U83+V83+W83+X83+Y83+AC83+AD83+AE83)/AA83 -> 16.65 | AH83: =(F83+O83+Q83+R83+S83+T83+U83+V83+W83+X83+Y83)/AA83 -> 16.65 | AI83: 19.8 | AJ83: 12.4 | AK83: 2.6 | AL83: 9.6 | AM83: 8 | AN83: 4.4 | AO83: 8.4 | AP83: 9.2 | AQ83: 10.6 | AR83: 6.4 | AT83: =ROUND(G83*AC83,0) -> 0 | AU83: =ROUND(G83*AD83,0) -> 0 | AV83: =ROUND(G83*AE83,0) -> 0
A84: 527 Окорок Прошутто выдержанный нарезка 0,055кг ТМ Стародворье ПОКОМ | B84: шт | E84: -2 | G84: 0.05 | I84: P005022 | K84: 30 | L84: =E84-K84 -> -32 | M84: =E84-N84 -> -2 | P84: SU003924 | Q84: 0 | T84: 0 | AA84: =M84/5 -> -0.4 | AC84: =AB84-AD84-AE84 -> 0 | AG84: =(F84+O84+Q84+R84+S84+T84+U84+V84+W84+X84+Y84+AC84+AD84+AE84)/AA84 -> 0 | AH84: =(F84+O84+Q84+R84+S84+T84+U84+V84+W84+X84+Y84)/AA84 -> 0 | AI84: -1.2 | AJ84: -1 | AK84: 3.2 | AL84: 14 | AM84: 15.8 | AN84: 10.2 | AO84: 5.6 | AP84: 9.8 | AQ84: 17.4 | AR84: 10.4 | AS84: нет в бланке | AT84: =ROUND(G84*AC84,0) -> 0 | AU84: =ROUND(G84*AD84,0) -> 0 | AV84: =ROUND(G84*AE84,0) -> 0
A85: 530 Окорок Хамон выдержанный нарезка 0,055кг ТМ Стародворье ПОКОМ | B85: шт | C85: 10 | D85: 16 | E85: -1 | G85: 0.055 | I85: P005021 | K85: 19 | L85: =E85-K85 -> -20 | M85: =E85-N85 -> -1 | P85: SU003923 | Q85: 0 | T85: 0 | AA85: =M85/5 -> -0.2 | AC85: =AB85-AD85-AE85 -> 0 | AG85: =(F85+O85+Q85+R85+S85+T85+U85+V85+W85+X85+Y85+AC85+AD85+AE85)/AA85 -> 0 | AH85: =(F85+O85+Q85+R85+S85+T85+U85+V85+W85+X85+Y85)/AA85 -> 0 | AI85: 2.4 | AJ85: 10.8 | AK85: 13.4 | AL85: 10.8 | AM85: 10.4 | AN85: 10.4 | AO85: 8.8 | AP85: 20.4 | AQ85: 5.6 | AR85: 6.8 | AS85: нет в бланке | AT85: =ROUND(G85*AC85,0) -> 0 | AU85: =ROUND(G85*AD85,0) -> 0 | AV85: =ROUND(G85*AE85,0) -> 0
A86: 544 Сосиски Мясные для гриля ТС Ядрена копоть 0,3 кг ПОКОМ | B86: шт | C86: 21 | D86: 59 | E86: -1 | F86: 54 | G86: 0.3 | H86: 40 | I86: P005150 | K86: 106 | L86: =E86-K86 -> -107 | M86: =E86-N86 -> -1 | P86: SU004016 | Q86: 19.8 | T86: 0 | AA86: =M86/5 -> -0.2 | AC86: =AB86-AD86-AE86 -> 0 | AG86: =(F86+O86+Q86+R86+S86+T86+U86+V86+W86+X86+Y86+AC86+AD86+AE86)/AA86 -> -369 | AH86: =(F86+O86+Q86+R86+S86+T86+U86+V86+W86+X86+Y86)/AA86 -> -369 | AI86: -0.4 | AJ86: 7.8 | AK86: 8.2 | AL86: 3.6 | AM86: 3 | AN86: 6.8 | AO86: 7.2 | AP86: 1.2 | AQ86: 3.6 | AR86: 10.4 | AT86: =ROUND(G86*AC86,0) -> 0 | AU86: =ROUND(G86*AD86,0) -> 0 | AV86: =ROUND(G86*AE86,0) -> 0
A87: 547 Колбаса Мясная Классическая ТМ Вязанка в оболочке полиамид. ВЕС ПОКОМ | B87: кг | C87: 46.707 | D87: 2.994 | E87: 13.974 | F87: 35.696 | G87: 1 | H87: 55 | I87: P005156 | K87: 12.7 | L87: =E87-K87 -> 1.274 | M87: =E87-N87 -> 13.974 | P87: SU004028 | Q87: 0 | T87: 0 | AA87: =M87/5 -> 2.7948 | AC87: =AB87-AD87-AE87 -> 0 | AG87: =(F87+O87+Q87+R87+S87+T87+U87+V87+W87+X87+Y87+AC87+AD87+AE87)/AA87 -> 12.772291 | AH87: =(F87+O87+Q87+R87+S87+T87+U87+V87+W87+X87+Y87)/AA87 -> 12.772291 | AI87: 2.4352 | AJ87: 2.066 | AK87: 1.2348 | AL87: 1.871 | AM87: 3.4734 | AN87: 3.5244 | AO87: 3.4784 | AP87: 3.4672 | AQ87: 4.1932 | AR87: 3.8694 | AS87: нужно увеличить продажи | AT87: =ROUND(G87*AC87,0) -> 0 | AU87: =ROUND(G87*AD87,0) -> 0 | AV87: =ROUND(G87*AE87,0) -> 0
A88: 551 Колбаса Сливушка ТМ Вязанка в модифицированной газовой среде 0,11 кг нарезка ПОКОМ | B88: шт | C88: 5 | D88: 39 | E88: 2 | F88: -4 | G88: 0.11 | H88: 30 | I88: P004758 | K88: 122 | L88: =E88-K88 -> -120 | M88: =E88-N88 -> 2 | P88: SU003745 | Q88: 75.2 | T88: 0 | AA88: =M88/5 -> 0.4 | AC88: =AB88-AD88-AE88 -> 0 | AG88: =(F88+O88+Q88+R88+S88+T88+U88+V88+W88+X88+Y88+AC88+AD88+AE88)/AA88 -> 178 | AH88: =(F88+O88+Q88+R88+S88+T88+U88+V88+W88+X88+Y88)/AA88 -> 178 | AI88: 0.6 | AJ88: 9.2 | AK88: 8.2 | AL88: 4.2 | AM88: 6.2 | AN88: 2 | AO88: 0 | AP88: 1.6 | AQ88: 2.4 | AR88: 2.6 | AT88: =ROUND(G88*AC88,0) -> 0 | AU88: =ROUND(G88*AD88,0) -> 0 | AV88: =ROUND(G88*AE88,0) -> 0
A89: 553 Ассорти колбас Мясорубская коллекция: Сервелат Делюкс, С балыком 0,08 кг нарезка ПОКОМ | B89: шт | C89: 212 | D89: 298 | E89: 245 | F89: 66 | G89: 0.08 | H89: 45 | I89: P005155 | K89: 275 | L89: =E89-K89 -> -30 | M89: =E89-N89 -> 245 | P89: SU004026 | Q89: 233.2 | T89: 57.2 | AA89: =M89/5 -> 49 | AB89: =12.5*AA89-V89-T89-S89-R89-Q89-O89-F89 -> 256.1 | AC89: =AB89-AD89-AE89 -> 256.1 | AG89: =(F89+O89+Q89+R89+S89+T89+U89+V89+W89+X89+Y89+AC89+AD89+AE89)/AA89 -> 12.5 | AH89: =(F89+O89+Q89+R89+S89+T89+U89+V89+W89+X89+Y89)/AA89 -> 7.2734694 | AI89: 45.4 | AJ89: 45.2 | AK89: 38.8 | AL89: 35.2 | AM89: 31.2 | AN89: 23.2 | AO89: 25.6 | AP89: 31 | AQ89: 40.2 | AR89: 36.8 | AT89: =ROUND(G89*AC89,0) -> 20 | AU89: =ROUND(G89*AD89,0) -> 0 | AV89: =ROUND(G89*AE89,0) -> 0
A90: 554 Колбаса Сервелат Мясорубский ТМ Стародворье в упаковке скин 0,08 кг нарезка ПОКОМ | B90: шт | C90: 246 | D90: 159 | E90: 181 | F90: 80 | G90: 0.08 | H90: 45 | I90: P003837 | K90: 263 | L90: =E90-K90 -> -82 | M90: =E90-N90 -> 181 | P90: SU003178 | Q90: 119.2 | T90: 0 | AA90: =M90/5 -> 36.2 | AB90: =12.5*AA90-V90-T90-S90-R90-Q90-O90-F90 -> 253.3 | AC90: =AB90-AD90-AE90 -> 253.3 | AG90: =(F90+O90+Q90+R90+S90+T90+U90+V90+W90+X90+Y90+AC90+AD90+AE90)/AA90 -> 12.5 | AH90: =(F90+O90+Q90+R90+S90+T90+U90+V90+W90+X90+Y90)/AA90 -> 5.5027624 | AI90: 26.6 | AJ90: 26.8 | AK90: 29 | AL90: 16.8 | AM90: 6.8 | AN90: 16.2 | AO90: 28.6 | AP90: 23 | AQ90: 36.2 | AR90: 31.4 | AT90: =ROUND(G90*AC90,0) -> 20 | AU90: =ROUND(G90*AD90,0) -> 0 | AV90: =ROUND(G90*AE90,0) -> 0
A91: 555 Колбаса Молокуша ТМ Вязанка в модифицированной газовой среде 0,17 кг нарезка ПОКОМ | B91: шт | C91: 40 | D91: 50 | E91: 46 | F91: -1 | G91: 0.17 | H91: 30 | I91: P002641 | K91: 102 | L91: =E91-K91 -> -56 | M91: =E91-N91 -> 46 | P91: SU002354 | Q91: 0 | T91: 49.2 | AA91: =M91/5 -> 9.2 | AB91: =12.5*AA91-V91-T91-S91-R91-Q91-O91-F91 -> 66.8 | AC91: =AB91-AD91-AE91 -> 66.8 | AG91: =(F91+O91+Q91+R91+S91+T91+U91+V91+W91+X91+Y91+AC91+AD91+AE91)/AA91 -> 12.5 | AH91: =(F91+O91+Q91+R91+S91+T91+U91+V91+W91+X91+Y91)/AA91 -> 5.2391304 | AI91: 7.8 | AJ91: 2.6 | AK91: 1.4 | AL91: 5 | AM91: 3.2 | AN91: -0.8 | AO91: 1.2 | AP91: 9.8 | AQ91: 6.4 | AR91: 1.2 | AT91: =ROUND(G91*AC91,0) -> 11 | AU91: =ROUND(G91*AD91,0) -> 0 | AV91: =ROUND(G91*AE91,0) -> 0
A92: 556 Колбаса Сервелат Ореховый ТМ Вязанка в оболочке фиброуз в вакуумной упаковке, ВЕС ПОКОМ | B92: кг | C92: 403.386 | D92: 158.702 | E92: 266.256 | F92: 206.173 | G92: 1 | H92: 40 | I92: P005376 | K92: 276.6 | L92: =E92-K92 -> -10.344 | M92: =E92-N92 -> 266.256 | P92: SU004044 | Q92: 114.5254 | T92: 176.3696 | AA92: =M92/5 -> 53.2512 | AB92: =12.5*AA92-V92-T92-S92-R92-Q92-O92-F92 -> 168.572 | AC92: =AB92-AD92-AE92 -> 168.572 | AG92: =(F92+O92+Q92+R92+S92+T92+U92+V92+W92+X92+Y92+AC92+AD92+AE92)/AA92 -> 12.5 | AH92: =(F92+O92+Q92+R92+S92+T92+U92+V92+W92+X92+Y92)/AA92 -> 9.3344 | AI92: 53.023 | AJ92: 48.691 | AK92: 50.0674 | AL92: 53.2864 | AM92: 50.6202 | AN92: 59.3244 | AO92: 63.5118 | AP92: 17.6246 | AQ92: 29.2648 | AR92: 53.634 | AT92: =ROUND(G92*AC92,0) -> 169 | AU92: =ROUND(G92*AD92,0) -> 0 | AV92: =ROUND(G92*AE92,0) -> 0
A93: 557 Колбаса Сервелат Финский ТМ Вязанка в оболочке фиброуз в вакуумной упаковке, ВЕС ПОКОМ | B93: кг | C93: 99.564 | D93: 17.633 | E93: 55.127 | F93: 46.934 | G93: 1 | H93: 40 | I93: P005377 | K93: 70.1 | L93: =E93-K93 -> -14.973 | M93: =E93-N93 -> 55.127 | P93: SU004047 | Q93: 109.4784 | T93: 40.1272 | AA93: =M93/5 -> 11.0254 | AC93: =AB93-AD93-AE93 -> 0 | AG93: =(F93+O93+Q93+R93+S93+T93+U93+V93+W93+X93+Y93+AC93+AD93+AE93)/AA93 -> 17.826074 | AH93: =(F93+O93+Q93+R93+S93+T93+U93+V93+W93+X93+Y93)/AA93 -> 17.826074 | AI93: 19.4436 | AJ93: 17.4202 | AK93: 11.4584 | AL93: 14.843 | AM93: 14.2028 | AN93: 11.4068 | AO93: 14.0228 | AP93: 0 | AQ93: 0.7268 | AR93: 2.4918 | AT93: =ROUND(G93*AC93,0) -> 0 | AU93: =ROUND(G93*AD93,0) -> 0 | AV93: =ROUND(G93*AE93,0) -> 0
A94: 558 Колбаса Балыковая НОВАЯ ВЕС Вязанка фиброуз в/у ПОКОМ | B94: кг | C94: 253.493 | D94: 218.985 | E94: 184.398 | F94: 205.883 | G94: 1 | H94: 40 | I94: P005375 | K94: 202.31 | L94: =E94-K94 -> -17.912 | M94: =E94-N94 -> 184.398 | P94: SU004041 | Q94: 154.096 | T94: 32.3318 | AA94: =M94/5 -> 36.8796 | AB94: =12.5*AA94-V94-T94-S94-R94-Q94-O94-F94 -> 68.6842 | AC94: =AB94-AD94-AE94 -> 68.6842 | AG94: =(F94+O94+Q94+R94+S94+T94+U94+V94+W94+X94+Y94+AC94+AD94+AE94)/AA94 -> 12.5 | AH94: =(F94+O94+Q94+R94+S94+T94+U94+V94+W94+X94+Y94)/AA94 -> 10.63761 | AI94: 41.1328 | AJ94: 45.4242 | AK94: 42.5936 | AL94: 39.3106 | AM94: 37.3408 | AN94: 46.5666 | AO94: 47.9934 | AP94: 16.3302 | AQ94: 25.3824 | AR94: 45.1306 | AT94: =ROUND(G94*AC94,0) -> 69 | AU94: =ROUND(G94*AD94,0) -> 0 | AV94: =ROUND(G94*AE94,0) -> 0
A95: 564 Сосиски Сочные 0,3 кг ТМ Вязанка ПОКОМ | B95: шт | C95: 22 | D95: 30 | E95: 19 | F95: 2 | G95: 0.3 | H95: 45 | I95: P005187 | K95: 68 | L95: =E95-K95 -> -49 | M95: =E95-N95 -> 19 | P95: SU004053 | Q95: 112.4 | T95: 23 | AA95: =M95/5 -> 3.8 | AC95: =AB95-AD95-AE95 -> 0 | AG95: =(F95+O95+Q95+R95+S95+T95+U95+V95+W95+X95+Y95+AC95+AD95+AE95)/AA95 -> 36.157895 | AH95: =(F95+O95+Q95+R95+S95+T95+U95+V95+W95+X95+Y95)/AA95 -> 36.157895 | AI95: 12.4 | AJ95: 11.2 | AK95: 2.8 | AL95: 2.6 | AM95: 6.4 | AN95: 8 | AO95: 8.8 | AP95: 10.2 | AQ95: 11.8 | AR95: 12.2 | AT95: =ROUND(G95*AC95,0) -> 0 | AU95: =ROUND(G95*AD95,0) -> 0 | AV95: =ROUND(G95*AE95,0) -> 0
A96: 567 Колбаса Со шпиком Стародворская ТМ Стародворье в оболочке полиамид ВЕС ПОКОМ | B96: кг | C96: 8.17 | E96: 6.12 | F96: -0.008 | G96: 1 | H96: 55 | I96: P005136 | K96: 7.7 | L96: =E96-K96 -> -1.58 | M96: =E96-N96 -> 6.12 | P96: SU004007 | Q96: 0 | T96: 4 | AA96: =M96/5 -> 1.224 | AB96: 8 | AC96: =AB96-AD96-AE96 -> 8 | AG96: =(F96+O96+Q96+R96+S96+T96+U96+V96+W96+X96+Y96+AC96+AD96+AE96)/AA96 -> 9.7973856 | AH96: =(F96+O96+Q96+R96+S96+T96+U96+V96+W96+X96+Y96)/AA96 -> 3.2614379 | AI96: 0.5544 | AJ96: -0.2646 | AK96: 0 | AL96: 0 | AM96: 0 | AN96: -0.272 | AO96: 0 | AP96: 0 | AQ96: 1.645 | AR96: 0.2678 | AT96: =ROUND(G96*AC96,0) -> 8 | AU96: =ROUND(G96*AD96,0) -> 0 | AV96: =ROUND(G96*AE96,0) -> 0
A97: 569 Колбаса Балыковая ТМ Вязанка в оболочке фиброуз в вакуумной упаковке 0,28 кг срез. ПОКОМ | B97: шт | C97: 414 | D97: 598 | E97: 350 | F97: 325 | G97: 0.28 | H97: 40 | I97: P005163 | K97: 419 | L97: =E97-K97 -> -69 | M97: =E97-N97 -> 350 | P97: SU004039 | Q97: 109.67531 | R97: 100 | S97: 100 | T97: 70.124686 | AA97: =M97/5 -> 70 | AB97: =12.5*AA97-V97-T97-S97-R97-Q97-O97-F97 -> 170.2 | AC97: =AB97-AD97-AE97 -> 170.2 | AG97: =(F97+O97+Q97+R97+S97+T97+U97+V97+W97+X97+Y97+AC97+AD97+AE97)/AA97 -> 12.5 | AH97: =(F97+O97+Q97+R97+S97+T97+U97+V97+W97+X97+Y97)/AA97 -> 10.068571 | AI97: 76.8 | AJ97: 82.8 | AK97: 77.6 | AL97: 66.8 | AM97: 79.2 | AN97: 89.4 | AO97: 80.2 | AP97: 59.4 | AQ97: 84.6 | AR97: 69 | AT97: =ROUND(G97*AC97,0) -> 48 | AU97: =ROUND(G97*AD97,0) -> 0 | AV97: =ROUND(G97*AE97,0) -> 0
A98: 570 Колбаса Сервелат Финский ТМ Вязанка в оболочке фиброуз в вак. упаковке 0,28 кг срез ПОКОМ | B98: шт | C98: 276 | D98: 257 | E98: 252 | F98: 23 | G98: 0.28 | H98: 40 | K98: 354 | L98: =E98-K98 -> -102 | M98: =E98-N98 -> 252 | P98: SU004045 | Q98: 247.2 | T98: 275.28 | V98: 279.72 | AA98: =M98/5 -> 50.4 | AC98: =AB98-AD98-AE98 -> 0 | AG98: =(F98+O98+Q98+R98+S98+T98+U98+V98+W98+X98+Y98+AC98+AD98+AE98)/AA98 -> 16.373016 | AH98: =(F98+O98+Q98+R98+S98+T98+U98+V98+W98+X98+Y98)/AA98 -> 16.373016 | AI98: 91.8 | AJ98: 43.6 | AK98: 2 | AL98: 40.4 | AM98: 50.8 | AN98: 10.4 | AO98: 0 | AP98: 0 | AQ98: 0 | AR98: 0 | AT98: =ROUND(G98*AC98,0) -> 0 | AU98: =ROUND(G98*AD98,0) -> 0 | AV98: =ROUND(G98*AE98,0) -> 0
A99: 571 Колбаса Сервелат Ореховый ТМ Вязанка в оболочке фиброуз в вак. упаковке 0,28 кг срез ПОКОМ | B99: шт | C99: 567 | D99: 399 | E99: 516 | F99: 67 | G99: 0.28 | H99: 40 | I99: P005166 | K99: 597 | L99: =E99-K99 -> -81 | M99: =E99-N99 -> 516 | P99: SU004042 | Q99: 200.22674 | R99: 200 | S99: 200 | T99: 175.57326 | AA99: =M99/5 -> 103.2 | AB99: =12.5*AA99-V99-T99-S99-R99-Q99-O99-F99+$AB$1*AA99 -> 380.12 | AC99: =AB99-AD99-AE99 -> 380.12 | AG99: =(F99+O99+Q99+R99+S99+T99+U99+V99+W99+X99+Y99+AC99+AD99+AE99)/AA99 -> 11.85 | AH99: =(F99+O99+Q99+R99+S99+T99+U99+V99+W99+X99+Y99)/AA99 -> 8.1666667 | AI99: 101.8 | AJ99: 99 | AK99: 77.8 | AL99: 86.6 | AM99: 107 | AN99: 107.8 | AO99: 88.6 | AP99: 68.8 | AQ99: 91 | AR99: 65.8 | AT99: =ROUND(G99*AC99,0) -> 106 | AU99: =ROUND(G99*AD99,0) -> 0 | AV99: =ROUND(G99*AE99,0) -> 0
A100: 574 Колбаса Сервелат Финский ТМ Вязанка в упаковке скин 0,09 кг нарезка ПОКОМ | B100: шт | C100: 28 | D100: 75 | E100: 50 | F100: 17 | G100: 0.09 | H100: 45 | K100: 96 | L100: =E100-K100 -> -46 | M100: =E100-N100 -> 50 | P100: SU003751 | Q100: 41.6 | T100: 0 | AA100: =M100/5 -> 10 | AB100: =12.5*AA100-V100-T100-S100-R100-Q100-O100-F100 -> 66.4 | AC100: =AB100-AD100-AE100 -> 66.4 | AG100: =(F100+O100+Q100+R100+S100+T100+U100+V100+W100+X100+Y100+AC100+AD100+AE100)/AA100 -> 12.5 | AH100: =(F100+O100+Q100+R100+S100+T100+U100+V100+W100+X100+Y100)/AA100 -> 5.86 | AI100: 8.2 | AJ100: 7.6 | AK100: 7.2 | AL100: 5.2 | AM100: 4 | AN100: 2 | AO100: 0 | AP100: 0 | AQ100: 0 | AR100: 0 | AT100: =ROUND(G100*AC100,0) -> 6 | AU100: =ROUND(G100*AD100,0) -> 0 | AV100: =ROUND(G100*AE100,0) -> 0
...
