Workbook

Sheet TDSheet
A2: Ведомость по товарам на складах
A4: Параметры: | C4: Период: 01.05.2026 - 25.08.2026
C5: Количество товаров: В единицах хранения
A6: Отбор: | C6: Склад В списке "АСП Донецк ПОКОМ" И Номенклатура Равно " 485 Колбаса Молочная по-стародворски ТМ Стародворье в оболочке полиамид. ВЕС ПОКОМ "
A8: Регистратор | F8: Количество | J8: Расход | L8: Вес (нетто), кг
F9: Начальный остаток | H9: Приход | J9: Расход | K9: Конечный остаток | L9: Начальный остаток | M9: Приход | N9: Расход | O9: Конечный остаток
A10: Приходный ордер на товары №00-00010789 от 05.06.2026 | D10: =RIGHT(A10,10) -> 05.06.2026 | E10: =LEFT(A10,9) -> Приходный | H10: 32.29 | K10: 32.29 | M10: 32.29 | O10: 32.29
A11: Приходный ордер на товары №00-00010910 от 09.06.2026 | D11: =RIGHT(A11,10) -> 09.06.2026 | E11: =LEFT(A11,9) -> Приходный | F11: 32.29 | H11: 150.58 | K11: 182.87 | L11: 32.29 | M11: 150.58 | O11: 182.87
A12: Приходный ордер на товары №00-00011290 от 16.06.2026 | D12: =RIGHT(A12,10) -> 16.06.2026 | E12: =LEFT(A12,9) -> Приходный | F12: 182.87 | H12: 205.14 | K12: 388.01 | L12: 182.87 | M12: 205.14 | O12: 388.01
A13: Приходный ордер на товары №00-00011399 от 18.06.2026 | D13: =RIGHT(A13,10) -> 18.06.2026 | E13: =LEFT(A13,9) -> Приходный | F13: 388.01 | H13: 305.995 | K13: 694.005 | L13: 388.01 | M13: 305.995 | O13: 694.005
A14: Расходный ордер на товары №00-00271269 от 24.06.2026 | D14: =RIGHT(A14,10) -> 24.06.2026 | E14: =LEFT(A14,9) -> Расходный | F14: 694.005 | J14: 1.35 | K14: 692.655 | L14: 694.005 | N14: 1.35 | O14: 692.655
A15: Приходный ордер на товары №00-00011634 от 24.06.2026 | D15: =RIGHT(A15,10) -> 24.06.2026 | E15: =LEFT(A15,9) -> Приходный | F15: 692.655 | H15: 410.134 | K15: 1102.789 | L15: 692.655 | M15: 410.134 | O15: 1102.789
A16: Расходный ордер на товары №00-00272479 от 25.06.2026 | D16: =RIGHT(A16,10) -> 25.06.2026 | E16: =LEFT(A16,9) -> Расходный | F16: 1102.789 | J16: 1.342 | K16: 1101.447 | L16: 1102.789 | N16: 1.342 | O16: 1101.447
A17: Расходный ордер на товары №00-00272480 от 25.06.2026 | D17: =RIGHT(A17,10) -> 25.06.2026 | E17: =LEFT(A17,9) -> Расходный | F17: 1101.447 | J17: 2.695 | K17: 1098.752 | L17: 1101.447 | N17: 2.695 | O17: 1098.752
A18: Расходный ордер на товары №00-00274230 от 26.06.2026 | D18: =RIGHT(A18,10) -> 26.06.2026 | E18: =LEFT(A18,9) -> Расходный | F18: 1098.752 | J18: 1.34 | K18: 1097.412 | L18: 1098.752 | N18: 1.34 | O18: 1097.412 | P18: 46201 | Q18: =SUM(J14:J18) -> 6.727
A19: Пересчет товаров №00-00001210 от 29.06.2026 | D19: =RIGHT(A19,10) -> 29.06.2026 | E19: =LEFT(A19,9) -> Пересчет | F19: 1097.412 | J19: 1.378 | K19: 1096.034 | L19: 1097.412 | N19: 1.378 | O19: 1096.034
A20: Расходный ордер на товары №00-00278375 от 30.06.2026 | D20: =RIGHT(A20,10) -> 30.06.2026 | E20: =LEFT(A20,9) -> Расходный | F20: 1096.034 | J20: 1.355 | K20: 1094.679 | L20: 1096.034 | N20: 1.355 | O20: 1094.679
A21: Расходный ордер на товары №00-00278140 от 30.06.2026 | D21: =RIGHT(A21,10) -> 30.06.2026 | E21: =LEFT(A21,9) -> Расходный | F21: 1094.679 | J21: 4 | K21: 1090.679 | L21: 1094.679 | N21: 4 | O21: 1090.679 | P21: 46208 | Q21: =SUM(J20:J21) -> 5.355
A22: Расходный ордер на товары №00-00289588 от 07.07.2026 | D22: =RIGHT(A22,10) -> 07.07.2026 | E22: =LEFT(A22,9) -> Расходный | F22: 1090.679 | J22: 2.686 | K22: 1087.993 | L22: 1090.679 | N22: 2.686 | O22: 1087.993
A23: Расходный ордер на товары №00-00292188 от 08.07.2026 | D23: =RIGHT(A23,10) -> 08.07.2026 | E23: =LEFT(A23,9) -> Расходный | F23: 1087.993 | J23: 1.33 | K23: 1086.663 | L23: 1087.993 | N23: 1.33 | O23: 1086.663
A24: Расходный ордер на товары №00-00292640 от 08.07.2026 | D24: =RIGHT(A24,10) -> 08.07.2026 | E24: =LEFT(A24,9) -> Расходный | F24: 1086.663 | J24: 1.34 | K24: 1085.323 | L24: 1086.663 | N24: 1.34 | O24: 1085.323
A25: Расходный ордер на товары №00-00293498 от 09.07.2026 | D25: =RIGHT(A25,10) -> 09.07.2026 | E25: =LEFT(A25,9) -> Расходный | F25: 1085.323 | J25: 1.355 | K25: 1083.968 | L25: 1085.323 | N25: 1.355 | O25: 1083.968
A26: Расходный ордер на товары №00-00293509 от 09.07.2026 | D26: =RIGHT(A26,10) -> 09.07.2026 | E26: =LEFT(A26,9) -> Расходный | F26: 1083.968 | J26: 1.34 | K26: 1082.628 | L26: 1083.968 | N26: 1.34 | O26: 1082.628
A27: Расходный ордер на товары №00-00292939 от 09.07.2026 | D27: =RIGHT(A27,10) -> 09.07.2026 | E27: =LEFT(A27,9) -> Расходный | F27: 1082.628 | J27: 1.33 | K27: 1081.298 | L27: 1082.628 | N27: 1.33 | O27: 1081.298
A28: Расходный ордер на товары №00-00292949 от 09.07.2026 | D28: =RIGHT(A28,10) -> 09.07.2026 | E28: =LEFT(A28,9) -> Расходный | F28: 1081.298 | J28: 2.69 | K28: 1078.608 | L28: 1081.298 | N28: 2.69 | O28: 1078.608
A29: Расходный ордер на товары №00-00292953 от 09.07.2026 | D29: =RIGHT(A29,10) -> 09.07.2026 | E29: =LEFT(A29,9) -> Расходный | F29: 1078.608 | J29: 1.41 | K29: 1077.198 | L29: 1078.608 | N29: 1.41 | O29: 1077.198
A30: Расходный ордер на товары №00-00292962 от 09.07.2026 | D30: =RIGHT(A30,10) -> 09.07.2026 | E30: =LEFT(A30,9) -> Расходный | F30: 1077.198 | J30: 1.405 | K30: 1075.793 | L30: 1077.198 | N30: 1.405 | O30: 1075.793
A31: Расходный ордер на товары №00-00292931 от 09.07.2026 | D31: =RIGHT(A31,10) -> 09.07.2026 | E31: =LEFT(A31,9) -> Расходный | F31: 1075.793 | J31: 1.343 | K31: 1074.45 | L31: 1075.793 | N31: 1.343 | O31: 1074.45
A32: Расходный ордер на товары №00-00292971 от 09.07.2026 | D32: =RIGHT(A32,10) -> 09.07.2026 | E32: =LEFT(A32,9) -> Расходный | F32: 1074.45 | J32: 1.33 | K32: 1073.12 | L32: 1074.45 | N32: 1.33 | O32: 1073.12
A33: Расходный ордер на товары №00-00293716 от 09.07.2026 | D33: =RIGHT(A33,10) -> 09.07.2026 | E33: =LEFT(A33,9) -> Расходный | F33: 1073.12 | J33: 1.34 | K33: 1071.78 | L33: 1073.12 | N33: 1.34 | O33: 1071.78
... A56: Расходный ордер на товары №00-00295105 от 10.07.2026 | D56: =RIGHT(A56,10) -> 10.07.2026 | E56: =LEFT(A56,9) -> Расходный | F56: 1042.168 | J56: 1.345 | K56: 1040.823 | L56: 1042.168 | N56: 1.345 | O56: 1040.823
A57: Расходный ордер на товары №00-00296232 от 09.07.2026 | D57: =RIGHT(A57,10) -> 09.07.2026 | E57: =LEFT(A57,9) -> Расходный | F57: 1040.823 | J57: 403.155 | K57: 637.668 | L57: 1040.823 | N57: 403.155 | O57: 637.668 | P57: перемещение
A58: Расходный ордер на товары №00-00296045 от 10.07.2026 | D58: =RIGHT(A58,10) -> 10.07.2026 | E58: =LEFT(A58,9) -> Расходный | F58: 637.668 | J58: 1.345 | K58: 636.323 | L58: 637.668 | N58: 1.345 | O58: 636.323
A59: Расходный ордер на товары №00-00295677 от 10.07.2026 | D59: =RIGHT(A59,10) -> 10.07.2026 | E59: =LEFT(A59,9) -> Расходный | F59: 636.323 | J59: 1.35 | K59: 634.973 | L59: 636.323 | N59: 1.35 | O59: 634.973
A60: Расходный ордер на товары №00-00295656 от 10.07.2026 | D60: =RIGHT(A60,10) -> 10.07.2026 | E60: =LEFT(A60,9) -> Расходный | F60: 634.973 | J60: 1.345 | K60: 633.628 | L60: 634.973 | N60: 1.345 | O60: 633.628
A61: Расходный ордер на товары №00-00295644 от 10.07.2026 | D61: =RIGHT(A61,10) -> 10.07.2026 | E61: =LEFT(A61,9) -> Расходный | F61: 633.628 | J61: 1.355 | K61: 632.273 | L61: 633.628 | N61: 1.355 | O61: 632.273
A62: Расходный ордер на товары №00-00295657 от 10.07.2026 | D62: =RIGHT(A62,10) -> 10.07.2026 | E62: =LEFT(A62,9) -> Расходный | F62: 632.273 | J62: 1.35 | K62: 630.923 | L62: 632.273 | N62: 1.35 | O62: 630.923
A63: Расходный ордер на товары №00-00295678 от 10.07.2026 | D63: =RIGHT(A63,10) -> 10.07.2026 | E63: =LEFT(A63,9) -> Расходный | F63: 630.923 | J63: 1.348 | K63: 629.575 | L63: 630.923 | N63: 1.348 | O63: 629.575
A64: Расходный ордер на товары №00-00296010 от 10.07.2026 | D64: =RIGHT(A64,10) -> 10.07.2026 | E64: =LEFT(A64,9) -> Расходный | F64: 629.575 | J64: 2.705 | K64: 626.87 | L64: 629.575 | N64: 2.705 | O64: 626.87
A65: Расходный ордер на товары №00-00295671 от 10.07.2026 | D65: =RIGHT(A65,10) -> 10.07.2026 | E65: =LEFT(A65,9) -> Расходный | F65: 626.87 | J65: 1.35 | K65: 625.52 | L65: 626.87 | N65: 1.35 | O65: 625.52
A66: Расходный ордер на товары №00-00296301 от 10.07.2026 | D66: =RIGHT(A66,10) -> 10.07.2026 | E66: =LEFT(A66,9) -> Расходный | F66: 625.52 | J66: 1.34 | K66: 624.18 | L66: 625.52 | N66: 1.34 | O66: 624.18
A67: Расходный ордер на товары №00-00296055 от 10.07.2026 | D67: =RIGHT(A67,10) -> 10.07.2026 | E67: =LEFT(A67,9) -> Расходный | F67: 624.18 | J67: 1.34 | K67: 622.84 | L67: 624.18 | N67: 1.34 | O67: 622.84
A68: Расходный ордер на товары №00-00296716 от 10.07.2026 | D68: =RIGHT(A68,10) -> 10.07.2026 | E68: =LEFT(A68,9) -> Расходный | F68: 622.84 | J68: 1.34 | K68: 621.5 | L68: 622.84 | N68: 1.34 | O68: 621.5
A69: Расходный ордер на товары №00-00296662 от 10.07.2026 | D69: =RIGHT(A69,10) -> 10.07.2026 | E69: =LEFT(A69,9) -> Расходный | F69: 621.5 | J69: 1.34 | K69: 620.16 | L69: 621.5 | N69: 1.34 | O69: 620.16
A70: Расходный ордер на товары №00-00296878 от 10.07.2026 | D70: =RIGHT(A70,10) -> 10.07.2026 | E70: =LEFT(A70,9) -> Расходный | F70: 620.16 | J70: 1.345 | K70: 618.815 | L70: 620.16 | N70: 1.345 | O70: 618.815
A71: Приходный ордер на товары №00-00012691 от 10.07.2026 | D71: =RIGHT(A71,10) -> 10.07.2026 | E71: =LEFT(A71,9) -> Приходный | F71: 618.815 | H71: 1.34 | K71: 620.155 | L71: 618.815 | M71: 1.34 | O71: 620.155
A72: Расходный ордер на товары №00-00297463 от 11.07.2026 | D72: =RIGHT(A72,10) -> 11.07.2026 | E72: =LEFT(A72,9) -> Расходный | F72: 620.155 | J72: 1.345 | K72: 618.81 | L72: 620.155 | N72: 1.345 | O72: 618.81
A73: Расходный ордер на товары №00-00297450 от 11.07.2026 | D73: =RIGHT(A73,10) -> 11.07.2026 | E73: =LEFT(A73,9) -> Расходный | F73: 618.81 | J73: 1.345 | K73: 617.465 | L73: 618.81 | N73: 1.345 | O73: 617.465
A74: Расходный ордер на товары №00-00298277 от 11.07.2026 | D74: =RIGHT(A74,10) -> 11.07.2026 | E74: =LEFT(A74,9) -> Расходный | F74: 617.465 | J74: 2.675 | K74: 614.79 | L74: 617.465 | N74: 2.675 | O74: 614.79
A75: Расходный ордер на товары №00-00298322 от 11.07.2026 | D75: =RIGHT(A75,10) -> 11.07.2026 | E75: =LEFT(A75,9) -> Расходный | F75: 614.79 | J75: 1.34 | K75: 613.45 | L75: 614.79 | N75: 1.34 | O75: 613.45
A76: Расходный ордер на товары №00-00298600 от 11.07.2026 | D76: =RIGHT(A76,10) -> 11.07.2026 | E76: =LEFT(A76,9) -> Расходный | F76: 613.45 | J76: 1.34 | K76: 612.11 | L76: 613.45 | N76: 1.34 | O76: 612.11
A77: Расходный ордер на товары №00-00298577 от 11.07.2026 | D77: =RIGHT(A77,10) -> 11.07.2026 | E77: =LEFT(A77,9) -> Расходный | F77: 612.11 | J77: 2.682 | K77: 609.428 | L77: 612.11 | N77: 2.682 | O77: 609.428
A78: Расходный ордер на товары №00-00298559 от 11.07.2026 | D78: =RIGHT(A78,10) -> 11.07.2026 | E78: =LEFT(A78,9) -> Расходный | F78: 609.428 | J78: 10.785 | K78: 598.643 | L78: 609.428 | N78: 10.785 | O78: 598.643
A79: Расходный ордер на товары №00-00298800 от 11.07.2026 | D79: =RIGHT(A79,10) -> 11.07.2026 | E79: =LEFT(A79,9) -> Расходный | F79: 598.643 | J79: 1.34 | K79: 597.303 | L79: 598.643 | N79: 1.34 | O79: 597.303 | P79: 46215 | Q79: =SUM(J58:J79)+SUM(J22:J56) -> 91.561
A80: Пересчет товаров №00-00001252 от 12.07.2026 | D80: =RIGHT(A80,10) -> 12.07.2026 | E80: =LEFT(A80,9) -> Пересчет | F80: 597.303 | H80: 29.681 | J80: 25.676 | K80: 601.308 | L80: 597.303 | M80: 29.681 | N80: 25.676 | O80: 601.308
A81: Расходный ордер на товары №00-00300957 от 14.07.2026 | D81: =RIGHT(A81,10) -> 14.07.2026 | E81: =LEFT(A81,9) -> Расходный | F81: 601.308 | J81: 2.685 | K81: 598.623 | L81: 601.308 | N81: 2.685 | O81: 598.623
A82: Расходный ордер на товары №00-00301693 от 15.07.2026 | D82: =RIGHT(A82,10) -> 15.07.2026 | E82: =LEFT(A82,9) -> Расходный | F82: 598.623 | J82: 1.355 | K82: 597.268 | L82: 598.623 | N82: 1.355 | O82: 597.268
A83: Расходный ордер на товары №00-00301687 от 15.07.2026 | D83: =RIGHT(A83,10) -> 15.07.2026 | E83: =LEFT(A83,9) -> Расходный | F83: 597.268 | J83: 10.75 | K83: 586.518 | L83: 597.268 | N83: 10.75 | O83: 586.518
A84: Расходный ордер на товары №00-00302162 от 15.07.2026 | D84: =RIGHT(A84,10) -> 15.07.2026 | E84: =LEFT(A84,9) -> Расходный | F84: 586.518 | J84: 1.34 | K84: 585.178 | L84: 586.518 | N84: 1.34 | O84: 585.178
A85: Расходный ордер на товары №00-00301455 от 15.07.2026 | D85: =RIGHT(A85,10) -> 15.07.2026 | E85: =LEFT(A85,9) -> Расходный | F85: 585.178 | J85: 1.345 | K85: 583.833 | L85: 585.178 | N85: 1.345 | O85: 583.833
A86: Расходный ордер на товары №00-00302989 от 15.07.2026 | D86: =RIGHT(A86,10) -> 15.07.2026 | E86: =LEFT(A86,9) -> Расходный | F86: 583.833 | J86: 1.33 | K86: 582.503 | L86: 583.833 | N86: 1.33 | O86: 582.503
A87: Расходный ордер на товары №00-00302986 от 15.07.2026 | D87: =RIGHT(A87,10) -> 15.07.2026 | E87: =LEFT(A87,9) -> Расходный | F87: 582.503 | J87: 1.335 | K87: 581.168 | L87: 582.503 | N87: 1.335 | O87: 581.168
A88: Расходный ордер на товары №00-00302984 от 15.07.2026 | D88: =RIGHT(A88,10) -> 15.07.2026 | E88: =LEFT(A88,9) -> Расходный | F88: 581.168 | J88: 1.345 | K88: 579.823 | L88: 581.168 | N88: 1.345 | O88: 579.823
A89: Расходный ордер на товары №00-00301486 от 15.07.2026 | D89: =RIGHT(A89,10) -> 15.07.2026 | E89: =LEFT(A89,9) -> Расходный | F89: 579.823 | J89: 4.01 | K89: 575.813 | L89: 579.823 | N89: 4.01 | O89: 575.813
A90: Приходный ордер на товары №00-00012945 от 15.07.2026 | D90: =RIGHT(A90,10) -> 15.07.2026 | E90: =LEFT(A90,9) -> Приходный | F90: 575.813 | H90: 1.345 | K90: 577.158 | L90: 575.813 | M90: 1.345 | O90: 577.158
A91: Приходный ордер на товары №00-00012952 от 15.07.2026 | D91: =RIGHT(A91,10) -> 15.07.2026 | E91: =LEFT(A91,9) -> Приходный | F91: 577.158 | H91: 1.355 | K91: 578.513 | L91: 577.158 | M91: 1.355 | O91: 578.513
A92: Расходный ордер на товары №00-00304542 от 16.07.2026 | D92: =RIGHT(A92,10) -> 16.07.2026 | E92: =LEFT(A92,9) -> Расходный | F92: 578.513 | J92: 1.335 | K92: 577.178 | L92: 578.513 | N92: 1.335 | O92: 577.178
A93: Расходный ордер на товары №00-00304543 от 16.07.2026 | D93: =RIGHT(A93,10) -> 16.07.2026 | E93: =LEFT(A93,9) -> Расходный | F93: 577.178 | J93: 1.34 | K93: 575.838 | L93: 577.178 | N93: 1.34 | O93: 575.838
A94: Расходный ордер на товары №00-00305172 от 16.07.2026 | D94: =RIGHT(A94,10) -> 16.07.2026 | E94: =LEFT(A94,9) -> Расходный | F94: 575.838 | J94: 1.34 | K94: 574.498 | L94: 575.838 | N94: 1.34 | O94: 574.498
A95: Расходный ордер на товары №00-00307657 от 17.07.2026 | D95: =RIGHT(A95,10) -> 17.07.2026 | E95: =LEFT(A95,9) -> Расходный | F95: 574.498 | J95: 6.725 | K95: 567.773 | L95: 574.498 | N95: 6.725 | O95: 567.773 | P95: 46222 | Q95: =SUM(J81:J95) -> 36.235
A96: Расходный ордер на товары №00-00310309 от 21.07.2026 | D96: =RIGHT(A96,10) -> 21.07.2026 | E96: =LEFT(A96,9) -> Расходный | F96: 567.773 | J96: 2.695 | K96: 565.078 | L96: 567.773 | N96: 2.695 | O96: 565.078
A97: Расходный ордер на товары №00-00314964 от 23.07.2026 | D97: =RIGHT(A97,10) -> 23.07.2026 | E97: =LEFT(A97,9) -> Расходный | F97: 565.078 | J97: 1.345 | K97: 563.733 | L97: 565.078 | N97: 1.345 | O97: 563.733
A98: Расходный ордер на товары №00-00315773 от 23.07.2026 | D98: =RIGHT(A98,10) -> 23.07.2026 | E98: =LEFT(A98,9) -> Расходный | F98: 563.733 | J98: 1.335 | K98: 562.398 | L98: 563.733 | N98: 1.335 | O98: 562.398
A99: Приходный ордер на товары №00-00014070 от 23.07.2026 | D99: =RIGHT(A99,10) -> 23.07.2026 | E99: =LEFT(A99,9) -> Приходный | F99: 562.398 | H99: 1.335 | K99: 563.733 | L99: 562.398 | M99: 1.335 | O99: 563.733
A100: Расходный ордер на товары №00-00317598 от 24.07.2026 | D100: =RIGHT(A100,10) -> 24.07.2026 | E100: =LEFT(A100,9) -> Расходный | F100: 563.733 | J100: 5.358 | K100: 558.375 | L100: 563.733 | N100: 5.358 | O100: 558.375
A101: Расходный ордер на товары №00-00317278 от 24.07.2026 | D101: =RIGHT(A101,10) -> 24.07.2026 | E101: =LEFT(A101,9) -> Расходный | F101: 558.375 | J101: 5.372 | K101: 553.003 | L101: 558.375 | N101: 5.372 | O101: 553.003
A102: Расходный ордер на товары №00-00319654 от 25.07.2026 | D102: =RIGHT(A102,10) -> 25.07.2026 | E102: =LEFT(A102,9) -> Расходный | F102: 553.003 | J102: 1.335 | K102: 551.668 | L102: 553.003 | N102: 1.335 | O102: 551.668 | P102: 46229 | Q102: =SUM(J96:J102) -> 17.44
A103: Расходный ордер на товары №00-00321627 от 28.07.2026 | D103: =RIGHT(A103,10) -> 28.07.2026 | E103: =LEFT(A103,9) -> Расходный | F103: 551.668 | J103: 1.336 | K103: 550.332 | L103: 551.668 | N103: 1.336 | O103: 550.332
A104: Расходный ордер на товары №00-00322524 от 28.07.2026 | D104: =RIGHT(A104,10) -> 28.07.2026 | E104: =LEFT(A104,9) -> Расходный | F104: 550.332 | J104: 4.02 | K104: 546.312 | L104: 550.332 | N104: 4.02 | O104: 546.312
A105: Расходный ордер на товары №00-00323019 от 28.07.2026 | D105: =RIGHT(A105,10) -> 28.07.2026 | E105: =LEFT(A105,9) -> Расходный | F105: 546.312 | J105: 1.34 | K105: 544.972 | L105: 546.312 | N105: 1.34 | O105: 544.972
A106: Расходный ордер на товары №00-00323812 от 28.07.2026 | D106: =RIGHT(A106,10) -> 28.07.2026 | E106: =LEFT(A106,9) -> Расходный | F106: 544.972 | J106: 34.955 | K106: 510.017 | L106: 544.972 | N106: 34.955 | O106: 510.017 | P106: в уценку
A107: Расходный ордер на товары №00-00324427 от 29.07.2026 | D107: =RIGHT(A107,10) -> 29.07.2026 | E107: =LEFT(A107,9) -> Расходный | F107: 510.017 | J107: 1.345 | K107: 508.672 | L107: 510.017 | N107: 1.345 | O107: 508.672
A108: Расходный ордер на товары №00-00323694 от 29.07.2026 | D108: =RIGHT(A108,10) -> 29.07.2026 | E108: =LEFT(A108,9) -> Расходный | F108: 508.672 | J108: 1.381 | K108: 507.291 | L108: 508.672 | N108: 1.381 | O108: 507.291
A109: Расходный ордер на товары №00-00324052 от 29.07.2026 | D109: =RIGHT(A109,10) -> 29.07.2026 | E109: =LEFT(A109,9) -> Расходный | F109: 507.291 | J109: 1.345 | K109: 505.946 | L109: 507.291 | N109: 1.345 | O109: 505.946
A110: Приходный ордер на товары №00-00014462 от 28.07.2026 | D110: =RIGHT(A110,10) -> 28.07.2026 | E110: =LEFT(A110,9) -> Приходный | F110: 505.946 | H110: 1.336 | K110: 507.282 | L110: 505.946 | M110: 1.336 | O110: 507.282
A111: Расходный ордер на товары №00-00325849 от 30.07.2026 | D111: =RIGHT(A111,10) -> 30.07.2026 | E111: =LEFT(A111,9) -> Расходный | F111: 507.282 | J111: 5.378 | K111: 501.904 | L111: 507.282 | N111: 5.378 | O111: 501.904
A112: Расходный ордер на товары №00-00326183 от 30.07.2026 | D112: =RIGHT(A112,10) -> 30.07.2026 | E112: =LEFT(A112,9) -> Расходный | F112: 501.904 | J112: 2.695 | K112: 499.209 | L112: 501.904 | N112: 2.695 | O112: 499.209
A113: Расходный ордер на товары №00-00326098 от 30.07.2026 | D113: =RIGHT(A113,10) -> 30.07.2026 | E113: =LEFT(A113,9) -> Расходный | F113: 499.209 | J113: 1.34 | K113: 497.869 | L113: 499.209 | N113: 1.34 | O113: 497.869
A114: Расходный ордер на товары №00-00326099 от 30.07.2026 | D114: =RIGHT(A114,10) -> 30.07.2026 | E114: =LEFT(A114,9) -> Расходный | F114: 497.869 | J114: 1.35 | K114: 496.519 | L114: 497.869 | N114: 1.35 | O114: 496.519
A115: Расходный ордер на товары №00-00327346 от 30.07.2026 | D115: =RIGHT(A115,10) -> 30.07.2026 | E115: =LEFT(A115,9) -> Расходный | F115: 496.519 | J115: 1.33 | K115: 495.189 | L115: 496.519 | N115: 1.33 | O115: 495.189
A116: Расходный ордер на товары №00-00326345 от 30.07.2026 | D116: =RIGHT(A116,10) -> 30.07.2026 | E116: =LEFT(A116,9) -> Расходный | F116: 495.189 | J116: 1.335 | K116: 493.854 | L116: 495.189 | N116: 1.335 | O116: 493.854
A117: Расходный ордер на товары №00-00328453 от 30.07.2026 | D117: =RIGHT(A117,10) -> 30.07.2026 | E117: =LEFT(A117,9) -> Расходный | F117: 493.854 | J117: 82.255 | K117: 411.599 | L117: 493.854 | N117: 82.255 | O117: 411.599 | P117: в уценку
A118: Расходный ордер на товары №00-00328139 от 31.07.2026 | D118: =RIGHT(A118,10) -> 31.07.2026 | E118: =LEFT(A118,9) -> Расходный | F118: 411.599 | J118: 2.698 | K118: 408.901 | L118: 411.599 | N118: 2.698 | O118: 408.901
A119: Расходный ордер на товары №00-00329008 от 31.07.2026 | D119: =RIGHT(A119,10) -> 31.07.2026 | E119: =LEFT(A119,9) -> Расходный | F119: 408.901 | J119: 1.345 | K119: 407.556 | L119: 408.901 | N119: 1.345 | O119: 407.556
A120: Расходный ордер на товары №00-00330551 от 01.08.2026 | D120: =RIGHT(A120,10) -> 01.08.2026 | E120: =LEFT(A120,9) -> Расходный | F120: 407.556 | J120: 1.335 | K120: 406.221 | L120: 407.556 | N120: 1.335 | O120: 406.221 | P120: 46236 | Q120: =SUM(J118:J120)+SUM(J107:J116)+SUM(J103:J105) -> 29.573
A121: Расходный ордер на товары №00-00331860 от 04.08.2026 | D121: =RIGHT(A121,10) -> 04.08.2026 | E121: =LEFT(A121,9) -> Расходный | F121: 406.221 | J121: 1.34 | K121: 404.881 | L121: 406.221 | N121: 1.34 | O121: 404.881
A122: Расходный ордер на товары №00-00332378 от 04.08.2026 | D122: =RIGHT(A122,10) -> 04.08.2026 | E122: =LEFT(A122,9) -> Расходный | F122: 404.881 | J122: 2.675 | K122: 402.206 | L122: 404.881 | N122: 2.675 | O122: 402.206
A123: Расходный ордер на товары №00-00334712 от 05.08.2026 | D123: =RIGHT(A123,10) -> 05.08.2026 | E123: =LEFT(A123,9) -> Расходный | F123: 402.206 | J123: 2.75 | K123: 399.456 | L123: 402.206 | N123: 2.75 | O123: 399.456
A124: Расходный ордер на товары №00-00333997 от 05.08.2026 | D124: =RIGHT(A124,10) -> 05.08.2026 | E124: =LEFT(A124,9) -> Расходный | F124: 399.456 | J124: 1.334 | K124: 398.122 | L124: 399.456 | N124: 1.334 | O124: 398.122
A125: Расходный ордер на товары №00-00334272 от 05.08.2026 | D125: =RIGHT(A125,10) -> 05.08.2026 | E125: =LEFT(A125,9) -> Расходный | F125: 398.122 | J125: 2.665 | K125: 395.457 | L125: 398.122 | N125: 2.665 | O125: 395.457
...

Sheet Лист1
B1: ПРОДАЖИ В РАЗРЕЗЕ НЕДЕЛЬ
A2: Номенклатура | B2: 46181 | C2: =B2+6 -> 46187 | D2: =C2+1 -> 46188 | E2: =D2+6 -> 46194 | F2: =E2+1 -> 46195 | G2: =F2+6 -> 46201 | H2: =G2+1 -> 46202 | I2: =H2+6 -> 46208 | J2: =I2+1 -> 46209 | K2: =J2+6 -> 46215 | L2: =K2+1 -> 46216 | M2: =L2+6 -> 46222 | N2: =M2+1 -> 46223 | O2: =N2+6 -> 46229 | P2: =O2+1 -> 46230 | Q2: =P2+6 -> 46236 | R2: =Q2+1 -> 46237 | S2: =R2+6 -> 46243 | T2: =S2+1 -> 46244 | U2: =T2+6 -> 46250 | V2: =U2+1 -> 46251 | W2: =V2+6 -> 46257
A3: 485 Колбаса Молочная по-стародворски ТМ Стародворье в оболочке полиамид. ВЕС ПОКОМ | B3: 0 | D3: 0 | F3: =VLOOKUP(G2,TDSheet!$P:$Q,2,0) -> 6.727 | H3: =VLOOKUP(I2,TDSheet!$P:$Q,2,0) -> 5.355 | J3: =VLOOKUP(K2,TDSheet!$P:$Q,2,0) -> 91.561 | L3: =VLOOKUP(M2,TDSheet!$P:$Q,2,0) -> 36.235 | N3: =VLOOKUP(O2,TDSheet!$P:$Q,2,0) -> 17.44 | P3: =VLOOKUP(Q2,TDSheet!$P:$Q,2,0) -> 29.573 | R3: =VLOOKUP(S2,TDSheet!$P:$Q,2,0) -> 29.839 | T3: 0 | V3: 0
