Workbook

Sheet Sheet
A3: Номенклатура | B3: Ед. изм. | C3: Начальный остаток | D3: Приход | E3: Расход | F3: Конечный остаток | G3: Остаток, кг | H3: крат | I3: сроки | J3: метка | K3: метка2 | L3: заяв | M3: разн | N3: без опта | O3: опт | P3: заказ в пути | Q3: заказ в пути | R3: ср нов | S3: расчет | T3: кон ост | U3: факт | V3: ср | W3: ср | X3: ср | Y3: ср | Z3: ср | AA3: ср | AB3: ср | AC3: ср | AD3: ср | AE3: ср | AF3: комментарии | AG3: вес
P4: 25,08, | Q4: 01,09, | R4: 31,08, | V4: 24,08, | W4: 17,08, | X4: 10,08, | Y4: 03,08, | Z4: 27,07, | AA4: 20,07, | AB4: 13,07, | AC4: 06,07, | AD4: 29,06, | AE4: 22,06, | AF4: ув
E5: =SUM(E6:E499) -> 9697.052 | F5: =SUM(F6:F499) -> 3749.911 | L5: =SUM(L6:L499) -> 25150.566 | M5: =SUM(M6:M499) -> -15453.514 | N5: =SUM(N6:N499) -> 0 | O5: =SUM(O6:O499) -> 0 | P5: =SUM(P6:P499) -> 18892 | Q5: =SUM(Q6:Q499) -> 20052 | R5: =SUM(R6:R499) -> 1939.4104 | S5: =SUM(S6:S499) -> 9829.9298 | V5: =SUM(V6:V499) -> 3945.1628 | W5: =SUM(W6:W499) -> 3703.6238 | X5: =SUM(X6:X499) -> 2207.5886 | Y5: =SUM(Y6:Y499) -> 2571.0086 | Z5: =SUM(Z6:Z499) -> 3209.5596 | AA5: =SUM(AA6:AA499) -> 2940.3354 | AB5: =SUM(AB6:AB499) -> 2144.2982 | AC5: =SUM(AC6:AC499) -> 2239.9688 | ... AE5: =SUM(AE6:AE499) -> 2298.7524 | AF5: ув | AG5: =SUM(AG6:AG499) -> 5181.8278
A6: 0614 ПРАЗДНИЧНАЯ с/к в/с дек.спец.мгс Останкино | B6: кг | C6: 28.201 | E6: 1.696 | F6: 26.505 | G6: =F6*H6 -> 26.505 | H6: 1 | I6: 120 | J6: матрица | L6: 1.5 | M6: =E6-L6 -> 0.196 | P6: 0 | Q6: 0 | R6: =E6/5 -> 0.3392 | T6: =(F6+P6+Q6+S6)/R6 -> 78.139741 | U6: =(F6+P6+Q6)/R6 -> 78.139741 | V6: 3.1198 | W6: 0 | X6: 0 | Y6: 0 | Z6: 0 | AA6: 0 | AB6: 0 | AC6: 0 | AD6: 0 | AE6: 0 | AF6: новинка / нужно увеличить продажи!!! / Грация | AG6: =H6*S6 -> 0
A7: 3215 ВЕТЧ.МЯСНАЯ Папа может п/о 0.4кг 8шт. ОСТАНКИНО | B7: шт | C7: 160 | D7: 1 | E7: 133 | F7: 25 | H7: 0.4 | I7: 60 | J7: матрица | L7: 383 | M7: =E7-L7 -> -250 | P7: 556 | Q7: 247 | R7: =E7/5 -> 26.6 | S7: 50 | T7: =(F7+P7+Q7+S7)/R7 -> 33.007519 | U7: =(F7+P7+Q7)/R7 -> 31.12782 | V7: 68.8 | W7: 75.6 | X7: 35.4 | Y7: 54.2 | Z7: 62.6 | AA7: 55.6 | AB7: 41.2 | AC7: 33.6 | AD7: 46.6 | AE7: 37.8 | AG7: =H7*S7 -> 20
A8: 3287 САЛЯМИ ИТАЛЬЯНСКАЯ с/к в/у ОСТАНКИНО | B8: кг | C8: 20.172 | D8: 2.996 | E8: 17.111 | F8: 3.061 | H8: 1 | I8: 120 | J8: матрица | L8: 44.086 | M8: =E8-L8 -> -26.975 | P8: 10 | Q8: 32 | R8: =E8/5 -> 3.4222 | S8: =16*R8-Q8-P8-F8 -> 9.6942 | T8: =(F8+P8+Q8+S8)/R8 -> 16 | U8: =(F8+P8+Q8)/R8 -> 13.167261 | V8: 5.2168 | W8: 4.2012 | X8: 3.2758 | Y8: 0.2996 | Z8: 0.9922 | AA8: 4.3466 | AB8: 1.4268 | AC8: 4.159 | AD8: 4.5156 | AE8: 3.8104 | AF8: плюсом 5 дней | AG8: =H8*S8 -> 9.6942
A9: 3986 Ароматная с/к в/у 1/250 ОСТАНКИНО | B9: шт | C9: 110 | D9: 1 | E9: 116 | F9: -6 | H9: 0.25 | I9: 120 | J9: матрица | L9: 496 | M9: =E9-L9 -> -380 | P9: 384 | Q9: 582 | R9: =E9/5 -> 23.2 | S9: 50 | T9: =(F9+P9+Q9+S9)/R9 -> 43.534483 | U9: =(F9+P9+Q9)/R9 -> 41.37931 | V9: 97.8 | W9: 70 | X9: 29.8 | Y9: 37.4 | Z9: 61.4 | AA9: 31.4 | AB9: 25 | AC9: 35.8 | AD9: 25.4 | AE9: 25 | AF9: плюсом 5 дней | AG9: =H9*S9 -> 12.5
A10: 4063 МЯСНАЯ Папа может вар п/о_Л ОСТАНКИНО | B10: кг | C10: 545.793 | D10: 13.599 | E10: 288.761 | F10: 251.502 | H10: 1 | I10: 60 | J10: матрица | L10: 358.225 | M10: =E10-L10 -> -69.464 | P10: 230 | Q10: 0 | R10: =E10/5 -> 57.7522 | S10: =16*R10-Q10-P10-F10 -> 442.5332 | T10: =(F10+P10+Q10+S10)/R10 -> 16 | U10: =(F10+P10+Q10)/R10 -> 8.3373794 | V10: 47.668 | W10: 71.5244 | X10: 59.9964 | Y10: 49.2606 | Z10: 56.2572 | AA10: 69.917 | AB10: 42.271 | AC10: 39.8542 | AD10: 46.8334 | AE10: 41.0588 | AG10: =H10*S10 -> 442.5332
A11: 4117 ЭКСТРА Папа может с/к в/у_Л ОСТАНКИНО | B11: кг | C11: 121.441 | E11: 21.088 | F11: 100.353 | G11: =F11*H11 -> 100.353 | H11: 1 | I11: 120 | J11: матрица | L11: 49.7 | M11: =E11-L11 -> -28.612 | P11: 0 | Q11: 26 | R11: =E11/5 -> 4.2176 | T11: =(F11+P11+Q11+S11)/R11 -> 29.958507 | U11: =(F11+P11+Q11)/R11 -> 29.958507 | V11: 10.532 | W11: 6.9102 | X11: 4.5746 | Y11: 8.6004 | Z11: 5.0928 | AA11: 2.7076 | AB11: 4.4042 | AC11: 2.8082 | AD11: 3.0776 | AE11: 3.7628 | AF11: нужно увеличить продажи / плюсом 5 дней | AG11: =H11*S11 -> 0
A12: 4574 Мясная со шпиком Папа может вар п/о ОСТАНКИНО | B12: кг | C12: 71.962 | D12: 10.816 | E12: 43.211 | F12: 27.39 | H12: 1 | I12: 60 | J12: матрица | L12: 54 | M12: =E12-L12 -> -10.789 | P12: 0 | Q12: 4 | R12: =E12/5 -> 8.6422 | S12: =12*R12-Q12-P12-F12 -> 72.3164 | T12: =(F12+P12+Q12+S12)/R12 -> 12 | U12: =(F12+P12+Q12)/R12 -> 3.632177 | V12: 5.4014 | W12: 2.4534 | X12: 4.0156 | Y12: 8.7404 | Z12: 3.5336 | AA12: 3.8138 | AB12: 0.8198 | AC12: 1.0762 | AD12: 3.2698 | AE12: 7.4386 | AG12: =H12*S12 -> 72.3164
A13: 4813 ФИЛЕЙНАЯ Папа может вар п/о_Л ОСТАНКИНО | B13: кг | C13: 407.057 | D13: 9.596 | E13: 300.024 | F13: 101.26 | H13: 1 | I13: 60 | J13: матрица | L13: 337.718 | M13: =E13-L13 -> -37.694 | P13: 197 | Q13: 231 | R13: =E13/5 -> 60.0048 | S13: =16*R13-Q13-P13-F13 -> 430.8168 | T13: =(F13+P13+Q13+S13)/R13 -> 16 | U13: =(F13+P13+Q13)/R13 -> 8.8202944 | V13: 59.6338 | W13: 64.5988 | X13: 47.5078 | Y13: 63.0726 | Z13: 49.1456 | AA13: 63.1104 | AB13: 35.6636 | AC13: 33.9338 | AD13: 49.6224 | AE13: 48.1694 | AG13: =H13*S13 -> 430.8168
A14: 4993 САЛЯМИ ИТАЛЬЯНСКАЯ с/к в/у 1/250*8_120c ОСТАНКИНО | B14: шт | C14: 191 | D14: 8 | E14: 153 | F14: 38 | H14: 0.25 | I14: 120 | J14: матрица | L14: 304 | M14: =E14-L14 -> -151 | P14: 326 | Q14: 398 | R14: =E14/5 -> 30.6 | T14: =(F14+P14+Q14+S14)/R14 -> 24.901961 | U14: =(F14+P14+Q14)/R14 -> 24.901961 | V14: 70.4 | W14: 62 | X14: 37 | Y14: 33 | Z14: 47.4 | AA14: 53.6 | AB14: 24.2 | AC14: 21.4 | AD14: 43.8 | AE14: 21.4 | AF14: плюсом 5 дней | AG14: =H14*S14 -> 0
A15: 5452 ВЕТЧ.МЯСНАЯ Папа может п/о ОСТАНКИНО | B15: кг | C15: 198.038 | D15: 1.35 | E15: 70.306 | F15: 125.034 | H15: 1 | I15: 60 | J15: матрица | L15: 148.8 | M15: =E15-L15 -> -78.494 | P15: 0 | Q15: 75 | R15: =E15/5 -> 14.0612 | S15: =16*R15-Q15-P15-F15 -> 24.9452 | T15: =(F15+P15+Q15+S15)/R15 -> 16 | U15: =(F15+P15+Q15)/R15 -> 14.225955 | V15: 19.493 | W15: 0.472 | X15: 8.4016 | Y15: 26.6348 | Z15: 14.544 | AA15: 9.7308 | AB15: 0.8118 | AC15: 3.512 | AD15: 11.567 | AE15: 18.5206 | AG15: =H15*S15 -> 24.9452
A16: 5483 ЭКСТРА Папа может с/к в/у 1/250 8шт. ОСТАНКИНО | B16: шт | C16: 114 | D16: 2 | E16: 98 | F16: 19 | H16: 0.25 | I16: 120 | J16: матрица | L16: 494 | M16: =E16-L16 -> -396 | P16: 380 | Q16: 698 | R16: =E16/5 -> 19.6 | T16: =(F16+P16+Q16+S16)/R16 -> 55.969388 | U16: =(F16+P16+Q16)/R16 -> 55.969388 | V16: 119.2 | W16: 76 | X16: 40.2 | Y16: 40.4 | Z16: 55.8 | AA16: 48.2 | AB16: 24.2 | AC16: 25.2 | AD16: 30.4 | AE16: 24.4 | AF16: плюсом 5 дней | AG16: =H16*S16 -> 0
A17: 5495 ВЕТЧ.С ИНДЕЙКОЙ Папа может п/о 400*6 Останкино | B17: шт | C17: 36 | E17: 37 | F17: -3 | H17: 0.4 | I17: 60 | J17: матрица | L17: 304 | M17: =E17-L17 -> -267 | P17: 318 | Q17: 259 | R17: =E17/5 -> 7.4 | S17: 100 | T17: =(F17+P17+Q17+S17)/R17 -> 91.081081 | U17: =(F17+P17+Q17)/R17 -> 77.567568 | V17: 43.8 | W17: 40 | X17: 24.6 | Y17: 22.8 | Z17: 36.8 | AA17: 37 | AB17: 34.8 | AC17: 26.6 | AD17: 22.8 | AE17: 21.8 | AG17: =H17*S17 -> 40
A18: 5544 Сервелат Финский в/к в/у_45с НОВАЯ ОСТАНКИНО | B18: кг | C18: 70.058 | D18: 4.249 | E18: 60.176 | F18: 8.163 | H18: 1 | I18: 45 | J18: матрица | L18: 183.352 | M18: =E18-L18 -> -123.176 | P18: 248 | Q18: 251 | R18: =E18/5 -> 12.0352 | S18: 50 | T18: =(F18+P18+Q18+S18)/R18 -> 46.294453 | U18: =(F18+P18+Q18)/R18 -> 42.139973 | V18: 43.8096 | W18: 38.122 | X18: 31.1738 | Y18: 36.7068 | Z18: 45.037 | AA18: 38.5836 | AB18: 38.1704 | AC18: 32.511 | AD18: 43.4754 | AE18: 43.322 | AG18: =H18*S18 -> 50
A19: 5708 ПОСОЛЬСКАЯ Папа может с/к в/у ОСТАНКИНО | B19: кг | C19: 38.15 | D19: 2.958 | E19: 20.553 | F19: 17.098 | H19: 1 | I19: 120 | J19: матрица | L19: 39 | M19: =E19-L19 -> -18.447 | P19: 0 | Q19: 62 | R19: =E19/5 -> 4.1106 | S19: 10 | T19: =(F19+P19+Q19+S19)/R19 -> 21.675181 | U19: =(F19+P19+Q19)/R19 -> 19.242446 | V19: 11.1694 | W19: 5.2294 | X19: 2.7152 | Y19: 5.2648 | Z19: 4.2116 | AA19: 3.5572 | AB19: 3.2544 | AC19: 1.6692 | AD19: 3.0582 | AE19: 1.0934 | AF19: плюсом 5 дней | AG19: =H19*S19 -> 10
A20: 5819 Сосиски Папа может 400г Мясные ОСТАНКИНО | B20: шт | C20: 32 | F20: 32 | G20: =F20*H20 -> 12.8 | H20: 0.4 | I20: 45 | J20: матрица | L20: 256 | M20: =E20-L20 -> -256 | P20: 0 | Q20: 0 | R20: =E20/5 -> 0 | T20: =(F20+P20+Q20+S20)/R20 -> #DIV/0! | U20: =(F20+P20+Q20)/R20 -> #DIV/0! | V20: 0 | W20: -1.2 | X20: -0.2 | Y20: -3.8 | Z20: -0.2 | AA20: 5 | AB20: 9.6 | AC20: 3.8 | AD20: 22.2 | AE20: 17.4 | AF20: нужно увеличить продажи!!! / 192шт списано (11,08,26) | AG20: =H20*S20 -> 0
A21: 5851 ЭКСТРА Папа может вар п/о ОСТАНКИНО | B21: кг | C21: 116.472 | D21: 13.55 | E21: 121.632 | F21: -7.115 | H21: 1 | I21: 60 | J21: матрица | L21: 181.804 | M21: =E21-L21 -> -60.172 | P21: 177 | Q21: 239 | R21: =E21/5 -> 24.3264 | S21: 50 | T21: =(F21+P21+Q21+S21)/R21 -> 18.863663 | U21: =(F21+P21+Q21)/R21 -> 16.808282 | V21: 38.0486 | W21: 34.2052 | X21: 22.6152 | Y21: 32.7796 | Z21: 30.8804 | AA21: 43.9718 | AB21: 24.5406 | AC21: 24.433 | AD21: 26.176 | AE21: 27.4224 | AG21: =H21*S21 -> 50
A22: 5931 ОХОТНИЧЬЯ Папа может с/к в/у 1/220 8шт. ОСТАНКИНО | B22: шт | C22: 376 | D22: 6 | E22: 358 | F22: 20 | H22: 0.22 | I22: 120 | J22: матрица | L22: 714 | M22: =E22-L22 -> -356 | P22: 439 | Q22: 788 | R22: =E22/5 -> 71.6 | S22: 200 | T22: =(F22+P22+Q22+S22)/R22 -> 20.209497 | U22: =(F22+P22+Q22)/R22 -> 17.416201 | V22: 133.6 | W22: 105.8 | X22: 63.4 | Y22: 72.2 | Z22: 83.4 | AA22: 44.2 | AB22: 39.6 | AC22: 29.2 | AD22: 39 | AE22: 36.2 | AF22: плюсом 5 дней | AG22: =H22*S22 -> 44
A23: 6008 САЛО СОЛЕНОЕ С ЧЕРНЫМ ПЕРЦЕМ мл/к в/у ОСТАНКИНО | B23: кг | C23: 1.116 | F23: 1.116 | H23: 1 | I23: 40 | J23: матрица | L23: 24 | M23: =E23-L23 -> -24 | P23: 20 | Q23: 10 | R23: =E23/5 -> 0 | S23: 10 | T23: =(F23+P23+Q23+S23)/R23 -> #DIV/0! | U23: =(F23+P23+Q23)/R23 -> #DIV/0! | V23: -0.176 | W23: -0.27 | X23: 1.016 | Y23: 0.6252 | Z23: 3.5936 | AA23: 9.972 | AB23: 8.8044 | AC23: 4.5224 | AD23: 2.25 | AE23: 2.5368 | AF23: 58кг списано (11,08,26) | AG23: =H23*S23 -> 10
A24: 6025 ВЕТЧ.ФИРМЕННАЯ С ИНДЕЙКОЙ п/о ОСТАНКИНО | B24: кг | C24: 39.21 | F24: 39.21 | G24: =F24*H24 -> 39.21 | H24: 1 | J24: не в матрице | M24: =E24-L24 -> 0 | P24: 0 | Q24: 0 | R24: =E24/5 -> 0 | T24: =(F24+P24+Q24+S24)/R24 -> #DIV/0! | U24: =(F24+P24+Q24)/R24 -> #DIV/0! | V24: 2.414 | W24: 3.625 | X24: 0 | Y24: 5.444 | Z24: 0 | AA24: 0 | AB24: 0 | AC24: 0 | AD24: 0 | AE24: 0 | AF24: нужно увеличить продажи!!! / Грация
A25: 6220 ГОВЯЖЬЯ папа может вар п/о Останкино | B25: кг | C25: 4.012 | D25: 1.336 | E25: 1.213 | F25: 0.067 | H25: 1 | I25: 60 | J25: матрица | L25: 105.4 | M25: =E25-L25 -> -104.187 | P25: 127 | Q25: 11 | R25: =E25/5 -> 0.2426 | S25: 60 | T25: =(F25+P25+Q25+S25)/R25 -> 816.43446 | U25: =(F25+P25+Q25)/R25 -> 569.11377 | V25: 10.1114 | W25: 16.4042 | X25: 2.424 | Y25: 13.7454 | Z25: 15.652 | AA25: 11.1342 | AB25: 14.0424 | AC25: 14.0364 | AD25: 10.058 | AE25: 11.2278 | AG25: =H25*S25 -> 60
A26: 6221 НЕОПОЛИТАНСКИЙ ДУЭТ с/к с/н мгс 1/90 Останкино | B26: шт | C26: 221 | D26: 12 | E26: 177 | F26: 55 | H26: 0.09 | I26: 60 | J26: матрица | L26: 270 | M26: =E26-L26 -> -93 | P26: 85 | Q26: 280 | R26: =E26/5 -> 35.4 | S26: =16*R26-Q26-P26-F26 -> 146.4 | T26: =(F26+P26+Q26+S26)/R26 -> 16 | U26: =(F26+P26+Q26)/R26 -> 11.864407 | V26: 48.8 | W26: 39.6 | X26: 38.8 | Y26: 13.2 | Z26: 47.8 | AA26: 38.8 | AB26: 20 | AC26: 34.4 | AD26: 30.6 | AE26: 34.4 | AG26: =H26*S26 -> 13.176
A27: 6222 ИТАЛЬЯНСКОЕ АССОРТИ с/в с/н мгс 1/90 ОСТАНКИНО | B27: шт | C27: 70 | F27: 70 | G27: =F27*H27 -> 6.3 | H27: 0.09 | J27: не в матрице | M27: =E27-L27 -> 0 | P27: 0 | Q27: 0 | R27: =E27/5 -> 0 | T27: =(F27+P27+Q27+S27)/R27 -> #DIV/0! | U27: =(F27+P27+Q27)/R27 -> #DIV/0! | V27: 0 | W27: 6 | X27: 0 | Y27: 4.2 | Z27: 0 | AA27: 0 | AB27: 0 | AC27: 0 | AD27: 0 | AE27: 0 | AF27: нужно увеличить продажи!!! / Грация
A28: 6228 МЯСНОЕ АССОРТИ к/з с/н мгс 1/90 10шт Останкино | B28: шт | C28: 12 | D28: 3 | E28: 4 | F28: 3 | H28: 0.09 | I28: 45 | J28: матрица | L28: 78 | M28: =E28-L28 -> -74 | P28: 118 | Q28: 0 | R28: =E28/5 -> 0.8 | S28: 60 | T28: =(F28+P28+Q28+S28)/R28 -> 226.25 | U28: =(F28+P28+Q28)/R28 -> 151.25 | V28: 1.8 | W28: 14.2 | X28: 7.2 | Y28: 6.2 | Z28: 11 | AA28: 14.8 | AB28: 8.2 | AC28: 11 | AD28: 22 | AE28: 18.8 | AG28: =H28*S28 -> 5.4
A29: 6279 КОРЕЙКА ПО-ОСТ.к/в в/с с/н в/у 1/150_45с Останкино | B29: шт | C29: 80 | F29: 80 | G29: =F29*H29 -> 12 | H29: 0.15 | I29: 45 | J29: матрица | L29: 101 | M29: =E29-L29 -> -101 | P29: 32 | Q29: 0 | R29: =E29/5 -> 0 | T29: =(F29+P29+Q29+S29)/R29 -> #DIV/0! | U29: =(F29+P29+Q29)/R29 -> #DIV/0! | V29: 0 | W29: 8 | X29: 2 | Y29: 1.8 | Z29: 2.2 | AA29: 6 | AB29: 8.8 | AC29: 7 | AD29: 9.8 | AE29: 17.4 | AF29: нужно увеличить продажи!!! | AG29: =H29*S29 -> 0
A30: 6303 Мясные Папа может сос п/о мгс 1,5*3 Останкино | B30: кг | C30: 193.652 | D30: 3.216 | E30: 278.802 | F30: -107.374 | H30: 1 | I30: 45 | J30: матрица | L30: 685.816 | M30: =E30-L30 -> -407.014 | P30: 836 | Q30: 307 | R30: =E30/5 -> 55.7604 | S30: 300 | T30: =(F30+P30+Q30+S30)/R30 -> 23.952949 | U30: =(F30+P30+Q30)/R30 -> 18.572786 | V30: 95.4908 | W30: 113.2006 | X30: 18.4908 | Y30: 75.1726 | Z30: 78.5144 | AA30: 67.3848 | AB30: 59.207 | AC30: 31.207 | AD30: 62.066 | AE30: 56.6302 | AG30: =H30*S30 -> 300
A31: 6325 ДОКТОРСКАЯ ПРЕМИУМ вар п/о 0.4кг 8шт. ОСТАНКИНО | B31: шт | C31: 17 | E31: 17 | H31: 0.4 | I31: 60 | J31: матрица | L31: 116 | M31: =E31-L31 -> -99 | P31: 202 | Q31: 117 | R31: =E31/5 -> 3.4 | T31: =(F31+P31+Q31+S31)/R31 -> 93.823529 | U31: =(F31+P31+Q31)/R31 -> 93.823529 | V31: 24 | W31: 24 | X31: 7.4 | Y31: 16 | Z31: 24.8 | AA31: 16.6 | AB31: 16.6 | AC31: 14.2 | AD31: 22.4 | AE31: 17.8 | AG31: =H31*S31 -> 0
A32: 6333 МЯСНАЯ Папа может вар п/о 0.4кг 8шт. ОСТАНКИНО | B32: шт | C32: 418 | D32: 17 | E32: 393 | F32: 25 | H32: 0.4 | I32: 60 | J32: матрица | L32: 659 | M32: =E32-L32 -> -266 | P32: 646 | Q32: 717 | R32: =E32/5 -> 78.6 | S32: 200 | T32: =(F32+P32+Q32+S32)/R32 -> 20.203562 | U32: =(F32+P32+Q32)/R32 -> 17.659033 | V32: 127.2 | W32: 120 | X32: 82.4 | Y32: 83.8 | Z32: 120.6 | AA32: 106.6 | AB32: 74.8 | AC32: 84 | AD32: 80 | AE32: 95.8 | AG32: =H32*S32 -> 80
A33: 6364 СЕРВЕЛАТ ЗЕРНИСТЫЙ ПМ в/к в/у 0.35кг ОСТАНКИНО | B33: шт | C33: -1 | F33: -1 | H33: 0 | J33: не в матрице | K33: 7154 СЕРВЕЛАТ ЗЕРНИСТЫЙ ПМ в/к в/у 0,35кг_50с Останкино | M33: =E33-L33 -> 0 | P33: 0 | Q33: 0 | R33: =E33/5 -> 0 | T33: =(F33+P33+Q33+S33)/R33 -> #DIV/0! | U33: =(F33+P33+Q33)/R33 -> #DIV/0! | V33: 0 | W33: 0 | X33: 0 | Y33: 0 | Z33: 0 | AA33: 0 | AB33: 0 | AC33: 0 | AD33: 0 | AE33: 0
A34: 6392 ФИЛЕЙНАЯ Папа может вар п/о 0,4кг ОСТАНКИНО | B34: шт | C34: 319 | D34: 7 | E34: 310 | F34: 9 | H34: 0.4 | I34: 60 | J34: матрица | L34: 662 | M34: =E34-L34 -> -352 | P34: 643 | Q34: 505 | R34: =E34/5 -> 62 | S34: 150 | T34: =(F34+P34+Q34+S34)/R34 -> 21.080645 | U34: =(F34+P34+Q34)/R34 -> 18.66129 | V34: 104.8 | W34: 105.6 | X34: 60 | Y34: 94.2 | Z34: 83.8 | AA34: 105 | AB34: 61.8 | AC34: 65.4 | AD34: 87.2 | AE34: 56.2 | AG34: =H34*S34 -> 60
A35: 6411 ВЕТЧ.РУБЛЕНАЯ ПМ в/у срез 0.3кг 6шт. ОСТАНКИНО | B35: шт | C35: 177 | D35: 1 | E35: 29 | F35: 148 | H35: 0 | I35: 45 | J35: вывод | L35: 34 | M35: =E35-L35 -> -5 | P35: 0 | Q35: 0 | R35: =E35/5 -> 5.8 | T35: =(F35+P35+Q35+S35)/R35 -> 25.517241 | U35: =(F35+P35+Q35)/R35 -> 25.517241 | V35: 3.8 | W35: 0 | X35: 0.4 | Y35: 0 | Z35: 0 | AA35: 0 | AB35: 0 | AC35: 0 | AD35: 0 | AE35: 0 | AF35: нужно увеличить продажи!!! / новинка
A36: 6453 ЭКСТРА Папа может с/к с/н в/у 1/100 14шт. ОСТАНКИНО | B36: шт | C36: 2 | F36: 2 | H36: 0 | I36: 60 | J36: не в матрице | K36: 7616 ЭКСТРА Папа может с/к с/н в/у 1/100_ ОСТАНКИНО | M36: =E36-L36 -> 0 | P36: 0 | Q36: 0 | R36: =E36/5 -> 0 | T36: =(F36+P36+Q36+S36)/R36 -> #DIV/0! | U36: =(F36+P36+Q36)/R36 -> #DIV/0! | V36: 0 | W36: 0 | X36: 0 | Y36: 0 | Z36: 0.2 | AA36: -0.4 | AB36: 20.6 | AC36: 34 | AD36: 49 | AE36: 32 | AF36: ротация на 7616
A37: 6454 АРОМАТНАЯ с/к с/н в/у 1/100 10шт. ОСТАНКИНО | B37: шт | C37: -15 | F37: -15 | H37: 0 | I37: 60 | J37: не в матрице | K37: 7613 АРОМАТНАЯ с/к с/н в/у 1/100 10шт_Л10 ОСТАНКИНО | M37: =E37-L37 -> 0 | P37: 0 | Q37: 0 | R37: =E37/5 -> 0 | T37: =(F37+P37+Q37+S37)/R37 -> #DIV/0! | U37: =(F37+P37+Q37)/R37 -> #DIV/0! | V37: 0 | W37: 3 | X37: 0.2 | Y37: -0.2 | Z37: 17 | AA37: 24.6 | AB37: 36.6 | AC37: 34.4 | AD37: 33.8 | AE37: 37.8 | AF37: ротация на 7613
A38: 6470 ВЕТЧ.МРАМОРНАЯ в/у_45с ОСТАНКИНО | B38: кг | C38: 13.469 | E38: 13.469 | H38: 0 | I38: 45 | J38: не в матрице | L38: 164.5 | M38: =E38-L38 -> -151.031 | P38: 0 | Q38: 0 | R38: =E38/5 -> 2.6938 | T38: =(F38+P38+Q38+S38)/R38 -> 0 | U38: =(F38+P38+Q38)/R38 -> 0 | V38: 9.0944 | W38: 3.9172 | X38: 0 | Y38: 11.114 | Z38: 13.551 | AA38: 8.172 | AB38: 2.647 | AC38: 0 | AD38: 1.433 | AE38: 7.953
A39: 6495 ВЕТЧ.МРАМОРНАЯ в/у срез 0,3кг 6шт_45с Останкино | B39: шт | C39: 103 | D39: 11 | E39: 82 | F39: 11 | H39: 0.3 | I39: 45 | J39: матрица | L39: 220 | M39: =E39-L39 -> -138 | P39: 63 | Q39: 144 | R39: =E39/5 -> 16.4 | S39: =16*R39-Q39-P39-F39 -> 44.4 | T39: =(F39+P39+Q39+S39)/R39 -> 16 | U39: =(F39+P39+Q39)/R39 -> 13.292683 | V39: 26 | W39: 22.4 | X39: 25.8 | Y39: 11.4 | Z39: 21.2 | AA39: 45.2 | AB39: 22.6 | AC39: 12.4 | AD39: 1.4 | AE39: 37.6 | AG39: =H39*S39 -> 13.32
A40: 6498 МОЛОЧНАЯ Папа может вар п/о ОСТАНКИНО | B40: кг | C40: 671.737 | D40: 7.758 | E40: 231.531 | F40: 439.316 | H40: 1 | I40: 60 | J40: матрица | L40: 267 | M40: =E40-L40 -> -35.469 | P40: 0 | Q40: 0 | R40: =E40/5 -> 46.3062 | S40: =16*R40-Q40-P40-F40 -> 301.5832 | T40: =(F40+P40+Q40+S40)/R40 -> 16 | U40: =(F40+P40+Q40)/R40 -> 9.4871961 | V40: 46.8828 | W40: 45.8374 | X40: 32.807 | Y40: 36.6816 | Z40: 46.652 | AA40: 53.2522 | AB40: 15.2168 | AC40: 15.7242 | AD40: 31.8386 | AE40: 20.4096 | AG40: =H40*S40 -> 301.5832
A41: 6527 ШПИКАЧКИ СОЧНЫЕ ПМ сар б/о мгс 1*3 45с ОСТАНКИНО | B41: кг | C41: 89.323 | D41: 4.143 | E41: 87.512 | F41: 1.811 | H41: 1 | I41: 45 | J41: матрица | L41: 101.158 | M41: =E41-L41 -> -13.646 | P41: 108 | Q41: 0 | R41: =E41/5 -> 17.5024 | S41: =14*R41-Q41-P41-F41 -> 135.2226 | T41: =(F41+P41+Q41+S41)/R41 -> 14 | U41: =(F41+P41+Q41)/R41 -> 6.2740538 | V41: 10.8488 | W41: 17.9328 | X41: 15.6494 | Y41: 12.671 | Z41: 16.6138 | AA41: 17.7024 | AB41: 10.3396 | AC41: 13.2452 | AD41: 13.0904 | AE41: 11.2984 | AG41: =H41*S41 -> 135.2226
A42: 6550 МЯСНЫЕ Папа может сар б/о мгс 1*3 О 45с Останкино | B42: кг | C42: 25.909 | D42: 4.707 | E42: 14.059 | F42: 8.146 | H42: 1 | I42: 45 | J42: матрица | L42: 130.2 | M42: =E42-L42 -> -116.141 | P42: 108 | Q42: 158 | R42: =E42/5 -> 2.8118 | S42: 40 | T42: =(F42+P42+Q42+S42)/R42 -> 111.72416 | U42: =(F42+P42+Q42)/R42 -> 97.4984 | V42: 24.3322 | W42: 18.1314 | X42: 12.0776 | Y42: 13.8966 | Z42: 19.7594 | AA42: 14.8596 | AB42: 11.2278 | AC42: 8.8872 | AD42: 4.9942 | AE42: 14.5874 | AG42: =H42*S42 -> 40
A43: 6608 С ГОВЯДИНОЙ ОРИГИН. сар б/о мгс 1*3_45с ОСТАНКИНО | B43: кг | C43: 38.338 | D43: 1.044 | E43: 30.839 | F43: 3.023 | H43: 1 | I43: 45 | J43: матрица | L43: 85 | M43: =E43-L43 -> -54.161 | P43: 119 | Q43: 0 | R43: =E43/5 -> 6.1678 | S43: 40 | T43: =(F43+P43+Q43+S43)/R43 -> 26.269172 | U43: =(F43+P43+Q43)/R43 -> 19.783878 | V43: 9.916 | W43: 15.0568 | X43: 10.8932 | Y43: 5.9122 | Z43: 11.0404 | AA43: 17.3976 | AB43: 6.0192 | AC43: 11.0086 | AD43: 8.084 | AE43: 12.8954 | AG43: =H43*S43 -> 40
A44: 6616 МОЛОЧНЫЕ КЛАССИЧЕСКИЕ сос п/о в/у 0,3 кг Останкино | B44: шт | C44: 5 | D44: 11 | E44: 8 | F44: 5 | H44: 0.3 | I44: 45 | J44: матрица | L44: 477 | M44: =E44-L44 -> -469 | P44: 683 | Q44: 43 | R44: =E44/5 -> 1.6 | S44: 200 | T44: =(F44+P44+Q44+S44)/R44 -> 581.875 | U44: =(F44+P44+Q44)/R44 -> 456.875 | V44: 52.2 | W44: 85.8 | X44: 35.8 | Y44: 58.4 | Z44: 64.8 | AA44: 52.8 | AB44: 58.8 | AC44: 86.4 | AD44: 56.2 | AE44: 68.4 | AG44: =H44*S44 -> 60
A45: 6620 РЕБРЫШКИ к/в в/у_30с Останкино | B45: кг | H45: 1 | J45: матрица | L45: 23 | M45: =E45-L45 -> -23 | P45: 50 | Q45: 0 | R45: =E45/5 -> 0 | T45: =(F45+P45+Q45+S45)/R45 -> #DIV/0! | U45: =(F45+P45+Q45)/R45 -> #DIV/0! | V45: 0 | W45: 0 | X45: 0 | Y45: 0 | Z45: 0 | AA45: 0 | AB45: 0 | AC45: 0 | AD45: 0 | AE45: 0 | AF45: с 19,08,26 заказываем | AG45: =H45*S45 -> 0
A46: 6661 СОЧНЫЙ ГРИЛЬ ПМ сос п/о мгс 1,5*4_Маяк Останкино | B46: кг | C46: 129.113 | D46: 1.541 | E46: 40.585 | F46: 86.987 | H46: 1 | I46: 45 | J46: матрица | L46: 127 | M46: =E46-L46 -> -86.415 | P46: 0 | Q46: 107 | R46: =E46/5 -> 8.117 | T46: =(F46+P46+Q46+S46)/R46 -> 23.898854 | U46: =(F46+P46+Q46)/R46 -> 23.898854 | V46: 16.8762 | W46: 10.6318 | X46: 4.3406 | Y46: 15.939 | Z46: 6.1928 | AA46: 6.7196 | AB46: 2.1468 | AC46: 2.1526 | AD46: 2.4722 | AE46: 1.8528 | AG46: =H46*S46 -> 0
A47: 6697 СЕРВЕЛАТ ФИНСКИЙ ПМ в/к в/у 0,35кг 8шт ОСТАНКИНО | B47: шт | C47: 370 | D47: 5 | E47: 413 | F47: -46 | H47: 0.35 | I47: 45 | J47: матрица | L47: 896 | M47: =E47-L47 -> -483 | P47: 1031 | Q47: 819 | R47: =E47/5 -> 82.6 | S47: 300 | T47: =(F47+P47+Q47+S47)/R47 -> 25.472155 | U47: =(F47+P47+Q47)/R47 -> 21.840194 | V47: 158.6 | W47: 169.2 | X47: 109.4 | Y47: 94.4 | Z47: 139 | AA47: 135.4 | AB47: 91.2 | AC47: 124.2 | AD47: 106.4 | AE47: 105.4 | AG47: =H47*S47 -> 105
A48: 6713 СОЧНЫЙ ГРИЛЬ ПМ сос п/о мгс 0,41кг 8 шт. ОСТАНКИНО | B48: шт | C48: 11 | D48: 3 | E48: -13 | F48: 11 | H48: 0.41 | I48: 45 | J48: матрица | L48: 336 | M48: =E48-L48 -> -349 | P48: 322 | Q48: 150 | R48: =E48/5 -> -2.6 | T48: =(F48+P48+Q48+S48)/R48 -> -185.76923 | U48: =(F48+P48+Q48)/R48 -> -185.76923 | V48: -2.8 | W48: 46.8 | X48: 39 | Y48: 41 | Z48: 31 | AA48: 61.6 | AB48: 47 | AC48: 55.4 | AD48: 47.6 | AE48: 73.2 | AF48: нужно увеличить продажи!!! / 268шт списание (20,08,26) | AG48: =H48*S48 -> 0
A49: 6724 МОЛОЧНЫЕ ПМ сос п/о мгс 0,41кг 10шт Останкино | B49: шт | C49: 293 | D49: 13 | E49: 262 | F49: 34 | H49: 0.41 | I49: 45 | J49: матрица | L49: 447 | M49: =E49-L49 -> -185 | P49: 364 | Q49: 0 | R49: =E49/5 -> 52.4 | S49: =16*R49-Q49-P49-F49 -> 440.4 | T49: =(F49+P49+Q49+S49)/R49 -> 16 | U49: =(F49+P49+Q49)/R49 -> 7.5954198 | V49: 16.6 | W49: 57.6 | X49: 35.6 | Y49: 12.4 | Z49: 28 | AA49: 35 | AB49: 20.2 | AC49: 21.2 | AD49: 21.2 | AE49: 22.8 | AG49: =H49*S49 -> 180.564
A50: 6761 МОЛОЧНЫЕ ГОСТ сос ц/о мгс 1*4 Останкино | B50: кг | C50: 16.449 | F50: 16.449 | G50: =F50*H50 -> 16.449 | H50: 1 | I50: 30 | J50: не в матрице | M50: =E50-L50 -> 0 | P50: 0 | Q50: 0 | R50: =E50/5 -> 0 | T50: =(F50+P50+Q50+S50)/R50 -> #DIV/0! | U50: =(F50+P50+Q50)/R50 -> #DIV/0! | V50: 0 | W50: 0 | X50: 0 | Y50: 0 | Z50: 0 | AA50: 0 | AB50: 0 | AC50: 0 | AD50: 0 | AE50: 0 | AF50: нужно увеличить продажи!!!
A51: 6765 РУБЛЕНЫЕ сос ц/о мгс 0,36кг 6шт Останкино | B51: шт | C51: 2 | E51: 1 | F51: 1 | H51: 0.36 | I51: 45 | J51: матрица | L51: 112 | M51: =E51-L51 -> -111 | P51: 30 | Q51: 43 | R51: =E51/5 -> 0.2 | S51: 30 | T51: =(F51+P51+Q51+S51)/R51 -> 520 | U51: =(F51+P51+Q51)/R51 -> 370 | V51: 6.8 | W51: 0 | X51: 0 | Y51: -0.4 | Z51: 0 | AA51: -0.8 | AB51: -1.4 | AC51: -0.6 | AD51: -1 | AE51: -0.6 | AF51: 08,08,26 списано 35 шт. | AG51: =H51*S51 -> 10.8
A52: 6787 СЕРВЕЛАТ КРЕМЛЕВСКИЙ в/к в/у 0,33кг 8шт Останкино | B52: шт | C52: 86 | E52: 88 | F52: -2 | H52: 0.33 | I52: 45 | J52: матрица | L52: 144 | M52: =E52-L52 -> -56 | P52: 168 | Q52: 0 | R52: =E52/5 -> 17.6 | S52: =16*R52-Q52-P52-F52 -> 115.6 | T52: =(F52+P52+Q52+S52)/R52 -> 16 | U52: =(F52+P52+Q52)/R52 -> 9.4318182 | V52: 5.2 | W52: 20.2 | X52: 12.8 | Y52: 2.2 | Z52: 11.4 | AA52: 17 | AB52: 0 | AC52: 15.8 | AD52: 7.8 | AE52: 4.2 | AF52: 55 шт в уценку (06,07,26) | AG52: =H52*S52 -> 38.148
A53: 6797 С ИНДЕЙКОЙ Папа может вар п/о 0,4кг 8шт. ОСТАНКИНО | B53: шт | C53: 54 | E53: 45 | F53: 8 | H53: 0.4 | I53: 60 | J53: матрица | L53: 256 | M53: =E53-L53 -> -211 | P53: 295 | Q53: 183 | R53: =E53/5 -> 9 | S53: 50 | T53: =(F53+P53+Q53+S53)/R53 -> 59.555556 | U53: =(F53+P53+Q53)/R53 -> 54 | V53: 38 | W53: 38.4 | X53: 27 | Y53: 20.8 | Z53: 30.2 | AA53: 34.6 | AB53: 33.8 | AC53: 24.2 | AD53: 14.6 | AE53: 28 | AG53: =H53*S53 -> 20
A54: 6807 СЕРВЕЛАТ ЕВРОПЕЙСКИЙ в/к в/у 0,33кг 8шт Останкино | B54: шт | C54: 1 | E54: -2 | F54: 1 | H54: 0.33 | I54: 45 | J54: матрица | L54: 6 | M54: =E54-L54 -> -8 | P54: 20 | Q54: 16 | R54: =E54/5 -> -0.4 | T54: =(F54+P54+Q54+S54)/R54 -> -92.5 | U54: =(F54+P54+Q54)/R54 -> -92.5 | V54: 0 | W54: -0.6 | X54: 0 | Y54: 0.8 | Z54: 1.4 | AA54: 3.2 | AB54: 2.6 | AC54: 0.8 | AD54: 2.6 | AE54: 2 | AF54: 27шт списано (11,08,26) | AG54: =H54*S54 -> 0
A55: 6829 МОЛОЧНЫЕ КЛАССИЧЕСКИЕ сос п/о мгс 2*4 С Останккино | B55: кг | C55: 165.26 | D55: 8.328 | E55: 150.227 | F55: 8.739 | H55: 1 | I55: 45 | J55: матрица | L55: 286.559 | M55: =E55-L55 -> -136.332 | P55: 305 | Q55: 385 | R55: =E55/5 -> 30.0454 | S55: 250 | T55: =(F55+P55+Q55+S55)/R55 -> 31.576847 | U55: =(F55+P55+Q55)/R55 -> 23.256106 | V55: 65.7538 | W55: 61.4334 | X55: 54.077 | Y55: 13.7126 | Z55: 63.3406 | AA55: 57.4312 | AB55: 38.247 | AC55: 48.4212 | AD55: 35.9378 | AE55: 37.4036 | AG55: =H55*S55 -> 250
A56: 6837 ФИЛЕЙНЫЕ Папа Может сос ц/о мгс 0,4кг Останкино | B56: шт | C56: 114 | E56: -1 | F56: 114 | H56: 0.4 | I56: 45 | J56: матрица | L56: 70 | M56: =E56-L56 -> -71 | P56: 0 | Q56: 0 | R56: =E56/5 -> -0.2 | T56: =(F56+P56+Q56+S56)/R56 -> -570 | U56: =(F56+P56+Q56)/R56 -> -570 | V56: -2.6 | W56: 0 | X56: -0.4 | Y56: -0.2 | Z56: -2.4 | AA56: -3.4 | AB56: 1 | AC56: -1.6 | AD56: 10.4 | AE56: 15.8 | AF56: нужно увеличить продажи!!! | AG56: =H56*S56 -> 0
A57: 6861 ДОМАШНИЙ РЕЦЕПТ Коровино вар п/о Останкино | B57: кг | H57: 0 | J57: матрица | L57: 12 | M57: =E57-L57 -> -12 | P57: 0 | Q57: 0 | R57: =E57/5 -> 0 | T57: =(F57+P57+Q57+S57)/R57 -> #DIV/0! | U57: =(F57+P57+Q57)/R57 -> #DIV/0! | V57: 0 | W57: 0 | X57: 0 | Y57: 0 | Z57: 0 | AA57: 0 | AB57: 0 | AC57: 0 | AD57: 0 | AE57: 0 | AF57: нет потребности
A58: 6866 ВЕТЧ.НЕЖНАЯ Коровино п/о_Маяк Останкино | B58: кг | C58: 43.298 | D58: 0.133 | E58: 39.158 | F58: 4.14 | H58: 1 | I58: 60 | J58: матрица | L58: 109.5 | M58: =E58-L58 -> -70.342 | P58: 73 | Q58: 23 | R58: =E58/5 -> 7.8316 | S58: =16*R58-Q58-P58-F58 -> 25.1656 | T58: =(F58+P58+Q58+S58)/R58 -> 16 | U58: =(F58+P58+Q58)/R58 -> 12.786659 | V58: 9.9422 | W58: 12.0648 | X58: 5.156 | Y58: 7.844 | Z58: 4.236 | AA58: 5.14 | AB58: 2.649 | AC58: 1.791 | AD58: 1.9 | AE58: 1.615 | AG58: =H58*S58 -> 25.1656
A59: 6925 ВЕТЧ.КЛАССИЧЕСКАЯ в/у 0,6кг 8шт. ОСТАНКИНО | B59: шт | C59: 62 | D59: 1 | E59: 29 | F59: 28 | H59: 0 | I59: 45 | J59: вывод | L59: 38 | M59: =E59-L59 -> -9 | P59: 0 | Q59: 53 | R59: =E59/5 -> 5.8 | S59: =16*R59-Q59-P59-F59 -> 11.8 | T59: =(F59+P59+Q59+S59)/R59 -> 16 | U59: =(F59+P59+Q59)/R59 -> 13.965517 | V59: 9.6 | W59: 6 | X59: 7.6 | Y59: 8.2 | Z59: 12.8 | AA59: 10.8 | AB59: 13.8 | AC59: 13 | AD59: 7.6 | AE59: 4.2
A60: 6937 САЛЯМИ Папа может с/к в/у 1/250 8шт Останкино | B60: шт | C60: 120 | F60: 120 | G60: =F60*H60 -> 30 | H60: 0.25 | J60: не в матрице | M60: =E60-L60 -> 0 | P60: 0 | Q60: 0 | R60: =E60/5 -> 0 | T60: =(F60+P60+Q60+S60)/R60 -> #DIV/0! | U60: =(F60+P60+Q60)/R60 -> #DIV/0! | V60: 3.2 | W60: 4.8 | X60: 0 | Y60: 8 | Z60: 0 | AA60: 0 | AB60: 0 | AC60: 0 | AD60: 0 | AE60: 0 | AF60: нужно увеличить продажи!!! / Грация
A61: 6967 БУРГУНДИЯ Папа может с/к в/у 1/250 8шт Останкино | B61: шт | C61: 210 | D61: 2 | E61: 119 | F61: 90 | H61: 0.25 | I61: 120 | J61: матрица | L61: 292 | M61: =E61-L61 -> -173 | P61: 87 | Q61: 239 | R61: =E61/5 -> 23.8 | S61: 50 | T61: =(F61+P61+Q61+S61)/R61 -> 19.579832 | U61: =(F61+P61+Q61)/R61 -> 17.478992 | V61: 41.2 | W61: 35.8 | X61: 24 | Y61: 14.4 | Z61: 17.2 | AA61: 29.8 | AB61: 8.4 | AC61: 9.4 | AD61: 12.8 | AE61: 4.2 | AF61: плюсом 5 дней | AG61: =H61*S61 -> 12.5
A62: 7001 КЛАССИЧЕСКИЕ Папа может сар б/о мгс 1*3 Останкино | B62: кг | C62: 1.056 | E62: -1.054 | F62: 0.006 | H62: 1 | I62: 45 | J62: матрица | L62: 29 | M62: =E62-L62 -> -30.054 | P62: 44 | Q62: 5 | R62: =E62/5 -> -0.2108 | S62: 20 | T62: =(F62+P62+Q62+S62)/R62 -> -327.35294 | U62: =(F62+P62+Q62)/R62 -> -232.47628 | V62: 3.5804 | W62: 5.7594 | X62: -0.002 | Y62: 3.0392 | Z62: 5.0498 | AA62: 3.3026 | AB62: 2.326 | AC62: 2.6434 | AD62: 2.0692 | AE62: 0.5942 | AG62: =H62*S62 -> 20
A63: 7040 С ИНДЕЙКОЙ ПМ сос ц/о в/у 1/270 8шт. ОСТАНКИНО | B63: шт | C63: -1 | E63: 1 | F63: -2 | H63: 0.27 | J63: матрица | L63: 110 | M63: =E63-L63 -> -109 | P63: 205 | Q63: 16 | R63: =E63/5 -> 0.2 | S63: 32 | T63: =(F63+P63+Q63+S63)/R63 -> 1255 | U63: =(F63+P63+Q63)/R63 -> 1095 | V63: 14.8 | W63: 24.8 | X63: 10.4 | Y63: 0 | Z63: 0 | AA63: 0 | AB63: 0 | AC63: 0 | AD63: 0 | AE63: 0 | AF63: новинка | AG63: =H63*S63 -> 8.64
A64: 7059 ШПИКАЧКИ СОЧНЫЕ С БЕК. п/о мгс 0,3кг 60с ОСТАНКИНО | B64: шт | C64: 101 | D64: 2 | E64: 96 | F64: 6 | H64: 0.3 | I64: 60 | J64: матрица | L64: 164 | M64: =E64-L64 -> -68 | P64: 285 | Q64: 0 | R64: =E64/5 -> 19.2 | S64: =16*R64-Q64-P64-F64 -> 16.2 | T64: =(F64+P64+Q64+S64)/R64 -> 16 | U64: =(F64+P64+Q64)/R64 -> 15.15625 | V64: 9.4 | W64: 37.8 | X64: 29.6 | Y64: 15.4 | Z64: 26.8 | AA64: 44 | AB64: 30 | AC64: 34 | AD64: 25.4 | AE64: 37.8 | AG64: =H64*S64 -> 4.86
A65: 7066 СОЧНЫЕ ПМ сос п/о мгс 0,41кг 10шт 50с Останкино | B65: шт | C65: 253 | D65: 8 | E65: 243 | F65: 14 | H65: 0.41 | I65: 50 | J65: матрица | L65: 1574 | M65: =E65-L65 -> -1331 | P65: 117 | Q65: 1901 | R65: =E65/5 -> 48.6 | S65: 1000 | T65: =(F65+P65+Q65+S65)/R65 -> 62.386831 | U65: =(F65+P65+Q65)/R65 -> 41.8107 | V65: 324.6 | W65: 150 | X65: 81.2 | Y65: 212.8 | Z65: 266.8 | AA65: 172.2 | AB65: 150 | AC65: 221.2 | AD65: 150.8 | AE65: 190.8 | AG65: =H65*S65 -> 410
A66: 7070 СОЧНЫЕ ПМ сос п/о 1,5*4_А_50с Останкино | B66: кг | C66: 226.125 | D66: 16.944 | E66: 215.011 | F66: 11.114 | H66: 1 | I66: 50 | J66: матрица | L66: 365.768 | M66: =E66-L66 -> -150.757 | P66: 342 | Q66: 162 | R66: =E66/5 -> 43.0022 | S66: =16*R66-Q66-P66-F66 -> 172.9212 | T66: =(F66+P66+Q66+S66)/R66 -> 16 | U66: =(F66+P66+Q66)/R66 -> 11.978782 | V66: 52.134 | W66: 58.188 | X66: 30.9304 | Y66: 29.0246 | Z66: 23.656 | AA66: 36.4186 | AB66: 13.896 | AC66: 12.9934 | AD66: 16.3936 | AE66: 23.9936 | AG66: =H66*S66 -> 172.9212
A67: 7073 МОЛОЧ.ПРЕМИУМ ПМ сос п/о в/у 1/350_50с Останкино | B67: шт | C67: 103 | D67: 2 | E67: 88 | F67: 15 | H67: 0.35 | I67: 50 | J67: матрица | L67: 340 | M67: =E67-L67 -> -252 | P67: 499 | Q67: 0 | R67: =E67/5 -> 17.6 | S67: 250 | T67: =(F67+P67+Q67+S67)/R67 -> 43.409091 | U67: =(F67+P67+Q67)/R67 -> 29.204545 | V67: 29 | W67: 62 | X67: 32.4 | Y67: 31 | Z67: 41 | AA67: 31.2 | AB67: 33.8 | AC67: 31.2 | AD67: 27.8 | AE67: 32 | AG67: =H67*S67 -> 87.5
A68: 7075 МОЛОЧ.ПРЕМИУМ ПМ сос п/о мгс 1,5*4_О_50с Останкино | B68: кг | C68: 0.007 | F68: 0.007 | H68: 1 | I68: 50 | J68: матрица | L68: 34.5 | M68: =E68-L68 -> -34.5 | P68: 56 | Q68: 0 | R68: =E68/5 -> 0 | S68: 10 | T68: =(F68+P68+Q68+S68)/R68 -> #DIV/0! | U68: =(F68+P68+Q68)/R68 -> #DIV/0! | V68: 1.2568 | W68: 7.3842 | X68: 0.9372 | Y68: 2.504 | Z68: 3.7236 | AA68: 1.5624 | AB68: 2.1746 | AC68: 2.2 | AD68: 3.1534 | AE68: 0.312 | AG68: =H68*S68 -> 10
A69: 7080 СЛИВОЧНЫЕ ПМ сос п/о мгс 0,41кг 10шт 50с Останкино | B69: шт | C69: 375 | D69: 2 | E69: 325 | F69: 50 | H69: 0.41 | I69: 50 | J69: матрица | L69: 877 | M69: =E69-L69 -> -552 | P69: 937 | Q69: 1293 | R69: =E69/5 -> 65 | S69: 300 | T69: =(F69+P69+Q69+S69)/R69 -> 39.692308 | U69: =(F69+P69+Q69)/R69 -> 35.076923 | V69: 200.4 | W69: 174.2 | X69: 38.2 | Y69: 129.4 | Z69: 156.6 | AA69: 120.8 | AB69: 91.6 | AC69: 120.2 | AD69: 94.6 | AE69: 99 | AG69: =H69*S69 -> 123
A70: 7083 СЛИВОЧНЫЕ ПМ сос п/о мгс 1.5*4_А_50с ОСТАНКИНО | B70: кг | C70: 137.937 | D70: 6.181 | E70: 133.229 | F70: 3.173 | H70: 1 | I70: 50 | J70: матрица | L70: 153.33 | M70: =E70-L70 -> -20.101 | P70: 0 | Q70: 106 | R70: =E70/5 -> 26.6458 | S70: =12*R70-Q70-P70-F70 -> 210.5766 | T70: =(F70+P70+Q70+S70)/R70 -> 12 | U70: =(F70+P70+Q70)/R70 -> 4.0971936 | V70: 17.4558 | W70: 13.0438 | X70: 19.4636 | Y70: 6.3722 | Z70: 12.7166 | AA70: 14.8438 | AB70: 8.7586 | AC70: 10.333 | AD70: 10.343 | AE70: 12.3868 | AG70: =H70*S70 -> 210.5766
A71: 7090 СВИНИНА ПО-ДОМ.к/в мл/к в/у 0,3кг_50с Останкино | B71: шт | C71: 212 | D71: 15 | E71: 167 | F71: 47 | H71: 0.3 | I71: 50 | J71: матрица | L71: 339 | M71: =E71-L71 -> -172 | P71: 7 | Q71: 327 | R71: =E71/5 -> 33.4 | S71: =16*R71-Q71-P71-F71 -> 153.4 | T71: =(F71+P71+Q71+S71)/R71 -> 16 | U71: =(F71+P71+Q71)/R71 -> 11.407186 | V71: 54.8 | W71: 36.4 | X71: 29.6 | Y71: 32.8 | Z71: 41 | AA71: 43.6 | AB71: 22.2 | AC71: 27.2 | AD71: 25 | AE71: 18.8 | AG71: =H71*S71 -> 46.02
A72: 7103 БЕКОН Останкино с/к с/н в/у 1/180_50с Останкино | B72: шт | C72: 261 | D72: 1 | E72: 168 | F72: 89 | H72: 0.18 | I72: 50 | J72: матрица | L72: 353 | M72: =E72-L72 -> -185 | P72: 129 | Q72: 299 | R72: =E72/5 -> 33.6 | S72: =16*R72-Q72-P72-F72 -> 20.6 | T72: =(F72+P72+Q72+S72)/R72 -> 16 | U72: =(F72+P72+Q72)/R72 -> 15.386905 | V72: 53 | W72: 47.2 | X72: 9.6 | Y72: 35.6 | Z72: 42 | AA72: 28.4 | AB72: 15.8 | AC72: 6.4 | AD72: 20.4 | AE72: 13.6 | AG72: =H72*S72 -> 3.708
A73: 7149 БАЛЫКОВАЯ Коровино п/к в/у 0,84кг_50с Останкино | B73: кг | H73: 0 | J73: матрица | L73: 6 | M73: =E73-L73 -> -6 | P73: 0 | Q73: 0 | R73: =E73/5 -> 0 | T73: =(F73+P73+Q73+S73)/R73 -> #DIV/0! | U73: =(F73+P73+Q73)/R73 -> #DIV/0! | V73: 0 | W73: 0 | X73: 0 | Y73: 0 | Z73: 0 | AA73: 0 | AB73: 0 | AC73: 0 | AD73: 0 | AE73: 0 | AF73: нет потребности
A74: 7154 СЕРВЕЛАТ ЗЕРНИСТЫЙ ПМ в/к в/у 0,35кг_50с Останкино | B74: шт | C74: 220 | D74: 1 | E74: 157 | F74: =59+F33 -> 58 | H74: 0.35 | I74: 50 | J74: матрица | L74: 943 | M74: =E74-L74 -> -786 | P74: 956 | Q74: 1058 | R74: =E74/5 -> 31.4 | S74: 200 | T74: =(F74+P74+Q74+S74)/R74 -> 72.356688 | U74: =(F74+P74+Q74)/R74 -> 65.987261 | V74: 171.8 | W74: 167.8 | X74: 88.4 | Y74: 88.6 | Z74: 163.2 | AA74: 117.6 | AB74: 85.6 | AC74: 104.4 | AD74: 62.8 | AE74: 93.2 | AG74: =H74*S74 -> 70
A75: 7156 СЕРВЕЛАТ КОПЧ.НА БУКЕ в/к в/у 0.35кг_50с | B75: шт | H75: 0 | J75: матрица | M75: =E75-L75 -> 0 | P75: 0 | Q75: 0 | R75: =E75/5 -> 0 | T75: =(F75+P75+Q75+S75)/R75 -> #DIV/0! | U75: =(F75+P75+Q75)/R75 -> #DIV/0! | V75: 0 | W75: 0 | X75: 0 | Y75: 0 | Z75: 0 | AA75: 0 | AB75: 0 | AC75: 0 | AD75: 0 | AE75: 0 | AF75: нет потребности
A76: 7157 СЕРВЕЛАТ ЗЕРНИСТЫЙ ПМ в/к в/у_50с Останкино | B76: кг | C76: 287.485 | D76: 6.139 | E76: 132.245 | F76: 146.998 | H76: 1 | I76: 50 | J76: матрица | L76: 236.195 | M76: =E76-L76 -> -103.95 | P76: 49 | Q76: 202 | R76: =E76/5 -> 26.449 | S76: =16*R76-Q76-P76-F76 -> 25.186 | T76: =(F76+P76+Q76+S76)/R76 -> 16 | U76: =(F76+P76+Q76)/R76 -> 15.047752 | V76: 38.481 | W76: 36.499 | X76: 22.3724 | Y76: 38.5076 | Z76: 29.7062 | AA76: 31.8204 | AB76: 24.955 | AC76: 19.36 | AD76: 20.7618 | AE76: 27.382 | AG76: =H76*S76 -> 25.186
A77: 7166 СЕРВЕЛАТ ОХОТНИЧИЙ ПМ в/к в/у_50с Останкино | B77: кг | C77: 248.563 | D77: 9.111 | E77: 137.841 | F77: 105.048 | H77: 1 | I77: 50 | J77: матрица | L77: 323.2 | M77: =E77-L77 -> -185.359 | P77: 249 | Q77: 410 | R77: =E77/5 -> 27.5682 | S77: 100 | T77: =(F77+P77+Q77+S77)/R77 -> 31.342199 | U77: =(F77+P77+Q77)/R77 -> 27.714831 | V77: 69.7946 | W77: 60.612 | X77: 40.3394 | Y77: 47.5284 | Z77: 59.7816 | AA77: 56.0388 | AB77: 36.1256 | AC77: 28.1542 | AD77: 33.9756 | AE77: 30.173 | AG77: =H77*S77 -> 100
A78: 7169 СЕРВЕЛАТ ОХОТНИЧИЙ ПМ в/к в/у 0,35кг_50с Останкино | B78: шт | C78: 435 | D78: 5 | E78: 416 | F78: 11 | H78: 0.35 | I78: 50 | J78: матрица | L78: 858 | M78: =E78-L78 -> -442 | P78: 797 | Q78: 1121 | R78: =E78/5 -> 83.2 | S78: 200 | T78: =(F78+P78+Q78+S78)/R78 -> 25.588942 | U78: =(F78+P78+Q78)/R78 -> 23.185096 | V78: 181 | W78: 164.4 | X78: 112.2 | Y78: 124.6 | Z78: 139 | AA78: 128 | AB78: 104.2 | AC78: 95.2 | AD78: 90 | AE78: 103.2 | AG78: =H78*S78 -> 70
A79: 7177 ЧЕСНОЧНАЯ ПМ п/к в/у 0,35кг 8шт_50с Останкино | B79: шт | C79: 110 | E79: 26 | F79: 84 | H79: 0 | J79: не в матрице | L79: 42 | M79: =E79-L79 -> -16 | P79: 0 | Q79: 0 | R79: =E79/5 -> 5.2 | T79: =(F79+P79+Q79+S79)/R79 -> 16.153846 | U79: =(F79+P79+Q79)/R79 -> 16.153846 | V79: 3.6 | W79: 3.2 | X79: 4.8 | Y79: 6.4 | Z79: 0 | AA79: 0 | AB79: 0 | AC79: 0 | AD79: 0 | AE79: 0 | AF79: нужно увеличить продажи!!! / Грация
A80: 7187 ГРУДИНКА ПРЕМИУМ к/в мл/к в/у 0,3кг_50с Останкино | B80: шт | C80: 18 | E80: 20 | F80: 1 | H80: 0.3 | I80: 50 | J80: матрица | L80: 268 | M80: =E80-L80 -> -248 | P80: 152 | Q80: 222 | R80: =E80/5 -> 4 | S80: 50 | T80: =(F80+P80+Q80+S80)/R80 -> 106.25 | U80: =(F80+P80+Q80)/R80 -> 93.75 | V80: 39.2 | W80: 26.6 | X80: 20.6 | Y80: 23 | Z80: 20 | AA80: 27 | AB80: 28.2 | AC80: 19.2 | AD80: 21.6 | AE80: 18.4 | AG80: =H80*S80 -> 15
A81: 7231 КЛАССИЧЕСКАЯ ПМ вар п/о 0,3кг 8 шт_209к Останкино | B81: шт | C81: 43 | E81: 40 | F81: 2 | H81: 0.3 | I81: 60 | J81: матрица | L81: 61 | M81: =E81-L81 -> -21 | P81: 60 | Q81: 16 | R81: =E81/5 -> 8 | S81: =16*R81-Q81-P81-F81 -> 50 | T81: =(F81+P81+Q81+S81)/R81 -> 16 | U81: =(F81+P81+Q81)/R81 -> 9.75 | V81: 5.2 | W81: 9.6 | X81: 8.4 | Y81: 4.6 | Z81: 4 | AA81: 7.8 | AB81: 5.8 | AC81: 9 | AD81: 6.4 | AE81: 3.4 | AG81: =H81*S81 -> 15
A82: 7232 БОЯNСКАЯ ПМ п/к в/у 0,28кг 8шт_209к Останкино | B82: шт | C82: 116 | D82: 1 | E82: 110 | F82: 4 | H82: 0.28 | I82: 50 | J82: матрица | L82: 543 | M82: =E82-L82 -> -433 | P82: 619 | Q82: 703 | R82: =E82/5 -> 22 | T82: =(F82+P82+Q82+S82)/R82 -> 60.272727 | U82: =(F82+P82+Q82)/R82 -> 60.272727 | V82: 110.6 | W82: 99.4 | X82: 52.6 | Y82: 55.4 | Z82: 88.4 | AA82: 94.2 | AB82: 52.8 | AC82: 65.6 | AD82: 54.8 | AE82: 60.4 | AG82: =H82*S82 -> 0
A83: 7236 СЕРВЕЛАТ КАРЕЛЬСКИЙ в/к в/у 0,28кг_209к Останкино | B83: шт | C83: 207 | D83: 18 | E83: 217 | F83: 7 | H83: 0.28 | I83: 45 | J83: матрица | L83: 551 | M83: =E83-L83 -> -334 | P83: 465 | Q83: 780 | R83: =E83/5 -> 43.4 | S83: 200 | T83: =(F83+P83+Q83+S83)/R83 -> 33.456221 | U83: =(F83+P83+Q83)/R83 -> 28.847926 | V83: 132 | W83: 102 | X83: 67.6 | Y83: 86.6 | Z83: 90.2 | AA83: 81.8 | AB83: 59.8 | AC83: 55.2 | AD83: 44.4 | AE83: 60.6 | AG83: =H83*S83 -> 56
A84: 7238 СЕРВЕЛАТ ОРЕХОВЫЙ в/к в/у 0,31кг_209к Останкино | B84: шт | C84: 140 | F84: 140 | G84: =F84*H84 -> 43.4 | H84: 0.31 | J84: не в матрице | M84: =E84-L84 -> 0 | P84: 0 | Q84: 0 | R84: =E84/5 -> 0 | T84: =(F84+P84+Q84+S84)/R84 -> #DIV/0! | U84: =(F84+P84+Q84)/R84 -> #DIV/0! | V84: 0.4 | W84: 6.4 | X84: 0 | Y84: 1.6 | Z84: 3.2 | AA84: 0 | AB84: 0 | AC84: 0 | AD84: 0 | AE84: 0 | AF84: нужно увеличить продажи!!! / Грация
A85: 7241 САЛЯМИ Папа может п/к в/у 0,28кг ОСТАНКИНО | B85: шт | C85: 217 | D85: 3 | E85: 186 | F85: 27 | H85: 0.28 | I85: 45 | J85: матрица | L85: 486 | M85: =E85-L85 -> -300 | P85: 281 | Q85: 637 | R85: =E85/5 -> 37.2 | S85: 100 | T85: =(F85+P85+Q85+S85)/R85 -> 28.091398 | U85: =(F85+P85+Q85)/R85 -> 25.403226 | V85: 103.2 | W85: 77.2 | X85: 52.2 | Y85: 71.8 | Z85: 70.8 | AA85: 74.2 | AB85: 48.8 | AC85: 44.4 | AD85: 43.2 | AE85: 40 | AG85: =H85*S85 -> 28
A86: 7255 МЯСНЫЕ С ГОВЯД.ПМ сос п/о мгс 0.4кг 6шт. ОСТАНКИНО | B86: шт | C86: 749 | D86: 16 | E86: 722 | F86: 26 | H86: 0.4 | I86: 50 | J86: матрица | L86: 1028 | M86: =E86-L86 -> -306 | P86: 962 | Q86: 352 | R86: =E86/5 -> 144.4 | S86: =16*R86-Q86-P86-F86 -> 970.4 | T86: =(F86+P86+Q86+S86)/R86 -> 16 | U86: =(F86+P86+Q86)/R86 -> 9.2797784 | V86: 147.8 | W86: 187.2 | X86: 136.4 | Y86: 73 | Z86: 123.8 | AA86: 112.6 | AB86: 89.6 | AC86: 96 | AD86: 94.4 | AE86: 101.8 | AG86: =H86*S86 -> 388.16
A87: 7284 ДЛЯ ДЕТЕЙ сос п/о мгс 0,33кг 6шт Останкино | B87: шт | C87: -1 | F87: -1 | H87: 0 | J87: не в матрице | K87: 7461 ДЛЯ ДЕТЕЙ Папа Может сос п/о мгс 0,33кг ОСТАНКИНО | L87: 17 | M87: =E87-L87 -> -17 | Q87: 0 | R87: =E87/5 -> 0 | T87: =(F87+P87+Q87+S87)/R87 -> #DIV/0! | U87: =(F87+P87+Q87)/R87 -> #DIV/0! | V87: 0.2 | W87: 0 | X87: 0 | Y87: 0 | Z87: 0 | AA87: 0 | AB87: 0 | AC87: 0 | AD87: 0 | AE87: 0
A88: 7299 НАБОР ДЛЯ ПИЦЦЫ Папа Может с/к в/у ОСТАНКИНО | B88: кг | C88: 122.913 | D88: 1.553 | E88: 19.197 | F88: 103.636 | H88: 1 | I88: 30 | J88: матрица | L88: 20.65 | M88: =E88-L88 -> -1.453 | P88: 0 | Q88: 0 | R88: =E88/5 -> 3.8394 | T88: =(F88+P88+Q88+S88)/R88 -> 26.992759 | U88: =(F88+P88+Q88)/R88 -> 26.992759 | V88: 4.0342 | W88: 0.092 | X88: 3.0342 | Y88: 4.6256 | Z88: 0.9488 | AA88: 0.786 | AB88: 0 | AC88: 0 | AD88: 0 | AE88: 0 | AF88: нужно увеличить продажи!!! / новинка / 100кг под ТК (Титенок просила 200кг 12,08,26) | AG88: =H88*S88 -> 0
A89: 7332 БОЯРСКАЯ ПМ п/к в/у 0,28кг ОСТАНКИНО | B89: шт | C89: 25 | E89: 22 | F89: 3 | H89: 0 | I89: 50 | J89: вывод | L89: 55 | M89: =E89-L89 -> -33 | P89: 6 | Q89: 25 | R89: =E89/5 -> 4.4 | T89: =(F89+P89+Q89+S89)/R89 -> 7.7272727 | U89: =(F89+P89+Q89)/R89 -> 7.7272727 | V89: 4 | W89: 4.4 | X89: 5.4 | Y89: 2.8 | Z89: 5.2 | AA89: 5.6 | AB89: 4.4 | AC89: 3.6 | AD89: 6.4 | AE89: 5.2
A90: 7334 МЯСНАЯ СО ШПИКОМ ПМ вар п/о 0.4кг 8шт. | B90: шт | C90: 280 | F90: 280 | G90: =F90*H90 -> 112 | H90: 0.4 | J90: не в матрице | M90: =E90-L90 -> 0 | P90: 0 | Q90: 0 | R90: =E90/5 -> 0 | T90: =(F90+P90+Q90+S90)/R90 -> #DIV/0! | U90: =(F90+P90+Q90)/R90 -> #DIV/0! | V90: 0 | W90: 0 | X90: 0 | Y90: 0 | Z90: 0 | AA90: 0 | AB90: 0 | AC90: 0 | AD90: 0 | AE90: 0 | AF90: нужно увеличить продажи!!! / Грация
A91: 7382 САЛЯМИ МЕЛКОЗЕРНЕНАЯ с/к в/у1/120 8шт. ОСТАНКИНО | B91: шт | C91: 299 | D91: 4 | E91: 250 | F91: 49 | H91: 0.12 | I91: 60 | J91: матрица | L91: 484 | M91: =E91-L91 -> -234 | P91: 398 | Q91: 465 | R91: =E91/5 -> 50 | T91: =(F91+P91+Q91+S91)/R91 -> 18.24 | U91: =(F91+P91+Q91)/R91 -> 18.24 | V91: 83 | W91: 79 | X91: 54.8 | Y91: 35.6 | Z91: 57.8 | AA91: 44.4 | AB91: 26.4 | AC91: 32.6 | AD91: 18.4 | AE91: 33.8 | AG91: =H91*S91 -> 0
A92: 7386 БАРСЕЛОНА ПМ с/к в/у 1/150 ОСТАНКИНО | B92: шт | C92: 35 | D92: 1 | E92: 17 | F92: 18 | H92: 0.15 | I92: 90 | J92: матрица | L92: 120 | M92: =E92-L92 -> -103 | P92: 0 | Q92: 0 | R92: =E92/5 -> 3.4 | S92: =16*R92-Q92-P92-F92 -> 36.4 | T92: =(F92+P92+Q92+S92)/R92 -> 16 | U92: =(F92+P92+Q92)/R92 -> 5.2941176 | V92: 9 | W92: 7.2 | X92: 5.4 | Y92: 9 | Z92: 0 | AA92: 0 | AB92: 0 | AC92: 0 | AD92: 0 | AE92: 0 | AF92: новинка | AG92: =H92*S92 -> 5.46
A93: 7461 ДЛЯ ДЕТЕЙ Папа Может сос п/о мгс 0,33кг ОСТАНКИНО | B93: шт | C93: 158 | D93: 6 | E93: 152 | F93: =6+F87 -> 5 | H93: 0.33 | I93: 30 | J93: матрица | L93: 235 | M93: =E93-L93 -> -83 | P93: 248 | Q93: 194 | R93: =E93/5 -> 30.4 | S93: =16*R93-Q93-P93-F93 -> 39.4 | T93: =(F93+P93+Q93+S93)/R93 -> 16 | U93: =(F93+P93+Q93)/R93 -> 14.703947 | V93: 43 | W93: 45.2 | X93: 1.8 | Y93: 37.8 | Z93: 56 | AA93: 32.2 | AB93: 40 | AC93: 37.4 | AD93: 23 | AE93: 38 | AG93: =H93*S93 -> 13.002
A94: 7485 РИЕТ МЯСНОЙ С ГРИБАМИ ПМ п/о 1/150 ОСТАНКИНО | B94: шт | C94: 52 | D94: 2 | E94: 50 | F94: 4 | H94: 0.15 | I94: 60 | J94: матрица | L94: 246 | M94: =E94-L94 -> -196 | P94: 0 | Q94: 49 | R94: =E94/5 -> 10 | S94: =13*R94-Q94-P94-F94 -> 77 | T94: =(F94+P94+Q94+S94)/R94 -> 13 | U94: =(F94+P94+Q94)/R94 -> 5.3 | V94: 7.8 | W94: 5.8 | X94: 0 | Y94: 0 | Z94: 0 | AA94: 0 | AB94: 0 | AC94: 0 | AD94: 0 | AE94: 0 | AF94: новинка / 100шт под ТК (Титенок просила 150шт 12,08,26) | AG94: =H94*S94 -> 11.55
A95: 7513 ВОСКРЕСЕНСКАЯ ВЯЛЕНАЯ в/к в/у срез 1/260 ОСТАНКИНО | B95: шт | C95: 56 | D95: 3 | E95: 55 | F95: 2 | H95: 0.26 | I95: 45 | J95: матрица | L95: 139 | M95: =E95-L95 -> -84 | P95: 0 | Q95: 39 | R95: =E95/5 -> 11 | S95: =12*R95-Q95-P95-F95 -> 91 | T95: =(F95+P95+Q95+S95)/R95 -> 12 | U95: =(F95+P95+Q95)/R95 -> 3.7272727 | V95: 6.8 | W95: 2.8 | X95: 0 | Y95: 0 | Z95: 0 | AA95: 0 | AB95: 0 | AC95: 0 | AD95: 0 | AE95: 0 | AF95: новинка / 80шт под ТК (Титенок просила 100шт 12,08,26) | AG95: =H95*S95 -> 23.66
A96: 7516 НОВОМОСКОВСКАЯ в/к в/у срез 0.31кг ОСТАНКИНО | B96: шт | C96: 45 | D96: 2 | E96: 45 | F96: 1 | H96: 0.31 | I96: 45 | J96: матрица | L96: 226 | M96: =E96-L96 -> -181 | P96: 0 | Q96: 49 | R96: =E96/5 -> 9 | S96: =14*R96-Q96-P96-F96 -> 76 | T96: =(F96+P96+Q96+S96)/R96 -> 14 | U96: =(F96+P96+Q96)/R96 -> 5.5555556 | V96: 7.8 | W96: 4 | X96: 0 | Y96: 0 | Z96: 0 | AA96: 0 | AB96: 0 | AC96: 0 | AD96: 0 | AE96: 0 | AF96: новинка / 80шт под ТК (Титенок просила 100шт 12,08,26) | AG96: =H96*S96 -> 23.56
A97: 7523 ГОВЯЖЬЯ Папа Может вар п/о 0,4кг 6шт. ОСТАНКИНО | B97: шт | C97: 177 | D97: 3 | E97: 122 | F97: 55 | H97: 0.4 | I97: 60 | J97: матрица | L97: 311 | M97: =E97-L97 -> -189 | P97: 252 | Q97: 416 | R97: =E97/5 -> 24.4 | T97: =(F97+P97+Q97+S97)/R97 -> 29.631148 | U97: =(F97+P97+Q97)/R97 -> 29.631148 | V97: 65 | W97: 53.4 | X97: 32 | Y97: 33 | Z97: 43 | AA97: 36.6 | AB97: 18.6 | AC97: 15.8 | AD97: 22.2 | AE97: 20.4 | AG97: =H97*S97 -> 0
A98: 7539 ДОКТОРСКАЯ ГОСТ вар п/о 0,35кг ОСТАНКИНО | B98: шт | H98: 0.35 | I98: 60 | J98: матрица | L98: 98 | M98: =E98-L98 -> -98 | P98: 40 | Q98: 0 | R98: =E98/5 -> 0 | T98: =(F98+P98+Q98+S98)/R98 -> #DIV/0! | U98: =(F98+P98+Q98)/R98 -> #DIV/0! | V98: 0 | W98: 4.6 | X98: 3.6 | Y98: 1 | Z98: 0.6 | AA98: 0.4 | AB98: 0.6 | AC98: 2.6 | AD98: 1.8 | AE98: 0.4 | AF98: 34шт списание (11,08,26) | AG98: =H98*S98 -> 0
A99: 7562 КРАКОВСКАЯ ГОСТ Останкино п/к н/о мгс ОСТАНКИНО | B99: кг | C99: 78.791 | D99: 2.533 | E99: 58.666 | F99: 20.125 | H99: 1 | I99: 45 | J99: матрица | L99: 53.565 | M99: =E99-L99 -> 5.101 | P99: 0 | Q99: 0 | R99: =E99/5 -> 11.7332 | S99: =10*R99-Q99-P99-F99 -> 97.207 | T99: =(F99+P99+Q99+S99)/R99 -> 10 | U99: =(F99+P99+Q99)/R99 -> 1.7152184 | V99: 0.347 | W99: 0.5008 | X99: 0 | Y99: 0 | Z99: 0 | AA99: 0 | AB99: 0 | AC99: 0 | AD99: 0 | AE99: 0 | AF99: новинка / 80кг под ТК (Титенок просила 100кг 12,08,26) | AG99: =H99*S99 -> 97.207
A100: 7564 Балыковая в/к в/у Останкино Вес ОСТАНКИНО | B100: кг | C100: 32.887 | E100: 32.964 | F100: -0.077 | H100: 1 | I100: 45 | J100: матрица | L100: 58.04 | M100: =E100-L100 -> -25.076 | P100: 0 | Q100: 81 | R100: =E100/5 -> 6.5928 | S100: =16*R100-Q100-P100-F100 -> 24.5618 | T100: =(F100+P100+Q100+S100)/R100 -> 16 | U100: =(F100+P100+Q100)/R100 -> 12.274451 | V100: 12.7 | W100: 5.0626 | X100: 0.5058 | Y100: 9.2892 | Z100: 4.9366 | AA100: 0.8584 | AB100: 15.9528 | AC100: 3.9324 | AD100: 2.3768 | AE100: 0.5024 | AG100: =H100*S100 -> 24.5618
A101: 7601 ДЛЯ ДЕТЕЙ Папа может сос п/о мгс 0.264кг ОСТАНКИНО | B101: шт | C101: 160 | F101: 160 | G101: =F101*H101 -> 42.24 | H101: 0.264 | J101: не в матрице | L101: 6 | M101: =E101-L101 -> -6 | P101: 0 | Q101: 0 | R101: =E101/5 -> 0 | T101: =(F101+P101+Q101+S101)/R101 -> #DIV/0! | U101: =(F101+P101+Q101)/R101 -> #DIV/0! | V101: 4.4 | W101: 2.2 | X101: 1 | Y101: 0 | Z101: 0 | AA101: 0 | AB101: 0 | AC101: 0 | AD101: 0 | AE101: 0 | AF101: нужно увеличить продажи!!! / помощь заводу
A102: 7603 БАЛЫКОВАЯ в/к в/у 0.33кг 8шт. ОСТАНКИНО | B102: шт | C102: 28 | F102: 28 | G102: =F102*H102 -> 9.24 | H102: 0.33 | I102: 45 | J102: матрица | L102: 362 | M102: =E102-L102 -> -362 | P102: 156 | Q102: 0 | R102: =E102/5 -> 0 | T102: =(F102+P102+Q102+S102)/R102 -> #DIV/0! | U102: =(F102+P102+Q102)/R102 -> #DIV/0! | V102: -2.2 | W102: 23 | X102: 25.8 | Y102: 35.2 | Z102: 18.8 | AA102: 4.8 | AB102: 21.6 | AC102: 23.6 | AD102: 18 | AE102: 0.2 | AF102: нужно увеличить продажи!!! / 374шт списание (11,08,26) | AG102: =H102*S102 -> 0
...

Sheet новинки
A1: 7514 | B1: 1001017557514 | C1: ЛЮБИТЕЛЬСКАЯ ОСТАНКИНСКАЯ вар ц/о в/у | D1: =A1&" "&C1 -> 7514 ЛЮБИТЕЛЬСКАЯ ОСТАНКИНСКАЯ вар ц/о в/у | E1: кг | F1: =VLOOKUP(B1,[1]КИ_ПФ!$B:$Q,16,0) -> 30 | G1: =VLOOKUP(B1,[1]КИ_ПФ!$B:$C,2,0) -> ЛЮБИТЕЛЬСКАЯ ОСТАНКИНСКАЯ вар ц/о в/у | H1: 1
A2: 7518 | B2: 1001017567518 | C2: ТЕЛЯЧЬЯ ГОСТ Останкино вар н/о в/у | D2: =A2&" "&C2 -> 7518 ТЕЛЯЧЬЯ ГОСТ Останкино вар н/о в/у | E2: кг | F2: =VLOOKUP(B2,[1]КИ_ПФ!$B:$Q,16,0) -> 30 | G2: =VLOOKUP(B2,[1]КИ_ПФ!$B:$C,2,0) -> ТЕЛЯЧЬЯ ГОСТ Останкино вар н/о в/у | H2: 1
A3: 6929 | B3: 1001085476929 | C3: КАРБОНAД ДОМАШНИЙ ПМ к/в кр/к в/у | D3: =A3&" "&C3 -> 6929 КАРБОНAД ДОМАШНИЙ ПМ к/в кр/к в/у | E3: кг | F3: =VLOOKUP(B3,[1]КИ_ПФ!$B:$Q,16,0) -> 45 | G3: =VLOOKUP(B3,[1]КИ_ПФ!$B:$C,2,0) -> КАРБОНAД ДОМАШНИЙ ПМ к/в кр/к в/у | H3: 1
A4: 614 | B4: 1001060720614 | C4: ПРАЗДНИЧНАЯ с/к в/с дек.спец.мгс | D4: 0614 ПРАЗДНИЧНАЯ с/к в/с дек.спец.мгс Останкино | E4: кг | F4: =VLOOKUP(B4,[1]КИ_ПФ!$B:$Q,16,0) -> 120 | G4: =VLOOKUP(B4,[1]КИ_ПФ!$B:$C,2,0) -> ПРАЗДНИЧНАЯ с/к в/с дек.спец.мгс | H4: 1
A5: 7143 | B5: 1001060717143 | C5: БРАУНШВЕЙГСКАЯ ГОСТ с/к в/у 1/220 8шт. | D5: =A5&" "&C5 -> 7143 БРАУНШВЕЙГСКАЯ ГОСТ с/к в/у 1/220 8шт. | E5: шт | F5: =VLOOKUP(B5,[1]КИ_ПФ!$B:$Q,16,0) -> 120 | G5: =VLOOKUP(B5,[1]КИ_ПФ!$B:$C,2,0) -> БРАУНШВЕЙГСКАЯ ГОСТ с/к в/у 1/220 8шт. | H5: 0.22
A6: 7710 | B6: 1001307587710 | C6: КРАКОВСКАЯ ГОСТ п/к н/о мгс 0.3кг | D6: =A6&" "&C6 -> 7710 КРАКОВСКАЯ ГОСТ п/к н/о мгс 0.3кг | E6: шт | F6: 45 | G6: КРАКОВСКАЯ ГОСТ п/к н/о мгс 0.3кг | H6: 0.3
A7: 7456 | B7: 1001063097456 | C7: САЛЯМИ ФИНСКАЯ Папа может с/к в/у 1/150 | D7: =A7&" "&C7 -> 7456 САЛЯМИ ФИНСКАЯ Папа может с/к в/у 1/150 | E7: шт | F7: =VLOOKUP(B7,[1]КИ_ПФ!$B:$Q,16,0) -> 90 | G7: =VLOOKUP(B7,[1]КИ_ПФ!$B:$C,2,0) -> САЛЯМИ ФИНСКАЯ Папа может с/к в/у 1/150 | H7: 0.15
A8: 7386 | B8: 1001067017386 | C8: БАРСЕЛОНА ПМ с/к в/у 1/150 | D8: 7386 БАРСЕЛОНА ПМ с/к в/у 1/150 ОСТАНКИНО | E8: шт | F8: =VLOOKUP(B8,[1]КИ_ПФ!$B:$Q,16,0) -> 90 | G8: =VLOOKUP(B8,[1]КИ_ПФ!$B:$C,2,0) -> БАРСЕЛОНА ПМ с/к в/у 1/150 | H8: 0.15
A9: 7344 | B9: 1001122287344 | C9: КОНСЕРВЫ МЯС.ГОВЯДИНА ТУШ. В/С 338г_ЧЗ | D9: =A9&" "&C9 -> 7344 КОНСЕРВЫ МЯС.ГОВЯДИНА ТУШ. В/С 338г_ЧЗ | E9: шт | F9: =VLOOKUP(B9,[1]КИ_ПФ!$B:$Q,16,0) -> 3 года | G9: =VLOOKUP(B9,[1]КИ_ПФ!$B:$C,2,0) -> КОНСЕРВЫ МЯС.ГОВЯДИНА ТУШ. В/С 338г_ЧЗ | H9: 0.338
A10: 7345 | B10: 1001123677345 | C10: КОНСЕРВЫ МЯС.СВИНИНА ТУШ. В/С 325г_ЧЗ | D10: =A10&" "&C10 -> 7345 КОНСЕРВЫ МЯС.СВИНИНА ТУШ. В/С 325г_ЧЗ | E10: шт | F10: =VLOOKUP(B10,[1]КИ_ПФ!$B:$Q,16,0) -> 3 года | G10: =VLOOKUP(B10,[1]КИ_ПФ!$B:$C,2,0) -> КОНСЕРВЫ МЯС.СВИНИНА ТУШ. В/С 325г_ЧЗ | H10: 0.325

Sheet вывод
A1: 6411 ВЕТЧ.РУБЛЕНАЯ ПМ в/у срез 0.3кг 6шт. ОСТАНКИНО | B1: вывод
A2: 6925 ВЕТЧ.КЛАССИЧЕСКАЯ в/у 0,6кг 8шт. ОСТАНКИНО | B2: вывод
A3: 7332 БОЯРСКАЯ ПМ п/к в/у 0,28кг ОСТАНКИНО | B3: вывод
A4: 7608 СЕРВЕЛАТ ШВЕЙЦАРСК.в/к с/н в/у 1/100_Л11 ОСТАНКИНО | B4: вывод
A5: 7612 БАЛЫК с/к с/н в/у 1/100 10шт_ ОСТАНКИНО | B5: вывод
