Workbook

Sheet ЗПФ
A1: Заказ | B1: "Счет на" в заказе | C1: Краткое наименование | D1: Вес нетто | E1: Сумма заказа | F1: Тип заказа | G1: Статус | H1: Дата поставки | I1: Время огрузки | J1: Блокировано по КЛ | K1: Блокировано по УПДЗ | L1: Блокировано по предоплате
A2: 6340435 | B2: Бердянск | C2: TSO001141671 | D2: 1543.48 | E2: 447909.72 | F2: Заказ | G2: Фин.контроль пройден | H2: 46321 | I2: 10:00:00 | J2: Нет | K2: Нет | L2: Нет
A3: 6340436 | B3: Мелитополь | C3: TSO001141667 | D3: 6848.88 | E3: 1641561.5 | F3: Заказ | G3: Фин.контроль пройден | H3: 46321 | I3: 10:00:00 | J3: Нет | K3: Нет | L3: Нет
A4: 6340437 | B4: Мариуполь | C4: TSO001141676 | D4: 6162.36 | E4: 1535972.5 | F4: Заказ | G4: Фин.контроль пройден | H4: 46321 | I4: 10:00:00 | J4: Нет | K4: Нет | L4: Нет
A5: Итого: | D5: =SUM(D2:D4) -> 14554.72 | E5: =SUM(E2:E4) -> 3625443.7
A6: 6340439 | B6: Донецк | C6: TSO001141686 | D6: 12853.84 | E6: 3637968.9 | F6: Заказ | G6: Фин.контроль пройден | H6: 46322 | I6: 12:00:00 | J6: Нет | K6: Нет | L6: Нет
A7: Итого: | D7: =SUM(D6) -> 12853.84 | E7: =SUM(E6) -> 3637968.9
A8: 6340442 | B8: Луганск | C8: TSO001141681 | D8: 12091.88 | E8: 3242301.7 | F8: Заказ | G8: Фин.контроль пройден | H8: 46322 | I8: 11:00:00 | J8: Нет | K8: Нет | L8: Нет
A9: Итого: | D9: =SUM(D8) -> 12091.88 | E9: =SUM(E8) -> 3242301.7

Sheet КИ
A1: Заказ | B1: "Счет на" в заказе | C1: Краткое наименование | D1: Вес нетто | E1: Сумма заказа | F1: Тип заказа | G1: Статус | H1: Дата поставки | I1: Время огрузки | J1: Блокировано по КЛ | K1: Блокировано по УПДЗ | L1: Блокировано по предоплате | P1: недогруз
A2: 6339353 | B2: TSO001140859 | C2: НВДонецЧаа | D2: 5020.8 | E2: 1181020.6 | F2: Заказ | G2: Фин.контроль пройден | H2: 46321 | I2: 00:10:00 | J2: Нет | K2: Нет | L2: Нет | M2: ОПТ | N2: =VLOOKUP(B2,[1]Лист1!$O:$S,5,0) -> 0 | O2: =VLOOKUP(B2,[1]Лист1!$O:$T,6,0) -> 0 | P2: =D2-O2 -> 5020.8 | Q2: =VLOOKUP(B2,[1]Лист1!$O:$R,4,0) -> 0
A3: 6339354 | B3: TSO001140858 | C3: НВДонецЧаа | D3: 12590.42 | E3: 2900349.6 | F3: Заказ | G3: Фин.контроль пройден | H3: 46321 | I3: 00:10:00 | J3: Нет | K3: Нет | L3: Нет | M3: =VLOOKUP(B3,[1]Лист1!$O:$U,7,0) -> 0 | N3: =VLOOKUP(B3,[1]Лист1!$O:$S,5,0) -> 0 | O3: =VLOOKUP(B3,[1]Лист1!$O:$T,6,0) -> 0 | P3: =D3-O3 -> 12590.42 | Q3: =VLOOKUP(B3,[1]Лист1!$O:$R,4,0) -> 0
A4: Итого: | D4: =SUM(D2:D3) -> 17611.22
A5: КСК | B5: TSO001140870 | D5: 4320.48 | M5: ОПТ | Q5: 2
A6: 6339221 | B6: TSO001140853 | C6: НВМарКупр | D6: 5002.24 | E6: 1110546.6 | F6: Заказ | G6: Фин.контроль пройден | H6: 46321 | I6: 00:10:00 | J6: Нет | K6: Нет | L6: Нет | M6: =VLOOKUP(B6,[1]Лист1!$O:$U,7,0) -> 0 | N6: =VLOOKUP(B6,[1]Лист1!$O:$S,5,0) -> 0 | O6: =VLOOKUP(B6,[1]Лист1!$O:$T,6,0) -> 0 | P6: =D6-O6 -> 5002.24 | Q6: =VLOOKUP(B6,[1]Лист1!$O:$R,4,0) -> отгружен
A7: 6339273 | B7: TSO001140851 | C7: НВМелСемен | D7: 4329.7 | E7: 886800.01 | F7: Заказ | G7: Фин.контроль пройден | H7: 46321 | I7: 00:10:00 | J7: Нет | K7: Нет | L7: Нет | M7: =VLOOKUP(B7,[1]Лист1!$O:$U,7,0) -> 0 | N7: =VLOOKUP(B7,[1]Лист1!$O:$S,5,0) -> 0 | O7: =VLOOKUP(B7,[1]Лист1!$O:$T,6,0) -> 0 | P7: =D7-O7 -> 4329.7 | Q7: =VLOOKUP(B7,[1]Лист1!$O:$R,4,0) -> отгружен
A8: 6339276 | B8: TSO001140852 | C8: НВМелСемен | D8: 3725.24 | E8: 756690.53 | F8: Заказ | G8: Фин.контроль пройден | H8: 46321 | I8: 00:10:00 | J8: Нет | K8: Нет | L8: Нет | M8: ОПТ | N8: =VLOOKUP(B8,[1]Лист1!$O:$S,5,0) -> 0 | O8: =VLOOKUP(B8,[1]Лист1!$O:$T,6,0) -> 0 | P8: =D8-O8 -> 3725.24 | Q8: =VLOOKUP(B8,[1]Лист1!$O:$R,4,0) -> отгружен
A9: дозаказ | C9: НВМарКупр | D9: 180 | R9: дозаказ | S9: не забрали - ОТМЕНИТЬ
A10: Итого: | D10: =SUM(D5:D9) -> 17557.66 | P10: =SUM(P5:P8) -> 13057.18
A11: 6339303 | B11: TSO001140871 | C11: НВМелСемен | D11: 8457.24 | E11: 1777906 | F11: Заказ | G11: Фин.контроль пройден | H11: 46321 | I11: 00:10:00 | J11: Нет | K11: Нет | L11: Нет | M11: =VLOOKUP(B11,[1]Лист1!$O:$U,7,0) -> 0 | N11: =VLOOKUP(B11,[1]Лист1!$O:$S,5,0) -> 0 | O11: =VLOOKUP(B11,[1]Лист1!$O:$T,6,0) -> 0 | P11: =D11-O11 -> 8457.24 | Q11: =VLOOKUP(B11,[1]Лист1!$O:$R,4,0) -> 0
A12: 6339355 | B12: TSO001140860 | C12: НВТрояны | D12: 8785.96 | E12: 1970594 | F12: Заказ | G12: Фин.контроль пройден | H12: 46321 | I12: 00:10:00 | J12: Нет | K12: Нет | L12: Нет | M12: =VLOOKUP(B12,[1]Лист1!$O:$U,7,0) -> 0 | N12: =VLOOKUP(B12,[1]Лист1!$O:$S,5,0) -> 0 | O12: =VLOOKUP(B12,[1]Лист1!$O:$T,6,0) -> 0 | P12: =D12-O12 -> 8785.96 | Q12: =VLOOKUP(B12,[1]Лист1!$O:$R,4,0) -> 0
A13: дозаказ | C13: НВТрояны | D13: 510 | M13: Бердянск | R13: дозаказ
A14: Итого: | D14: =SUM(D11:D13) -> 17753.2 | P14: =SUM(P11:P12) -> 17243.2
A15: 6340144 | B15: TSO001141584 | C15: НВДонецЧаа | D15: =16677.73-1900 -> 14777.73 | E15: 4389196.4 | F15: Заказ | G15: Фин.контроль пройден | H15: 46321 | I15: 16:00:00 | J15: Нет | K15: Нет | L15: Нет | M15: =VLOOKUP(B15,[1]Лист1!$O:$U,7,0) -> 0 | N15: =VLOOKUP(B15,[1]Лист1!$O:$S,5,0) -> 0 | O15: =VLOOKUP(B15,[1]Лист1!$O:$T,6,0)-1900 -> -1900 | P15: =D15-O15 -> 16677.73 | Q15: =VLOOKUP(B15,[1]Лист1!$O:$R,4,0) -> 0 | R15: урезание | S15: 30 паллет / будет догруз
A16: 6340384 | B16: TSO001141581 | C16: НВМарКупр | D16: 1998.14 | E16: 484415.92 | F16: Заказ | G16: Фин.контроль пройден | H16: 46321 | I16: 16:00:00 | J16: Нет | K16: Нет | L16: Нет | M16: =VLOOKUP(B16,[1]Лист1!$O:$U,7,0) -> 0 | N16: =VLOOKUP(B16,[1]Лист1!$O:$S,5,0) -> 0 | O16: =VLOOKUP(B16,[1]Лист1!$O:$T,6,0) -> 0 | P16: =D16-O16 -> 1998.14 | Q16: =VLOOKUP(B16,[1]Лист1!$O:$R,4,0) -> 0
A17: Итого: | D17: =SUM(D15:D16) -> 16775.87
A18: 6340194 | B18: TSO001141596 | C18: НВЛугРабоч | D18: 17075.75 | E18: 4187980.4 | F18: Заказ | G18: Фин.контроль пройден | H18: 46321 | I18: 16:00:00 | J18: Нет | K18: Нет | L18: Нет | M18: =VLOOKUP(B18,[1]Лист1!$O:$U,7,0) -> 0 | N18: =VLOOKUP(B18,[1]Лист1!$O:$S,5,0) -> 0 | O18: =VLOOKUP(B18,[1]Лист1!$O:$T,6,0) -> 0 | P18: =D18-O18 -> 17075.75 | Q18: =VLOOKUP(B18,[1]Лист1!$O:$R,4,0) -> отгружен | S18: 31 паллет / будет догруз
A19: дозаказ | C19: НВЛугРабоч | D19: 300 | R19: дозаказ | S19: не забрали - ОТМЕНИТЬ
A20: Итого: | D20: =SUM(D18) -> 17075.75 | P20: =SUM(P18) -> 17075.75
A21: КСК | B21: TSO001141585 | D21: 7079.14 | M21: ОПТ | Q21: 6
A22: 6340381 | B22: TSO001141577 | C22: НВТрояны | D22: 2922.22 | E22: 779572.36 | F22: Заказ | G22: Фин.контроль пройден | H22: 46321 | I22: 16:00:00 | J22: Нет | K22: Нет | L22: Нет | M22: =VLOOKUP(B22,[1]Лист1!$O:$U,7,0) -> 0 | N22: =VLOOKUP(B22,[1]Лист1!$O:$S,5,0) -> 0 | O22: =VLOOKUP(B22,[1]Лист1!$O:$T,6,0) -> 0 | P22: =D22-O22 -> 2922.22 | Q22: =VLOOKUP(B22,[1]Лист1!$O:$R,4,0) -> 0
A23: дозаказ | C23: НВТрояны | D23: 330 | R23: дозаказ
A24: 6340174 | B24: TSO001141576 | C24: НВМелСемен | D24: 5646.58 | E24: 1430093.9 | F24: Заказ | G24: Фин.контроль пройден | H24: 46321 | I24: 16:00:00 | J24: Нет | K24: Нет | L24: Нет | M24: =VLOOKUP(B24,[1]Лист1!$O:$U,7,0) -> 0 | N24: =VLOOKUP(B24,[1]Лист1!$O:$S,5,0) -> 0 | O24: =VLOOKUP(B24,[1]Лист1!$O:$T,6,0) -> 0 | P24: =D24-O24 -> 5646.58 | Q24: =VLOOKUP(B24,[1]Лист1!$O:$R,4,0) -> 0
A25: дозаказ | C25: НВМелСемен | D25: 1920 | M25: Мелитополь | Q25: 6 | R25: дозаказ
A26: Итого: | D26: =SUM(D21:D25) -> 17897.94 | P26: =SUM(P21:P25) -> 8568.8
A27: ЛП | B27: TSO001141619 | D27: 6391.68 | M27: ОПТ | Q27: 7
A28: 6340213 | B28: TSO001141618 | C28: НВДонецЧаа | D28: 11337.57 | E28: 2949434.9 | F28: Заказ | G28: Фин.контроль пройден | H28: 46322 | I28: 16:00:00 | J28: Нет | K28: Нет | L28: Нет | M28: =VLOOKUP(B28,[1]Лист1!$O:$U,7,0) -> 0 | N28: =VLOOKUP(B28,[1]Лист1!$O:$S,5,0) -> 0 | O28: =VLOOKUP(B28,[1]Лист1!$O:$T,6,0) -> 0 | P28: =D28-O28 -> 11337.57 | Q28: =VLOOKUP(B28,[1]Лист1!$O:$R,4,0) -> 0
A29: Итого: | D29: =SUM(D27:D28) -> 17729.25
A30: 6340223 | B30: TSO001141626 | C30: НВЛугРабоч | D30: 12699.64 | E30: 3014131.5 | F30: Заказ | G30: Фин.контроль пройден | H30: 46322 | I30: 16:00:00 | J30: Нет | K30: Нет | L30: Нет | M30: =VLOOKUP(B30,[1]Лист1!$O:$U,7,0) -> 0 | N30: =VLOOKUP(B30,[1]Лист1!$O:$S,5,0) -> 0 | O30: =VLOOKUP(B30,[1]Лист1!$O:$T,6,0) -> 0 | P30: =D30-O30 -> 12699.64 | Q30: =VLOOKUP(B30,[1]Лист1!$O:$R,4,0) -> 0
A31: 6340224 | B31: TSO001141631 | C31: НВЛугРабоч | D31: 4991.2 | E31: 1146394.7 | F31: Заказ | G31: Фин.контроль пройден | H31: 46322 | I31: 16:00:00 | J31: Нет | K31: Нет | L31: Нет | M31: ОПТ | N31: =VLOOKUP(B31,[1]Лист1!$O:$S,5,0) -> 0 | O31: =VLOOKUP(B31,[1]Лист1!$O:$T,6,0) -> 0 | P31: =D31-O31 -> 4991.2 | Q31: =VLOOKUP(B31,[1]Лист1!$O:$R,4,0) -> 0
A32: Итого: | D32: =SUM(D30:D31) -> 17690.84 | P32: =SUM(P30:P31) -> 17690.84
A33: КСК | B33: TSO001141623 | D33: 12486.28 | M33: ОПТ | Q33: 9
A34: 6340383 | B34: TSO001141614 | C34: НВМелСемен | D34: 4495.2 | E34: 1037097.5 | F34: Заказ | G34: Фин.контроль пройден | H34: 46322 | I34: 16:00:00 | J34: Нет | K34: Нет | L34: Нет | M34: ОПТ | N34: =VLOOKUP(B34,[1]Лист1!$O:$S,5,0) -> 0 | O34: =VLOOKUP(B34,[1]Лист1!$O:$T,6,0) -> 0 | P34: =D34-O34 -> 4495.2 | Q34: =VLOOKUP(B34,[1]Лист1!$O:$R,4,0) -> 0
A35: 6340048 | B35: TSO001141615 | C35: НВМелСемен | D35: 1012.8 | E35: 231085.62 | F35: Заказ | G35: Фин.контроль пройден | H35: 46322 | I35: 16:00:00 | J35: Нет | K35: Нет | L35: Нет | M35: =VLOOKUP(B35,[1]Лист1!$O:$U,7,0) -> 0 | N35: =VLOOKUP(B35,[1]Лист1!$O:$S,5,0) -> 0 | O35: =VLOOKUP(B35,[1]Лист1!$O:$T,6,0) -> 0 | P35: =D35-O35 -> 1012.8 | Q35: =VLOOKUP(B35,[1]Лист1!$O:$R,4,0) -> 0
A36: Итого: | D36: =SUM(D33:D35) -> 17994.28

Sheet Лист2
B1: Бердянск | C1: КИ | D1: 26,10,26 | E1: НВ | F1: 2964.22 | G1: 0.41666667 | H1: 2964.22 | I1: TSO001141577 | J1: 6340136 | K1: =H1 -> 2964.22
B2: Мелитополь | C2: КИ | D2: 26,10,26 | E2: НВ | F2: 5919.58 | G2: 0.41666667 | H2: -
B3: Мариуполь | C3: КИ | D3: 26,10,26 | E3: НВ | F3: 1998.14 | G3: 0.41666667 | H3: 1998.14 | I3: TSO001141581 | J3: 6340384 | K3: =H3 -> 1998.14
A4: 5 | B4: Донецк | C4: КИ | D4: 26,10,26 | E4: НВ | F4: 16677.73 | G4: 0.45833333 | H4: 16677.73 | I4: TSO001141584 | J4: 6340144 | K4: =H4 -> 16677.73
A5: 6 | B5: Луганск | C5: КИ | D5: 26,10,26 | E5: НВ | F5: 17379.25 | G5: 0.5 | H5: 17075.75 | I5: TSO001141596 | J5: 6340194 | K5: =H5 -> 17075.75
A6: 7 | B6: Бердянск | C6: ЗПФ | D6: 26,10,26 | E6: НВ | F6: 1543.48 | G6: 0.41666667 | H6: 1543.48 | I6: TSO001141671 | J6: 6340435 | K6: =H6 -> 1543.48
B7: Мелитополь | C7: ЗПФ | D7: 26,10,26 | E7: НВ | F7: 7117.68 | G7: 0.41666667 | H7: 7117.68 | I7: TSO001141667 | J7: 6340295 | K7: =H7 -> 7117.68
B8: Мариуполь | C8: ЗПФ | D8: 26,10,26 | E8: НВ | F8: 6229.56 | G8: 0.41666667 | H8: 6229.5 | I8: TSO001141676 | J8: 6340296 | K8: =H8 -> 6229.5
B9: Донецк | C9: КИ | D9: 27,10,26 | E9: НВ | F9: 11337.57 | G9: 0.41666667 | H9: 11337.57 | I9: TSO001141618 | J9: 6340213 | K9: =H9 -> 11337.57
A10: 12 | B10: Луганск | C10: КИ | D10: 27,10,26 | E10: НВ | F10: 5063.2 | G10: 0.45833333 | H10: 5063.2 | I10: TSO001141631 | J10: 6340110 | K10: =H10 -> 5063.2
B11: Луганск | C11: КИ | D11: 27,10,26 | E11: НВ | F11: 12699.64 | G11: 0.45833333 | H11: 12699.64 | I11: TSO001141626 | J11: 6340109 | K11: =H11 -> 12699.64
B12: Мелитополь | C12: КИ | D12: 27,10,26 | E12: НВ | F12: 4495.2 | G12: 0.5 | H12: 4495.2 | I12: TSO001141614 | J12: 6340128 | K12: =H12 -> 4495.2
B13: Мелитополь | C13: КИ | D13: 27,10,26 | E13: НВ | F13: 1012.8 | G13: 0.5 | H13: 1012.8 | I13: TSO001141615 | J13: 6340048 | K13: =H13 -> 1012.8
A14: 15 | B14: Луганск | C14: ЗПФ | D14: 27,10,26 | E14: НВ | F14: 12427.88 | G14: 0.45833333 | H14: 12427.88 | I14: TSO001141681 | J14: 6340156 | K14: =H14 -> 12427.88
A15: 16 | B15: Донецк | C15: ЗПФ | D15: 27,10,26 | E15: НВ | F15: 12988.24 | G15: 0.5 | H15: 12988.24 | I15: TSO001141686 | J15: 6340159 | K15: =H15 -> 12988.24
