Workbook

Sheet ЗПФ
A1: Заказ | B1: "Счет на" в заказе | C1: Краткое наименование | D1: Вес нетто | E1: Сумма заказа | F1: Тип заказа | G1: Статус | H1: Дата поставки | I1: Время огрузки | J1: Блокировано по КЛ | K1: Блокировано по УПДЗ | L1: Блокировано по предоплате | P1: ПОРЯДОК ОПЛАТЫ
A2: 6331286 | B2: TSO001134777 | C2: НВМелСемен | D2: 5778.76 | E2: 1444971.2 | F2: Заказ | G2: Блокировано | H2: 46308 | I2: 10:00:00 | J2: Да | K2: Нет | L2: Нет | M2: =VLOOKUP(B2,[1]Лист1!$O:$U,4,0) -> Мелитополь | N2: =VLOOKUP(B2,[1]Лист1!$O:$U,5,0) -> 13,10,26 | O2: =VLOOKUP(B2,[1]Лист1!$O:$U,6,0) -> 5778.76 | P2: 4
A3: 6331288 | B3: TSO001134782 | C3: НВМарКупр | D3: 3639.96 | E3: 917417.44 | F3: Заказ | G3: Блокировано | H3: 46308 | I3: 10:00:00 | J3: Да | K3: Нет | L3: Нет | M3: =VLOOKUP(B3,[1]Лист1!$O:$U,4,0) -> Мариуполь | N3: =VLOOKUP(B3,[1]Лист1!$O:$U,5,0) -> 13,10,26 | O3: =VLOOKUP(B3,[1]Лист1!$O:$U,6,0) -> 3639.96
A4: 6331293 | B4: TSO001134779 | C4: НВТрояны | D4: 5655.6 | E4: 1307319.4 | F4: Заказ | G4: Блокировано | H4: 46308 | I4: 10:00:00 | J4: Да | K4: Нет | L4: Нет | M4: =VLOOKUP(B4,[1]Лист1!$O:$U,4,0) -> Бердянск | N4: =VLOOKUP(B4,[1]Лист1!$O:$U,5,0) -> 13,10,26 | O4: =VLOOKUP(B4,[1]Лист1!$O:$U,6,0) -> 5655.6
A5: 6331331 | B5: TSO001134746 | C5: НВДонецЧаа | D5: 9928.64 | E5: 2857323.9 | F5: Предложение | G5: Открыто | H5: 46307 | I5: 10:00:00 | J5: Нет | K5: Нет | L5: Нет | M5: =VLOOKUP(B5,[1]Лист1!$O:$U,4,0) -> Донецк | N5: =VLOOKUP(B5,[1]Лист1!$O:$U,5,0) -> 12,10,26 | O5: =VLOOKUP(B5,[1]Лист1!$O:$U,6,0) -> 9928.64 | P5: 2
A6: 6331333 | B6: TSO001134776 | C6: НВДонецЧаа | D6: 12260.56 | E6: 3339411 | F6: Предложение | G6: Открыто | H6: 46307 | I6: 12:00:00 | J6: Нет | K6: Нет | L6: Нет | M6: ОПТ | N6: =VLOOKUP(B6,[1]Лист1!$O:$U,5,0) -> 12,10,26 | O6: =VLOOKUP(B6,[1]Лист1!$O:$U,6,0) -> 12260.56 | P6: 3
A7: 6331335 | B7: TSO001134750 | C7: НВЛугРабоч | D7: 11918.44 | E7: 3284638.4 | F7: Предложение | G7: Открыто | H7: 46307 | I7: 11:00:00 | J7: Нет | K7: Нет | L7: Нет | M7: =VLOOKUP(B7,[1]Лист1!$O:$U,4,0) -> Луганск | N7: =VLOOKUP(B7,[1]Лист1!$O:$U,5,0) -> 12,10,26 | O7: =VLOOKUP(B7,[1]Лист1!$O:$U,6,0) -> 11918.44 | P7: 1

Sheet КИ
A1: ПОРЯДОК ОПЛАТЫ | B1: Заказ | C1: "Счет на" в заказе | D1: Краткое наименование | E1: Вес нетто | F1: Сумма заказа | G1: Тип заказа | H1: Статус | I1: Дата поставки | J1: Время огрузки | K1: Блокировано по КЛ | L1: Блокировано по УПДЗ | M1: Блокировано по предоплате
B2: 6330864 | C2: TSO001133569 | D2: НВДонецЧаа | E2: 14100 | G2: Заказ | H2: Фк. Пройдено | N2: уже выехали
B3: 6329152 | C3: TSO001133564 | D3: НВМарКупр | E3: 5059.79 | G3: Заказ | H3: Фк. Пройдено
A4: 3 | B4: КСК | C4: TSO001134013 | D4: ОПТ | E4: 4158.96 | N4: ОПТ | O4: 11,10,26 | P4: =E4 -> 4158.96 | Q4: 2
B5: 6331352 | C5: TSO001133969 | D5: НВТрояны | E5: 8525.42 | F5: 1969944.8 | G5: Заказ | H5: Предложение | N5: =VLOOKUP(C5,[1]Лист1!$O:$U,4,0) -> Бердянск | O5: =VLOOKUP(C5,[1]Лист1!$O:$U,5,0) -> 11,10,26 | P5: =VLOOKUP(C5,[1]Лист1!$O:$U,6,0) -> 8560.62 | Q5: =VLOOKUP(C5,[1]Лист1!$O:$U,7,0) -> 2
B6: 6331348 | C6: TSO001133968 | D6: НВМелСемен | E6: 4865.27 | F6: 1322331.8 | G6: Заказ | H6: Предложение | N6: =VLOOKUP(C6,[1]Лист1!$O:$U,4,0) -> Мелитополь | O6: =VLOOKUP(C6,[1]Лист1!$O:$U,5,0) -> 11,10,26 | P6: =VLOOKUP(C6,[1]Лист1!$O:$U,6,0) -> 4960.67 | Q6: =VLOOKUP(C6,[1]Лист1!$O:$U,7,0) -> 2
E7: =SUM(E4:E6) -> 17549.65
A8: 1 | B8: 6331341 | C8: TSO001133972 | D8: НВДонецЧаа | E8: 3111.66 | F8: 730974.01 | G8: Заказ | H8: Предложение | N8: ОПТ | O8: =VLOOKUP(C8,[1]Лист1!$O:$U,5,0) -> 11,10,26 | P8: =VLOOKUP(C8,[1]Лист1!$O:$U,6,0) -> 3111.66 | Q8: =VLOOKUP(C8,[1]Лист1!$O:$U,7,0) -> 3
B9: 6331343 | C9: TSO001133971 | D9: НВДонецЧаа | E9: 14539.5 | F9: 3475959.7 | G9: Заказ | H9: Предложение | N9: =VLOOKUP(C9,[1]Лист1!$O:$U,4,0) -> Донецк | O9: =VLOOKUP(C9,[1]Лист1!$O:$U,5,0) -> 11,10,26 | P9: =VLOOKUP(C9,[1]Лист1!$O:$U,6,0) -> 14539.51 | Q9: =VLOOKUP(C9,[1]Лист1!$O:$U,7,0) -> 3
E10: =SUM(E8:E9) -> 17651.16
A11: 7 | B11: 6331342 | C11: TSO001134687 | D11: НВТрояны | E11: 3365.46 | F11: 806922.31 | G11: Заказ | H11: Блокировано | I11: 46307 | J11: 16:00:00 | K11: Да | L11: Нет | M11: Нет | N11: =VLOOKUP(C11,[1]Лист1!$O:$U,4,0) -> Бердянск | O11: =VLOOKUP(C11,[1]Лист1!$O:$U,5,0) -> 12,10,26 | P11: =VLOOKUP(C11,[1]Лист1!$O:$U,6,0) -> 3466.62 | Q11: =VLOOKUP(C11,[1]Лист1!$O:$U,7,0) -> 4
B12: 6331354 | C12: TSO001134685 | D12: НВМелСемен | E12: 10090.07 | F12: 2401510.1 | G12: Заказ | H12: Блокировано | I12: 46307 | J12: 16:00:00 | K12: Да | L12: Нет | M12: Нет | N12: =VLOOKUP(C12,[1]Лист1!$O:$U,4,0) -> Мелитополь | O12: =VLOOKUP(C12,[1]Лист1!$O:$U,5,0) -> 12,10,26 | P12: =VLOOKUP(C12,[1]Лист1!$O:$U,6,0) -> 10412.21 | Q12: =VLOOKUP(C12,[1]Лист1!$O:$U,7,0) -> 4
B13: 6331364 | C13: TSO001134688 | D13: НВМарКупр | E13: 3924.2 | F13: 996723.25 | G13: Заказ | H13: Блокировано | I13: 46307 | J13: 16:00:00 | K13: Да | L13: Нет | M13: Нет | N13: =VLOOKUP(C13,[1]Лист1!$O:$U,4,0) -> Мариуполь | O13: =VLOOKUP(C13,[1]Лист1!$O:$U,5,0) -> 12,10,26 | P13: =VLOOKUP(C13,[1]Лист1!$O:$U,6,0) -> 4034.24 | Q13: =VLOOKUP(C13,[1]Лист1!$O:$U,7,0) -> 4
E14: =SUM(E11:E13) -> 17379.73
A15: 2 | B15: 6331379 | C15: TSO001134703 | D15: НВЛугРабоч | E15: 17768.11 | F15: 4200345 | G15: Заказ | H15: Блокировано | I15: 46307 | J15: 16:00:00 | K15: Да | L15: Нет | M15: Нет | N15: =VLOOKUP(C15,[1]Лист1!$O:$U,4,0) -> Луганск | O15: =VLOOKUP(C15,[1]Лист1!$O:$U,5,0) -> 12,10,26 | P15: =VLOOKUP(C15,[1]Лист1!$O:$U,6,0) -> 17814.13 | Q15: =VLOOKUP(C15,[1]Лист1!$O:$U,7,0) -> 5
E16: =E15 -> 17768.11
A17: 4 | B17: 6331370 | C17: TSO001134708 | D17: НВДонецЧаа | E17: 16719.7 | F17: 3699719.2 | G17: Заказ | H17: Блокировано | I17: 46307 | J17: 12:00:00 | K17: Да | L17: Нет | M17: Нет | N17: =VLOOKUP(C17,[1]Лист1!$O:$U,4,0) -> Донецк | O17: =VLOOKUP(C17,[1]Лист1!$O:$U,5,0) -> 12,10,26 | P17: =VLOOKUP(C17,[1]Лист1!$O:$U,6,0) -> 16723.9 | Q17: =VLOOKUP(C17,[1]Лист1!$O:$U,7,0) -> 6 | R17: 30 паллет
E18: =E17 -> 16719.7
A19: 6 | B19: 6331368 | C19: TSO001134739 | D19: НВЛугРабоч | E19: 17222.94 | F19: 4013281.9 | G19: Заказ | H19: Блокировано | I19: 46308 | J19: 16:00:00 | K19: Да | L19: Нет | M19: Нет | N19: =VLOOKUP(C19,[1]Лист1!$O:$U,4,0) -> Луганск | O19: =VLOOKUP(C19,[1]Лист1!$O:$U,5,0) -> 13,10,26 | P19: =VLOOKUP(C19,[1]Лист1!$O:$U,6,0) -> 17222.94 | Q19: =VLOOKUP(C19,[1]Лист1!$O:$U,7,0) -> 7 | R19: 31 паллет
E20: =E19 -> 17222.94
A21: 5 | B21: 6331355 | C21: TSO001134743 | D21: НВДонецЧаа | E21: 17705.48 | F21: 3866309.4 | G21: Заказ | H21: Блокировано | I21: 46308 | J21: 16:00:00 | K21: Да | L21: Нет | M21: Нет | N21: =VLOOKUP(C21,[1]Лист1!$O:$U,4,0) -> Донецк | O21: =VLOOKUP(C21,[1]Лист1!$O:$U,5,0) -> 13,10,26 | P21: =VLOOKUP(C21,[1]Лист1!$O:$U,6,0) -> 17705.48 | Q21: =VLOOKUP(C21,[1]Лист1!$O:$U,7,0) -> 8
E22: =E21 -> 17705.48
B24: 6331379 | C24: TSO001134703 | D24: НВЛугРабоч | E24: 17768.11 | F24: 4200345 | G24: Заказ | H24: Предложение | N24: задвоенная информация
