Workbook

Sheet Sheet
U1: 1450 | Y1: 1.56 | AC1: 0.615
Y2: дн | AC2: % | AQ2: 17100 | AR2: 17850 | AV2: 3500
A3: Номенклатура | B3: Ед. изм. | C3: Начальный остаток | D3: Приход | E3: Расход | F3: Конечный остаток | G3: крат | H3: сроки | I3: метка | J3: метка2 | K3: заяв | L3: разн | M3: без опта | N3: опт | O3: заказ в пути | P3: заказ в пути | Q3: заказ в пути | R3: заказ в пути | S3: заказ в пути | T3: заказ в пути | U3: заказ в пути | V3: заказ в пути | W3: ср нов | X3: расчет | Y3: итого | Z3: заказ | AA3: заказ | AB3: заказ | AC3: заказ | AD3: кон ост | AE3: факт | AF3: ср | AG3: ср | AH3: ср | AI3: ср | AJ3: ср | AK3: ср | AL3: ср | AM3: ср | AN3: ср | AO3: ср | AP3: комментарии | AQ3: вес | AR3: вес | AU3: 2600
O4: 22,08, | P4: 22,08,недогр | Q4: 22,08,доз | R4: 22,08,доз2 | S4: 23,08, | T4: 23,08,недогр | U4: 23,08,доз | V4: 23,08,доз2 | W4: 20,08, | Z4: 24,08, | AA4: 24,08,недогр | AB4: 24,08,доз | AC4: 25,08, | AF4: 18,08, | AG4: 13,08, | AH4: 11,08, | AI4: 06,08, | AJ4: 04,08, | AK4: 30,07, | AL4: 28,07, | AM4: 23,07, | AN4: 21,07, | AO4: 16,07, | AQ4: 24,08, | AR4: 25,08, | AT4: 1 | AU4: 22,08,доз | AV4: 24,08,доз
E5: =SUM(E6:E498) -> 51486.395 | F5: =SUM(F6:F498) -> 57483.743 | K5: =SUM(K6:K498) -> 55531.28 | L5: =SUM(L6:L498) -> -4044.885 | M5: =SUM(M6:M498) -> 0 | N5: =SUM(N6:N498) -> 0 | O5: =SUM(O6:O498) -> 23590.911 | P5: =SUM(P6:P498) -> -3692.6 | Q5: =SUM(Q6:Q498) -> 2600 | R5: =SUM(R6:R498) -> 600 | ... AC5: =SUM(AC6:AC498) -> 22089.981 | AF5: =SUM(AF6:AF498) -> 10547.458 | AG5: =SUM(AG6:AG498) -> 10043.437 | AH5: =SUM(AH6:AH498) -> 9948.0886 | AI5: =SUM(AI6:AI498) -> 10809.313 | AJ5: =SUM(AJ6:AJ498) -> 10812.657 | AK5: =SUM(AK6:AK498) -> 9813.4632 | AL5: =SUM(AL6:AL498) -> 10672.153 | AM5: =SUM(AM6:AM498) -> 11335.496 | ... AO5: =SUM(AO6:AO498) -> 10998.895 | AQ5: =SUM(AQ6:AQ498) -> 17093 | AR5: =SUM(AR6:AR498) -> 17848 | AT5: 1 | AU5: =SUM(AU6:AU498) -> 2600 | AV5: =SUM(AV6:AV498) -> 3495
A6: 005 Колбаса Докторская ГОСТ, Вязанка вектор,ВЕС. ПОКОМ | B6: кг | C6: 3735.695 | D6: 3940.618 | E6: 2734.288 | F6: 4731.657 | G6: 1 | H6: 50 | I6: матрица | K6: 2862.8 | L6: =E6-K6 -> -128.512 | O6: 271.20293 | S6: 296.16722 | W6: =E6/5 -> 546.8576 | X6: =12*W6-S6-O6-F6 -> 1263.2641 | Y6: =X6+$Y$1*W6 -> 2116.3619 | Z6: =Y6-AC6 -> 814.79934 | AC6: =Y6*$AC$1 -> 1301.5626 | AD6: =(F6+O6+S6+Z6+AC6)/W6 -> 13.56 | AE6: =(F6+O6+S6)/W6 -> 9.6899579 | AF6: 558.1642 | AG6: 472.441 | AH6: 450.1 | AI6: 477.9028 | AJ6: 497.2194 | AK6: 462.6874 | AL6: 504.1636 | AM6: 475.5916 | AN6: 485.4896 | AO6: 548.1358 | AQ6: =ROUND(G6*Z6,0) -> 815 | AR6: =ROUND(G6*AC6,0) -> 1302 | AS6: SU000722
A7: 016 Сосиски Вязанка Молочные, Вязанка вискофан ВЕС.ПОКОМ | B7: кг | C7: 1270.56 | D7: 2645.708 | E7: 1538.597 | F7: 2235.078 | G7: 1 | H7: 45 | I7: матрица | K7: 1535.45 | L7: =E7-K7 -> 3.147 | O7: 354.99048 | S7: 387.66743 | W7: =E7/5 -> 307.7194 | X7: =12*W7-S7-O7-F7 -> 714.89689 | Y7: =X7+$Y$1*W7 -> 1194.9392 | Z7: =Y7-AC7 -> 460.05157 | AC7: =Y7*$AC$1 -> 734.88758 | AD7: =(F7+O7+S7+Z7+AC7)/W7 -> 13.56 | AE7: =(F7+O7+S7)/W7 -> 9.6767897 | AF7: 321.2652 | AG7: 300.1066 | AH7: 262.3652 | AI7: 266.332 | AJ7: 285.4392 | AK7: 272.4182 | AL7: 253.4586 | AM7: 242.8768 | AN7: 235.5034 | AO7: 220.2848 | AQ7: =ROUND(G7*Z7,0) -> 460 | AR7: =ROUND(G7*AC7,0) -> 735 | AS7: SU001523
A8: 017 Сосиски Вязанка Сливочные, Вязанка амицел ВЕС.ПОКОМ | B8: кг | C8: 1317.427 | D8: 1889.173 | E8: 1286.434 | F8: 1816.946 | G8: 1 | H8: 45 | I8: матрица | K8: 1276.05 | L8: =E8-K8 -> 10.384 | O8: 385.51909 | S8: 421.0062 | W8: =E8/5 -> 257.2868 | X8: =12*W8-S8-O8-F8 -> 463.9703 | Y8: =X8+$Y$1*W8 -> 865.33771 | Z8: =Y8-AC8 -> 333.15502 | AC8: =Y8*$AC$1 -> 532.18269 | AD8: =(F8+O8+S8+Z8+AC8)/W8 -> 13.56 | AE8: =(F8+O8+S8)/W8 -> 10.196681 | AF8: 276.0038 | AG8: 247.2452 | AH8: 223.7616 | AI8: 249.8908 | AJ8: 251.5842 | AK8: 216.3372 | AL8: 214.1034 | AM8: 227.751 | AN8: 235.301 | AO8: 231.1304 | AQ8: =ROUND(G8*Z8,0) -> 333 | AR8: =ROUND(G8*AC8,0) -> 532 | AS8: SU001721
A9: 023 Колбаса Докторская ГОСТ, Вязанка вектор, 0,4 кг, ПОКОМ | B9: шт | G9: 0 | I9: матрица | L9: =E9-K9 -> 0 | O9: 0 | W9: =E9/5 -> 0 | Y9: =X9 -> 0 | Z9: =Y9-AC9 -> 0 | AD9: =(F9+O9+S9+Z9+AC9)/W9 -> #DIV/0! | AE9: =(F9+O9+S9)/W9 -> #DIV/0! | AF9: 0 | AG9: 0 | AH9: 0 | AI9: 0 | AJ9: 0 | AK9: 0 | AL9: 0 | AM9: 0 | AN9: 0 | AO9: 0 | AP9: нет потребности | AQ9: =ROUND(G9*Z9,0) -> 0 | AR9: =ROUND(G9*AC9,0) -> 0 | AS9: SU001485
A10: 030 Сосиски Вязанка Молочные, Вязанка вискофан МГС, 0.45кг, ПОКОМ | B10: шт | C10: 382 | D10: 1300 | E10: 551 | F10: 1020 | G10: 0.45 | H10: 45 | I10: матрица | K10: 587 | L10: =E10-K10 -> -36 | O10: 0 | W10: =E10/5 -> 110.2 | X10: =12*W10-S10-O10-F10 -> 302.4 | Y10: =X10+$Y$1*W10 -> 474.312 | Z10: =Y10-AC10 -> 182.61012 | AB10: 100 | AC10: =Y10*$AC$1 -> 291.70188 | AD10: =(F10+O10+S10+Z10+AC10+P10+Q10+T10+U10+R10+V10+AB10)/W10 -> 14.467441 | AE10: =(F10+O10+S10)/W10 -> 9.2558984 | AF10: 117.4 | AG10: 142.6 | AH10: 135.4 | AI10: 120.4 | AJ10: 117.2 | AK10: 118.2 | AL10: 139 | AM10: 136.8 | AN10: 124.8 | AO10: 110.6 | AQ10: =ROUND(G10*Z10,0) -> 82 | AR10: =ROUND(G10*AC10,0) -> 131 | AS10: SU001718 | AT10: =VLOOKUP(AS10,[1]Лист1!$A:$A,1,0) -> SU001718 | AU10: =Q10*G10 -> 0 | AV10: =ROUND(AB10*G10,0) -> 45
A11: 032 Сосиски Вязанка Сливочные, Вязанка амицел МГС, 0.45кг, ПОКОМ | B11: шт | C11: 964.76 | D11: 1855 | E11: 1226 | F11: 1403.76 | G11: 0.45 | H11: 45 | I11: матрица | K11: 1246 | L11: =E11-K11 -> -20 | O11: 352.18055 | S11: 384.59885 | W11: =E11/5 -> 245.2 | X11: =12*W11-S11-O11-F11 -> 801.8606 | Y11: =X11+$Y$1*W11 -> 1184.3726 | Z11: =Y11-AC11 -> 455.98345 | AC11: =Y11*$AC$1 -> 728.38915 | AD11: =(F11+O11+S11+Z11+AC11)/W11 -> 13.56 | AE11: =(F11+O11+S11)/W11 -> 8.7297692 | AF11: 245.4 | AG11: 235.2 | AH11: 216.8 | AI11: 224.448 | AJ11: 225.648 | AK11: 230.6 | AL11: 273.4 | AM11: 246.4 | AN11: 230.2 | AO11: 217 | AQ11: =ROUND(G11*Z11,0) -> 205 | AR11: =ROUND(G11*AC11,0) -> 328 | AS11: SU001720
A12: 047 Кол Баварская, белков.обол. в термоусад. пакете 0.17 кг, ТМ Стародворье ПОКОМ | B12: шт | C12: 83 | D12: 120 | E12: 83 | F12: 97 | G12: 0.17 | H12: 180 | I12: матрица | K12: 85 | L12: =E12-K12 -> -2 | O12: 79 | W12: =E12/5 -> 16.6 | X12: =12*W12-S12-O12-F12 -> 23.2 | Y12: =X12 -> 23.2 | Z12: =Y12-AC12 -> 23.2 | AD12: =(F12+O12+S12+Z12+AC12)/W12 -> 12 | AE12: =(F12+O12+S12)/W12 -> 10.60241 | AF12: 17.8 | AG12: 15.6 | AH12: 15 | AI12: 18.2 | AJ12: 17.2 | AK12: 10.2 | AL12: 14.6 | AM12: 20.2 | AN12: 15.2 | AO12: 11.8 | AQ12: =ROUND(G12*Z12,0) -> 4 | AR12: =ROUND(G12*AC12,0) -> 0 | AS12: SU002092
A13: 062 Колбаса Кракушка пряная с сальцем, 0.3кг в/у п/к, БАВАРУШКА ПОКОМ | B13: шт | C13: 154 | D13: 18 | E13: 105 | F13: 58 | G13: 0.3 | H13: 40 | I13: матрица | K13: 106 | L13: =E13-K13 -> -1 | O13: 97.8 | P13: -102 | W13: =E13/5 -> 21 | X13: =12*W13-S13-O13-F13 -> 96.2 | Y13: =X13 -> 96.2 | Z13: =Y13-AC13 -> 96.2 | AA13: -102 | AD13: =(F13+O13+S13+Z13+AC13)/W13 -> 12 | AE13: =(F13+O13+S13)/W13 -> 7.4190476 | AF13: 17.8 | AG13: 10.6 | AH13: 10 | AI13: 19 | AJ13: 21 | AK13: 22.2 | AL13: 22.8 | AM13: 17.6 | AN13: 17.8 | AO13: 9.2 | AQ13: =ROUND(G13*Z13,0) -> 29 | AR13: =ROUND(G13*AC13,0) -> 0 | AS13: SU002252
A14: 083 Колбаса Швейцарская 0,17 кг., ШТ., сырокопченая ПОКОМ | B14: шт | C14: 231 | D14: 375 | E14: 288 | F14: 293 | G14: 0.17 | H14: 180 | I14: матрица | K14: 288 | L14: =E14-K14 -> 0 | O14: 260.3402 | W14: =E14/5 -> 57.6 | X14: =12*W14-S14-O14-F14 -> 137.8598 | Y14: =X14 -> 137.8598 | Z14: =Y14-AC14 -> 137.8598 | AD14: =(F14+O14+S14+Z14+AC14)/W14 -> 12 | AE14: =(F14+O14+S14)/W14 -> 9.6066007 | AF14: 60.6 | AG14: 47.6 | AH14: 44.8 | AI14: 57.2 | AJ14: 52.8 | AK14: 33.6 | AL14: 38.4 | AM14: 56 | AN14: 56.2 | AO14: 45 | AQ14: =ROUND(G14*Z14,0) -> 23 | AR14: =ROUND(G14*AC14,0) -> 0 | AS14: SU001869
A15: 104 Сосиски Молочные по-стародворски, амицел МГС 0.45кг, ТМ Стародворье ПОКОМ | B15: шт | C15: -1 | F15: -1 | G15: 0 | I15: не в матрице | L15: =E15-K15 -> 0 | O15: 0 | W15: =E15/5 -> 0 | Y15: =X15 -> 0 | Z15: =Y15-AC15 -> 0 | AD15: =(F15+O15+S15+Z15+AC15)/W15 -> #DIV/0! | AE15: =(F15+O15+S15)/W15 -> #DIV/0! | AF15: 0 | AG15: 0 | AH15: 0 | AI15: 0 | AJ15: 0.2 | AK15: 0.2 | AL15: 0 | AM15: 0 | AN15: 0 | AO15: 0 | AQ15: =ROUND(G15*Z15,0) -> 0 | AR15: =ROUND(G15*AC15,0) -> 0 | AS15: SU001763
A16: 200 Ветчина Дугушка ТМ Стародворье, вектор в/у ПОКОМ | B16: кг | C16: 1742.112 | D16: 1772.821 | E16: 1143.703 | F16: 2269.288 | G16: 1 | H16: 70 | I16: матрица | K16: 1108.115 | L16: =E16-K16 -> 35.588 | O16: 0 | Q16: 400 | V16: 557 | W16: =E16/5 -> 228.7406 | X16: =12*W16-S16-O16-F16 -> 475.5992 | Y16: =X16 -> 475.5992 | Z16: =Y16-AC16 -> 183.10569 | AC16: =Y16*$AC$1 -> 292.49351 | AD16: =(F16+O16+S16+Z16+AC16+P16+Q16+T16+U16+R16+V16+AB16)/W16 -> 16.183778 | AE16: =(F16+O16+S16)/W16 -> 9.9207924 | AF16: 230.5266 | AG16: 233.1836 | AH16: 242.9832 | AI16: 239.7028 | AJ16: 236.7696 | AK16: 224.553 | AL16: 226.569 | AM16: 227.6094 | AN16: 217.932 | AO16: 228.4726 | AQ16: =ROUND(G16*Z16,0) -> 183 | AR16: =ROUND(G16*AC16,0) -> 292 | AS16: SU002035 | AT16: =VLOOKUP(AS16,[1]Лист1!$A:$A,1,0) -> SU002035 | AU16: =Q16*G16 -> 400 | AV16: =ROUND(AB16*G16,0) -> 0
A17: 201 Ветчина Нежная ТМ Особый рецепт, (2,5кг), ПОКОМ | B17: кг | C17: 5923.323 | D17: 2641.422 | E17: 3682.966 | F17: 4601.749 | G17: 1 | H17: 50 | I17: матрица | K17: 3701.751 | L17: =E17-K17 -> -18.785 | O17: 1090.019 | S17: 1190.3554 | U17: 450 | W17: =E17/5 -> 736.5932 | X17: =12*W17-S17-O17-F17 -> 1956.995 | Y17: =X17+$Y$1*W17 -> 3106.0804 | Z17: =Y17-AC17 -> 1195.841 | AB17: 700 | AC17: =Y17*$AC$1 -> 1910.2394 | AD17: =(F17+O17+S17+Z17+AC17+P17+Q17+T17+U17+R17+V17+AB17)/W17 -> 15.121242 | AE17: =(F17+O17+S17)/W17 -> 9.3431807 | AF17: 741.7268 | AG17: 660.6116 | AH17: 636.8632 | AI17: 674.4326 | AJ17: 703.1706 | AK17: 753.4372 | AL17: 789.1916 | AM17: 779.7954 | AN17: 746.6194 | AO17: 740.7606 | AQ17: =ROUND(G17*Z17,0) -> 1196 | AR17: =ROUND(G17*AC17,0) -> 1910 | AS17: SU000126 | AT17: =VLOOKUP(AS17,[1]Лист1!$A:$A,1,0) -> SU000126 | AU17: =Q17*G17 -> 0 | AV17: =ROUND(AB17*G17,0) -> 700
A18: 215 Колбаса Докторская ГОСТ Дугушка, ВЕС, ТМ Стародворье ПОКОМ | B18: кг | C18: 101.029 | D18: 217.462 | E18: 116.163 | F18: 191.749 | G18: 1 | H18: 60 | I18: матрица | K18: 113.29 | L18: =E18-K18 -> 2.873 | O18: 30.901 | W18: =E18/5 -> 23.2326 | X18: =12*W18-S18-O18-F18 -> 56.1412 | Y18: =X18 -> 56.1412 | Z18: =Y18-AC18 -> 56.1412 | AD18: =(F18+O18+S18+Z18+AC18)/W18 -> 12 | AE18: =(F18+O18+S18)/W18 -> 9.5835163 | AF18: 23.7644 | AG18: 25.4882 | AH18: 23.5362 | AI18: 24.8954 | AJ18: 24.5984 | AK18: 18.6858 | AL18: 21.4066 | AM18: 20.924 | AN18: 19.5894 | AO18: 22.2878 | AQ18: =ROUND(G18*Z18,0) -> 56 | AR18: =ROUND(G18*AC18,0) -> 0 | AS18: SU002011
A19: 225 Колбаса Дугушка со шпиком, ВЕС, ТМ Стародворье ПОКОМ | B19: кг | C19: 75.382 | D19: 139.154 | E19: 99.659 | F19: 111.399 | G19: 1 | H19: 60 | I19: матрица | K19: 97.22 | L19: =E19-K19 -> 2.439 | O19: 62.7086 | W19: =E19/5 -> 19.9318 | X19: =12*W19-S19-O19-F19 -> 65.074 | Y19: =X19 -> 65.074 | Z19: =Y19-AC19 -> 65.074 | AD19: =(F19+O19+S19+Z19+AC19)/W19 -> 12 | AE19: =(F19+O19+S19)/W19 -> 8.7351669 | AF19: 18.4558 | AG19: 16.8662 | AH19: 17.2274 | AI19: 14.8442 | AJ19: 17.3218 | AK19: 17.4784 | AL19: 13.7256 | AM19: 14.4166 | AN19: 16.773 | AO19: 16.836 | AQ19: =ROUND(G19*Z19,0) -> 65 | AR19: =ROUND(G19*AC19,0) -> 0 | AS19: SU002182
A20: 226 Колбаса Княжеская, с/к белков.обол в термоусад. пакете, ВЕС, ТМ Стародворье ПОКОМ | B20: кг | C20: 21.78 | D20: 5.768 | E20: 8.522 | F20: 15.788 | G20: 1 | H20: 180 | I20: матрица | K20: 8.35 | L20: =E20-K20 -> 0.172 | O20: 0 | W20: =E20/5 -> 1.7044 | X20: =12*W20-S20-O20-F20 -> 4.6648 | Y20: =X20 -> 4.6648 | Z20: =Y20-AC20 -> 4.6648 | AD20: =(F20+O20+S20+Z20+AC20)/W20 -> 12 | AE20: =(F20+O20+S20)/W20 -> 9.2630838 | AF20: 1.3306 | AG20: 0.6298 | AH20: 1.0428 | AI20: 2.0902 | AJ20: 2.1626 | AK20: 1.731 | AL20: 1.687 | AM20: 1.4314 | AN20: 1.4482 | AO20: 1.9716 | AQ20: =ROUND(G20*Z20,0) -> 5 | AR20: =ROUND(G20*AC20,0) -> 0 | AS20: SU001920
A21: 229 Колбаса Молочная Дугушка, в/у, ВЕС, ТМ Стародворье ПОКОМ | B21: кг | C21: 2270.755 | D21: 1127.692 | E21: 1364.653 | F21: 1909.526 | G21: 1 | H21: 60 | I21: матрица | K21: 1319.995 | L21: =E21-K21 -> 44.658 | O21: 303.49876 | S21: 331.43588 | W21: =E21/5 -> 272.9306 | X21: =12*W21-S21-O21-F21 -> 730.70656 | Y21: =X21+$Y$1*W21 -> 1156.4783 | Z21: =Y21-AC21 -> 445.24414 | AC21: =Y21*$AC$1 -> 711.23415 | AD21: =(F21+O21+S21+Z21+AC21)/W21 -> 13.56 | AE21: =(F21+O21+S21)/W21 -> 9.3227386 | AF21: 280.4986 | AG21: 283.1552 | AH21: 289.9638 | AI21: 276.8662 | AJ21: 268.4514 | AK21: 275.9112 | AL21: 284.7268 | AM21: 282.6728 | AN21: 268.6392 | AO21: 285.4614 | AQ21: =ROUND(G21*Z21,0) -> 445 | AR21: =ROUND(G21*AC21,0) -> 711 | AS21: SU002010
A22: 236 Колбаса Рубленая ЗАПЕЧ. Дугушка ТМ Стародворье, вектор, в/к ПОКОМ | B22: кг | C22: 156.485 | D22: 311.25 | E22: 249.477 | F22: 194.206 | G22: 1 | H22: 70 | I22: матрица | K22: 247.35 | L22: =E22-K22 -> 2.127 | O22: 271.41217 | W22: =E22/5 -> 49.8954 | X22: =12*W22-S22-O22-F22 -> 133.12663 | Y22: =X22 -> 133.12663 | Z22: =Y22-AC22 -> 133.12663 | AD22: =(F22+O22+S22+Z22+AC22)/W22 -> 12 | AE22: =(F22+O22+S22)/W22 -> 9.3318857 | AF22: 49.0822 | AG22: 37.724 | AH22: 35.753 | AI22: 35.9834 | AJ22: 37.6586 | AK22: 29.2252 | AL22: 30.3312 | AM22: 41.2404 | AN22: 40.3576 | AO22: 31.3566 | AQ22: =ROUND(G22*Z22,0) -> 133 | AR22: =ROUND(G22*AC22,0) -> 0 | AS22: SU002150
A23: 239 Колбаса Салями запеч Дугушка, оболочка вектор, ВЕС, ТМ Стародворье ПОКОМ | B23: кг | C23: 538.096 | D23: 441.946 | E23: 431.921 | F23: 517.871 | G23: 1 | H23: 70 | I23: матрица | K23: 418.35 | L23: =E23-K23 -> 13.571 | O23: 260.56065 | W23: =E23/5 -> 86.3842 | X23: =12*W23-S23-O23-F23 -> 258.17875 | Y23: =X23+$Y$1*W23 -> 392.9381 | Z23: =Y23-AC23 -> 151.28117 | AA23: -153.12 | AC23: =Y23*$AC$1 -> 241.65693 | AD23: =(F23+O23+S23+Z23+AC23)/W23 -> 13.56 | AE23: =(F23+O23+S23)/W23 -> 9.0112734 | AF23: 84.8442 | AG23: 79.9756 | AH23: 79.8802 | AI23: 85.5796 | AJ23: 89.1798 | AK23: 90.8622 | AL23: 89.5354 | AM23: 90.1674 | AN23: 90.7832 | AO23: 90.3426 | AQ23: =ROUND(G23*Z23,0) -> 151 | AR23: =ROUND(G23*AC23,0) -> 242 | AS23: SU002158
A24: 240 Колбаса Салями охотничья, ВЕС. ПОКОМ | B24: кг | G24: 0 | I24: матрица | L24: =E24-K24 -> 0 | O24: 0 | W24: =E24/5 -> 0 | Y24: =X24 -> 0 | Z24: =Y24-AC24 -> 0 | AD24: =(F24+O24+S24+Z24+AC24)/W24 -> #DIV/0! | AE24: =(F24+O24+S24)/W24 -> #DIV/0! | AF24: 0 | AG24: 0 | AH24: 0 | AI24: 0 | AJ24: 0 | AK24: 0 | AL24: 0 | AM24: 0 | AN24: 0 | AO24: 0 | AP24: нет потребности | AQ24: =ROUND(G24*Z24,0) -> 0 | AR24: =ROUND(G24*AC24,0) -> 0 | AS24: SU001921
A25: 242 Колбаса Сервелат ЗАПЕЧ.Дугушка ТМ Стародворье, вектор, в/к ПОКОМ | B25: кг | C25: 521.489 | D25: 1023.109 | E25: 679.241 | F25: 794.029 | G25: 1 | H25: 70 | I25: матрица | K25: 665.155 | L25: =E25-K25 -> 14.086 | O25: 448.44434 | W25: =E25/5 -> 135.8482 | X25: =12*W25-S25-O25-F25 -> 387.70506 | Y25: =X25+$Y$1*W25 -> 599.62826 | Z25: =Y25-AC25 -> 230.85688 | AA25: -232.32 | AC25: =Y25*$AC$1 -> 368.77138 | AD25: =(F25+O25+S25+Z25+AC25)/W25 -> 13.56 | AE25: =(F25+O25+S25)/W25 -> 9.1460419 | AF25: 138.0656 | AG25: 123.4304 | AH25: 120.0524 | AI25: 127.3804 | AJ25: 123.4118 | AK25: 117.6122 | AL25: 125.7372 | AM25: 138.39 | AN25: 139.7042 | AO25: 135.1922 | AQ25: =ROUND(G25*Z25,0) -> 231 | AR25: =ROUND(G25*AC25,0) -> 369 | AS25: SU002151
A26: 244 Колбаса Сервелат Кремлевский, ВЕС. ПОКОМ | B26: кг | C26: 195.62 | D26: 8.69 | E26: 157.724 | F26: 46.586 | G26: 1 | H26: 40 | I26: НЕДОГРУЗ / матрица | K26: 200.7 | L26: =E26-K26 -> -42.976 | O26: 50 | W26: =E26/5 -> 31.5448 | X26: 90 | Y26: =X26 -> 90 | Z26: =X26 -> 90 | AA26: -92.4 | AC26: =X26*0.5 -> 45 | AD26: =(F26+O26+S26+Z26+AC26)/W26 -> 7.3414953 | AE26: =(F26+O26+S26)/W26 -> 3.0618676 | AF26: 30.8242 | AG26: 25.3456 | AH26: 25.3456 | AI26: 29.3342 | AJ26: 30.3592 | AK26: 1.618 | AL26: 0.8882 | AM26: 28.8462 | AN26: 28.551 | AO26: 16.4596 | AQ26: =ROUND(G26*Z26,0) -> 90 | AR26: =ROUND(G26*AC26,0) -> 45 | AS26: SU001822
A27: 247 Сардельки Нежные, ВЕС. ПОКОМ | B27: кг | C27: 377.735 | D27: 268.71 | E27: 277.868 | F27: 339.792 | G27: 1 | H27: 30 | I27: матрица | K27: 289.2 | L27: =E27-K27 -> -11.332 | O27: 197.20011 | W27: =E27/5 -> 55.5736 | X27: =12*W27-S27-O27-F27 -> 129.89109 | Y27: =X27 -> 129.89109 | Z27: =Y27-AC27 -> 129.89109 | AD27: =(F27+O27+S27+Z27+AC27)/W27 -> 12 | AE27: =(F27+O27+S27)/W27 -> 9.6627196 | AF27: 57.696 | AG27: 53.5364 | AH27: 46.9894 | AI27: 50.7542 | AJ27: 52.6812 | AK27: 61.3154 | AL27: 65.9996 | AM27: 56.6406 | AN27: 57.6956 | AO27: 53.3138 | AQ27: =ROUND(G27*Z27,0) -> 130 | AR27: =ROUND(G27*AC27,0) -> 0 | AS27: SU001051
A28: 248 Сардельки Сочные ТМ Особый рецепт, ПОКОМ | B28: кг | C28: 0.235 | E28: -9.845 | F28: 0.235 | G28: 1 | H28: 40 | I28: НЕДОГРУЗ / матрица | K28: 79.7 | L28: =E28-K28 -> -89.545 | O28: 100 | P28: -108 | W28: =E28/5 -> -1.969 | X28: 100 | Y28: =X28 -> 100 | Z28: =X28 -> 100 | AA28: -108 | AC28: =X28*0.5 -> 50 | AD28: =(F28+O28+S28+Z28+AC28)/W28 -> -127.08735 | AE28: =(F28+O28+S28)/W28 -> -50.906552 | AF28: -1.5426 | AG28: 0.627 | AH28: 13.4148 | AI28: 42.743 | AJ28: 41.4948 | AK28: 42.4478 | AL28: 46.8592 | AM28: 44.1312 | AN28: 43.2066 | AO28: 39.3598 | AQ28: =ROUND(G28*Z28,0) -> 100 | AR28: =ROUND(G28*AC28,0) -> 50 | AS28: SU002287
A29: 250 Сардельки стародворские с говядиной в обол. NDX, ВЕС. ПОКОМ | B29: кг | C29: 247.591 | D29: 2594.23 | E29: 1878.28 | F29: 711.395 | G29: 1 | H29: 30 | I29: НЕДОГРУЗ / матрица | K29: 2030.781 | L29: =E29-K29 -> -152.501 | O29: 717 | S29: 783 | W29: =E29/5 -> 375.656 | X29: =11*W29-S29-O29-F29 -> 1920.821 | Y29: =X29 -> 1920.821 | Z29: =X29 -> 1920.821 | AA29: -500.6 | AC29: =X29*0.5 -> 960.4105 | AD29: =(F29+O29+S29+Z29+AC29)/W29 -> 13.556622 | AE29: =(F29+O29+S29)/W29 -> 5.8867554 | AF29: 362.0858 | AG29: 409.1834 | AH29: 406.6448 | AI29: 471.3384 | AJ29: 480.8798 | AK29: 213.437 | AL29: 215.164 | AM29: 450.7 | AN29: 450.2304 | AO29: 427.4828 | AQ29: =ROUND(G29*Z29,0) -> 1921 | AR29: =ROUND(G29*AC29,0) -> 960 | AS29: SU000227
A30: 251 Сосиски Баварские, ВЕС. ПОКОМ | B30: кг | C30: 0.437 | F30: 0.437 | G30: 0 | H30: 45 | I30: не в матрице | K30: 5.2 | L30: =E30-K30 -> -5.2 | O30: 0 | W30: =E30/5 -> 0 | Y30: =X30 -> 0 | Z30: =Y30-AC30 -> 0 | AD30: =(F30+O30+S30+Z30+AC30)/W30 -> #DIV/0! | AE30: =(F30+O30+S30)/W30 -> #DIV/0! | AF30: 0 | AG30: 0 | AH30: 0.26 | AI30: 1.5546 | AJ30: 4.6036 | AK30: 4.6284 | AL30: 3.6878 | AM30: 5.8214 | AN30: 3.9934 | AO30: 2.5616 | AQ30: =ROUND(G30*Z30,0) -> 0 | AR30: =ROUND(G30*AC30,0) -> 0 | AS30: SU001835
A31: 253 Сосиски Ганноверские ПОКОМ | B31: кг | C31: -0.257 | F31: -0.257 | G31: 0 | H31: 40 | I31: не в матрице | K31: 51.5 | L31: =E31-K31 -> -51.5 | O31: 0 | W31: =E31/5 -> 0 | Y31: =X31 -> 0 | Z31: =Y31-AC31 -> 0 | AD31: =(F31+O31+S31+Z31+AC31)/W31 -> #DIV/0! | AE31: =(F31+O31+S31)/W31 -> #DIV/0! | AF31: 0 | AG31: 0 | AH31: 0 | AI31: 0.7398 | AJ31: 1.2958 | AK31: 12.6168 | AL31: 11.9848 | AM31: 17.5422 | AN31: 20.3004 | AO31: 11.212 | AQ31: =ROUND(G31*Z31,0) -> 0 | AR31: =ROUND(G31*AC31,0) -> 0 | AS31: SU001340
A32: 255 Сосиски Молочные для завтрака ТМ Особый рецепт, п/а МГС, ВЕС, ТМ Стародворье ПОКОМ | B32: кг | C32: 3.748 | E32: -7.146 | F32: 3.748 | G32: 1 | H32: 40 | I32: НЕДОГРУЗ / матрица | K32: 321.4 | L32: =E32-K32 -> -328.546 | O32: 573.6 | S32: 626.4 | T32: -626 | W32: =E32/5 -> -1.4292 | X32: 1000 | Y32: =X32 -> 1000 | Z32: =X32 -> 1000 | AC32: 740 | AD32: =(F32+O32+S32+Z32+AC32)/W32 -> -2059.7173 | AE32: =(F32+O32+S32)/W32 -> -842.25301 | AF32: -0.5874 | AG32: -0.2024 | AH32: -0.2204 | AI32: 466.9548 | AJ32: 466.6568 | AK32: -1.0442 | AL32: 170.2936 | AM32: 540.2518 | AN32: 543.8248 | AO32: 632.0996 | AQ32: =ROUND(G32*Z32,0) -> 1000 | AR32: =ROUND(G32*AC32,0) -> 740 | AS32: SU002074
A33: 257 Сосиски Молочные оригинальные ТМ Особый рецепт, ВЕС. ПОКОМ | B33: кг | G33: 0 | I33: матрица | L33: =E33-K33 -> 0 | O33: 0 | W33: =E33/5 -> 0 | Y33: =X33 -> 0 | Z33: =Y33-AC33 -> 0 | AD33: =(F33+O33+S33+Z33+AC33)/W33 -> #DIV/0! | AE33: =(F33+O33+S33)/W33 -> #DIV/0! | AF33: 0 | AG33: 0 | AH33: 0 | AI33: 0 | AJ33: 0 | AK33: 0 | AL33: 0 | AM33: 0 | AN33: 0 | AO33: 0 | AP33: нет потребности | AQ33: =ROUND(G33*Z33,0) -> 0 | AR33: =ROUND(G33*AC33,0) -> 0 | AS33: SU000246
A34: 263 Шпикачки Стародворские, ВЕС. ПОКОМ | B34: кг | C34: 224.261 | D34: 105.424 | E34: 209.514 | F34: 73.827 | G34: 1 | H34: 30 | I34: НЕДОГРУЗ / матрица | K34: 227.7 | L34: =E34-K34 -> -18.186 | O34: 200 | W34: =E34/5 -> 41.9028 | X34: 150 | Y34: =X34 -> 150 | Z34: =X34 -> 150 | AC34: =X34*0.5 -> 75 | AD34: =(F34+O34+S34+Z34+AC34)/W34 -> 11.904383 | AE34: =(F34+O34+S34)/W34 -> 6.5348139 | AF34: 49.4908 | AG34: 47.4218 | AH34: 41.256 | AI34: 46.9576 | AJ34: 52.2822 | AK34: 40.8566 | AL34: 32.7374 | AM34: 46.5842 | AN34: 55.4348 | AO34: 52.496 | AQ34: =ROUND(G34*Z34,0) -> 150 | AR34: =ROUND(G34*AC34,0) -> 75 | AS34: SU001430
A35: 265 Колбаса Балыкбургская, ВЕС, ТМ Баварушка ПОКОМ | B35: кг | G35: 0 | I35: матрица | L35: =E35-K35 -> 0 | O35: 0 | W35: =E35/5 -> 0 | Y35: =X35 -> 0 | Z35: =Y35-AC35 -> 0 | AD35: =(F35+O35+S35+Z35+AC35)/W35 -> #DIV/0! | AE35: =(F35+O35+S35)/W35 -> #DIV/0! | AF35: 0 | AG35: 0 | AH35: 0 | AI35: 0 | AJ35: 0 | AK35: 0 | AL35: 0 | AM35: 0 | AN35: 0 | AO35: 0 | AP35: нет потребности | AQ35: =ROUND(G35*Z35,0) -> 0 | AR35: =ROUND(G35*AC35,0) -> 0 | AS35: SU002612
A36: 267 Колбаса Салями Филейбургская зернистая, оболочка фиброуз, ВЕС, ТМ Баварушка ПОКОМ | B36: кг | G36: 0 | I36: матрица | L36: =E36-K36 -> 0 | O36: 0 | W36: =E36/5 -> 0 | Y36: =X36 -> 0 | Z36: =Y36-AC36 -> 0 | AD36: =(F36+O36+S36+Z36+AC36)/W36 -> #DIV/0! | AE36: =(F36+O36+S36)/W36 -> #DIV/0! | AF36: 0 | AG36: 0 | AH36: 0 | AI36: 0 | AJ36: 0 | AK36: 0 | AL36: 0 | AM36: 0 | AN36: 0 | AO36: 0 | AP36: нет потребности | AQ36: =ROUND(G36*Z36,0) -> 0 | AR36: =ROUND(G36*AC36,0) -> 0 | AS36: SU002614
A37: 273 Сосиски Сочинки с сочной грудинкой, МГС 0.4кг, ПОКОМ | B37: шт | C37: -26.06 | D37: 4200 | E37: 1753 | F37: 1765.94 | G37: 0.4 | H37: 45 | I37: НЕДОГРУЗ / матрица | K37: 2927 | L37: =E37-K37 -> -1174 | O37: 1434 | S37: 1566 | W37: =E37/5 -> 350.6 | X37: 2000 | Y37: =X37 -> 2000 | Z37: =X37 -> 2000 | AC37: =X37*0.5 -> 1000 | AD37: =(F37+O37+S37+Z37+AC37)/W37 -> 22.150428 | AE37: =(F37+O37+S37)/W37 -> 13.593668 | AF37: 627.6 | AG37: 957.4 | AH37: 972 | AI37: 989.812 | AJ37: 974.612 | AK37: 922.4 | AL37: 935.8 | AM37: 879.4 | AN37: 846.3586 | AO37: 867.7586 | AQ37: =ROUND(G37*Z37,0) -> 800 | AR37: =ROUND(G37*AC37,0) -> 400 | AS37: SU002618 | AU37: =Q37*G37 -> 0
A38: 276 Колбаса Сливушка ТМ Вязанка в оболочке полиамид 0,45 кг ПОКОМ | B38: шт | C38: 191 | D38: 1050 | E38: 484 | F38: 658 | G38: 0.45 | H38: 50 | I38: матрица | K38: 486 | L38: =E38-K38 -> -2 | O38: 234.8454 | W38: =E38/5 -> 96.8 | X38: =12*W38-S38-O38-F38 -> 268.7546 | Y38: =X38+$Y$1*W38 -> 419.7626 | Z38: =Y38-AC38 -> 161.6086 | AC38: =Y38*$AC$1 -> 258.154 | AD38: =(F38+O38+S38+Z38+AC38)/W38 -> 13.56 | AE38: =(F38+O38+S38)/W38 -> 9.2236095 | AF38: 99.2 | AG38: 105.4 | AH38: 102.8 | AI38: 77.8 | AJ38: 75 | AK38: 65 | AL38: 95.6 | AM38: 101.8 | AN38: 92.4 | AO38: 96.2 | AQ38: =ROUND(G38*Z38,0) -> 73 | AR38: =ROUND(G38*AC38,0) -> 116 | AS38: SU002734
A39: 278 Сосиски Сочинки с сочным окороком, МГС 0.4кг, ПОКОМ | B39: шт | C39: -28 | D39: 300 | E39: 295 | F39: -30 | G39: 0.4 | H39: 45 | I39: НЕДОГРУЗ / матрица | K39: 814 | L39: =E39-K39 -> -519 | O39: 500 | W39: =E39/5 -> 59 | X39: 400 | Y39: =X39 -> 400 | Z39: =X39 -> 400 | AA39: -402 | AC39: =X39*0.5 -> 200 | AD39: =(F39+O39+S39+Z39+AC39)/W39 -> 18.135593 | AE39: =(F39+O39+S39)/W39 -> 7.9661017 | AF39: 102.6 | AG39: 216.8 | AH39: 259 | AI39: 245.2 | AJ39: 165.6 | AK39: 105.6 | AL39: 196.2 | AM39: 218.8 | AN39: 207.2 | AO39: 223 | AQ39: =ROUND(G39*Z39,0) -> 160 | AR39: =ROUND(G39*AC39,0) -> 80 | AS39: SU002621 | AU39: =Q39*G39 -> 0
A40: 281 Сосиски Молочные для завтрака ТМ Особый рецепт, 0,4кг ПОКОМ | B40: шт | C40: 22 | E40: 22 | G40: 0.4 | H40: 40 | I40: НЕДОГРУЗ / матрица | K40: 25 | L40: =E40-K40 -> -3 | O40: 30 | P40: -30 | W40: =E40/5 -> 4.4 | X40: 20 | Y40: =X40 -> 20 | Z40: =X40 -> 20 | AA40: -24 | AC40: =X40*0.5 -> 10 | AD40: =(F40+O40+S40+Z40+AC40)/W40 -> 13.636364 | AE40: =(F40+O40+S40)/W40 -> 6.8181818 | AF40: 7.2 | AG40: 3.8 | AH40: 2.6 | AI40: 3.6 | AJ40: 2.2 | AK40: 2.6 | AL40: 5.4 | AM40: 4 | AN40: 1.4 | AO40: 2.8 | AQ40: =ROUND(G40*Z40,0) -> 8 | AR40: =ROUND(G40*AC40,0) -> 4 | AS40: SU002205
A41: 283 Сосиски Сочинки, ВЕС, ТМ Стародворье ПОКОМ | B41: кг | C41: 0.647 | D41: 524.41 | E41: 335.336 | F41: 172.311 | G41: 1 | H41: 45 | I41: матрица | K41: 338.913 | L41: =E41-K41 -> -3.577 | O41: 224.09167 | P41: -226.2 | W41: =E41/5 -> 67.0672 | X41: =12*W41-S41-O41-F41 -> 408.40373 | Y41: =X41 -> 408.40373 | Z41: =Y41-AC41 -> 157.23544 | AC41: =Y41*$AC$1 -> 251.1683 | AD41: =(F41+O41+S41+Z41+AC41)/W41 -> 12 | AE41: =(F41+O41+S41)/W41 -> 5.9105295 | AF41: 44.9604 | AG41: -1.501 | AH41: -2.0734 | AI41: 9.1658 | AJ41: 37.9426 | AK41: 58.0432 | AL41: 60.0158 | AM41: 55.1294 | AN41: 48.1906 | AO41: 52.0698 | AQ41: =ROUND(G41*Z41,0) -> 157 | AR41: =ROUND(G41*AC41,0) -> 251 | AS41: SU002725
A42: 285 Паштет печеночный со слив.маслом ТМ Стародворье ламистер 0,1 кг ПОКОМ | B42: шт | C42: 386 | D42: 480 | E42: 325 | F42: 505 | G42: 0.1 | H42: 731 | I42: матрица | K42: 325 | L42: =E42-K42 -> 0 | O42: 76.8 | W42: =E42/5 -> 65 | X42: =12*W42-S42-O42-F42 -> 198.2 | Y42: =X42 -> 198.2 | Z42: =Y42-AC42 -> 198.2 | AD42: =(F42+O42+S42+Z42+AC42)/W42 -> 12 | AE42: =(F42+O42+S42)/W42 -> 8.9507692 | AF42: 62.8 | AG42: 64 | AH42: 69.2 | AI42: 86.4 | AJ42: 78.6 | AK42: 70.6 | AL42: 80.6 | AM42: 60.2 | AN42: 46.4 | AO42: 46.8 | AQ42: =ROUND(G42*Z42,0) -> 20 | AR42: =ROUND(G42*AC42,0) -> 0 | AS42: SU002368
A43: 296 Колбаса Мясорубская с рубленой грудинкой 0,35кг срез ТМ Стародворье ПОКОМ | B43: шт | E43: -13 | F43: -1 | G43: 0.35 | H43: 40 | I43: НЕДОГРУЗ / матрица | K43: 55 | L43: =E43-K43 -> -68 | O43: 100 | P43: -102 | W43: =E43/5 -> -2.6 | X43: 100 | Y43: =X43 -> 100 | Z43: =X43 -> 100 | AA43: -102 | AC43: =X43*0.5 -> 50 | AD43: =(F43+O43+S43+Z43+AC43)/W43 -> -95.769231 | AE43: =(F43+O43+S43)/W43 -> -38.076923 | AF43: -2.8 | AG43: -2.8 | AH43: -3 | AI43: 6.8 | AJ43: 28.4 | AK43: 45 | AL43: 43.6 | AM43: 47.6 | AN43: 44.6 | AO43: 46.4 | AQ43: =ROUND(G43*Z43,0) -> 35 | AR43: =ROUND(G43*AC43,0) -> 18 | AS43: SU002660
A44: 297 Колбаса Мясорубская с рубленой грудинкой ВЕС ТМ Стародворье ПОКОМ | B44: кг | C44: 48.213 | E44: 42.087 | F44: 4.676 | G44: 1 | H44: 40 | I44: НЕДОГРУЗ / матрица | K44: 55.75 | L44: =E44-K44 -> -13.663 | O44: 30 | W44: =E44/5 -> 8.4174 | X44: 30 | Y44: =X44 -> 30 | Z44: =X44 -> 30 | AA44: -33.6 | AC44: =X44*0.5 -> 15 | AD44: =(F44+O44+S44+Z44+AC44)/W44 -> 9.4656307 | AE44: =(F44+O44+S44)/W44 -> 4.1195619 | AF44: 11.9122 | AG44: 8.8938 | AH44: 8.7584 | AI44: 7.7378 | AJ44: 8.1522 | AK44: 10.5666 | AL44: 9.1028 | AM44: 7.556 | AN44: 7.9702 | AO44: 9.601 | AQ44: =ROUND(G44*Z44,0) -> 30 | AR44: =ROUND(G44*AC44,0) -> 15 | AS44: SU002756
A45: 301 Сосиски Сочинки по-баварски с сыром, 0.4кг, ТМ Стародворье ПОКОМ | B45: шт | C45: 15 | D45: 291 | E45: 232 | F45: 47 | G45: 0.4 | H45: 40 | I45: НЕДОГРУЗ / матрица | K45: 282 | L45: =E45-K45 -> -50 | O45: 120 | W45: =E45/5 -> 46.4 | X45: 100 | Y45: =X45 -> 100 | Z45: =X45 -> 100 | AC45: =X45*0.5 -> 50 | AD45: =(F45+O45+S45+Z45+AC45)/W45 -> 6.8318966 | AE45: =(F45+O45+S45)/W45 -> 3.5991379 | AF45: 39.4 | AG45: 7 | AH45: 3 | AI45: 44.6 | AJ45: 42.4 | AK45: -0.8 | AL45: 17.2 | AM45: 30.2 | AN45: 32.8 | AO45: 44.6 | AQ45: =ROUND(G45*Z45,0) -> 40 | AR45: =ROUND(G45*AC45,0) -> 20 | AS45: SU002801
A46: 302 Сосиски Сочинки по-баварски, 0.4кг, ТМ Стародворье ПОКОМ | B46: шт | C46: 12 | D46: 252 | E46: 129 | F46: 57 | G46: 0.4 | H46: 45 | I46: НЕДОГРУЗ / матрица | K46: 330 | L46: =E46-K46 -> -201 | O46: 200 | W46: =E46/5 -> 25.8 | X46: 100 | Y46: =X46 -> 100 | Z46: =X46 -> 100 | AC46: =X46*0.5 -> 50 | AD46: =(F46+O46+S46+Z46+AC46)/W46 -> 15.775194 | AE46: =(F46+O46+S46)/W46 -> 9.9612403 | AF46: 20.4 | AG46: -0.8 | AH46: 23.6 | AI46: 52.4 | AJ46: 27.8 | AK46: -0.8 | AL46: 6.6 | AM46: 42.6 | AN46: 57.4 | AO46: 39.6 | AQ46: =ROUND(G46*Z46,0) -> 40 | AR46: =ROUND(G46*AC46,0) -> 20 | AS46: SU002799
A47: 305 Колбаса Сервелат Мясорубский с мелкорубленным окороком в/у ТМ Стародворье ВЕС ПОКОМ | B47: кг | C47: 229.879 | E47: 105.472 | F47: 97.52 | G47: 1 | H47: 40 | I47: матрица | K47: 117.8 | L47: =E47-K47 -> -12.328 | O47: 52.3098 | W47: =E47/5 -> 21.0944 | X47: =12*W47-S47-O47-F47 -> 103.303 | Y47: =X47 -> 103.303 | Z47: =Y47-AC47 -> 103.303 | AA47: -105 | AD47: =(F47+O47+S47+Z47+AC47)/W47 -> 12 | AE47: =(F47+O47+S47)/W47 -> 7.1028235 | AF47: 18.7718 | AG47: 18.389 | AH47: 21.2908 | AI47: 17.8104 | AJ47: 16.632 | AK47: 22.5308 | AL47: 20.5176 | AM47: 24.51 | AN47: 25.9508 | AO47: 25.9468 | AQ47: =ROUND(G47*Z47,0) -> 103 | AR47: =ROUND(G47*AC47,0) -> 0 | AS47: SU002847
A48: 307 Колбаса Сервелат Мясорубский с мелкорубленным окороком 0,35 кг срез ТМ Стародворье Поком | B48: шт | C48: 1328 | D48: 866 | E48: 1527 | F48: 489 | G48: 0.35 | H48: 40 | I48: НЕДОГРУЗ / матрица | K48: 1560 | L48: =E48-K48 -> -33 | O48: 286.8 | P48: -288 | S48: 313.2 | T48: -313 | W48: =E48/5 -> 305.4 | X48: 1500 | Y48: =X48 -> 1500 | Z48: =X48 -> 1500 | AA48: -1500 | AC48: =X48*0.5 -> 750 | AD48: =(F48+O48+S48+Z48+AC48)/W48 -> 10.933202 | AE48: =(F48+O48+S48)/W48 -> 3.5658153 | AF48: 276 | AG48: 231 | AH48: 229.8 | AI48: 254 | AJ48: 261.4 | AK48: 234 | AL48: 230.6 | AM48: 272.2 | AN48: 290.4 | AO48: 282.2 | AQ48: =ROUND(G48*Z48,0) -> 525 | AR48: =ROUND(G48*AC48,0) -> 263 | AS48: SU002848
A49: 309 Сосиски Сочинки с сыром 0,4 кг ТМ Стародворье ПОКОМ | B49: шт | C49: 267 | D49: 1472 | E49: 784 | F49: 847 | G49: 0.4 | H49: 40 | I49: НЕДОГРУЗ / матрица | K49: 801 | L49: =E49-K49 -> -17 | O49: 239.2629 | S49: 261.2871 | W49: =E49/5 -> 156.8 | X49: 300 | Y49: =X49 -> 300 | Z49: =X49 -> 300 | AC49: =X49*0.5 -> 150 | AD49: =(F49+O49+S49+Z49+AC49)/W49 -> 11.463967 | AE49: =(F49+O49+S49)/W49 -> 8.5940689 | AF49: 151.2 | AG49: 139.6 | AH49: 149 | AI49: 103 | AJ49: 49.8 | AK49: 86 | AL49: 134.4 | AM49: 143.4 | AN49: 127.4 | AO49: 113.8 | AQ49: =ROUND(G49*Z49,0) -> 120 | AR49: =ROUND(G49*AC49,0) -> 60 | AS49: SU002686
A50: 312 Ветчина Филейская ВЕС ТМ Вязанка ТС Столичная ПОКОМ | B50: кг | C50: 580.901 | D50: 348.733 | E50: 446.359 | F50: 423.39 | G50: 1 | H50: 50 | I50: матрица | K50: 456.6 | L50: =E50-K50 -> -10.241 | O50: 409.00763 | W50: =E50/5 -> 89.2718 | X50: =12*W50-S50-O50-F50 -> 238.86397 | Y50: =X50+$Y$1*W50 -> 378.12798 | Z50: =Y50-AC50 -> 145.57927 | AC50: =Y50*$AC$1 -> 232.54871 | AD50: =(F50+O50+S50+Z50+AC50)/W50 -> 13.56 | AE50: =(F50+O50+S50)/W50 -> 9.3243066 | AF50: 90.6524 | AG50: 74.56 | AH50: 74.0374 | AI50: 94.6432 | AJ50: 101.782 | AK50: 92.1952 | AL50: 85.6244 | AM50: 98.406 | AN50: 105.6034 | AO50: 102.1594 | AQ50: =ROUND(G50*Z50,0) -> 146 | AR50: =ROUND(G50*AC50,0) -> 233 | AS50: SU002828
A51: 315 Колбаса вареная Молокуша ТМ Вязанка ВЕС, ПОКОМ | B51: кг | C51: 569.018 | D51: 721.962 | E51: 578.686 | F51: 644.6 | G51: 1 | H51: 50 | I51: матрица | K51: 570.9 | L51: =E51-K51 -> 7.786 | O51: 466.77858 | W51: =E51/5 -> 115.7372 | X51: =12*W51-S51-O51-F51 -> 277.46782 | Y51: =X51+$Y$1*W51 -> 458.01785 | Z51: =Y51-AC51 -> 176.33687 | AC51: =Y51*$AC$1 -> 281.68098 | AD51: =(F51+O51+S51+Z51+AC51)/W51 -> 13.56 | AE51: =(F51+O51+S51)/W51 -> 9.6026047 | AF51: 120.2286 | AG51: 105.809 | AH51: 99.3164 | AI51: 104.8566 | AJ51: 106.9326 | AK51: 107.8848 | AL51: 115.0708 | AM51: 121.9318 | AN51: 115.127 | AO51: 112.8666 | AQ51: =ROUND(G51*Z51,0) -> 176 | AR51: =ROUND(G51*AC51,0) -> 282 | AS51: SU002830
A52: 318 Сосиски Датские ТМ Зареченские, ВЕС ПОКОМ | B52: кг | C52: 32.576 | E52: -1.175 | F52: 32.576 | G52: 1 | H52: 45 | I52: НЕДОГРУЗ / матрица | K52: 103.1 | L52: =E52-K52 -> -104.275 | O52: 50 | P52: -54 | W52: =E52/5 -> -0.235 | X52: 40 | Y52: =X52 -> 40 | Z52: =X52 -> 40 | AA52: -45 | AC52: =X52*0.5 -> 20 | AD52: =(F52+O52+S52+Z52+AC52)/W52 -> -606.70638 | AE52: =(F52+O52+S52)/W52 -> -351.38723 | AF52: -0.235 | AG52: 0.584 | AH52: 9.0942 | AI52: 17.8614 | AJ52: 19.9462 | AK52: 17.8542 | AL52: 15.411 | AM52: 11.0654 | AN52: 9.3584 | AO52: 8.7306 | AQ52: =ROUND(G52*Z52,0) -> 40 | AR52: =ROUND(G52*AC52,0) -> 20 | AS52: SU002655
A53: 319 Колбаса вареная Филейская ТМ Вязанка ТС Классическая, 0,45 кг. ПОКОМ | B53: шт | C53: 174 | D53: 360 | E53: 136 | F53: 373 | G53: 0.45 | H53: 50 | I53: матрица | K53: 141 | L53: =E53-K53 -> -5 | O53: 0 | W53: =E53/5 -> 27.2 | Y53: =X53 -> 0 | Z53: =Y53-AC53 -> 0 | AD53: =(F53+O53+S53+Z53+AC53+P53+Q53+T53+U53+R53+V53+AB53)/W53 -> 13.713235 | AE53: =(F53+O53+S53)/W53 -> 13.713235 | AF53: 29.2 | AG53: 42.4 | AH53: 40.4 | AI53: 35 | AJ53: 41.4 | AK53: 38.8 | AL53: 36.6 | AM53: 46.2 | AN53: 56 | AO53: 66.6 | AQ53: =ROUND(G53*Z53,0) -> 0 | AR53: =ROUND(G53*AC53,0) -> 0 | AS53: SU002815 | AT53: =VLOOKUP(AS53,[1]Лист1!$A:$A,1,0) -> SU002815 | AU53: =Q53*G53 -> 0 | AV53: =ROUND(AB53*G53,0) -> 0
A54: 322 Колбаса вареная Молокуша 0,45кг ТМ Вязанка ПОКОМ | B54: шт | C54: 424 | D54: 730 | E54: 462 | F54: 580 | G54: 0.45 | H54: 50 | I54: матрица | K54: 466 | L54: =E54-K54 -> -4 | O54: 297.8886 | W54: =E54/5 -> 92.4 | X54: =12*W54-S54-O54-F54 -> 230.9114 | Y54: =X54+$Y$1*W54 -> 375.0554 | Z54: =Y54-AC54 -> 144.39633 | AC54: =Y54*$AC$1 -> 230.65907 | AD54: =(F54+O54+S54+Z54+AC54)/W54 -> 13.56 | AE54: =(F54+O54+S54)/W54 -> 9.5009589 | AF54: 101.8 | AG54: 96.8 | AH54: 93.2 | AI54: 95.8 | AJ54: 91.6 | AK54: 94.4 | AL54: 114.6 | AM54: 103.4 | AN54: 94 | AO54: 111.2 | AQ54: =ROUND(G54*Z54,0) -> 65 | AR54: =ROUND(G54*AC54,0) -> 104 | AS54: SU002816
A55: 328 Сардельки Сочинки Стародворье ТМ 0,4 кг ПОКОМ | B55: шт | C55: 26 | D55: 156 | E55: 159 | F55: 7 | G55: 0.4 | H55: 40 | I55: НЕДОГРУЗ / матрица | K55: 166 | L55: =E55-K55 -> -7 | O55: 150 | P55: -150 | W55: =E55/5 -> 31.8 | X55: 80 | Y55: =X55 -> 80 | Z55: =X55 -> 80 | AA55: -84 | AC55: =X55*0.5 -> 40 | AD55: =(F55+O55+S55+Z55+AC55)/W55 -> 8.7106918 | AE55: =(F55+O55+S55)/W55 -> 4.9371069 | AF55: 29.2 | AG55: 19 | AH55: 19.8 | AI55: 25.6 | AJ55: 30.8 | AK55: 30.8 | AL55: 25.8 | AM55: 27.4 | AN55: 37.2 | AO55: 33.6 | AQ55: =ROUND(G55*Z55,0) -> 32 | AR55: =ROUND(G55*AC55,0) -> 16 | AS55: SU002758
A56: 329 Сардельки Сочинки с сыром Стародворье ТМ, 0,4 кг. ПОКОМ | B56: шт | C56: 36 | D56: 138 | E56: 69 | F56: 100 | G56: 0.4 | H56: 40 | I56: НЕДОГРУЗ / матрица | K56: 74 | L56: =E56-K56 -> -5 | O56: 20 | W56: =E56/5 -> 13.8 | X56: =12*W56-S56-O56-F56 -> 45.6 | Y56: =X56 -> 45.6 | Z56: =X56 -> 45.6 | AC56: =X56*0.5 -> 22.8 | AD56: =(F56+O56+S56+Z56+AC56)/W56 -> 13.652174 | AE56: =(F56+O56+S56)/W56 -> 8.6956522 | AF56: 10.2 | AG56: 8.8 | AH56: 14.6 | AI56: 20 | AJ56: 17.2 | AK56: 12.4 | AL56: 13 | AM56: 17.2 | AN56: 11.2 | AO56: 7.8 | AQ56: =ROUND(G56*Z56,0) -> 18 | AR56: =ROUND(G56*AC56,0) -> 9 | AS56: SU002759
A57: 330 Колбаса вареная Филейская ТМ Вязанка ТС Классическая ВЕС ПОКОМ | B57: кг | C57: 912.694 | D57: 610.673 | E57: 672.748 | F57: 778.945 | G57: 1 | H57: 50 | I57: матрица | K57: 705.85 | L57: =E57-K57 -> -33.102 | O57: 455.21548 | W57: =E57/5 -> 134.5496 | X57: =12*W57-S57-O57-F57 -> 380.43472 | Y57: =X57+$Y$1*W57 -> 590.3321 | Z57: =Y57-AC57 -> 227.27786 | AB57: 150 | AC57: =Y57*$AC$1 -> 363.05424 | AD57: =(F57+O57+S57+Z57+AC57+P57+Q57+T57+U57+R57+V57+AB57)/W57 -> 14.674831 | AE57: =(F57+O57+S57)/W57 -> 9.1725318 | AF57: 136.1016 | AG57: 125.3366 | AH57: 121.603 | AI57: 139.4472 | AJ57: 142.0212 | AK57: 148.8102 | AL57: 151.5138 | AM57: 152.5776 | AN57: 151.3276 | AO57: 138.5552 | AQ57: =ROUND(G57*Z57,0) -> 227 | AR57: =ROUND(G57*AC57,0) -> 363 | AS57: SU002829 | AT57: =VLOOKUP(AS57,[1]Лист1!$A:$A,1,0) -> SU002829 | AU57: =Q57*G57 -> 0 | AV57: =ROUND(AB57*G57,0) -> 150
A58: 333 Колбаса Балыковая, Вязанка фиброуз в/у, ВЕС ПОКОМ | B58: кг | C58: 100.543 | D58: 637.242 | G58: 0 | I58: дубль | J58: 558 Колбаса Балыковая НОВАЯ ВЕС Вязанка фиброуз в/у ПОКОМ | L58: =E58-K58 -> 0 | O58: 0 | W58: =E58/5 -> 0 | Y58: =X58 -> 0 | Z58: =Y58-AC58 -> 0 | AD58: =(F58+O58+S58+Z58+AC58)/W58 -> #DIV/0! | AE58: =(F58+O58+S58)/W58 -> #DIV/0! | AF58: 0 | AG58: 0 | AH58: 0 | AI58: 0 | AJ58: 0 | AK58: 0 | AL58: 0 | AM58: 0 | AN58: 0 | AO58: 0 | AQ58: =ROUND(G58*Z58,0) -> 0 | AR58: =ROUND(G58*AC58,0) -> 0 | AS58: SU000064
A59: 334 Паштет Любительский ТМ Стародворье ламистер 0,1 кг ПОКОМ | B59: шт | C59: 284 | D59: 340 | E59: 186 | F59: 413 | G59: 0.1 | H59: 731 | I59: матрица | K59: 191 | L59: =E59-K59 -> -5 | O59: 0 | W59: =E59/5 -> 37.2 | X59: =12*W59-S59-O59-F59 -> 33.4 | Y59: =X59 -> 33.4 | Z59: =Y59-AC59 -> 33.4 | AD59: =(F59+O59+S59+Z59+AC59)/W59 -> 12 | AE59: =(F59+O59+S59)/W59 -> 11.102151 | AF59: 40.6 | AG59: 49.6 | AH59: 52.8 | AI59: 58 | AJ59: 56.4 | AK59: 43.8 | AL59: 46 | AM59: 43 | AN59: 32 | AO59: 24.4 | AQ59: =ROUND(G59*Z59,0) -> 3 | AR59: =ROUND(G59*AC59,0) -> 0 | AS59: SU002841
A60: 335 Колбаса Сливушка ТМ Вязанка. ВЕС. ПОКОМ | B60: кг | C60: 722.781 | D60: 1543.316 | E60: 891.15 | F60: 1281.783 | G60: 1 | H60: 50 | I60: матрица | K60: 871.6 | L60: =E60-K60 -> 19.55 | O60: 509.54372 | W60: =E60/5 -> 178.23 | X60: =12*W60-S60-O60-F60 -> 347.43328 | Y60: =X60+$Y$1*W60 -> 625.47208 | Z60: =Y60-AC60 -> 240.80675 | AC60: =Y60*$AC$1 -> 384.66533 | AD60: =(F60+O60+S60+Z60+AC60)/W60 -> 13.56 | AE60: =(F60+O60+S60)/W60 -> 10.050646 | AF60: 187.5928 | AG60: 186.7844 | AH60: 179.1966 | AI60: 169.712 | AJ60: 165.365 | AK60: 160.8406 | AL60: 178.3894 | AM60: 198.2442 | AN60: 186.8068 | AO60: 175.2874 | AQ60: =ROUND(G60*Z60,0) -> 241 | AR60: =ROUND(G60*AC60,0) -> 385 | AS60: SU002928
A61: 336 Ветчина Сливушка с индейкой ТМ Вязанка. ВЕС ПОКОМ | B61: кг | C61: 91.848 | D61: 129.82 | E61: 80.503 | F61: 130.88 | G61: 1 | H61: 55 | I61: матрица | K61: 78.15 | L61: =E61-K61 -> 2.353 | O61: 74.8262 | W61: =E61/5 -> 16.1006 | Y61: =X61 -> 0 | Z61: =Y61-AC61 -> 0 | AD61: =(F61+O61+S61+Z61+AC61)/W61 -> 12.776306 | AE61: =(F61+O61+S61)/W61 -> 12.776306 | AF61: 20.7174 | AG61: 18.2508 | AH61: 15.447 | AI61: 17.9756 | AJ61: 16.6264 | AK61: 20.0504 | AL61: 20.8482 | AM61: 17.22 | AN61: 18.1306 | AO61: 18.804 | AQ61: =ROUND(G61*Z61,0) -> 0 | AR61: =ROUND(G61*AC61,0) -> 0 | AS61: SU002833
A62: 338 Паштет печеночный с морковью ТМ Стародворье ламистер 0,1 кг. ПОКОМ | B62: шт | C62: 129 | D62: 440 | E62: 153 | F62: 396 | G62: 0.1 | H62: 731 | I62: матрица | K62: 153 | L62: =E62-K62 -> 0 | O62: 0 | W62: =E62/5 -> 30.6 | Y62: =X62 -> 0 | Z62: =Y62-AC62 -> 0 | AD62: =(F62+O62+S62+Z62+AC62)/W62 -> 12.941176 | AE62: =(F62+O62+S62)/W62 -> 12.941176 | AF62: 35.2 | AG62: 43.8 | AH62: 41.8 | AI62: 40.6 | AJ62: 37.6 | AK62: 34 | AL62: 46 | AM62: 42.2 | AN62: 26 | AO62: 19 | AQ62: =ROUND(G62*Z62,0) -> 0 | AR62: =ROUND(G62*AC62,0) -> 0 | AS62: SU002840
A63: 339 Колбаса вареная Филейская ТМ Вязанка ТС Классическая, 0,40 кг. ПОКОМ | B63: шт | C63: 106 | D63: 721 | E63: 330 | F63: 452 | G63: 0.4 | H63: 50 | I63: матрица | K63: 330 | L63: =E63-K63 -> 0 | O63: 123.065 | W63: =E63/5 -> 66 | X63: =12*W63-S63-O63-F63 -> 216.935 | Y63: =X63 -> 216.935 | Z63: =Y63-AC63 -> 83.519975 | AC63: =Y63*$AC$1 -> 133.41503 | AD63: =(F63+O63+S63+Z63+AC63)/W63 -> 12 | AE63: =(F63+O63+S63)/W63 -> 8.7131061 | AF63: 65 | AG63: 69 | AH63: 59.8 | AI63: 59.4 | AJ63: 52.2 | AK63: 41 | AL63: 60.6 | AM63: 49.4 | AN63: 42.6 | AO63: 47.8 | AQ63: =ROUND(G63*Z63,0) -> 33 | AR63: =ROUND(G63*AC63,0) -> 53 | AS63: SU002831
A64: 340 Сосиски Сочинки Молочные ТМ Стародворье, ВЕС ПОКОМ | B64: кг | C64: 5.051 | D64: 454.653 | E64: 454.458 | F64: 4.512 | G64: 1 | H64: 40 | I64: матрица | K64: 487.05 | L64: =E64-K64 -> -32.592 | O64: 421.99781 | W64: =E64/5 -> 90.8916 | X64: =12*W64-S64-O64-F64 -> 664.18939 | Y64: =X64+$Y$1*W64 -> 805.98028 | Z64: =Y64-AC64 -> 310.30241 | AC64: =Y64*$AC$1 -> 495.67788 | AD64: =(F64+O64+S64+Z64+AC64)/W64 -> 13.56 | AE64: =(F64+O64+S64)/W64 -> 4.6925108 | AF64: 87.633 | AG64: 25.4356 | AH64: 28.9492 | AI64: 19.0374 | AJ64: 20.4744 | AK64: 10.922 | AL64: 10.8414 | AM64: 9.9244 | AN64: 8.3956 | AO64: 9.6594 | AP64: 120кг под задачи ТК (31,07,26) | AQ64: =ROUND(G64*Z64,0) -> 310 | AR64: =ROUND(G64*AC64,0) -> 496 | AS64: SU002843 | AU64: =Q64*G64 -> 0
A65: 341 Сосиски Сочинки Сливочные ТМ Стародворье ВЕС ПОКОМ | B65: кг | C65: 3.875 | D65: 539.593 | E65: 425.276 | F65: 83.5 | G65: 1 | H65: 40 | I65: матрица | K65: 424.9 | L65: =E65-K65 -> 0.376 | O65: 269.88792 | W65: =E65/5 -> 85.0552 | X65: =10*W65-S65-O65-F65 -> 497.16408 | Y65: =X65+$Y$1*W65 -> 629.85019 | Z65: =Y65-AC65 -> 242.49232 | AC65: =Y65*$AC$1 -> 387.35787 | AD65: =(F65+O65+S65+Z65+AC65)/W65 -> 11.56 | AE65: =(F65+O65+S65)/W65 -> 4.1548068 | AF65: 46.8788 | AG65: 23.079 | AH65: 22.8166 | AI65: 0 | AJ65: 0 | AK65: 0.2724 | AL65: 0.2724 | AM65: 0 | AN65: 0 | AO65: 0 | AP65: 120кг под задачи ТК (31,07,26) | AQ65: =ROUND(G65*Z65,0) -> 242 | AR65: =ROUND(G65*AC65,0) -> 387 | AS65: SU002845
A66: 342 Сосиски Сочинки Молочные ТМ Стародворье 0,4 кг ПОКОМ | B66: шт | C66: 821 | D66: 1382 | E66: 1561 | F66: 521 | G66: 0.4 | H66: 40 | I66: матрица | K66: 1577 | L66: =E66-K66 -> -16 | O66: 736.39103 | S66: 804.17597 | W66: =E66/5 -> 312.2 | X66: =12*W66-S66-O66-F66 -> 1684.833 | Y66: =X66+$Y$1*W66 -> 2171.865 | Z66: =Y66-AC66 -> 836.16802 | AC66: =Y66*$AC$1 -> 1335.697 | AD66: =(F66+O66+S66+Z66+AC66)/W66 -> 13.56 | AE66: =(F66+O66+S66)/W66 -> 6.6033536 | AF66: 247 | AG66: 179.6 | AH66: 181.2 | AI66: 180.6 | AJ66: 186.2 | AK66: 159.2 | AL66: 162.8 | AM66: 187.4 | AN66: 170.2 | AO66: 152.4 | AQ66: =ROUND(G66*Z66,0) -> 334 | AR66: =ROUND(G66*AC66,0) -> 534 | AS66: SU002842
A67: 343 Сосиски Сочинки Сливочные ТМ Стародворье 0,4 кг ПОКОМ | B67: шт | C67: 121 | D67: 608 | E67: 621 | F67: 39 | G67: 0.4 | H67: 40 | I67: НЕДОГРУЗ / матрица | K67: 841 | L67: =E67-K67 -> -220 | O67: 370 | P67: -372 | W67: =E67/5 -> 124.2 | X67: 300 | Y67: =X67 -> 300 | Z67: =X67 -> 300 | AC67: =X67*0.5 -> 150 | AD67: =(F67+O67+S67+Z67+AC67)/W67 -> 6.9162641 | AE67: =(F67+O67+S67)/W67 -> 3.2930757 | AF67: 129.6 | AG67: 96.4 | AH67: 59.8 | AI67: 2.2 | AJ67: 1 | AK67: 50.2 | AL67: 102 | AM67: 140.8 | AN67: 123.2 | AO67: 116.8 | AQ67: =ROUND(G67*Z67,0) -> 120 | AR67: =ROUND(G67*AC67,0) -> 60 | AS67: SU002844
A68: 344 Колбаса Сочинка по-европейски с сочной грудинкой ТМ Стародворье, ВЕС ПОКОМ | B68: кг | C68: 207.482 | D68: 458.672 | E68: 329.675 | F68: 279.304 | G68: 1 | H68: 40 | I68: НЕДОГРУЗ / матрица | K68: 325.15 | L68: =E68-K68 -> 4.525 | O68: 343.47968 | P68: -345.6 | W68: =E68/5 -> 65.935 | X68: =12*W68-S68-O68-F68 -> 168.43632 | Y68: =X68 -> 168.43632 | Z68: =X68 -> 168.43632 | AA68: -172.8 | AC68: =X68*0.5 -> 84.218162 | AD68: =(F68+O68+S68+Z68+AC68)/W68 -> 13.277291 | AE68: =(F68+O68+S68)/W68 -> 9.4454186 | AF68: 67.2384 | AG68: 56.5594 | AH68: 55.1158 | AI68: 57.8338 | AJ68: 55.1432 | AK68: 54.4834 | AL68: 59.4562 | AM68: 60.828 | AN68: 57.9256 | AO68: 62.2456 | AQ68: =ROUND(G68*Z68,0) -> 168 | AR68: =ROUND(G68*AC68,0) -> 84 | AS68: SU002941
A69: 345 Колбаса Сочинка по-фински с сочным окроком ТМ Стародворье ВЕС ПОКОМ | B69: кг | C69: 487.618 | D69: 266.075 | E69: 372.941 | F69: 321.864 | G69: 1 | H69: 40 | I69: НЕДОГРУЗ / матрица | K69: 427.35 | L69: =E69-K69 -> -54.409 | O69: 262.9 | P69: -264.6 | S69: 287.1 | T69: -287 | W69: =E69/5 -> 74.5882 | X69: 50 | Y69: =X69 -> 50 | Z69: =X69 -> 50 | AA69: -54 | AC69: =X69*0.5 -> 25 | AD69: =(F69+O69+S69+Z69+AC69)/W69 -> 12.694555 | AE69: =(F69+O69+S69)/W69 -> 11.689034 | AF69: 88.2952 | AG69: 74.9206 | AH69: 70.7866 | AI69: 88.8798 | AJ69: 87.7436 | AK69: 69.6912 | AL69: 74.1624 | AM69: 74.625 | AN69: 66.962 | AO69: 73.1974 | AQ69: =ROUND(G69*Z69,0) -> 50 | AR69: =ROUND(G69*AC69,0) -> 25 | AS69: SU002943
A70: 346 Колбаса Сочинка зернистая с сочной грудинкой ТМ Стародворье.ВЕС ПОКОМ | B70: кг | C70: 1156.202 | D70: 432.326 | E70: 888.177 | F70: 590.587 | G70: 1 | H70: 40 | I70: матрица | K70: 869.75 | L70: =E70-K70 -> 18.427 | O70: 527.88017 | P70: -529.2 | S70: 576.47165 | T70: -576 | W70: =E70/5 -> 177.6354 | X70: =12*W70-S70-O70-F70 -> 436.68597 | Y70: =X70+$Y$1*W70 -> 713.7972 | Z70: =Y70-AC70 -> 274.81192 | AA70: -275.4 | AC70: =Y70*$AC$1 -> 438.98528 | AD70: =(F70+O70+S70+Z70+AC70)/W70 -> 13.56 | AE70: =(F70+O70+S70)/W70 -> 9.5416726 | AF70: 179.7578 | AG70: 145.7538 | AH70: 144.0752 | AI70: 137.2958 | AJ70: 137.2748 | AK70: 175.5292 | AL70: 172.8726 | AM70: 159.3614 | AN70: 169.2194 | AO70: 161.2008 | AQ70: =ROUND(G70*Z70,0) -> 275 | AR70: =ROUND(G70*AC70,0) -> 439 | AS70: SU002945
A71: 347 Колбаса Сочинка рубленая с сочным окороком ТМ Стародворье ВЕС ПОКОМ | B71: кг | C71: 156.914 | D71: 407.161 | E71: 269.864 | F71: 237.105 | G71: 1 | H71: 40 | I71: матрица | K71: 298.1 | L71: =E71-K71 -> -28.236 | O71: 259.28746 | W71: =E71/5 -> 53.9728 | X71: =12*W71-S71-O71-F71 -> 151.28114 | Y71: =X71 -> 151.28114 | Z71: =Y71-AC71 -> 151.28114 | AA71: -151.2 | AD71: =(F71+O71+S71+Z71+AC71)/W71 -> 12 | AE71: =(F71+O71+S71)/W71 -> 9.1970856 | AF71: 54.696 | AG71: 44.7354 | AH71: 40.3756 | AI71: 45.6816 | AJ71: 44.3854 | AK71: 47.9164 | AL71: 52.7954 | AM71: 48.7228 | AN71: 50.6178 | AO71: 59.9194 | AQ71: =ROUND(G71*Z71,0) -> 151 | AR71: =ROUND(G71*AC71,0) -> 0 | AS71: SU002947
A72: 355 Колбаса Сервелат запеченный ТМ Стародворье ТС Дугушка. 0,6 кг. ПОКОМ | B72: шт | C72: 8 | D72: 32 | E72: 6 | F72: 34 | G72: 0.6 | H72: 70 | I72: матрица | K72: 7 | L72: =E72-K72 -> -1 | O72: 0 | W72: =E72/5 -> 1.2 | Y72: =X72 -> 0 | Z72: =Y72-AC72 -> 0 | AD72: =(F72+O72+S72+Z72+AC72)/W72 -> 28.333333 | AE72: =(F72+O72+S72)/W72 -> 28.333333 | AF72: 1.2 | AG72: 2 | AH72: 2 | AI72: 1.2 | AJ72: 0.4 | AK72: 1.2 | AL72: 2 | AM72: 2 | AN72: 0.8 | AO72: 0.8 | AP72: нужно увеличить продажи | AQ72: =ROUND(G72*Z72,0) -> 0 | AR72: =ROUND(G72*AC72,0) -> 0 | AS72: SU002918
A73: 364 Сардельки Филейские Вязанка ВЕС NDX ТМ Вязанка ПОКОМ | B73: кг | C73: 567.198 | D73: 42.264 | E73: 315.447 | F73: 221.898 | G73: 1 | H73: 30 | I73: матрица | K73: 352.1 | L73: =E73-K73 -> -36.653 | O73: 355.80217 | W73: =E73/5 -> 63.0894 | X73: =12*W73-S73-O73-F73 -> 179.37263 | Y73: =X73 -> 179.37263 | Z73: =Y73-AC73 -> 179.37263 | AD73: =(F73+O73+S73+Z73+AC73)/W73 -> 12 | AE73: =(F73+O73+S73)/W73 -> 9.1568499 | AF73: 62.3386 | AG73: 48.7342 | AH73: 49.5744 | AI73: 57.8048 | AJ73: 60.2044 | AK73: 77.722 | AL73: 80.5536 | AM73: 64.3546 | AN73: 60.7998 | AO73: 58.5392 | AQ73: =ROUND(G73*Z73,0) -> 179 | AR73: =ROUND(G73*AC73,0) -> 0 | AS73: SU002835
A74: 376 Колбаса Докторская Дугушка 0,6кг ГОСТ ТМ Стародворье ПОКОМ | B74: шт | C74: 130 | D74: 160 | E74: 124 | F74: 137 | G74: 0.6 | H74: 60 | I74: матрица | K74: 125 | L74: =E74-K74 -> -1 | O74: 110.1 | W74: =E74/5 -> 24.8 | X74: =12*W74-S74-O74-F74 -> 50.5 | Y74: =X74 -> 50.5 | Z74: =Y74-AC74 -> 50.5 | AD74: =(F74+O74+S74+Z74+AC74)/W74 -> 12 | AE74: =(F74+O74+S74)/W74 -> 9.9637097 | AF74: 28.2 | AG74: 22.8 | AH74: 19.2 | AI74: 23.4 | AJ74: 25.4 | AK74: 18.6 | AL74: 32.6 | AM74: 24.6 | AN74: 15 | AO74: 22.8 | AQ74: =ROUND(G74*Z74,0) -> 30 | AR74: =ROUND(G74*AC74,0) -> 0 | AS74: SU002632
A75: 377 Колбаса Молочная Дугушка 0,6кг ТМ Стародворье ПОКОМ | B75: шт | C75: 27 | D75: 48 | E75: 34 | F75: 37 | G75: 0.6 | H75: 60 | I75: матрица | K75: 34 | L75: =E75-K75 -> 0 | O75: 30 | W75: =E75/5 -> 6.8 | X75: =12*W75-S75-O75-F75 -> 14.6 | Y75: =X75 -> 14.6 | Z75: =Y75-AC75 -> 14.6 | AD75: =(F75+O75+S75+Z75+AC75)/W75 -> 12 | AE75: =(F75+O75+S75)/W75 -> 9.8529412 | AF75: 7.6 | AG75: 5.8 | AH75: 4 | AI75: 5.4 | AJ75: 4.4 | AK75: 4 | AL75: 5.4 | AM75: 5.8 | AN75: 4.2 | AO75: 4.4 | AQ75: =ROUND(G75*Z75,0) -> 9 | AR75: =ROUND(G75*AC75,0) -> 0 | AS75: SU002631
A76: 387 Колбаса вареная Мусульманская Халяль ТМ Вязанка, 0,4 кг ПОКОМ | B76: шт | C76: 85 | D76: 200 | E76: 103 | F76: 172 | G76: 0.4 | H76: 90 | I76: матрица | K76: 105 | L76: =E76-K76 -> -2 | O76: 0 | W76: =E76/5 -> 20.6 | X76: =12*W76-S76-O76-F76 -> 75.2 | Y76: =X76 -> 75.2 | Z76: =Y76-AC76 -> 75.2 | AD76: =(F76+O76+S76+Z76+AC76)/W76 -> 12 | AE76: =(F76+O76+S76)/W76 -> 8.3495146 | AF76: 17 | AG76: 22.8 | AH76: 25.2 | AI76: 20.6 | AJ76: 22.2 | AK76: 19.8 | AL76: 15.6 | AM76: 17.8 | AN76: 17.2 | AO76: 22.6 | AQ76: =ROUND(G76*Z76,0) -> 30 | AR76: =ROUND(G76*AC76,0) -> 0 | AS76: SU002983
A77: 388 Сосиски Восточные Халяль ТМ Вязанка 0,33 кг АК. ПОКОМ | B77: шт | C77: 94 | D77: 280 | E77: 141 | F77: 217 | G77: 0.33 | H77: 60 | I77: матрица | K77: 141 | L77: =E77-K77 -> 0 | O77: 8 | P77: -16 | W77: =E77/5 -> 28.2 | X77: =12*W77-S77-O77-F77 -> 113.4 | Y77: =X77 -> 113.4 | Z77: =Y77-AC77 -> 113.4 | AD77: =(F77+O77+S77+Z77+AC77)/W77 -> 12 | AE77: =(F77+O77+S77)/W77 -> 7.9787234 | AF77: 25.8 | AG77: 29.8 | AH77: 31.6 | AI77: 29 | AJ77: 28.6 | AK77: 23 | AL77: 19.2 | AM77: 26 | AN77: 23.8 | AO77: 24.6 | AQ77: =ROUND(G77*Z77,0) -> 37 | AR77: =ROUND(G77*AC77,0) -> 0 | AS77: SU002984
A78: 394 Колбаса полукопченая Аль-Ислами халяль ТМ Вязанка оболочка фиброуз в в/у 0,35 кг ПОКОМ | B78: шт | C78: 96 | D78: 176 | E78: 145 | F78: 112 | G78: 0.35 | H78: 90 | I78: матрица | K78: 153 | L78: =E78-K78 -> -8 | O78: 42.7 | W78: =E78/5 -> 29 | X78: =12*W78-S78-O78-F78 -> 193.3 | Y78: =X78 -> 193.3 | Z78: =Y78-AC78 -> 193.3 | AD78: =(F78+O78+S78+Z78+AC78)/W78 -> 12 | AE78: =(F78+O78+S78)/W78 -> 5.3344828 | AF78: 21.4 | AG78: 22 | AH78: 21.8 | AI78: 20 | AJ78: 23 | AK78: 19 | AL78: 19.2 | AM78: 20.6 | AN78: 15.6 | AO78: 13.6 | AQ78: =ROUND(G78*Z78,0) -> 68 | AR78: =ROUND(G78*AC78,0) -> 0 | AS78: SU002985
A79: 395 Колбаса Докторская ГОСТ ТМ Вязанка в оболочке полиамид 0,37 кг. ПОКОМ | B79: шт | C79: 174 | D79: 1170 | E79: 524 | F79: 767 | G79: 0.37 | H79: 50 | I79: матрица | K79: 525 | L79: =E79-K79 -> -1 | O79: 225.9554 | W79: =E79/5 -> 104.8 | X79: =12*W79-S79-O79-F79 -> 264.6446 | Y79: =X79+$Y$1*W79 -> 428.1326 | Z79: =Y79-AC79 -> 164.83105 | AC79: =Y79*$AC$1 -> 263.30155 | AD79: =(F79+O79+S79+Z79+AC79)/W79 -> 13.56 | AE79: =(F79+O79+S79)/W79 -> 9.4747653 | AF79: 111.2 | AG79: 113 | AH79: 100 | AI79: 88.2 | AJ79: 79.2 | AK79: 78.2 | AL79: 97.8 | AM79: 89.2 | AN79: 84.6 | AO79: 103.8 | AQ79: =ROUND(G79*Z79,0) -> 61 | AR79: =ROUND(G79*AC79,0) -> 97 | AS79: SU002986
A80: 397 Ветчина Дугушка ТМ Стародворье ТС Дугушка в полиамидной оболочке 0,6 кг. ПОКОМ | B80: шт | C80: 92 | D80: 160 | E80: 127 | F80: 88 | G80: 0.6 | H80: 70 | I80: матрица | K80: 139 | L80: =E80-K80 -> -12 | O80: 121.6 | W80: =E80/5 -> 25.4 | X80: =12*W80-S80-O80-F80 -> 95.2 | Y80: =X80 -> 95.2 | Z80: =Y80-AC80 -> 95.2 | AD80: =(F80+O80+S80+Z80+AC80)/W80 -> 12 | AE80: =(F80+O80+S80)/W80 -> 8.2519685 | AF80: 23.8 | AG80: 19.6 | AH80: 22.8 | AI80: 16.8 | AJ80: 15.2 | AK80: 20.8 | AL80: 25.2 | AM80: 23 | AN80: 22.2 | AO80: 20 | AQ80: =ROUND(G80*Z80,0) -> 57 | AR80: =ROUND(G80*AC80,0) -> 0 | AS80: SU002643
A81: 405 Сардельки Сливушки ТМ Вязанка в оболочке айпил 0,33 кг. ПОКОМ | B81: шт | C81: 22 | D81: 72 | E81: 69 | F81: 22 | G81: 0.33 | H81: 40 | I81: матрица | K81: 80 | L81: =E81-K81 -> -11 | O81: 8 | W81: =E81/5 -> 13.8 | X81: =9*W81-S81-O81-F81 -> 94.2 | Y81: =X81 -> 94.2 | Z81: =Y81-AC81 -> 94.2 | AD81: =(F81+O81+S81+Z81+AC81)/W81 -> 9 | AE81: =(F81+O81+S81)/W81 -> 2.173913 | AF81: 6.2 | AG81: 5.6 | AH81: 8.8 | AI81: 10.6 | AJ81: 10.6 | AK81: 10.4 | AL81: 9 | AM81: 8.6 | AN81: 6 | AO81: 5.6 | AQ81: =ROUND(G81*Z81,0) -> 31 | AR81: =ROUND(G81*AC81,0) -> 0 | AS81: SU002367
A82: 408 Ветчина Сливушка с индейкой ТМ Вязанка, 0,4кг ПОКОМ | B82: шт | C82: 115 | D82: 552 | E82: 259 | F82: 351 | G82: 0.4 | H82: 55 | I82: матрица | K82: 260 | L82: =E82-K82 -> -1 | O82: 50.393 | W82: =E82/5 -> 51.8 | X82: =12*W82-S82-O82-F82 -> 220.207 | Y82: =X82 -> 220.207 | Z82: =Y82-AC82 -> 84.779695 | AC82: =Y82*$AC$1 -> 135.4273 | AD82: =(F82+O82+S82+Z82+AC82)/W82 -> 12 | AE82: =(F82+O82+S82)/W82 -> 7.7488996 | AF82: 49.2 | AG82: 55.8 | AH82: 49.8 | AI82: 36.2 | AJ82: 42 | AK82: 46 | AL82: 56.4 | AM82: 55.4 | AN82: 44.8 | AO82: 44.8 | AQ82: =ROUND(G82*Z82,0) -> 34 | AR82: =ROUND(G82*AC82,0) -> 54 | AS82: SU002735
A83: 410 Сосиски Баварские с сыром ТМ Стародворье 0,35 кг. ПОКОМ | B83: шт | C83: 8 | D83: 210 | E83: 115 | F83: 75 | G83: 0.35 | H83: 40 | I83: НЕДОГРУЗ / матрица | K83: 162 | L83: =E83-K83 -> -47 | O83: 50 | W83: =E83/5 -> 23 | X83: 50 | Y83: =X83 -> 50 | Z83: =X83 -> 50 | AA83: -54 | AC83: =X83*0.5 -> 25 | AD83: =(F83+O83+S83+Z83+AC83)/W83 -> 8.6956522 | AE83: =(F83+O83+S83)/W83 -> 5.4347826 | AF83: 3.2 | AG83: 15 | AH83: 25.4 | AI83: 10.2 | AJ83: 7.2 | AK83: 14.6 | AL83: 29 | AM83: 24.2 | AN83: 2.6 | AO83: 3.6 | AQ83: =ROUND(G83*Z83,0) -> 18 | AR83: =ROUND(G83*AC83,0) -> 9 | AS83: SU003168
A84: 412 Сосиски Баварские ТМ Стародворье 0,35 кг ПОКОМ | B84: шт | C84: -13 | D84: 456 | E84: 161 | F84: 275 | G84: 0.35 | H84: 45 | I84: матрица | K84: 167 | L84: =E84-K84 -> -6 | O84: 0 | W84: =E84/5 -> 32.2 | X84: =12*W84-S84-O84-F84 -> 111.4 | Y84: =X84 -> 111.4 | Z84: =Y84-AC84 -> 111.4 | AD84: =(F84+O84+S84+Z84+AC84)/W84 -> 12 | AE84: =(F84+O84+S84)/W84 -> 8.5403727 | AF84: 24.2 | AG84: 3.6 | AH84: 9.6 | AI84: 50.6 | AJ84: 53.4 | AK84: 61.6 | AL84: 61.2 | AM84: 44 | AN84: 49 | AO84: 44.4 | AQ84: =ROUND(G84*Z84,0) -> 39 | AR84: =ROUND(G84*AC84,0) -> 0 | AS84: SU003167
A85: 430 Колбаса Стародворская с окороком 0,4 кг. ТМ Стародворье в оболочке полиамид ПОКОМ | B85: шт | C85: 275 | D85: 70 | E85: 82 | F85: 261 | G85: 0.4 | H85: 55 | I85: матрица | K85: 132 | L85: =E85-K85 -> -50 | O85: 84.2 | W85: =E85/5 -> 16.4 | Y85: =X85 -> 0 | Z85: =Y85-AC85 -> 0 | AD85: =(F85+O85+S85+Z85+AC85)/W85 -> 21.04878 | AE85: =(F85+O85+S85)/W85 -> 21.04878 | AF85: 27.2 | AG85: 12.6 | AH85: 11.8 | AI85: 36.2 | AJ85: 39.8 | AK85: 15 | AL85: 16 | AM85: 28 | AN85: 29.8 | AO85: 24.2 | AP85: нужно увеличить продажи | AQ85: =ROUND(G85*Z85,0) -> 0 | AR85: =ROUND(G85*AC85,0) -> 0 | AS85: SU003272
A86: 433 Колбаса Стародворская со шпиком в оболочке полиамид. ТМ Стародворье ВЕС ПОКОМ | B86: кг | C86: 81.35 | E86: 15.864 | F86: 64.066 | G86: 1 | H86: 55 | I86: матрица | K86: 15.1 | L86: =E86-K86 -> 0.764 | O86: 0 | W86: =E86/5 -> 3.1728 | Y86: =X86 -> 0 | Z86: =Y86-AC86 -> 0 | AD86: =(F86+O86+S86+Z86+AC86)/W86 -> 20.192259 | AE86: =(F86+O86+S86)/W86 -> 20.192259 | AF86: 2.5782 | AG86: 1.977 | AH86: 1.7008 | AI86: 1.6816 | AJ86: 6.2156 | AK86: 7.9986 | AL86: 3.4682 | AM86: 1.6208 | AN86: -1.0532 | AO86: 0.1918 | AP86: нужно увеличить продажи!!! | AQ86: =ROUND(G86*Z86,0) -> 0 | AR86: =ROUND(G86*AC86,0) -> 0 | AS86: SU003275
A87: 435 Колбаса Молочная Стародворская с молоком в оболочке полиамид 0,4 кг.ТМ Стародворье ПОКОМ | B87: шт | C87: 4 | F87: 3 | G87: 0 | H87: 55 | I87: не в матрице | K87: 17 | L87: =E87-K87 -> -17 | O87: 0 | W87: =E87/5 -> 0 | Y87: =X87 -> 0 | Z87: =Y87-AC87 -> 0 | AD87: =(F87+O87+S87+Z87+AC87)/W87 -> #DIV/0! | AE87: =(F87+O87+S87)/W87 -> #DIV/0! | AF87: 0 | AG87: 0.6 | AH87: 0.6 | AI87: 2 | AJ87: 4 | AK87: 4 | AL87: 6 | AM87: 4 | AN87: 1.2 | AO87: 2 | AQ87: =ROUND(G87*Z87,0) -> 0 | AR87: =ROUND(G87*AC87,0) -> 0 | AS87: SU003274
A88: 436 Колбаса Молочная стародворская с молоком, ВЕС, ТМ Стародворье ПОКОМ | B88: кг | C88: 189.369 | D88: 371.155 | E88: 267.712 | F88: 205.808 | G88: 1 | H88: 55 | I88: матрица | K88: 262 | L88: =E88-K88 -> 5.712 | O88: 186.98231 | W88: =E88/5 -> 53.5424 | X88: =12*W88-S88-O88-F88 -> 249.71849 | Y88: =X88 -> 249.71849 | Z88: =Y88-AC88 -> 96.141619 | AC88: =Y88*$AC$1 -> 153.57687 | AD88: =(F88+O88+S88+Z88+AC88)/W88 -> 12 | AE88: =(F88+O88+S88)/W88 -> 7.336061 | AF88: 48.606 | AG88: 44.5766 | AH88: 42.3018 | AI88: 32.958 | AJ88: 40.682 | AK88: 27.4182 | AL88: 33.9306 | AM88: 31.182 | AN88: 37.1246 | AO88: 49.6512 | AQ88: =ROUND(G88*Z88,0) -> 96 | AR88: =ROUND(G88*AC88,0) -> 154 | AS88: SU003273
A89: 449 Колбаса Дугушка Стародворская ВЕС ТС Дугушка ПОКОМ | B89: кг | C89: 1385.038 | D89: 596.754 | E89: 825.28 | F89: 1079.544 | G89: 1 | H89: 60 | I89: матрица | K89: 827.38 | L89: =E89-K89 -> -2.1 | O89: 377.03804 | W89: =E89/5 -> 165.056 | X89: =12*W89-S89-O89-F89 -> 524.08996 | Y89: =X89+$Y$1*W89 -> 781.57732 | Z89: =Y89-AC89 -> 300.90727 | AB89: 200 | AC89: =Y89*$AC$1 -> 480.67005 | AD89: =(F89+O89+S89+Z89+AC89+P89+Q89+T89+U89+R89+V89+AB89)/W89 -> 14.77171 | AE89: =(F89+O89+S89)/W89 -> 8.8247749 | AF89: 161.7576 | AG89: 146.6194 | AH89: 153.8512 | AI89: 151.1354 | AJ89: 164.3488 | AK89: 171.851 | AL89: 176.9582 | AM89: 182.367 | AN89: 171.1482 | AO89: 171.8258 | AQ89: =ROUND(G89*Z89,0) -> 301 | AR89: =ROUND(G89*AC89,0) -> 481 | AS89: SU002634 | AT89: =VLOOKUP(AS89,[1]Лист1!$A:$A,1,0) -> SU002634 | AU89: =Q89*G89 -> 0 | AV89: =ROUND(AB89*G89,0) -> 200
A90: 451 Сосиски Филейские ТМ Вязанка в оболочке целлофан 0,3 кг. ПОКОМ | B90: шт | G90: 0 | I90: матрица | L90: =E90-K90 -> 0 | O90: 0 | W90: =E90/5 -> 0 | Y90: =X90 -> 0 | Z90: =Y90-AC90 -> 0 | AD90: =(F90+O90+S90+Z90+AC90)/W90 -> #DIV/0! | AE90: =(F90+O90+S90)/W90 -> #DIV/0! | AF90: 0 | AG90: 0 | AH90: 0 | AI90: 0 | AJ90: 0 | AK90: 0 | AL90: 0 | AM90: 0 | AN90: 0 | AO90: 0 | AP90: нет потребности | AQ90: =ROUND(G90*Z90,0) -> 0 | AR90: =ROUND(G90*AC90,0) -> 0 | AS90: SU002825
A91: 452 Колбаса Со шпиком ВЕС большой батон ТМ Особый рецепт ПОКОМ | B91: кг | C91: 2479.668 | D91: 3654.388 | E91: 2237.07 | F91: 3717.127 | G91: 1 | H91: 60 | I91: матрица | K91: 2234.55 | L91: =E91-K91 -> 2.52 | O91: 304.29685 | U91: 1000 | V91: 556 | W91: =E91/5 -> 447.414 | X91: =12*W91-S91-O91-F91 -> 1347.5441 | Y91: =X91 -> 1347.5441 | Z91: =Y91-AC91 -> 518.8045 | AB91: 400 | AC91: =Y91*$AC$1 -> 828.73965 | AD91: =(F91+O91+S91+Z91+AC91+P91+Q91+T91+U91+R91+V91+AB91)/W91 -> 16.37179 | AE91: =(F91+O91+S91)/W91 -> 8.9881494 | AF91: 441.0402 | AG91: 428.073 | AH91: 430.8746 | AI91: 398.4454 | AJ91: 391.1792 | AK91: 446.9408 | AL91: 458.4994 | AM91: 436.0132 | AN91: 426.0926 | AO91: 436.693 | AQ91: =ROUND(G91*Z91,0) -> 519 | AR91: =ROUND(G91*AC91,0) -> 829 | AS91: SU003423 | AT91: =VLOOKUP(AS91,[1]Лист1!$A:$A,1,0) -> SU003423 | AU91: =Q91*G91 -> 0 | AV91: =ROUND(AB91*G91,0) -> 400
A92: 456 Колбаса Филейная ТМ Особый рецепт ВЕС большой батон ПОКОМ | B92: кг | C92: 4985.366 | D92: 150.585 | E92: 2312.398 | F92: 2689.496 | G92: 1 | H92: 60 | I92: матрица | K92: 2280.85 | L92: =E92-K92 -> 31.548 | O92: 835.82346 | Q92: 700 | R92: 600 | S92: 912.76119 | W92: =E92/5 -> 462.4796 | X92: =12*W92-S92-O92-F92 -> 1111.6746 | Y92: =X92 -> 1111.6746 | Z92: =Y92-AC92 -> 427.9947 | AB92: 500 | AC92: =Y92*$AC$1 -> 683.67985 | AD92: =(F92+O92+S92+Z92+AC92+P92+Q92+T92+U92+R92+V92+AB92)/W92 -> 15.892064 | AE92: =(F92+O92+S92)/W92 -> 9.5962733 | AF92: 465.3364 | AG92: 430.0966 | AH92: 430.392 | AI92: 397.8078 | AJ92: 401.3212 | AK92: 409.5432 | AL92: 447.6552 | AM92: 530.0226 | AN92: 493.2642 | AO92: 455.5828 | AQ92: =ROUND(G92*Z92,0) -> 428 | AR92: =ROUND(G92*AC92,0) -> 684 | AS92: SU003420 | AT92: =VLOOKUP(AS92,[1]Лист1!$A:$A,1,0) -> SU003420 | AU92: =Q92*G92 -> 700 | AV92: =ROUND(AB92*G92,0) -> 500
A93: 457 Колбаса Молочная ТМ Особый рецепт ВЕС большой батон ПОКОМ | B93: кг | C93: 7247.501 | D93: 1126.018 | E93: 3013.745 | F93: 5156.526 | G93: 1 | H93: 60 | I93: матрица | K93: 3037.45 | L93: =E93-K93 -> -23.705 | O93: 412.78034 | Q93: 1000 | S93: 450.77686 | W93: =E93/5 -> 602.749 | X93: =12*W93-S93-O93-F93 -> 1212.9048 | Y93: =X93 -> 1212.9048 | Z93: =Y93-AC93 -> 466.96835 | AB93: 1200 | AC93: =Y93*$AC$1 -> 745.93645 | AD93: =(F93+O93+S93+Z93+AC93+P93+Q93+T93+U93+R93+V93+AB93)/W93 -> 15.649944 | AE93: =(F93+O93+S93)/W93 -> 9.9877116 | AF93: 636.6496 | AG93: 570.6522 | AH93: 530.8288 | AI93: 571.2764 | AJ93: 585.219 | AK93: 581.1828 | AL93: 622.203 | AM93: 586.1596 | AN93: 578.3432 | AO93: 607.9234 | AQ93: =ROUND(G93*Z93,0) -> 467 | AR93: =ROUND(G93*AC93,0) -> 746 | AS93: SU003422 | AT93: =VLOOKUP(AS93,[1]Лист1!$A:$A,1,0) -> SU003422 | AU93: =Q93*G93 -> 1000 | AV93: =ROUND(AB93*G93,0) -> 1200
A94: 460 Колбаса Стародворская Традиционная ВЕС ТМ Стародворье в оболочке полиамид. ПОКОМ | B94: кг | C94: 66.482 | D94: 32.248 | E94: 14.791 | F94: 83.939 | G94: 1 | H94: 55 | I94: матрица | K94: 15.5 | L94: =E94-K94 -> -0.709 | O94: 0 | W94: =E94/5 -> 2.9582 | Y94: =X94 -> 0 | Z94: =Y94-AC94 -> 0 | AD94: =(F94+O94+S94+Z94+AC94)/W94 -> 28.375025 | AE94: =(F94+O94+S94)/W94 -> 28.375025 | AF94: 3.7658 | AG94: 7.8484 | AH94: 7.0462 | AI94: 8.6546 | AJ94: 8.9196 | AK94: 9.2284 | AL94: 8.9586 | AM94: 7.3046 | AN94: 6.6986 | AO94: 4.5376 | AP94: нужно увеличить продажи!!! | AQ94: =ROUND(G94*Z94,0) -> 0 | AR94: =ROUND(G94*AC94,0) -> 0 | AS94: SU003392
A95: 469 Колбаса Филедворская по-стародворски ТМ Стародворье в оболочке полиамид.ВЕС ПОКОМ | B95: кг | C95: 4.125 | F95: 4.125 | G95: 0 | H95: 55 | I95: не в матрице | K95: 7.55 | L95: =E95-K95 -> -7.55 | O95: 0 | W95: =E95/5 -> 0 | Y95: =X95 -> 0 | Z95: =Y95-AC95 -> 0 | AD95: =(F95+O95+S95+Z95+AC95)/W95 -> #DIV/0! | AE95: =(F95+O95+S95)/W95 -> #DIV/0! | AF95: 0.804 | AG95: 3.4894 | AH95: 4.0462 | AI95: 4.3286 | AJ95: 3.7852 | AK95: 3.2426 | AL95: 3.4236 | AM95: 2.371 | AN95: 2.0374 | AO95: 2.5638 | AQ95: =ROUND(G95*Z95,0) -> 0 | AR95: =ROUND(G95*AC95,0) -> 0 | AS95: SU003387
A96: 498 Колбаса Сочинка рубленая с сочным окороком 0,3кг ТМ Стародворье ПОКОМ | B96: шт | C96: -7 | E96: -12 | F96: -7 | G96: 0.3 | H96: 40 | I96: НЕДОГРУЗ / матрица | K96: 6 | L96: =E96-K96 -> -18 | O96: 150 | P96: -150 | W96: =E96/5 -> -2.4 | X96: 100 | Y96: =X96 -> 100 | Z96: =X96 -> 100 | AA96: -102 | AC96: =X96*0.5 -> 50 | AD96: =(F96+O96+S96+Z96+AC96)/W96 -> -122.08333 | AE96: =(F96+O96+S96)/W96 -> -59.583333 | AF96: -2.8 | AG96: 41 | AH96: 73 | AI96: 35.2 | AJ96: 4.8 | AK96: 28.8 | AL96: 65.4 | AM96: 70.8 | AN96: 52.8 | AO96: 41.2 | AQ96: =ROUND(G96*Z96,0) -> 30 | AR96: =ROUND(G96*AC96,0) -> 15 | AS96: SU002948
A97: 517 Сосиски С сыром ТМ Ядрена копоть 0,3кг ПОКОМ | B97: шт | C97: 405 | E97: 259 | F97: 133 | G97: 0.3 | H97: 40 | I97: матрица | K97: 262 | L97: =E97-K97 -> -3 | O97: 305.35 | W97: =E97/5 -> 51.8 | X97: =12*W97-S97-O97-F97 -> 183.25 | Y97: =X97 -> 183.25 | Z97: =Y97-AC97 -> 183.25 | AD97: =(F97+O97+S97+Z97+AC97)/W97 -> 12 | AE97: =(F97+O97+S97)/W97 -> 8.4623552 | AF97: 50 | AG97: 29.2 | AH97: 25 | AI97: 42.4 | AJ97: 77.2 | AK97: 35.6 | AL97: 32.2 | AM97: 46.4 | AN97: 46.4 | AO97: 33.8 | AQ97: =ROUND(G97*Z97,0) -> 55 | AR97: =ROUND(G97*AC97,0) -> 0 | AS97: SU003665
A98: 523 Колбаса Сальчичон нарезка 0,07кг ТМ Стародворье ПОКОМ | B98: шт | G98: 0 | I98: матрица | L98: =E98-K98 -> 0 | O98: 0 | W98: =E98/5 -> 0 | Y98: =X98 -> 0 | Z98: =Y98-AC98 -> 0 | AD98: =(F98+O98+S98+Z98+AC98)/W98 -> #DIV/0! | AE98: =(F98+O98+S98)/W98 -> #DIV/0! | AF98: 0 | AG98: 0 | AH98: 0 | AI98: 0 | AJ98: 0 | AK98: 0 | AL98: 0 | AM98: 0 | AN98: 0 | AO98: 0 | AP98: нет потребности | AQ98: =ROUND(G98*Z98,0) -> 0 | AR98: =ROUND(G98*AC98,0) -> 0 | AS98: SU003893
A99: 524 Колбаса Сервелат Ореховый нарезка 0,07кг ТМ Стародворье ПОКОМ | B99: шт | C99: 168 | D99: 1 | E99: 167 | F99: 1 | G99: 0.07 | H99: 90 | I99: НЕДОГРУЗ / матрица | K99: 192 | L99: =E99-K99 -> -25 | O99: 100 | W99: =E99/5 -> 33.4 | X99: 100 | Y99: =X99 -> 100 | Z99: =X99 -> 100 | AC99: =X99*0.5 -> 50 | AD99: =(F99+O99+S99+Z99+AC99)/W99 -> 7.5149701 | AE99: =(F99+O99+S99)/W99 -> 3.0239521 | AF99: 39.6 | AG99: 10.4 | AH99: 7.4 | AI99: 34.2 | AJ99: 44 | AK99: 36.6 | AL99: 20 | AM99: 18.4 | AN99: 31.6 | AO99: 34.8 | AQ99: =ROUND(G99*Z99,0) -> 7 | AR99: =ROUND(G99*AC99,0) -> 4 | AS99: SU003894
A100: 525 Колбаса Фуэт нарезка 0,07кг ТМ Стародворье ПОКОМ | B100: шт | C100: 175 | D100: 163 | E100: 197 | F100: 125 | G100: 0.07 | H100: 90 | I100: матрица | K100: 199 | L100: =E100-K100 -> -2 | O100: 140.288 | W100: =E100/5 -> 39.4 | X100: =12*W100-S100-O100-F100 -> 207.512 | Y100: =X100 -> 207.512 | Z100: =Y100-AC100 -> 79.89212 | AC100: =Y100*$AC$1 -> 127.61988 | AD100: =(F100+O100+S100+Z100+AC100)/W100 -> 12 | AE100: =(F100+O100+S100)/W100 -> 6.733198 | AF100: 31.2 | AG100: 27.2 | AH100: 32.2 | AI100: 35.6 | AJ100: 33.4 | AK100: 25.8 | AL100: 27.4 | AM100: 26.6 | AN100: 23.6 | AO100: 23.2 | AQ100: =ROUND(G100*Z100,0) -> 6 | AR100: =ROUND(G100*AC100,0) -> 9 | AS100: SU003896
...

Sheet недогруз 22,08
A1: SU002205 | B1: Сосиски «Молочные для завтрака» Фикс.вес 0,4 П/а мгс ТМ «Особый рецепт» | C1: 12 | D1: -12
A2: SU002252 | B2: П/к колбасы Кракушка пряная с сальцем Бавария Фикс.вес 0,3 н/о в/у Стародворье | C2: 30.6 | D2: -30.6
A3: SU002287 | B3: Сардельки «Сочные» Весовой п/а ТМ «Особый рецепт» | C3: 108 | D3: -108
A4: SU002621 | B4: Сосиски «Сочинки с сочным окороком» Фикс.вес 0,4 П/а мгс ТМ «Стародворье» | C4: 201.6 | D4: -201.6
A5: SU002655 | B5: Сосиски «Датские» Весовой п/а ТМ «Зареченские продукты» | C5: 54 | D5: -54
A6: SU002660 | B6: Колбаса Мясорубская ТМ Стародворье с рубленой грудинкой в оболочке фиброуз в вакуумной упаковке 0,35 кг срез | C6: 35.7 | D6: -35.7
A7: SU002725 | B7: Сосиски «Сочинки» Весовой п/а ТМ «Стародворье» | C7: 226.2 | D7: -226.2
A8: SU002758 | B8: Сардельки «Сочинки» Фикс.вес 0,4 п/а ТМ «Стародворье» | C8: 60 | D8: -60
A9: SU002844 | B9: Сосиски «Сочинки Сливочные» Фикс.вес 0,4 п/а мгс ТМ «Стародворье» | C9: 148.8 | D9: -148.8
A10: SU002848 | B10: В/к колбасы Сервелат Мясорубский с мелкорубленным окороком срез Бордо Фикс.вес 0,35 фиброуз Стародворье | C10: 100.8 | D10: -100.8
A11: SU002941 | B11: В/к колбасы «Сочинка по-европейски с сочной грудинкой» Весовой фиброуз ТМ «Стародворье» | C11: 345.6 | D11: -345.6
A12: SU002942 | B12: В/к колбасы «Сочинка по-фински с сочным окороком» срез Фикс.вес 0,3 фиброуз ТМ «Стародворье» | C12: 45 | D12: -45
... A19: SU004042 | B19: Копченые колбасы «Сервелат Ореховый» Фикс.вес 0,28 фиброуз срез ТМ «Вязанка» | C19: 57.12 | D19: -57.12

Sheet недогруз 24,08
A1: SU000126 | B1: Ветчины Нежная Особая Особая Весовые П/а Особый рецепт большой батон | D1: 1200
A2: SU000227 | B2: Сардельки «Стародворские с говядиной» Весовые NDX ТМ «Стародворье» | C2: -500.6 | D2: 1926.6
A3: SU000722 | B3: Вареные колбасы Докторская ГОСТ Вязанка Весовые Вектор Вязанка | D3: 820.8
A4: SU001051 | B4: Сардельки «Нежные» Весовые NDX мгс ТМ «Стародворье» | D4: 134.4
A5: SU001430 | B5: Сардельки «Шпикачки Стародворские» Весовой NDX ТМ «Стародворье» | D5: 151.2
A6: SU001523 | B6: Сосиски «Молокуши (Вязанка Молочные)» Весовой п/а мгс ТМ «Вязанка» | D6: 461.7
A7: SU001718 | B7: Сосиски «Молокуши» ф/в 0,45 п/а мгс ТМ «Вязанка» | D7: 83.7
A8: SU001720 | B8: Сосиски «Сливочные» ф/в 0,45 п/а мгс ТМ «Вязанка» | D8: 205.2
A9: SU001721 | B9: Сосиски «Сливочные Вязанка» Весовой п/а мгс ТМ «Вязанка» | D9: 340.2
A10: SU001822 | B10: В/к колбасы Кремлевский Бордо Весовые Фиброуз в/у Стародворье | C10: -92.4 | D10: 92.4
A11: SU001869 | B11: С/к колбасы Швейцарская Бордо Фикс.вес 0,17 Фиброуз терм/п Стародворье | D11: 25.5
A12: SU001920 | B12: С/к колбасы Княжеская Бордо Весовые б/о терм/п Стародворье | D12: 6.08
A13: SU002010 | B13: Вареные колбасы «Молочная Дугушка» Весовые Вектор ТМ «Дугушка» | D13: 448.8
A14: SU002011 | B14: Вареные колбасы Докторская ГОСТ Дугушка Весовые Вектор Дугушка | D14: 58.08
A15: SU002035 | B15: Ветчины Дугушка Дугушка Вес б/о Дугушка | D15: 184.8
A16: SU002074 | B16: Сосиски «Молочные для завтрака» Весовой п/а ТМ «Особый рецепт» | D16: 1008
A17: SU002092 | B17: С/к колбасы Баварская Бавария Фикс.вес 0,17 б/о терм/п Стародворье | D17: 5.1
A18: SU002150 | B18: В/к колбасы «Рубленая Запеченная» Весовые Вектор ТМ «Дугушка» | D18: 137.28
A19: SU002151 | B19: В/к колбасы «Сервелат Запеченный» Весовые Вектор ТМ «Дугушка» | C19: -232.32 | D19: 232.32
A20: SU002158 | B20: В/к колбасы «Салями Запеченая» Весовые ТМ «Дугушка» | C20: -153.12 | D20: 153.12
A21: SU002182 | B21: Вареные колбасы «Дугушка со шпиком» Весовой Вектор ТМ «Дугушка» | D21: 68.64
A22: SU002205 | B22: Сосиски «Молочные для завтрака» Фикс.вес 0,4 П/а мгс ТМ «Особый рецепт» | C22: -9.6 | D22: 9.6
A23: SU002252 | B23: П/к колбасы Кракушка пряная с сальцем Бавария Фикс.вес 0,3 н/о в/у Стародворье | C23: -30.6 | D23: 30.6
A24: SU002287 | B24: Сардельки «Сочные» Весовой п/а ТМ «Особый рецепт» | C24: -108 | D24: 108
A25: SU002354 | B25: Вареные колбасы «Молокуша» Фикс.вес 0,17 нарезка ТМ «Вязанка» | D25: 1.7
A26: SU002356 | B26: Ветчины «Сливушка с индейкой» Фикс.вес 0,1 нарезка ТМ «Вязанка» | C26: -3 | D26: 3
A27: SU002367 | B27: Сардельки «Сливушки» фикс.вес 0,33 п/а мгс ТМ «Вязанка» | D27: 31.68
A28: SU002368 | B28: Паштеты Со сливочным маслом ГОСТ Бордо фикс.вес 0,1 Стародворье | D28: 20
A29: SU002618 | B29: Сосиски «Сочинки с сочной грудинкой» Фикс.вес 0,4 П/а мгс ТМ «Стародворье» | D29: 801.6
A30: SU002621 | B30: Сосиски «Сочинки с сочным окороком» Фикс.вес 0,4 П/а мгс ТМ «Стародворье» | C30: -160.8 | D30: 160.8
A31: SU002631 | B31: Вареные колбасы «Молочная Дугушка» Фикс.вес 0,6 П/а ТМ «Дугушка» | D31: 9.6
A32: SU002632 | B32: Вареные колбасы «Докторская ГОСТ» Фикс.вес 0,6 п/а ТМ «Дугушка» | D32: 33.6
A33: SU002634 | B33: Вареные колбасы «Дугушка Стародворская» Вес п/а ТМ «Дугушка» | D33: 306.24
A34: SU002643 | B34: Ветчины «Дугушка» Фикс.вес 0,6 полиамид ТМ «Дугушка» | D34: 57.6
A35: SU002655 | B35: Сосиски «Датские» Весовой п/а ТМ «Зареченские продукты» | C35: -45 | D35: 45
A36: SU002660 | B36: Колбаса Мясорубская ТМ Стародворье с рубленой грудинкой в оболочке фиброуз в вакуумной упаковке 0,35 кг срез | C36: -35.7 | D36: 35.7
A37: SU002686 | B37: Сосиски Сочинки с сыром Бордо ф/в 0,4 кг п/а Стародворье | D37: 120
A38: SU002725 | B38: Сосиски «Сочинки» Весовой п/а ТМ «Стародворье» | D38: 165.3
A39: SU002734 | B39: Вареные колбасы Сливушка Вязанка Фикс.вес 0,45 П/а Вязанка | D39: 76.5
A40: SU002735 | B40: Ветчины «Сливушка с индейкой» Фикс.вес 0,4 п/а ТМ «Вязанка» | D40: 36
A41: SU002756 | B41: Колбаса Мясорубская ТМ Стародворье с рубленой грудинкой в оболочке фиброуз в вакуумной упаковке | C41: -33.6 | D41: 33.6
A42: SU002758 | B42: Сардельки «Сочинки» Фикс.вес 0,4 п/а ТМ «Стародворье» | C42: -33.6 | D42: 33.6
A43: SU002759 | B43: Сардельки «Сочинки с сыром» Фикс.вес 0,4 п/а ТМ «Стародворье» | D43: 19.2
A44: SU002799 | B44: Сосиски Сочинки по-баварски Бавария Фикс.вес 0,4 П/а мгс Стародворье | D44: 40.8
A45: SU002801 | B45: Сосиски «Сочинки по-баварски с сыром» Фикс.вес 0,4 П/а мгс ТМ «Стародворье» | D45: 40.8
A46: SU002816 | B46: Вареные колбасы Молокуша Вязанка Фикс.вес 0,45 п/а Вязанка | D46: 67.5
A47: SU002828 | B47: Ветчины «Филейская» Весовые Вектор ТМ «Вязанка» | D47: 151.2
A48: SU002829 | B48: Вареные колбасы «Филейская» Весовые Вектор ТМ «Вязанка» | D48: 237.6
A49: SU002830 | B49: Вареные колбасы Молокуша Вязанка Вес п/а Вязанка | D49: 183.6
A50: SU002831 | B50: Колбаса вареная Филейская ТМ Вязанка ТС Классическая полиамид ф/в 0,4 кг | D50: 36
A51: SU002835 | B51: Сардельки «Филейские» Весовые н/о мгс ТМ «Вязанка» | D51: 179.4
A52: SU002841 | B52: Паштеты «Любительский ГОСТ» Фикс.вес 0,1 ТМ «Стародворье» | D52: 4
A53: SU002842 | B53: Сосиски «Сочинки Молочные» Фикс.вес 0,4 п/а мгс ТМ «Стародворье» | D53: 336
A54: SU002843 | B54: Сосиски «Сочинки Молочные» Весовой п/а мгс ТМ «Стародворье» | D54: 315.9
... A56: SU002845 | B56: Сосиски «Сочинки Сливочные» Весовые ТМ «Стародворье» 1,35 кг | D56: 243
A57: SU002847 | B57: В/к колбасы Сервелат Мясорубский с мелкорубленным окороком Бордо Весовой фиброуз Стародворье | C57: -105 | D57: 105
A58: SU002848 | B58: В/к колбасы Сервелат Мясорубский с мелкорубленным окороком срез Бордо Фикс.вес 0,35 фиброуз Стародворье | C58: -525 | D58: 525
A59: SU002928 | B59: Вареные колбасы «Сливушка» Вес П/а ТМ «Вязанка» | D59: 248.4
A60: SU002941 | B60: В/к колбасы «Сочинка по-европейски с сочной грудинкой» Весовой фиброуз ТМ «Стародворье» | C60: -172.8 | D60: 172.8
A61: SU002942 | B61: В/к колбасы «Сочинка по-фински с сочным окороком» срез Фикс.вес 0,3 фиброуз ТМ «Стародворье» | C61: -45 | D61: 45
A62: SU002943 | B62: В/к колбасы «Сочинка по-фински с сочным окороком» Весовой фиброуз ТМ «Стародворье» | C62: -54 | D62: 54
A63: SU002944 | B63: В/к колбасы «Сочинка по-европейски с сочной грудинкой» срез Фикс.вес 0,3 фиброуз ТМ «Стародворье» | C63: -90 | D63: 90
A64: SU002945 | B64: П/к колбасы «Сочинка зернистая с сочной грудинкой» Весовой фиброуз ТМ «Стародворье» | C64: -275.4 | D64: 275.4
A65: SU002947 | B65: П/к колбасы «Сочинка рубленая с сочным окороком» Весовой фиброуз ТМ «Стародворье» | C65: -151.2 | D65: 151.2
A66: SU002948 | B66: П/к колбасы «Сочинка рубленая с сочным окороком» срез Фикс.вес 0,3 фиброуз ТМ «Стародворье» | C66: -30.6 | D66: 30.6
A67: SU002983 | B67: Колбаса вареная Мусульманская ТМ Вязанка Халяль вектор ф/в 0,4 кг Казахстан АК | D67: 32
A68: SU002984 | B68: Сосиски Восточные халяль ТМ Вязанка полиамид в/у ф/в 0,33 кг Казахстан АК | D68: 39.6
A69: SU002985 | B69: П/к колбасы «Аль-Ислами халяль» ф/в 0,35 фиброуз ТМ «Вязанка» | D69: 70
A70: SU002986 | B70: Вареные колбасы «Докторская ГОСТ» Фикс.вес 0,37 п/а ТМ «Вязанка» | D70: 62.9
A71: SU003167 | B71: Сосиски «Баварские» Фикс.вес 0,35 П/а ТМ «Стародворье» | D71: 39.9
A72: SU003168 | B72: Сосиски «Баварские с сыром» Фикс.вес 0,35 п/а ТМ «Стародворье» | C72: -18.9 | D72: 18.9
A73: SU003178 | B73: Копченые колбасы «Сервелат Мясорубский» Фикс.вес 0,08 нарезка ТМ «Стародворье» | D73: 15.2
A74: SU003273 | B74: Вареные колбасы «Молочная Стародворская с молоком» Весовой п/а ТМ «Стародворье» | D74: 104.4
A75: SU003420 | B75: Вареные колбасы «Филейная» Весовой п/а ТМ «Особый рецепт» большой батон | D75: 435
A76: SU003422 | B76: Вареные колбасы «Молочная» Весовой п/а ТМ «Особый рецепт» | D76: 480
A77: SU003423 | B77: Вареные колбасы «Со шпиком» Весовой п/а ТМ «Особый рецепт» большой батон | D77: 525
A78: SU003642 | B78: Вареные колбасы «Филейская со шпиком» Весовой п/а ТМ «Вязанка» | D78: 100.8
A79: SU003665 | B79: Сосиски «Сосиски с сыром» Фикс.вес 0,3 вискофан ТМ «Ядрена копоть» | D79: 55.8
A80: SU003829 | B80: Копченые колбасы «Сервелат Мясорубский Делюкс» Фикс.вес 0,3 фиброуз ТМ «Стародворье» | C80: -61.2 | D80: 61.2
A81: SU003894 | B81: Сырокопченые колбасы «Сервелат Ореховый» Фикс.вес 0,07 нарезка ТМ «Стародворье» | D81: 7.56
A82: SU003896 | B82: Сыровяленые колбасы «Фуэт» Фикс.вес 0,07 нарезка ТМ «Стародворье» | D82: 6.3
A83: SU003921 | B83: Деликатесы в/к «Грудинка копчено-вареная» Фикс.вес 0,12 нарезка ТМ «Стародворье» | C83: -5.4 | D83: 5.4
A84: SU004016 | B84: Сосиски «Мясные для гриля» Фикс.вес 0,3 целлофан ТМ «Ядрена копоть» | C84: -19.8 | D84: 19.8
A85: SU004026 | B85: Копченые колбасы «Ассорти Мясорубская коллекция: Сервелат Делюкс, С балыком» Фикс.вес 0,08 нарезка ТМ «Стародворье» | D85: 12
A86: SU004039 | B86: Копченые колбасы «Балыковая» Фикс.вес 0,28 фиброуз срез ТМ «Вязанка» | C86: -38.64 | D86: 38.64
A87: SU004041 | B87: Копченые колбасы «Балыковая» Весовой фиброуз ТМ «Вязанка» | C87: -301 | D87: 301
A88: SU004042 | B88: Копченые колбасы «Сервелат Ореховый» Фикс.вес 0,28 фиброуз срез ТМ «Вязанка» | C88: -84 | D88: 84
A89: SU004044 | B89: Копченые колбасы «Сервелат Ореховый» Весовой фиброуз ТМ «Вязанка» | C89: -203 | D89: 203
A90: SU004047 | B90: Копченые колбасы «Сервелат Финский» Весовой фиброуз ТМ «Вязанка» | D90: 203
A91: SU004103 | B91: Вареные колбасы «Молочная» Весовой п/а ТМ «Стародворье» | D91: 156
A92: SU004104 | B92: Вареные колбасы «Мясная» Весовой п/а ТМ «Стародворье» | D92: 163.8
A93: SU004106 | B93: Вареные колбасы «Со шпиком» Весовой п/а ТМ «Стародворье» | D93: 78
A94: SU004131 | B94: Вареные колбасы «Ветчинно-рубленая» Весовой п/а ТМ «Особый рецепт» | D94: 15
A95: SU004146 | B95: Консервы «Буженина в пряном маринаде» Фикс.вес 0,25 ТМ «Стародворье» | D95: 27
A96: SU004157 | B96: Вареные колбасы «Мясная Классическая» Весовой п/а ТМ «Вязанка» | D96: 84
A97: SU004238 | B97: Вареные колбасы «Докторская Классическая» Весовой п/а ТМ «Особый рецепт» | D97: 375
