Workbook

Sheet Sheet
A3: Номенклатура | B3: Ед. изм. | C3: Начальный остаток | D3: Приход | E3: Расход | F3: Конечный остаток | G3: крат | H3: сроки | I3: метка | J3: метка2 | K3: заяв | L3: разн | M3: без опта | N3: опт | O3: заказ в пути | P3: ср нов | Q3: расчет | R3: заказ | S3: ТК | T3: кон ост | U3: факт | V3: ср | W3: ср | X3: ср | Y3: ср | Z3: ср | AA3: ср | AB3: ср | AC3: ср | AD3: ср | AE3: ср | AF3: комментарии | AG3: вес
O4: 31,08, | P4: 31,08, | R4: 07,09, | S4: Чепрасова | V4: 24,08, | W4: 17,08, | X4: 10,08, | Y4: 03,08, | Z4: 27,07, | AA4: 20,07, | AB4: 13,07, | AC4: 06,07, | AD4: 29,06, | AE4: 22,06,
E5: =SUM(E6:E484) -> 13326.728 | F5: =SUM(F6:F484) -> 22297.967 | K5: =SUM(K6:K484) -> 14533.974 | L5: =SUM(L6:L484) -> -1207.246 | M5: =SUM(M6:M484) -> 0 | N5: =SUM(N6:N484) -> 0 | O5: =SUM(O6:O484) -> 9806 | P5: =SUM(P6:P484) -> 2665.3456 | Q5: =SUM(Q6:Q484) -> 10498.171 | R5: =SUM(R6:R484) -> 11061 | S5: =SUM(S6:S484) -> 1450 | V5: =SUM(V6:V484) -> 2675.4276 | W5: =SUM(W6:W484) -> 3087.9252 | X5: =SUM(X6:X484) -> 2393.9494 | Y5: =SUM(Y6:Y484) -> 2434.1146 | Z5: =SUM(Z6:Z484) -> 2654.1074 | AA5: =SUM(AA6:AA484) -> 2195.3986 | AB5: =SUM(AB6:AB484) -> 2190.4328 | AC5: =SUM(AC6:AC484) -> 2309.5252 | ... AE5: =SUM(AE6:AE484) -> 2228.9382 | AG5: =SUM(AG6:AG484) -> 5260.97
A6: 3215 ВЕТЧ.МЯСНАЯ Папа может п/о 0.4кг 8шт. ОСТАНКИНО | B6: шт | C6: 135 | D6: 181 | E6: 162 | F6: 106 | G6: 0.4 | H6: 60 | I6: матрица | K6: 162 | L6: =E6-K6 -> 0 | O6: 33 | P6: =E6/5 -> 32.4 | Q6: =12*P6-O6-F6 -> 249.8 | R6: =ROUND(Q6,0) -> 250 | T6: =(F6+O6+R6)/P6 -> 12.006173 | U6: =(F6+O6)/P6 -> 4.2901235 | V6: 20.2 | W6: 22.6 | X6: 23.2 | Y6: 21.8 | Z6: 34.4 | AA6: 33.4 | AB6: 17.2 | AC6: 43.6 | AD6: 24.8 | AE6: 43.4 | AG6: =G6*R6 -> 100
A7: 3287 САЛЯМИ ИТАЛЬЯНСКАЯ с/к в/у ОСТАНКИНО | B7: кг | C7: 14.849 | D7: 38.008 | E7: 4.97 | F7: 46.28 | G7: 1 | H7: 120 | I7: матрица | K7: 5 | L7: =E7-K7 -> -0.03 | O7: 30 | P7: =E7/5 -> 0.994 | R7: =ROUND(Q7,0) -> 0 | T7: =(F7+O7+R7)/P7 -> 76.740443 | U7: =(F7+O7)/P7 -> 76.740443 | V7: 2.5046 | W7: 4.4006 | X7: 1.4884 | Y7: 3.4176 | Z7: 1.4924 | AA7: 1.8888 | AB7: 1.8836 | AC7: 1.478 | AD7: 0.867 | AE7: 1.761 | AF7: нужно увеличить продажи / плюсом 5 дней | AG7: =G7*R7 -> 0
A8: 3986 Ароматная с/к в/у 1/250 ОСТАНКИНО | B8: шт | C8: 68 | D8: 78 | E8: 36 | F8: 99 | G8: 0.25 | H8: 120 | I8: матрица | K8: 36 | L8: =E8-K8 -> 0 | O8: 10 | P8: =E8/5 -> 7.2 | R8: 50 | S8: =VLOOKUP(A8,[1]Sheet!$A:$R,18,0) -> 300 | T8: =(F8+O8+R8)/P8 -> 22.083333 | U8: =(F8+O8)/P8 -> 15.138889 | V8: 10.4 | W8: 12.6 | X8: 8.4 | Y8: 11.4 | Z8: 13.6 | AA8: 8.2 | AB8: 10.2 | AC8: 7 | AD8: 11.4 | AE8: 10.2 | AF8: плюсом 5 дней | AG8: =G8*R8 -> 12.5
A9: 4063 МЯСНАЯ Папа может вар п/о_Л ОСТАНКИНО | B9: кг | C9: 638.965 | D9: 1974.305 | E9: 942.877 | F9: 1528.103 | G9: 1 | H9: 60 | I9: матрица | K9: 1052.1 | L9: =E9-K9 -> -109.223 | O9: 0 | P9: =E9/5 -> 188.5754 | Q9: =15*P9-O9-F9 -> 1300.528 | R9: =ROUND(Q9,0) -> 1301 | T9: =(F9+O9+R9)/P9 -> 15.002503 | U9: =(F9+O9)/P9 -> 8.1034059 | V9: 112.445 | W9: 197.815 | X9: 137.0042 | Y9: 134.9372 | Z9: 131.2398 | AA9: 130.735 | AB9: 106.291 | AC9: 127.9742 | AD9: 158.0384 | AE9: 114.2396 | AG9: =G9*R9 -> 1301
A10: 4117 ЭКСТРА Папа может с/к в/у_Л ОСТАНКИНО | B10: кг | C10: 38.613 | D10: 138.837 | E10: 21.442 | F10: 136.68 | G10: 1 | H10: 120 | I10: матрица | K10: 21.484 | L10: =E10-K10 -> -0.042 | O10: 0 | P10: =E10/5 -> 4.2884 | R10: =ROUND(Q10,0) -> 0 | T10: =(F10+O10+R10)/P10 -> 31.872027 | U10: =(F10+O10)/P10 -> 31.872027 | V10: 2.2122 | W10: 12.5686 | X10: 1.1908 | Y10: 6.0012 | Z10: 5.9808 | AA10: 1.9032 | AB10: 4.136 | AC10: 5.2066 | AD10: 5.0554 | AE10: 3.4814 | AF10: нужно увеличить продажи / плюсом 5 дней | AG10: =G10*R10 -> 0
A11: 4574 Мясная со шпиком Папа может вар п/о ОСТАНКИНО | B11: кг | C11: 143.947 | D11: 450.809 | E11: 145.267 | F11: 382.469 | G11: 1 | H11: 60 | I11: ВНИМАНИЕ / матрица | K11: 141.9 | L11: =E11-K11 -> 3.367 | O11: 182 | P11: =E11/5 -> 29.0534 | R11: =ROUND(Q11,0) -> 0 | T11: =(F11+O11+R11)/P11 -> 19.428673 | U11: =(F11+O11)/P11 -> 19.428673 | V11: 45.8638 | W11: 58.7442 | X11: 34.6208 | Y11: 39.8292 | Z11: 35.1408 | AA11: 33.5112 | AB11: 35.876 | AC11: 29.5872 | AD11: 41.2212 | AE11: 41.7146 | AF11: Главторг | AG11: =G11*R11 -> 0
A12: 4813 ФИЛЕЙНАЯ Папа может вар п/о_Л ОСТАНКИНО | B12: кг | C12: 298.732 | D12: 401.624 | E12: 249.659 | F12: 361.323 | G12: 1 | H12: 60 | I12: матрица | K12: 239.75 | L12: =E12-K12 -> 9.909 | O12: 307 | P12: =E12/5 -> 49.9318 | Q12: =15*P12-O12-F12 -> 80.654 | R12: =ROUND(Q12,0) -> 81 | T12: =(F12+O12+R12)/P12 -> 15.006929 | U12: =(F12+O12)/P12 -> 13.384717 | V12: 53.7774 | W12: 54.776 | X12: 52.1532 | Y12: 61.4394 | Z12: 52.1158 | AA12: 47.9068 | AB12: 52.5086 | AC12: 44.5054 | AD12: 67.461 | AE12: 68.8962 | AG12: =G12*R12 -> 81
A13: 4993 САЛЯМИ ИТАЛЬЯНСКАЯ с/к в/у 1/250*8_120c ОСТАНКИНО | B13: шт | C13: 69 | D13: 81 | E13: 46 | F13: 88 | G13: 0.25 | H13: 120 | I13: матрица | K13: 46 | L13: =E13-K13 -> 0 | O13: 0 | P13: =E13/5 -> 9.2 | Q13: =15*P13-O13-F13 -> 50 | R13: =ROUND(Q13,0) -> 50 | T13: =(F13+O13+R13)/P13 -> 15 | U13: =(F13+O13)/P13 -> 9.5652174 | V13: 7.2 | W13: 11.8 | X13: 8.6 | Y13: 10.6 | Z13: 12.4 | AA13: 14.4 | AB13: 15.4 | AC13: 17.4 | AD13: 15.8 | AE13: 8.8 | AF13: плюсом 5 дней | AG13: =G13*R13 -> 12.5
A14: 5452 ВЕТЧ.МЯСНАЯ Папа может п/о ОСТАНКИНО | B14: кг | C14: 85.708 | D14: 177.402 | E14: 80.61 | F14: 133.162 | G14: 1 | H14: 60 | I14: матрица | K14: 99.15 | L14: =E14-K14 -> -18.54 | O14: 50 | P14: =E14/5 -> 16.122 | Q14: =15*P14-O14-F14 -> 58.668 | R14: =ROUND(Q14,0) -> 59 | T14: =(F14+O14+R14)/P14 -> 15.020593 | U14: =(F14+O14)/P14 -> 11.360997 | V14: 7.6434 | W14: 14.446 | X14: 12.6616 | Y14: 8.7746 | Z14: 7.3464 | AA14: 9.1446 | AB14: 6.137 | AC14: 15.6576 | AD14: 16.7228 | AE14: 16.991 | AG14: =G14*R14 -> 59
A15: 5483 ЭКСТРА Папа может с/к в/у 1/250 8шт. ОСТАНКИНО | B15: шт | C15: 470 | D15: 35 | E15: 165 | F15: 287 | G15: 0.25 | H15: 120 | I15: ВНИМАНИЕ / матрица | K15: 160 | L15: =E15-K15 -> 5 | O15: 76 | P15: =E15/5 -> 33 | Q15: =15*P15-O15-F15 -> 132 | R15: 300 | S15: =VLOOKUP(A15,[1]Sheet!$A:$R,18,0) -> 300 | T15: =(F15+O15+R15)/P15 -> 20.090909 | U15: =(F15+O15)/P15 -> 11 | V15: 38.4 | W15: 24.2 | X15: 15.6 | Y15: 29.6 | Z15: 22.2 | AA15: 26.8 | AB15: 19.6 | AC15: 19.8 | AD15: 15.4 | AE15: 22.2 | AF15: плюсом 5 дней / Главторг | AG15: =G15*R15 -> 75
A16: 5495 ВЕТЧ.С ИНДЕЙКОЙ Папа может п/о 400*6 Останкино | B16: шт | C16: 193 | D16: 89 | E16: 98 | F16: 157 | G16: 0.4 | H16: 60 | I16: матрица | K16: 103 | L16: =E16-K16 -> -5 | O16: 27 | P16: =E16/5 -> 19.6 | Q16: =15*P16-O16-F16 -> 110 | R16: =ROUND(Q16,0) -> 110 | T16: =(F16+O16+R16)/P16 -> 15 | U16: =(F16+O16)/P16 -> 9.3877551 | V16: 18.6 | W16: 22.4 | X16: 16.4 | Y16: 31.4 | Z16: 28.8 | AA16: 21 | AB16: 22.2 | AC16: 24.8 | AD16: 28.4 | AE16: 25.2 | AG16: =G16*R16 -> 44
A17: 5544 Сервелат Финский в/к в/у_45с НОВАЯ ОСТАНКИНО | B17: кг | C17: 159.531 | D17: 856.964 | E17: 202.669 | F17: 677.176 | G17: 1 | H17: 45 | I17: матрица | K17: 196.4 | L17: =E17-K17 -> 6.269 | O17: 150 | P17: =E17/5 -> 40.5338 | R17: =ROUND(Q17,0) -> 0 | T17: =(F17+O17+R17)/P17 -> 20.407068 | U17: =(F17+O17)/P17 -> 20.407068 | V17: 50.5528 | W17: 79.149 | X17: 31.593 | Y17: 57.8962 | Z17: 45.7606 | AA17: 39.7852 | AB17: 38.8656 | AC17: 68.3928 | AD17: 51.934 | AE17: 60.9788 | AG17: =G17*R17 -> 0
A18: 5708 ПОСОЛЬСКАЯ Папа может с/к в/у ОСТАНКИНО | B18: кг | C18: 57.879 | D18: 116.028 | E18: 42.738 | F18: 103.31 | G18: 1 | H18: 120 | I18: матрица | K18: 58.4 | L18: =E18-K18 -> -15.662 | O18: 0 | P18: =E18/5 -> 8.5476 | Q18: =15*P18-O18-F18 -> 24.904 | R18: =ROUND(Q18,0) -> 25 | T18: =(F18+O18+R18)/P18 -> 15.011231 | U18: =(F18+O18)/P18 -> 12.086434 | V18: 6.8586 | W18: 10.388 | X18: 6.555 | Y18: 6.0966 | Z18: 6.272 | AA18: 2.3836 | AB18: 3.8856 | AC18: 5.706 | AD18: 6.0518 | AE18: 3.9136 | AF18: плюсом 5 дней | AG18: =G18*R18 -> 25
A19: 5819 Сосиски Папа может 400г Мясные ОСТАНКИНО | B19: шт | C19: 75 | D19: 141 | E19: 42 | F19: 139 | G19: 0.4 | H19: 45 | I19: матрица | K19: 44 | L19: =E19-K19 -> -2 | O19: 0 | P19: =E19/5 -> 8.4 | R19: =ROUND(Q19,0) -> 0 | T19: =(F19+O19+R19)/P19 -> 16.547619 | U19: =(F19+O19)/P19 -> 16.547619 | V19: 10.4 | W19: 12 | X19: 13.4 | Y19: 8.4 | Z19: 10.8 | AA19: 9.2 | AB19: 16.6 | AC19: 12.8 | AD19: 17.6 | AE19: 10.8 | AG19: =G19*R19 -> 0
A20: 5851 ЭКСТРА Папа может вар п/о ОСТАНКИНО | B20: кг | C20: 2.245 | D20: 533.266 | E20: 204.779 | F20: 255.152 | G20: 1 | H20: 60 | I20: матрица | K20: 399.4 | L20: =E20-K20 -> -194.621 | O20: 250 | P20: =E20/5 -> 40.9558 | Q20: =15*P20-O20-F20 -> 109.185 | R20: =ROUND(Q20,0) -> 109 | T20: =(F20+O20+R20)/P20 -> 14.995483 | U20: =(F20+O20)/P20 -> 12.334077 | V20: 44.3436 | W20: 53.4098 | X20: 29.6076 | Y20: 39.8716 | Z20: 43.7824 | AA20: 35.394 | AB20: 51.5266 | AC20: 31.5036 | AD20: 52.6226 | AE20: 44.6156 | AG20: =G20*R20 -> 109
A21: 5931 ОХОТНИЧЬЯ Папа может с/к в/у 1/220 8шт. ОСТАНКИНО | B21: шт | C21: 401 | D21: 689 | E21: 519 | F21: 451 | G21: 0.22 | H21: 120 | I21: матрица | K21: 536 | L21: =E21-K21 -> -17 | O21: 600 | P21: =E21/5 -> 103.8 | Q21: =15*P21-O21-F21 -> 506 | R21: =ROUND(Q21,0) -> 506 | T21: =(F21+O21+R21)/P21 -> 15 | U21: =(F21+O21)/P21 -> 10.125241 | V21: 95.4 | W21: 97.4 | X21: 81.8 | Y21: 78.4 | Z21: 92.2 | AA21: 66.2 | AB21: 109.8 | AC21: 89.8 | AD21: 30.6 | AE21: 80.6 | AF21: плюсом 5 дней | AG21: =G21*R21 -> 111.32
A22: 6008 САЛО СОЛЕНОЕ С ЧЕРНЫМ ПЕРЦЕМ мл/к в/у ОСТАНКИНО | B22: кг | C22: 8.75 | D22: 72.106 | E22: 34.172 | F22: 37.926 | G22: 1 | H22: 40 | I22: матрица | K22: 34.05 | L22: =E22-K22 -> 0.122 | O22: 40 | P22: =E22/5 -> 6.8344 | Q22: =15*P22-O22-F22 -> 24.59 | R22: =ROUND(Q22,0) -> 25 | T22: =(F22+O22+R22)/P22 -> 15.059991 | U22: =(F22+O22)/P22 -> 11.402025 | V22: 6.0042 | W22: 7.3088 | X22: 5.0584 | Y22: -0.3304 | Z22: 8.4344 | AA22: 6.0996 | AB22: 4.2108 | AC22: 8.4652 | AD22: 2.464 | AE22: 0 | AF22: 90кг в уценку (21,07,26) | AG22: =G22*R22 -> 25
A23: 6220 ГОВЯЖЬЯ папа может вар п/о Останкино | B23: кг | C23: 177.823 | D23: 197.069 | E23: 135.153 | F23: 229.426 | G23: 1 | H23: 60 | I23: матрица | K23: 131.2 | L23: =E23-K23 -> 3.953 | O23: 60 | P23: =E23/5 -> 27.0306 | Q23: =15*P23-O23-F23 -> 116.033 | R23: =ROUND(Q23,0) -> 116 | T23: =(F23+O23+R23)/P23 -> 14.998779 | U23: =(F23+O23)/P23 -> 10.707346 | V23: 24.7782 | W23: 30.3824 | X23: 12.0194 | Y23: 32.4158 | Z23: 26.7656 | AA23: 20.1238 | AB23: 23.694 | AC23: 38.83 | AD23: 48.1426 | AE23: 29.6064 | AG23: =G23*R23 -> 116
A24: 6221 НЕОПОЛИТАНСКИЙ ДУЭТ с/к с/н мгс 1/90 Останкино | B24: шт | C24: 517 | D24: 373 | E24: 234 | F24: 569 | G24: 0.09 | H24: 60 | I24: матрица | K24: 242 | L24: =E24-K24 -> -8 | O24: 0 | P24: =E24/5 -> 46.8 | Q24: =15*P24-O24-F24 -> 133 | R24: =ROUND(Q24,0) -> 133 | T24: =(F24+O24+R24)/P24 -> 15 | U24: =(F24+O24)/P24 -> 12.15812 | V24: 44.8 | W24: 65.6 | X24: 69 | Y24: 42.2 | Z24: 62 | AA24: 41.8 | AB24: 53.6 | AC24: 55.6 | AD24: 39.8 | AE24: 53.8 | AG24: =G24*R24 -> 11.97
A25: 6228 МЯСНОЕ АССОРТИ к/з с/н мгс 1/90 10шт Останкино | B25: шт | C25: 212 | D25: 235 | E25: 174 | F25: 198 | G25: 0.09 | H25: 45 | I25: ВНИМАНИЕ / матрица | K25: 180 | L25: =E25-K25 -> -6 | O25: 224 | P25: =E25/5 -> 34.8 | Q25: =15*P25-O25-F25 -> 100 | R25: =ROUND(Q25,0) -> 100 | T25: =(F25+O25+R25)/P25 -> 15 | U25: =(F25+O25)/P25 -> 12.126437 | V25: 39.2 | W25: 30.8 | X25: 20.6 | Y25: 27.4 | Z25: 31.8 | AA25: 26.2 | AB25: 23.6 | AC25: 24.4 | AD25: 24.8 | AE25: 20 | AF25: Главторг | AG25: =G25*R25 -> 9
A26: 6279 КОРЕЙКА ПО-ОСТ.к/в в/с с/н в/у 1/150_45с Останкино | B26: шт | C26: 111 | D26: 233 | E26: 177 | F26: 85 | G26: 0.15 | H26: 45 | I26: матрица | K26: 180 | L26: =E26-K26 -> -3 | O26: 207 | P26: =E26/5 -> 35.4 | Q26: =15*P26-O26-F26 -> 239 | R26: =ROUND(Q26,0) -> 239 | T26: =(F26+O26+R26)/P26 -> 15 | U26: =(F26+O26)/P26 -> 8.2485876 | V26: 32.2 | W26: 24.6 | X26: 26.2 | Y26: 19.6 | Z26: 27.4 | AA26: 33.6 | AB26: 20.4 | AC26: 21.2 | AD26: 31.4 | AE26: 18.6 | AG26: =G26*R26 -> 35.85
A27: 6303 Мясные Папа может сос п/о мгс 1,5*3 Останкино | B27: кг | C27: 327.558 | D27: 961.996 | E27: 425.486 | F27: 823.479 | G27: 1 | H27: 45 | I27: матрица | K27: 413.6 | L27: =E27-K27 -> 11.886 | O27: 232 | P27: =E27/5 -> 85.0972 | Q27: =15*P27-O27-F27 -> 220.979 | R27: =ROUND(Q27,0) -> 221 | T27: =(F27+O27+R27)/P27 -> 15.000247 | U27: =(F27+O27)/P27 -> 12.403217 | V27: 86.0894 | W27: 101.1476 | X27: 72.8874 | Y27: 74.641 | Z27: 69.1282 | AA27: 44.8872 | AB27: 61.0286 | AC27: 80.0628 | AD27: 71.7762 | AE27: 53.405 | AG27: =G27*R27 -> 221
A28: 6325 ДОКТОРСКАЯ ПРЕМИУМ вар п/о 0.4кг 8шт. ОСТАНКИНО | B28: шт | C28: 201 | D28: 474 | E28: 167 | F28: 471 | G28: 0.4 | H28: 60 | I28: матрица | K28: 167 | L28: =E28-K28 -> 0 | O28: 56 | P28: =E28/5 -> 33.4 | R28: =ROUND(Q28,0) -> 0 | T28: =(F28+O28+R28)/P28 -> 15.778443 | U28: =(F28+O28)/P28 -> 15.778443 | V28: 46.4 | W28: 43.2 | X28: 44.2 | Y28: 37.4 | Z28: 47.6 | AA28: 25.8 | AB28: 56.8 | AC28: 29.8 | AD28: 17.2 | AE28: 27 | AF28: Главторг | AG28: =G28*R28 -> 0
A29: 6333 МЯСНАЯ Папа может вар п/о 0.4кг 8шт. ОСТАНКИНО | B29: шт | C29: 583 | D29: 235 | E29: 244 | F29: 504 | G29: 0.4 | H29: 60 | I29: ВНИМАНИЕ / матрица | K29: 279 | L29: =E29-K29 -> -35 | O29: 0 | P29: =E29/5 -> 48.8 | Q29: =15*P29-O29-F29 -> 228 | R29: =ROUND(Q29,0) -> 228 | T29: =(F29+O29+R29)/P29 -> 15 | U29: =(F29+O29)/P29 -> 10.327869 | V29: 45 | W29: 32 | X29: 37.2 | Y29: 30.4 | Z29: 43 | AA29: 48 | AB29: 44.6 | AC29: 38.8 | AD29: 49.6 | AE29: 47.6 | AF29: Главторг | AG29: =G29*R29 -> 91.2
A30: 6392 ФИЛЕЙНАЯ Папа может вар п/о 0,4кг ОСТАНКИНО | B30: шт | C30: 138 | D30: 200 | E30: 189 | F30: 80 | G30: 0.4 | H30: 60 | I30: ВНИМАНИЕ / матрица | K30: 189 | L30: =E30-K30 -> 0 | O30: 321 | P30: =E30/5 -> 37.8 | Q30: =15*P30-O30-F30 -> 166 | R30: =ROUND(Q30,0) -> 166 | T30: =(F30+O30+R30)/P30 -> 15 | U30: =(F30+O30)/P30 -> 10.608466 | V30: 42.8 | W30: 27.4 | X30: 24.2 | Y30: 34.8 | Z30: 44.6 | AA30: 41.4 | AB30: 37.8 | AC30: 59.2 | AD30: 34.6 | AE30: 46.2 | AF30: Главторг | AG30: =G30*R30 -> 66.4
A31: 6495 ВЕТЧ.МРАМОРНАЯ в/у срез 0,3кг 6шт_45с Останкино | B31: шт | C31: 94 | D31: 346 | E31: 82 | F31: 323 | G31: 0.3 | H31: 45 | I31: матрица | K31: 95 | L31: =E31-K31 -> -13 | O31: 0 | P31: =E31/5 -> 16.4 | R31: =ROUND(Q31,0) -> 0 | T31: =(F31+O31+R31)/P31 -> 19.695122 | U31: =(F31+O31)/P31 -> 19.695122 | V31: 22.4 | W31: 36 | X31: 27.2 | Y31: 20.2 | Z31: 26.8 | AA31: 20.4 | AB31: 27 | AC31: 11.8 | AD31: 16 | AE31: 33.2 | AG31: =G31*R31 -> 0
A32: 6498 МОЛОЧНАЯ Папа может вар п/о ОСТАНКИНО | B32: кг | C32: 45.198 | D32: 204.266 | E32: 84.308 | F32: 140.406 | G32: 1 | H32: 60 | I32: матрица | K32: 84.4 | L32: =E32-K32 -> -0.092 | O32: 88 | P32: =E32/5 -> 16.8616 | Q32: =15*P32-O32-F32 -> 24.518 | R32: =ROUND(Q32,0) -> 25 | T32: =(F32+O32+R32)/P32 -> 15.028586 | U32: =(F32+O32)/P32 -> 13.545927 | V32: 19.8412 | W32: 21.4732 | X32: 16.6488 | Y32: 18.3598 | Z32: 19.6196 | AA32: 17.6358 | AB32: 18.295 | AC32: 17.577 | AD32: 25.6296 | AE32: 19.367 | AG32: =G32*R32 -> 25
A33: 6527 ШПИКАЧКИ СОЧНЫЕ ПМ сар б/о мгс 1*3 45с ОСТАНКИНО | B33: кг | C33: 60.017 | D33: 168.722 | E33: 48.082 | F33: 159.135 | G33: 1 | H33: 45 | I33: матрица | K33: 51.2 | L33: =E33-K33 -> -3.118 | O33: 33 | P33: =E33/5 -> 9.6164 | R33: =ROUND(Q33,0) -> 0 | T33: =(F33+O33+R33)/P33 -> 19.97993 | U33: =(F33+O33)/P33 -> 19.97993 | V33: 15.4948 | W33: 17.4918 | X33: 8.7322 | Y33: 19.0252 | Z33: 11.6818 | AA33: 9.6796 | AB33: 10.3604 | AC33: 23.97 | AD33: 23.714 | AE33: 19.5158 | AG33: =G33*R33 -> 0
A34: 6550 МЯСНЫЕ Папа может сар б/о мгс 1*3 О 45с Останкино | B34: кг | C34: 41.41 | D34: 261.245 | E34: 58.374 | F34: 222.923 | G34: 1 | H34: 45 | I34: матрица | K34: 62.5 | L34: =E34-K34 -> -4.126 | O34: 40 | P34: =E34/5 -> 11.6748 | R34: =ROUND(Q34,0) -> 0 | T34: =(F34+O34+R34)/P34 -> 22.520557 | U34: =(F34+O34)/P34 -> 22.520557 | V34: 20.364 | W34: 26.2212 | X34: 18.2844 | Y34: 23.6278 | Z34: 16.7678 | AA34: 13.0416 | AB34: 26.403 | AC34: 21.4896 | AD34: 29.6156 | AE34: 34.4256 | AG34: =G34*R34 -> 0
A35: 6602 БАВАРСКИЕ ПМ сос ц/о мгс 0.35кг 8шт. | B35: шт | G35: 0 | I35: РАЗОВО | L35: =E35-K35 -> 0 | O35: 300 | P35: =E35/5 -> 0 | R35: =ROUND(Q35,0) -> 0 | T35: =(F35+O35+R35)/P35 -> #DIV/0! | U35: =(F35+O35)/P35 -> #DIV/0! | V35: 0 | W35: 0 | X35: 0 | Y35: 0 | Z35: 0 | AA35: 0 | AB35: 0 | AC35: 0 | AD35: 0 | AE35: 0 | AF35: Главторг (1001021966602) | AG35: =G35*R35 -> 0
A36: 6608 С ГОВЯДИНОЙ ОРИГИН. сар б/о мгс 1*3_45с ОСТАНКИНО | B36: кг | C36: 134.159 | D36: 386.223 | E36: 127.359 | F36: 364.232 | G36: 1 | H36: 45 | I36: матрица | K36: 130.4 | L36: =E36-K36 -> -3.041 | O36: 0 | P36: =E36/5 -> 25.4718 | Q36: =15*P36-O36-F36 -> 17.845 | R36: =ROUND(Q36,0) -> 18 | T36: =(F36+O36+R36)/P36 -> 15.006085 | U36: =(F36+O36)/P36 -> 14.299421 | V36: 27.1644 | W36: 49.6982 | X36: 26.7538 | Y36: 42.906 | Z36: 40.4576 | AA36: 38.3834 | AB36: 37.245 | AC36: 34.217 | AD36: 44.958 | AE36: 38.3692 | AG36: =G36*R36 -> 18
A37: 6616 МОЛОЧНЫЕ КЛАССИЧЕСКИЕ сос п/о в/у 0,3 кг Останкино | B37: шт | C37: 466 | D37: 708 | E37: 178 | F37: 938 | G37: 0.3 | H37: 45 | I37: матрица | K37: 176 | L37: =E37-K37 -> 2 | O37: 0 | P37: =E37/5 -> 35.6 | R37: =ROUND(Q37,0) -> 0 | T37: =(F37+O37+R37)/P37 -> 26.348315 | U37: =(F37+O37)/P37 -> 26.348315 | V37: 48.4 | W37: 70.2 | X37: 69.8 | Y37: 41.6 | Z37: 43.2 | AA37: 18.8 | AB37: 58 | AC37: 42.8 | AD37: 21.2 | AE37: 22.8 | AF37: нужно увеличить продажи!!! | AG37: =G37*R37 -> 0
A38: 6620 РЕБРЫШКИ к/в в/у_30с Останкино | B38: кг | C38: -10.232 | D38: 390.5 | E38: 117.31 | F38: 160.54 | G38: 1 | H38: 30 | I38: матрица | K38: 124.7 | L38: =E38-K38 -> -7.39 | O38: 139 | P38: =E38/5 -> 23.462 | Q38: =15*P38-O38-F38 -> 52.39 | R38: =ROUND(Q38,0) -> 52 | T38: =(F38+O38+R38)/P38 -> 14.983377 | U38: =(F38+O38)/P38 -> 12.767028 | V38: 26.2592 | W38: 36.8956 | X38: 16.0452 | Y38: 14.3528 | Z38: 22.1236 | AA38: 20.264 | AB38: 18.5496 | AC38: 16.2388 | AD38: 13.0004 | AE38: 23.7596 | AG38: =G38*R38 -> 52
A39: 6661 СОЧНЫЙ ГРИЛЬ ПМ сос п/о мгс 1,5*4_Маяк Останкино | B39: кг | C39: 47.682 | D39: 565.17 | E39: 244.946 | F39: 285.118 | G39: 1 | H39: 45 | I39: матрица | K39: 309.7 | L39: =E39-K39 -> -64.754 | O39: 523 | P39: =E39/5 -> 48.9892 | R39: =ROUND(Q39,0) -> 0 | T39: =(F39+O39+R39)/P39 -> 16.49584 | U39: =(F39+O39)/P39 -> 16.49584 | V39: 66.378 | W39: 55.0392 | X39: 42.2362 | Y39: 44.667 | Z39: 51.4842 | AA39: 34.0432 | AB39: 46.1826 | AC39: 36.7466 | AD39: 52.7878 | AE39: 34.78 | AG39: =G39*R39 -> 0
A40: 6697 СЕРВЕЛАТ ФИНСКИЙ ПМ в/к в/у 0,35кг 8шт ОСТАНКИНО | B40: шт | C40: 7 | D40: 949 | E40: 231 | F40: 605 | G40: 0.35 | H40: 45 | I40: матрица | K40: 281 | L40: =E40-K40 -> -50 | O40: 78 | P40: =E40/5 -> 46.2 | Q40: =15*P40-O40-F40 -> 10 | R40: =ROUND(Q40,0) -> 10 | T40: =(F40+O40+R40)/P40 -> 15 | U40: =(F40+O40)/P40 -> 14.78355 | V40: 63 | W40: 93.8 | X40: 49.2 | Y40: 60.4 | Z40: 73 | AA40: 57.2 | AB40: 63.4 | AC40: 62.2 | AD40: 65.8 | AE40: 59.4 | AG40: =G40*R40 -> 3.5
A41: 6713 СОЧНЫЙ ГРИЛЬ ПМ сос п/о мгс 0,41кг 8 шт. ОСТАНКИНО | B41: шт | C41: 225 | D41: 361 | E41: 330 | F41: 196 | G41: 0.41 | H41: 45 | I41: матрица | K41: 352 | L41: =E41-K41 -> -22 | O41: 341 | P41: =E41/5 -> 66 | Q41: =15*P41-O41-F41 -> 453 | R41: =ROUND(Q41,0) -> 453 | T41: =(F41+O41+R41)/P41 -> 15 | U41: =(F41+O41)/P41 -> 8.1363636 | V41: 59.4 | W41: 44.8 | X41: 56 | Y41: 48.8 | Z41: 61 | AA41: 55.8 | AB41: 52.6 | AC41: 57.2 | AD41: 41.4 | AE41: 37.6 | AG41: =G41*R41 -> 185.73
A42: 6724 МОЛОЧНЫЕ ПМ сос п/о мгс 0,41кг 10шт Останкино | B42: шт | C42: 87 | D42: 389 | E42: 178 | F42: 249 | G42: 0.41 | H42: 45 | I42: матрица | K42: 181 | L42: =E42-K42 -> -3 | O42: 105 | P42: =E42/5 -> 35.6 | Q42: =15*P42-O42-F42 -> 180 | R42: =ROUND(Q42,0) -> 180 | T42: =(F42+O42+R42)/P42 -> 15 | U42: =(F42+O42)/P42 -> 9.9438202 | V42: 34.2 | W42: 40.6 | X42: 30.6 | Y42: 36.2 | Z42: 42.6 | AA42: 41.4 | AB42: 27.4 | AC42: 42.4 | AD42: 35.8 | AE42: 25.4 | AG42: =G42*R42 -> 73.8
A43: 6765 РУБЛЕНЫЕ сос ц/о мгс 0,36кг 6шт Останкино | B43: шт | C43: 354 | D43: 664 | E43: 175 | F43: 775 | G43: 0.36 | H43: 45 | I43: матрица | K43: 182 | L43: =E43-K43 -> -7 | O43: 0 | P43: =E43/5 -> 35 | R43: =ROUND(Q43,0) -> 0 | T43: =(F43+O43+R43)/P43 -> 22.142857 | U43: =(F43+O43)/P43 -> 22.142857 | V43: 23.2 | W43: 54.2 | X43: 49 | Y43: 25.4 | Z43: 43.4 | AA43: 59 | AB43: 28.8 | AC43: 43.8 | AD43: 41.6 | AE43: 39.2 | AF43: нужно увеличить продажи / Главторг | AG43: =G43*R43 -> 0
A44: 6787 СЕРВЕЛАТ КРЕМЛЕВСКИЙ в/к в/у 0,33кг 8шт Останкино | B44: шт | C44: 7 | D44: 76 | E44: 36 | F44: 37 | G44: 0.33 | H44: 45 | I44: матрица | K44: 40 | L44: =E44-K44 -> -4 | O44: 109 | P44: =E44/5 -> 7.2 | R44: =ROUND(Q44,0) -> 0 | T44: =(F44+O44+R44)/P44 -> 20.277778 | U44: =(F44+O44)/P44 -> 20.277778 | V44: 14.4 | W44: 9 | X44: 5.4 | Y44: 11.4 | Z44: 12.8 | AA44: 17.2 | AB44: 11.2 | AC44: 12.8 | AD44: 16 | AE44: 12.6 | AG44: =G44*R44 -> 0
A45: 6797 С ИНДЕЙКОЙ Папа может вар п/о 0,4кг 8шт. ОСТАНКИНО | B45: шт | C45: -1 | D45: 143 | E45: 69 | F45: 54 | G45: 0.4 | H45: 60 | I45: матрица | K45: 171 | L45: =E45-K45 -> -102 | O45: 186 | P45: =E45/5 -> 13.8 | R45: =ROUND(Q45,0) -> 0 | T45: =(F45+O45+R45)/P45 -> 17.391304 | U45: =(F45+O45)/P45 -> 17.391304 | V45: 24.4 | W45: 15.2 | X45: 13.2 | Y45: 14.6 | Z45: 18.4 | AA45: 13.4 | AB45: 21.4 | AC45: 21.6 | AD45: 10 | AE45: 25 | AG45: =G45*R45 -> 0
A46: 6807 СЕРВЕЛАТ ЕВРОПЕЙСКИЙ в/к в/у 0,33кг 8шт Останкино | B46: шт | D46: 70 | E46: 19 | F46: 42 | G46: 0.33 | H46: 45 | I46: матрица | K46: 22 | L46: =E46-K46 -> -3 | O46: 18 | P46: =E46/5 -> 3.8 | R46: =ROUND(Q46,0) -> 0 | T46: =(F46+O46+R46)/P46 -> 15.789474 | U46: =(F46+O46)/P46 -> 15.789474 | V46: 5.6 | W46: 7 | X46: 4.4 | Y46: 3.2 | Z46: 6.8 | AA46: 4.6 | AB46: 5.4 | AC46: 8 | AD46: 4.6 | AE46: 8.2 | AG46: =G46*R46 -> 0
A47: 6829 МОЛОЧНЫЕ КЛАССИЧЕСКИЕ сос п/о мгс 2*4 С Останккино | B47: кг | C47: 87.216 | D47: 895.372 | E47: 313.69 | F47: 471.104 | G47: 1 | H47: 45 | I47: матрица | K47: 372.7 | L47: =E47-K47 -> -59.01 | O47: 408 | P47: =E47/5 -> 62.738 | Q47: =15*P47-O47-F47 -> 61.966 | R47: =ROUND(Q47,0) -> 62 | T47: =(F47+O47+R47)/P47 -> 15.000542 | U47: =(F47+O47)/P47 -> 14.012305 | V47: 79.3604 | W47: 76.4036 | X47: 34.4542 | Y47: 59.1984 | Z47: 63.1074 | AA47: 32.2164 | AB47: 50.4282 | AC47: 56.484 | AD47: 47.9374 | AE47: 73.1702 | AG47: =G47*R47 -> 62
A48: 6837 ФИЛЕЙНЫЕ Папа Может сос ц/о мгс 0,4кг Останкино | B48: шт | C48: 79 | D48: 266 | E48: 33 | F48: 276 | G48: 0.4 | H48: 45 | I48: матрица | K48: 43 | L48: =E48-K48 -> -10 | O48: 0 | P48: =E48/5 -> 6.6 | R48: =ROUND(Q48,0) -> 0 | T48: =(F48+O48+R48)/P48 -> 41.818182 | U48: =(F48+O48)/P48 -> 41.818182 | V48: 13.6 | W48: 25.4 | X48: 20.6 | Y48: 20.6 | Z48: 20.6 | AA48: 11 | AB48: 34.4 | AC48: 7.2 | AD48: 21.4 | AE48: 20.2 | AF48: нужно увеличить продажи!!! | AG48: =G48*R48 -> 0
A49: 6861 ДОМАШНИЙ РЕЦЕПТ Коровино вар п/о Останкино | B49: кг | C49: 31.577 | D49: 1.835 | E49: 17.679 | F49: 13.783 | G49: 1 | H49: 60 | I49: матрица | K49: 14.9 | L49: =E49-K49 -> 2.779 | O49: 45 | P49: =E49/5 -> 3.5358 | R49: =ROUND(Q49,0) -> 0 | T49: =(F49+O49+R49)/P49 -> 16.625092 | U49: =(F49+O49)/P49 -> 16.625092 | V49: 5.348 | W49: 2.3648 | X49: 4.6564 | Y49: 0.6442 | Z49: 4.776 | AA49: 3.1308 | AB49: 0.299 | AC49: 4.3318 | AD49: 6.2574 | AE49: 3.1316 | AF49: 90 кг в уценку 30,06,26 | AG49: =G49*R49 -> 0
A50: 6866 ВЕТЧ.НЕЖНАЯ Коровино п/о_Маяк Останкино | B50: кг | C50: 25.46 | D50: 71.485 | E50: 21.145 | F50: 65.77 | G50: 1 | H50: 60 | I50: матрица | K50: 21.1 | L50: =E50-K50 -> 0.045 | O50: 0 | P50: =E50/5 -> 4.229 | R50: =ROUND(Q50,0) -> 0 | T50: =(F50+O50+R50)/P50 -> 15.55214 | U50: =(F50+O50)/P50 -> 15.55214 | V50: 4.191 | W50: 3.3282 | X50: 5.471 | Y50: 2.692 | Z50: 3.888 | AA50: 3.302 | AB50: 1.486 | AC50: 0 | AD50: 6.014 | AE50: 2.701 | AG50: =G50*R50 -> 0
A51: 6967 БУРГУНДИЯ Папа может с/к в/у 1/250 8шт Останкино | B51: шт | C51: 58 | D51: 26 | E51: 41 | F51: 27 | G51: 0.25 | H51: 120 | I51: матрица | K51: 41 | L51: =E51-K51 -> 0 | O51: 29 | P51: =E51/5 -> 8.2 | Q51: =15*P51-O51-F51 -> 67 | R51: =ROUND(Q51,0) -> 67 | T51: =(F51+O51+R51)/P51 -> 15 | U51: =(F51+O51)/P51 -> 6.8292683 | V51: 6.8 | W51: 7 | X51: 5.8 | Y51: 8.2 | Z51: 4.8 | AA51: 4.6 | AB51: 7.8 | AC51: 5.6 | AD51: 6.2 | AE51: 3.8 | AF51: плюсом 5 дней | AG51: =G51*R51 -> 16.75
A52: 7001 КЛАССИЧЕСКИЕ Папа может сар б/о мгс 1*3 Останкино | B52: кг | C52: 43.335 | D52: 59.648 | E52: 42.354 | F52: 50.995 | G52: 1 | H52: 45 | I52: матрица | K52: 47.2 | L52: =E52-K52 -> -4.846 | O52: 34 | P52: =E52/5 -> 8.4708 | Q52: =15*P52-O52-F52 -> 42.067 | R52: =ROUND(Q52,0) -> 42 | T52: =(F52+O52+R52)/P52 -> 14.99209 | U52: =(F52+O52)/P52 -> 10.033881 | V52: 8.6494 | W52: 8.848 | X52: 9.2844 | Y52: 10.0526 | Z52: 9.6642 | AA52: 9.5172 | AB52: 8.8352 | AC52: 8.5222 | AD52: 10.96 | AE52: 7.5292 | AG52: =G52*R52 -> 42
A53: 7040 С ИНДЕЙКОЙ ПМ сос ц/о в/у 1/270 8шт. ОСТАНКИНО | B53: шт | C53: 1 | D53: 176 | E53: 81 | F53: 89 | G53: 0.27 | I53: матрица | K53: 121 | L53: =E53-K53 -> -40 | O53: 80 | P53: =E53/5 -> 16.2 | Q53: =15*P53-O53-F53 -> 74 | R53: =ROUND(Q53,0) -> 74 | T53: =(F53+O53+R53)/P53 -> 15 | U53: =(F53+O53)/P53 -> 10.432099 | V53: 17.4 | W53: 20.2 | X53: -0.2 | Y53: 19.2 | Z53: 0 | AA53: 0 | AB53: 0 | AC53: 0 | AD53: 0 | AE53: 0 | AF53: новинка | AG53: =G53*R53 -> 19.98
A54: 7059 ШПИКАЧКИ СОЧНЫЕ С БЕК. п/о мгс 0,3кг 60с ОСТАНКИНО | B54: шт | D54: 86 | E54: -1 | G54: 0.3 | H54: 60 | I54: матрица | K54: 250 | L54: =E54-K54 -> -251 | O54: 300 | P54: =E54/5 -> -0.2 | R54: =ROUND(Q54,0) -> 0 | T54: =(F54+O54+R54)/P54 -> -1500 | U54: =(F54+O54)/P54 -> -1500 | V54: 15.4 | W54: 43.2 | X54: 52.8 | Y54: 25.6 | Z54: 31 | AA54: 31.8 | AB54: 25.4 | AC54: 38.8 | AD54: 37.2 | AE54: 39.8 | AF54: Главторг | AG54: =G54*R54 -> 0
A55: 7066 СОЧНЫЕ ПМ сос п/о мгс 0,41кг 10шт 50с Останкино | B55: шт | C55: 442 | D55: 935 | E55: 649 | F55: 484 | G55: 0.41 | H55: 50 | I55: ВНИМАНИЕ / матрица | K55: 649 | L55: =E55-K55 -> 0 | O55: 616 | P55: =E55/5 -> 129.8 | Q55: 400 | R55: =ROUND(Q55,0) -> 400 | T55: =(F55+O55+R55)/P55 -> 11.55624 | U55: =(F55+O55)/P55 -> 8.4745763 | V55: 117.6 | W55: 103 | X55: 73 | Y55: 87.4 | Z55: 83.2 | AA55: 100.8 | AB55: 87 | AC55: 90.4 | AD55: 84 | AE55: 77.2 | AF55: Главторг | AG55: =G55*R55 -> 164
A56: 7070 СОЧНЫЕ ПМ сос п/о 1,5*4_А_50с Останкино | B56: кг | C56: 806.702 | D56: 895.959 | E56: 564.125 | F56: 747.891 | G56: 1 | H56: 50 | I56: матрица | K56: 544.4 | L56: =E56-K56 -> 19.725 | O56: 553 | P56: =E56/5 -> 112.825 | Q56: =15*P56-O56-F56 -> 391.484 | R56: =ROUND(Q56,0) -> 391 | T56: =(F56+O56+R56)/P56 -> 14.99571 | U56: =(F56+O56)/P56 -> 11.530166 | V56: 123.32 | W56: 98.8282 | X56: 121.4474 | Y56: 124.7012 | Z56: 114.2328 | AA56: 69.065 | AB56: 43.75 | AC56: 103.5904 | AD56: 84.348 | AE56: 76.3036 | AG56: =G56*R56 -> 391
A57: 7073 МОЛОЧ.ПРЕМИУМ ПМ сос п/о в/у 1/350_50с Останкино | B57: шт | C57: 18 | D57: 47 | E57: 23 | F57: 22 | G57: 0.35 | H57: 50 | I57: матрица | K57: 27 | L57: =E57-K57 -> -4 | O57: 77 | P57: =E57/5 -> 4.6 | R57: =ROUND(Q57,0) -> 0 | T57: =(F57+O57+R57)/P57 -> 21.521739 | U57: =(F57+O57)/P57 -> 21.521739 | V57: 9.2 | W57: 6 | X57: 8.2 | Y57: 4.2 | Z57: 7.8 | AA57: 5.6 | AB57: 10.2 | AC57: 9.6 | AD57: 12.6 | AE57: 10.6 | AG57: =G57*R57 -> 0
A58: 7075 МОЛОЧ.ПРЕМИУМ ПМ сос п/о мгс 1,5*4_О_50с Останкино | B58: кг | C58: 68.265 | D58: 112.605 | E58: 67.988 | F58: 67.87 | G58: 1 | H58: 50 | I58: матрица | K58: 66 | L58: =E58-K58 -> 1.988 | O58: 68 | P58: =E58/5 -> 13.5976 | Q58: =15*P58-O58-F58 -> 68.094 | R58: =ROUND(Q58,0) -> 68 | T58: =(F58+O58+R58)/P58 -> 14.993087 | U58: =(F58+O58)/P58 -> 9.9922045 | V58: 13.3548 | W58: 11.9952 | X58: 12.4106 | Y58: 8.0704 | Z58: 14.8842 | AA58: 5.8064 | AB58: 5.6052 | AC58: 12.7126 | AD58: 15.4616 | AE58: 11.2816 | AG58: =G58*R58 -> 68
A59: 7080 СЛИВОЧНЫЕ ПМ сос п/о мгс 0,41кг 10шт 50с Останкино | B59: шт | C59: 540 | D59: 262 | E59: 369 | F59: 357 | G59: 0.41 | H59: 50 | I59: ВНИМАНИЕ / матрица | K59: 370 | L59: =E59-K59 -> -1 | O59: 352 | P59: =E59/5 -> 73.8 | Q59: =15*P59-O59-F59 -> 398 | R59: =ROUND(Q59,0) -> 398 | T59: =(F59+O59+R59)/P59 -> 15 | U59: =(F59+O59)/P59 -> 9.6070461 | V59: 71.4 | W59: 52.4 | X59: 50.2 | Y59: 55 | Z59: 45.2 | AA59: 48.8 | AB59: 35.2 | AC59: 51.4 | AD59: 56.6 | AE59: 45.8 | AF59: Главторг | AG59: =G59*R59 -> 163.18
A60: 7083 СЛИВОЧНЫЕ ПМ сос п/о мгс 1.5*4_А_50с ОСТАНКИНО | B60: кг | C60: 197.034 | D60: 378.353 | E60: 157.695 | F60: 375.699 | G60: 1 | H60: 50 | I60: матрица | K60: 150.8 | L60: =E60-K60 -> 6.895 | O60: 46 | P60: =E60/5 -> 31.539 | Q60: =15*P60-O60-F60 -> 51.386 | R60: =ROUND(Q60,0) -> 51 | T60: =(F60+O60+R60)/P60 -> 14.987761 | U60: =(F60+O60)/P60 -> 13.370716 | V60: 37.2698 | W60: 44.2152 | X60: 23.1974 | Y60: 44.7238 | Z60: 29.2326 | AA60: 14.501 | AB60: 26.771 | AC60: 37.5386 | AD60: 40.2846 | AE60: 27.8452 | AG60: =G60*R60 -> 51
A61: 7090 СВИНИНА ПО-ДОМ.к/в мл/к в/у 0,3кг_50с Останкино | B61: шт | D61: 240 | E61: 94 | F61: 62 | G61: 0.3 | H61: 50 | I61: матрица | K61: 129 | L61: =E61-K61 -> -35 | O61: 66 | P61: =E61/5 -> 18.8 | Q61: =15*P61-O61-F61 -> 154 | R61: =ROUND(Q61,0) -> 154 | T61: =(F61+O61+R61)/P61 -> 15 | U61: =(F61+O61)/P61 -> 6.8085106 | V61: 15.6 | W61: 18.6 | X61: 11.2 | Y61: 10.2 | Z61: 19.6 | AA61: 12.6 | AB61: 11.4 | AC61: 12.4 | AD61: 19.2 | AE61: 19.6 | AG61: =G61*R61 -> 46.2
A62: 7103 БЕКОН Останкино с/к с/н в/у 1/180_50с Останкино | B62: шт | C62: 458 | D62: 383 | E62: 232 | F62: 530 | G62: 0.18 | H62: 50 | I62: матрица | K62: 235 | L62: =E62-K62 -> -3 | O62: 0 | P62: =E62/5 -> 46.4 | Q62: =15*P62-O62-F62 -> 166 | R62: =ROUND(Q62,0) -> 166 | T62: =(F62+O62+R62)/P62 -> 15 | U62: =(F62+O62)/P62 -> 11.422414 | V62: 48.6 | W62: 62 | X62: 67.8 | Y62: 38.6 | Z62: 70 | AA62: 55.8 | AB62: 40.6 | AC62: 79.4 | AD62: 54.4 | AE62: 59.4 | AG62: =G62*R62 -> 29.88
A63: 7149 БАЛЫКОВАЯ Коровино п/к в/у 0,84кг_50с Останкино | B63: шт | C63: 54 | D63: 15 | E63: 50 | G63: 0.84 | H63: 50 | I63: матрица | K63: 77 | L63: =E63-K63 -> -27 | O63: 50 | P63: =E63/5 -> 10 | Q63: =13*P63-O63-F63 -> 80 | R63: =ROUND(Q63,0) -> 80 | T63: =(F63+O63+R63)/P63 -> 13 | U63: =(F63+O63)/P63 -> 5 | V63: 14.2 | W63: 4.6 | X63: 1.6 | Y63: 11.4 | Z63: 7 | AA63: 7.4 | AB63: 9.6 | AC63: 11.6 | AD63: 12.2 | AE63: 16 | AG63: =G63*R63 -> 67.2
A64: 7154 СЕРВЕЛАТ ЗЕРНИСТЫЙ ПМ в/к в/у 0,35кг_50с Останкино | B64: шт | C64: 284 | D64: 1112 | E64: 411 | F64: 766 | G64: 0.35 | H64: 50 | I64: матрица | K64: 412 | L64: =E64-K64 -> -1 | O64: 160 | P64: =E64/5 -> 82.2 | Q64: =15*P64-O64-F64 -> 307 | R64: =ROUND(Q64,0) -> 307 | T64: =(F64+O64+R64)/P64 -> 15 | U64: =(F64+O64)/P64 -> 11.265207 | V64: 90.6 | W64: 105.6 | X64: 81.6 | Y64: 96 | Z64: 93 | AA64: 73.4 | AB64: 90 | AC64: 64.8 | AD64: 43.8 | AE64: 96 | AG64: =G64*R64 -> 107.45
A65: 7156 СЕРВЕЛАТ КОПЧ.НА БУКЕ в/к в/у 0.35кг_50с ОСТАНКИНО | B65: шт | D65: 299 | E65: 175 | F65: 106 | G65: 0.35 | I65: матрица | K65: 181 | L65: =E65-K65 -> -6 | O65: 100 | P65: =E65/5 -> 35 | Q65: =14*P65-O65-F65 -> 284 | R65: =ROUND(Q65,0) -> 284 | T65: =(F65+O65+R65)/P65 -> 14 | U65: =(F65+O65)/P65 -> 5.8857143 | V65: 0 | W65: 0 | X65: 0 | Y65: 0 | Z65: 0 | AA65: 0 | AB65: 0 | AC65: 0 | AD65: 0 | AE65: 0 | AF65: новинка / Главторг | AG65: =G65*R65 -> 99.4
A66: 7157 СЕРВЕЛАТ ЗЕРНИСТЫЙ ПМ в/к в/у_50с Останкино | B66: кг | C66: 156.671 | D66: 709.251 | E66: 146.956 | F66: 642.876 | G66: 1 | H66: 50 | I66: матрица | K66: 140.2 | L66: =E66-K66 -> 6.756 | O66: 0 | P66: =E66/5 -> 29.3912 | R66: =ROUND(Q66,0) -> 0 | T66: =(F66+O66+R66)/P66 -> 21.873078 | U66: =(F66+O66)/P66 -> 21.873078 | V66: 35.1894 | W66: 67.368 | X66: 35.1508 | Y66: 52.886 | Z66: 31.279 | AA66: 28.452 | AB66: 33.6442 | AC66: 35.0374 | AD66: 33.8084 | AE66: 32.1932 | AF66: нужно увеличить продажи | AG66: =G66*R66 -> 0
A67: 7166 СЕРВЕЛАТ ОХОТНИЧИЙ ПМ в/к в/у_50с Останкино | B67: кг | C67: 52.264 | D67: 752.121 | E67: 133.873 | F67: 613.921 | G67: 1 | H67: 50 | I67: матрица | K67: 140.7 | L67: =E67-K67 -> -6.827 | O67: 112 | P67: =E67/5 -> 26.7746 | R67: =ROUND(Q67,0) -> 0 | T67: =(F67+O67+R67)/P67 -> 27.1123 | U67: =(F67+O67)/P67 -> 27.1123 | V67: 56.2242 | W67: 77.8184 | X67: 32.7702 | Y67: 55.198 | Z67: 53.1366 | AA67: 30.6296 | AB67: 26.935 | AC67: 48.2998 | AD67: 57.07 | AE67: 45.7622 | AF67: нужно увеличить продажи | AG67: =G67*R67 -> 0
A68: 7169 СЕРВЕЛАТ ОХОТНИЧИЙ ПМ в/к в/у 0,35кг_50с Останкино | B68: шт | C68: 63 | D68: 633 | E68: 200 | F68: 409 | G68: 0.35 | H68: 50 | I68: матрица | K68: 211 | L68: =E68-K68 -> -11 | O68: 21 | P68: =E68/5 -> 40 | Q68: =15*P68-O68-F68 -> 170 | R68: =ROUND(Q68,0) -> 170 | T68: =(F68+O68+R68)/P68 -> 15 | U68: =(F68+O68)/P68 -> 10.75 | V68: 41.8 | W68: 65.6 | X68: 34.2 | Y68: 34.4 | Z68: 63.8 | AA68: 44.2 | AB68: 39.2 | AC68: 50.6 | AD68: 56.2 | AE68: 35.6 | AG68: =G68*R68 -> 59.5
A69: 7187 ГРУДИНКА ПРЕМИУМ к/в мл/к в/у 0,3кг_50с Останкино | B69: шт | C69: 60 | D69: 106 | E69: 74 | F69: 69 | G69: 0.3 | H69: 50 | I69: матрица | K69: 79 | L69: =E69-K69 -> -5 | O69: 71 | P69: =E69/5 -> 14.8 | Q69: =15*P69-O69-F69 -> 82 | R69: =ROUND(Q69,0) -> 82 | T69: =(F69+O69+R69)/P69 -> 15 | U69: =(F69+O69)/P69 -> 9.4594595 | V69: 13.2 | W69: 13.4 | X69: 12.4 | Y69: 9 | Z69: 14.2 | AA69: 17.6 | AB69: 9.6 | AC69: 13.8 | AD69: 7.4 | AE69: 16.8 | AG69: =G69*R69 -> 24.6
A70: 7231 КЛАССИЧЕСКАЯ ПМ вар п/о 0,3кг 8 шт_209к Останкино | B70: шт | C70: 75 | D70: 122 | E70: 78 | F70: 100 | G70: 0.3 | H70: 60 | I70: матрица | K70: 81 | L70: =E70-K70 -> -3 | O70: 66 | P70: =E70/5 -> 15.6 | Q70: =15*P70-O70-F70 -> 68 | R70: =ROUND(Q70,0) -> 68 | T70: =(F70+O70+R70)/P70 -> 15 | U70: =(F70+O70)/P70 -> 10.641026 | V70: 16.2 | W70: 17.2 | X70: 16.6 | Y70: 17 | Z70: 19.6 | AA70: 15.6 | AB70: 14.8 | AC70: 13.4 | AD70: 6.6 | AE70: 13.6 | AG70: =G70*R70 -> 20.4
A71: 7232 БОЯNСКАЯ ПМ п/к в/у 0,28кг 8шт_209к Останкино | B71: шт | C71: 176 | D71: 155 | E71: 121 | F71: 186 | G71: 0.28 | H71: 50 | I71: матрица | K71: 124 | L71: =E71-K71 -> -3 | O71: 113 | P71: =E71/5 -> 24.2 | Q71: =15*P71-O71-F71 -> 64 | R71: =ROUND(Q71,0) -> 64 | T71: =(F71+O71+R71)/P71 -> 15 | U71: =(F71+O71)/P71 -> 12.355372 | V71: 27.8 | W71: 28.6 | X71: 31 | Y71: 33.8 | Z71: 38.6 | AA71: 27.8 | AB71: 31.2 | AC71: 27.4 | AD71: 42.8 | AE71: 29.6 | AG71: =G71*R71 -> 17.92
A72: 7236 СЕРВЕЛАТ КАРЕЛЬСКИЙ в/к в/у 0,28кг_209к Останкино | B72: шт | C72: 87 | D72: 393 | E72: 202 | F72: 234 | G72: 0.28 | H72: 45 | I72: матрица | K72: 209 | L72: =E72-K72 -> -7 | O72: 57 | P72: =E72/5 -> 40.4 | Q72: =15*P72-O72-F72 -> 315 | R72: =ROUND(Q72,0) -> 315 | T72: =(F72+O72+R72)/P72 -> 15 | U72: =(F72+O72)/P72 -> 7.2029703 | V72: 33.4 | W72: 42.8 | X72: 31.2 | Y72: 33.6 | Z72: 43.8 | AA72: 38 | AB72: 34.4 | AC72: 35.6 | AD72: 30.2 | AE72: 39.8 | AG72: =G72*R72 -> 88.2
A73: 7241 САЛЯМИ Папа может п/к в/у 0,28кг ОСТАНКИНО | B73: шт | C73: 482 | D73: 524 | E73: 506 | F73: 438 | G73: 0.28 | H73: 45 | I73: матрица | K73: 512 | L73: =E73-K73 -> -6 | O73: 493 | P73: =E73/5 -> 101.2 | Q73: =15*P73-O73-F73 -> 587 | R73: =ROUND(Q73,0) -> 587 | T73: =(F73+O73+R73)/P73 -> 15 | U73: =(F73+O73)/P73 -> 9.1996047 | V73: 97.2 | W73: 82.4 | X73: 91.8 | Y73: 89.8 | Z73: 101 | AA73: 72.4 | AB73: 66.8 | AC73: 49.4 | AD73: 83 | AE73: 47.2 | AG73: =G73*R73 -> 164.36
A74: 7255 МЯСНЫЕ С ГОВЯД.ПМ сос п/о мгс 0.4кг 6шт. ОСТАНКИНО | B74: шт | C74: 185 | D74: 294 | E74: 162 | F74: 215 | G74: 0.4 | H74: 50 | I74: матрица | K74: 165 | L74: =E74-K74 -> -3 | O74: 207 | P74: =E74/5 -> 32.4 | Q74: =15*P74-O74-F74 -> 64 | R74: =ROUND(Q74,0) -> 64 | T74: =(F74+O74+R74)/P74 -> 15 | U74: =(F74+O74)/P74 -> 13.024691 | V74: 40.2 | W74: 36.2 | X74: 36.8 | Y74: 26.6 | Z74: 27.8 | AA74: 37.4 | AB74: 28.2 | AC74: 30.4 | AD74: 43.6 | AE74: 34.2 | AG74: =G74*R74 -> 25.6
A75: 7299 НАБОР ДЛЯ ПИЦЦЫ Папа Может с/к в/у ОСТАНКИНО | B75: кг | C75: 0.786 | D75: 152.494 | E75: 95.382 | F75: 22.466 | G75: 1 | H75: 30 | I75: матрица | K75: 98.44 | L75: =E75-K75 -> -3.058 | O75: 110 | P75: =E75/5 -> 19.0764 | Q75: =15*P75-O75-F75 -> 153.68 | R75: 230 | S75: =VLOOKUP(A75,[1]Sheet!$A:$R,18,0) -> 300 | T75: =(F75+O75+R75)/P75 -> 19.000755 | U75: =(F75+O75)/P75 -> 6.9439727 | V75: 11.9458 | W75: 14.8004 | X75: 8.9666 | Y75: 8.8194 | Z75: 10.5128 | AA75: 9.5676 | AB75: 0 | AC75: 0 | AD75: 0 | AE75: 0 | AF75: новинка | AG75: =G75*R75 -> 230
A76: 7382 САЛЯМИ МЕЛКОЗЕРНЕНАЯ с/к в/у1/120 8шт. ОСТАНКИНО | B76: шт | C76: 69 | D76: 281 | E76: 119 | F76: 208 | G76: 0.12 | H76: 60 | I76: матрица | K76: 125 | L76: =E76-K76 -> -6 | O76: 101 | P76: =E76/5 -> 23.8 | Q76: =15*P76-O76-F76 -> 48 | R76: 100 | S76: =VLOOKUP(A76,[1]Sheet!$A:$R,18,0) -> 100 | T76: =(F76+O76+R76)/P76 -> 17.184874 | U76: =(F76+O76)/P76 -> 12.983193 | V76: 27.4 | W76: 28.2 | X76: 22.2 | Y76: 25 | Z76: 29 | AA76: 27.4 | AB76: 27 | AC76: 17.4 | AD76: 24.4 | AE76: 19.2 | AG76: =G76*R76 -> 12
A77: 7461 ДЛЯ ДЕТЕЙ Папа Может сос п/о мгс 0,33кг ОСТАНКИНО | B77: шт | D77: 181 | E77: 88 | F77: 63 | G77: 0.33 | H77: 30 | I77: матрица | K77: 139 | L77: =E77-K77 -> -51 | O77: 120 | P77: =E77/5 -> 17.6 | Q77: =15*P77-O77-F77 -> 81 | R77: =ROUND(Q77,0) -> 81 | T77: =(F77+O77+R77)/P77 -> 15 | U77: =(F77+O77)/P77 -> 10.397727 | V77: 15 | W77: 17 | X77: 9.8 | Y77: 5 | Z77: 13 | AA77: 9.4 | AB77: -1 | AC77: -0.8 | AD77: 2 | AE77: 15.6 | AG77: =G77*R77 -> 26.73
A78: 7485 РИЕТ МЯСНОЙ С ГРИБАМИ ПМ п/о 1/150 ОСТАНКИНО | B78: шт | C78: -1 | D78: 456 | E78: 196 | F78: 212 | G78: 0.15 | H78: 60 | I78: матрица | K78: 219 | L78: =E78-K78 -> -23 | O78: 250 | P78: =E78/5 -> 39.2 | Q78: =15*P78-O78-F78 -> 126 | R78: 250 | S78: =VLOOKUP(A78,[1]Sheet!$A:$R,18,0) -> 250 | T78: =(F78+O78+R78)/P78 -> 18.163265 | U78: =(F78+O78)/P78 -> 11.785714 | V78: 18 | W78: 47.4 | X78: 0 | Y78: 0 | Z78: 0 | AA78: 0 | AB78: 0 | AC78: 0 | AD78: 0 | AE78: 0 | AF78: новинка | AG78: =G78*R78 -> 37.5
A79: 7513 ВОСКРЕСЕНСКАЯ ВЯЛЕНАЯ в/к в/у срез 1/260 | B79: шт | G79: 0 | H79: 45 | I79: матрица | L79: =E79-K79 -> 0 | O79: 0 | P79: =E79/5 -> 0 | R79: =ROUND(Q79,0) -> 0 | T79: =(F79+O79+R79)/P79 -> #DIV/0! | U79: =(F79+O79)/P79 -> #DIV/0! | V79: 0 | W79: 0 | X79: 0 | Y79: 0 | Z79: 0 | AA79: 0 | AB79: 0 | AC79: 0 | AD79: 0 | AE79: 0 | AF79: нет потребности | AG79: =G79*R79 -> 0
A80: 7516 НОВОМОСКОВСКАЯ в/к в/у срез 0.31кг | B80: шт | G80: 0 | H80: 45 | I80: матрица | L80: =E80-K80 -> 0 | O80: 0 | P80: =E80/5 -> 0 | R80: =ROUND(Q80,0) -> 0 | T80: =(F80+O80+R80)/P80 -> #DIV/0! | U80: =(F80+O80)/P80 -> #DIV/0! | V80: 0 | W80: 0 | X80: 0 | Y80: 0 | Z80: 0 | AA80: 0 | AB80: 0 | AC80: 0 | AD80: 0 | AE80: 0 | AF80: нет потребности | AG80: =G80*R80 -> 0
A81: 7523 ГОВЯЖЬЯ Папа Может вар п/о 0,4кг 6шт. ОСТАНКИНО | B81: шт | C81: 200 | D81: 134 | E81: 139 | F81: 145 | G81: 0.4 | H81: 60 | I81: матрица | K81: 126 | L81: =E81-K81 -> 13 | O81: 87 | P81: =E81/5 -> 27.8 | Q81: =15*P81-O81-F81 -> 185 | R81: =ROUND(Q81,0) -> 185 | T81: =(F81+O81+R81)/P81 -> 15 | U81: =(F81+O81)/P81 -> 8.3453237 | V81: 25.6 | W81: 19.8 | X81: 28.6 | Y81: 18.6 | Z81: 18.8 | AA81: 19.6 | AB81: 23.8 | AC81: 19.4 | AD81: 2.4 | AE81: 16.8 | AF81: Главторг | AG81: =G81*R81 -> 74
A82: 7539 ДОКТОРСКАЯ ГОСТ вар п/о 0,35кг ОСТАНКИНО | B82: шт | C82: 8 | E82: 2 | F82: 6 | G82: 0 | H82: 60 | I82: матрица | K82: 2 | L82: =E82-K82 -> 0 | O82: 0 | P82: =E82/5 -> 0.4 | R82: =ROUND(Q82,0) -> 0 | T82: =(F82+O82+R82)/P82 -> 15 | U82: =(F82+O82)/P82 -> 15 | V82: 1.6 | W82: 2.4 | X82: 2.8 | Y82: 2 | Z82: 3.8 | AA82: 4.2 | AB82: 8.6 | AC82: 8.8 | AD82: 3.8 | AE82: 3 | AF82: нет потребности | AG82: =G82*R82 -> 0
A83: 7562 КРАКОВСКАЯ ГОСТ Останкино п/к н/о мгс | B83: кг | G83: 0 | H83: 45 | I83: матрица | L83: =E83-K83 -> 0 | O83: 0 | P83: =E83/5 -> 0 | R83: =ROUND(Q83,0) -> 0 | T83: =(F83+O83+R83)/P83 -> #DIV/0! | U83: =(F83+O83)/P83 -> #DIV/0! | V83: 0 | W83: 0 | X83: 0 | Y83: 0 | Z83: 0 | AA83: 0 | AB83: 0 | AC83: 0 | AD83: 0 | AE83: 0 | AF83: нет потребности | AG83: =G83*R83 -> 0
A84: 7564 Балыковая в/к в/у Останкино Вес ОСТАНКИНО | B84: кг | G84: 0 | I84: матрица | L84: =E84-K84 -> 0 | O84: 0 | P84: =E84/5 -> 0 | R84: =ROUND(Q84,0) -> 0 | T84: =(F84+O84+R84)/P84 -> #DIV/0! | U84: =(F84+O84)/P84 -> #DIV/0! | V84: 0 | W84: 0 | X84: 0 | Y84: 0 | Z84: 0 | AA84: 0 | AB84: 0 | AC84: 0 | AD84: 0 | AE84: 0 | AF84: нет потребности | AG84: =G84*R84 -> 0
A85: 7603 БАЛЫКОВАЯ в/к в/у 0.33кг 8шт. ОСТАНКИНО | B85: шт | C85: 18 | D85: 202 | E85: 52 | F85: 130 | G85: 0.33 | H85: 45 | I85: матрица | K85: 52 | L85: =E85-K85 -> 0 | O85: 117 | P85: =E85/5 -> 10.4 | R85: =ROUND(Q85,0) -> 0 | T85: =(F85+O85+R85)/P85 -> 23.75 | U85: =(F85+O85)/P85 -> 23.75 | V85: 19.8 | W85: 18 | X85: 14.6 | Y85: 12 | Z85: 15.6 | AA85: 10.8 | AB85: 2 | AC85: 12 | AD85: 3.4 | AE85: 1.6 | AF85: нужно увеличить продажи | AG85: =G85*R85 -> 0
A86: 7608 СЕРВЕЛАТ ШВЕЙЦАРСК.в/к с/н в/у 1/100_Л11 ОСТАНКИНО | B86: шт | C86: 5 | D86: 13 | E86: 15 | G86: 0 | H86: 45 | I86: вывод | K86: 37 | L86: =E86-K86 -> -22 | O86: 0 | P86: =E86/5 -> 3 | R86: =ROUND(Q86,0) -> 0 | T86: =(F86+O86+R86)/P86 -> 0 | U86: =(F86+O86)/P86 -> 0 | V86: 5.2 | W86: 3.2 | X86: 3.6 | Y86: 0.4 | Z86: 3.4 | AA86: 7.2 | AB86: 0 | AC86: 0 | AD86: 0 | AE86: 0 | AF86: вместо 6459 | AG86: =G86*R86 -> 0
A87: 7612 БАЛЫК с/к с/н в/у 1/100 10шт_ ОСТАНКИНО | B87: шт | C87: 69 | E87: 24 | F87: 42 | G87: 0 | H87: 60 | I87: вывод | K87: 24 | L87: =E87-K87 -> 0 | O87: 52 | P87: =E87/5 -> 4.8 | R87: =ROUND(Q87,0) -> 0 | T87: =(F87+O87+R87)/P87 -> 19.583333 | U87: =(F87+O87)/P87 -> 19.583333 | V87: 7.4 | W87: 1.4 | X87: 8.4 | Y87: 3.6 | Z87: 6.4 | AA87: 6.4 | AB87: 5.2 | AC87: 0 | AD87: 0 | AE87: 0 | AF87: вместо 7288 | AG87: =G87*R87 -> 0
A88: 7613 АРОМАТНАЯ с/к с/н в/у 1/100 10шт_Л10 ОСТАНКИНО | B88: шт | C88: 273 | D88: 452 | E88: 228 | F88: 481 | G88: 0.1 | H88: 60 | I88: матрица | K88: 233 | L88: =E88-K88 -> -5 | O88: 0 | P88: =E88/5 -> 45.6 | Q88: =15*P88-O88-F88 -> 203 | R88: =ROUND(Q88,0) -> 203 | T88: =(F88+O88+R88)/P88 -> 15 | U88: =(F88+O88)/P88 -> 10.548246 | V88: 34.8 | W88: 53.8 | X88: 47 | Y88: 28.2 | Z88: 64 | AA88: 40.2 | AB88: 0 | AC88: 0 | AD88: 0 | AE88: 0 | AF88: вместо 6454 | AG88: =G88*R88 -> 20.3
A89: 7616 ЭКСТРА Папа может с/к с/н в/у 1/100_ ОСТАНКИНО | B89: шт | C89: 681 | D89: 249 | E89: 371 | F89: 423 | G89: 0.1 | H89: 60 | I89: матрица | K89: 359 | L89: =E89-K89 -> 12 | O89: 0 | P89: =E89/5 -> 74.2 | Q89: =14*P89-O89-F89 -> 615.8 | R89: =ROUND(Q89,0) -> 616 | T89: =(F89+O89+R89)/P89 -> 14.002695 | U89: =(F89+O89)/P89 -> 5.7008086 | V89: 30.6 | W89: 63.6 | X89: 73.6 | Y89: 36.2 | Z89: 50 | AA89: 47.8 | AB89: 36 | AC89: 0 | AD89: 0 | AE89: 0 | AF89: вместо 6453 | AG89: =G89*R89 -> 61.6
A90: 7632 ЭКСТРА Папа может вар п/о 0.4кг 8шт_195к ОСТАНКИНО | B90: шт | C90: 315 | D90: 258 | E90: 142 | F90: 301 | G90: 0.4 | H90: 60 | I90: матрица | K90: 138 | L90: =E90-K90 -> 4 | O90: 16 | P90: =E90/5 -> 28.4 | Q90: =15*P90-O90-F90 -> 109 | R90: 200 | S90: =VLOOKUP(A90,[1]Sheet!$A:$R,18,0) -> 200 | T90: =(F90+O90+R90)/P90 -> 18.204225 | U90: =(F90+O90)/P90 -> 11.161972 | V90: 30.2 | W90: 28.8 | X90: 34.4 | Y90: 19.8 | Z90: 30 | AA90: 20.8 | AB90: 25.2 | AC90: 0 | AD90: 0 | AE90: 0 | AF90: Главторг | AG90: =G90*R90 -> 80
A91: 7647 ХОЧУ ВЕТЧ.ИЗ СВ.ОТРУБА с/н мгс 1/100_Л11 ОСТАНКИНО | B91: шт | C91: 135 | D91: 83 | E91: 92 | F91: 104 | G91: 0.1 | I91: матрица | K91: 107 | L91: =E91-K91 -> -15 | O91: 14 | P91: =E91/5 -> 18.4 | Q91: =14*P91-O91-F91 -> 139.6 | R91: =ROUND(Q91,0) -> 140 | T91: =(F91+O91+R91)/P91 -> 14.021739 | U91: =(F91+O91)/P91 -> 6.4130435 | V91: 14.6 | W91: 15.4 | X91: 8.4 | Y91: 10.8 | Z91: 0 | AA91: 0 | AB91: 0 | AC91: 0 | AD91: 0 | AE91: 0 | AF91: новинка | AG91: =G91*R91 -> 14
A92: 7651 ХОЧУ ВЕТЧ.МРАМОР. ПМ с/н мгс 1/100_Л11 ОСТАНКИНО | B92: шт | C92: 115 | D92: 136 | E92: 70 | F92: 155 | G92: 0.1 | I92: матрица | K92: 75 | L92: =E92-K92 -> -5 | O92: 0 | P92: =E92/5 -> 14 | Q92: =15*P92-O92-F92 -> 55 | R92: =ROUND(Q92,0) -> 55 | T92: =(F92+O92+R92)/P92 -> 15 | U92: =(F92+O92)/P92 -> 11.071429 | V92: 15.6 | W92: 20 | X92: 7 | Y92: 11.8 | Z92: 0 | AA92: 0 | AB92: 0 | AC92: 0 | AD92: 0 | AE92: 0 | AF92: новинка | AG92: =G92*R92 -> 5.5
A93: 8014 ДОКТОРСКАЯ ПРЕМИУМ вар п/о(п) ОСТАНКИНО | B93: кг | D93: 95.261 | E93: 6.64 | F93: 85.752 | G93: 1 | I93: матрица | K93: 6.2 | L93: =E93-K93 -> 0.44 | O93: 0 | P93: =E93/5 -> 1.328 | R93: =ROUND(Q93,0) -> 0 | T93: =(F93+O93+R93)/P93 -> 64.572289 | U93: =(F93+O93)/P93 -> 64.572289 | V93: 0 | W93: 0 | X93: 0 | Y93: 0 | Z93: 0 | AA93: 0 | AB93: 0 | AC93: 0 | AD93: 0 | AE93: 0 | AF93: новинка / Главторг | AG93: =G93*R93 -> 0
A94: 7514 ЛЮБИТЕЛЬСКАЯ ОСТАНКИНСКАЯ вар п/о в/у ОСТАНКИНО | B94: кг | G94: 1 | H94: 30 | I94: матрица | P94: =E94/5 -> 0 | Q94: 10 | R94: =ROUND(Q94,0) -> 10 | T94: =(F94+O94+R94)/P94 -> #DIV/0! | U94: =(F94+O94)/P94 -> #DIV/0! | V94: 0 | W94: 0 | X94: 0 | Y94: 0 | Z94: 0 | AA94: 0 | AB94: 0 | AC94: 0 | AD94: 0 | AE94: 0 | AF94: новинка | AG94: =G94*R94 -> 10
A95: 7518 ТЕЛЯЧЬЯ ГОСТ Останкино вар п/о в/у ОСТАНКИНО | B95: кг | G95: 1 | H95: 30 | I95: матрица | P95: =E95/5 -> 0 | Q95: 10 | R95: =ROUND(Q95,0) -> 10 | T95: =(F95+O95+R95)/P95 -> #DIV/0! | U95: =(F95+O95)/P95 -> #DIV/0! | V95: 0 | W95: 0 | X95: 0 | Y95: 0 | Z95: 0 | AA95: 0 | AB95: 0 | AC95: 0 | AD95: 0 | AE95: 0 | AF95: новинка | AG95: =G95*R95 -> 10
A96: 6929 КАРБОНАД ДОМАШНИЙ ПМ к/в кр/к в/у ОСТАНКИНО | B96: кг | G96: 1 | H96: 45 | I96: матрица | P96: =E96/5 -> 0 | Q96: 10 | R96: =ROUND(Q96,0) -> 10 | T96: =(F96+O96+R96)/P96 -> #DIV/0! | U96: =(F96+O96)/P96 -> #DIV/0! | V96: 0 | W96: 0 | X96: 0 | Y96: 0 | Z96: 0 | AA96: 0 | AB96: 0 | AC96: 0 | AD96: 0 | AE96: 0 | AF96: новинка | AG96: =G96*R96 -> 10
A97: 0614 ПРАЗДНИЧНАЯ с/к в/с дек.спец.мгс Останкино | B97: кг | G97: 1 | H97: 120 | I97: матрица | P97: =E97/5 -> 0 | Q97: 10 | R97: =ROUND(Q97,0) -> 10 | T97: =(F97+O97+R97)/P97 -> #DIV/0! | U97: =(F97+O97)/P97 -> #DIV/0! | V97: 0 | W97: 0 | X97: 0 | Y97: 0 | Z97: 0 | AA97: 0 | AB97: 0 | AC97: 0 | AD97: 0 | AE97: 0 | AF97: новинка | AG97: =G97*R97 -> 10
A98: 7143 БРАУНШВЕЙГСКАЯ ГОСТ с/к в/у 1/220 8шт. | B98: шт | G98: 0.22 | H98: 120 | I98: матрица | P98: =E98/5 -> 0 | Q98: 40 | R98: =ROUND(Q98,0) -> 40 | T98: =(F98+O98+R98)/P98 -> #DIV/0! | U98: =(F98+O98)/P98 -> #DIV/0! | V98: 0 | W98: 0 | X98: 0 | Y98: 0 | Z98: 0 | AA98: 0 | AB98: 0 | AC98: 0 | AD98: 0 | AE98: 0 | AF98: новинка | AG98: =G98*R98 -> 8.8
A99: 7710 КРАКОВСКАЯ ГОСТ п/к н/о мгс 0.3кг | B99: шт | G99: 0.3 | H99: 45 | I99: матрица | P99: =E99/5 -> 0 | Q99: 40 | R99: =ROUND(Q99,0) -> 40 | T99: =(F99+O99+R99)/P99 -> #DIV/0! | U99: =(F99+O99)/P99 -> #DIV/0! | V99: 0 | W99: 0 | X99: 0 | Y99: 0 | Z99: 0 | AA99: 0 | AB99: 0 | AC99: 0 | AD99: 0 | AE99: 0 | AF99: новинка | AG99: =G99*R99 -> 12
A100: 7456 САЛЯМИ ФИНСКАЯ Папа может с/к в/у 1/150 | B100: шт | G100: 0.15 | H100: 90 | I100: матрица | P100: =E100/5 -> 0 | Q100: 40 | R100: =ROUND(Q100,0) -> 40 | T100: =(F100+O100+R100)/P100 -> #DIV/0! | U100: =(F100+O100)/P100 -> #DIV/0! | V100: 0 | W100: 0 | X100: 0 | Y100: 0 | Z100: 0 | AA100: 0 | AB100: 0 | AC100: 0 | AD100: 0 | AE100: 0 | AF100: новинка | AG100: =G100*R100 -> 6
A101: 7386 БАРСЕЛОНА ПМ с/к в/у 1/150 ОСТАНКИНО | B101: шт | G101: 0.15 | H101: 90 | I101: матрица | P101: =E101/5 -> 0 | Q101: 40 | R101: =ROUND(Q101,0) -> 40 | T101: =(F101+O101+R101)/P101 -> #DIV/0! | U101: =(F101+O101)/P101 -> #DIV/0! | V101: 0 | W101: 0 | X101: 0 | Y101: 0 | Z101: 0 | AA101: 0 | AB101: 0 | AC101: 0 | AD101: 0 | AE101: 0 | AF101: новинка | AG101: =G101*R101 -> 6
A102: 7344 КОНСЕРВЫ МЯС.ГОВЯДИНА ТУШ. В/С 338г_ЧЗ | B102: шт | G102: 0.338 | H102: 3 года | I102: матрица | P102: =E102/5 -> 0 | Q102: 50 | R102: =ROUND(Q102,0) -> 50 | T102: =(F102+O102+R102)/P102 -> #DIV/0! | U102: =(F102+O102)/P102 -> #DIV/0! | V102: 0 | W102: 0 | X102: 0 | Y102: 0 | Z102: 0 | AA102: 0 | AB102: 0 | AC102: 0 | AD102: 0 | AE102: 0 | AF102: новинка | AG102: =G102*R102 -> 16.9
...

Sheet новинки
A1: 7514 | B1: 1001017557514 | C1: ЛЮБИТЕЛЬСКАЯ ОСТАНКИНСКАЯ вар ц/о в/у | D1: 7514 ЛЮБИТЕЛЬСКАЯ ОСТАНКИНСКАЯ вар п/о в/у ОСТАНКИНО | E1: кг | F1: 30 | G1: ЛЮБИТЕЛЬСКАЯ ОСТАНКИНСКАЯ вар ц/о в/у | H1: 1 | J1: =VLOOKUP(D1,Sheet!A:I,9,0) -> матрица
A2: 7518 | B2: 1001017567518 | C2: ТЕЛЯЧЬЯ ГОСТ Останкино вар н/о в/у | D2: 7518 ТЕЛЯЧЬЯ ГОСТ Останкино вар п/о в/у ОСТАНКИНО | E2: кг | F2: 30 | G2: ТЕЛЯЧЬЯ ГОСТ Останкино вар н/о в/у | H2: 1 | J2: =VLOOKUP(D2,Sheet!A:I,9,0) -> матрица
A3: 6929 | B3: 1001085476929 | C3: КАРБОНAД ДОМАШНИЙ ПМ к/в кр/к в/у | D3: 6929 КАРБОНАД ДОМАШНИЙ ПМ к/в кр/к в/у ОСТАНКИНО | E3: кг | F3: 45 | G3: КАРБОНAД ДОМАШНИЙ ПМ к/в кр/к в/у | H3: 1 | J3: =VLOOKUP(D3,Sheet!A:I,9,0) -> матрица
A4: 614 | B4: 1001060720614 | C4: ПРАЗДНИЧНАЯ с/к в/с дек.спец.мгс | D4: 0614 ПРАЗДНИЧНАЯ с/к в/с дек.спец.мгс Останкино | E4: кг | F4: 120 | G4: ПРАЗДНИЧНАЯ с/к в/с дек.спец.мгс | H4: 1 | J4: =VLOOKUP(D4,Sheet!A:I,9,0) -> матрица
A5: 7143 | B5: 1001060717143 | C5: БРАУНШВЕЙГСКАЯ ГОСТ с/к в/у 1/220 8шт. | D5: 7143 БРАУНШВЕЙГСКАЯ ГОСТ с/к в/у 1/220 8шт. | E5: шт | F5: 120 | G5: БРАУНШВЕЙГСКАЯ ГОСТ с/к в/у 1/220 8шт. | H5: 0.22 | J5: =VLOOKUP(D5,Sheet!A:I,9,0) -> матрица
A6: 7710 | B6: 1001307587710 | C6: КРАКОВСКАЯ ГОСТ п/к н/о мгс 0.3кг | D6: 7710 КРАКОВСКАЯ ГОСТ п/к н/о мгс 0.3кг | E6: шт | F6: 45 | G6: КРАКОВСКАЯ ГОСТ п/к н/о мгс 0.3кг | H6: 0.3 | J6: =VLOOKUP(D6,Sheet!A:I,9,0) -> матрица
A7: 7456 | B7: 1001063097456 | C7: САЛЯМИ ФИНСКАЯ Папа может с/к в/у 1/150 | D7: 7456 САЛЯМИ ФИНСКАЯ Папа может с/к в/у 1/150 | E7: шт | F7: 90 | G7: САЛЯМИ ФИНСКАЯ Папа может с/к в/у 1/150 | H7: 0.15 | J7: =VLOOKUP(D7,Sheet!A:I,9,0) -> матрица
A8: 7386 | B8: 1001067017386 | C8: БАРСЕЛОНА ПМ с/к в/у 1/150 | D8: 7386 БАРСЕЛОНА ПМ с/к в/у 1/150 ОСТАНКИНО | E8: шт | F8: 90 | G8: БАРСЕЛОНА ПМ с/к в/у 1/150 | H8: 0.15 | J8: =VLOOKUP(D8,Sheet!A:I,9,0) -> матрица
A9: 7344 | B9: 1001122287344 | C9: КОНСЕРВЫ МЯС.ГОВЯДИНА ТУШ. В/С 338г_ЧЗ | D9: 7344 КОНСЕРВЫ МЯС.ГОВЯДИНА ТУШ. В/С 338г_ЧЗ | E9: шт | F9: 3 года | G9: КОНСЕРВЫ МЯС.ГОВЯДИНА ТУШ. В/С 338г_ЧЗ | H9: 0.338 | J9: =VLOOKUP(D9,Sheet!A:I,9,0) -> матрица
A10: 7345 | B10: 1001123677345 | C10: КОНСЕРВЫ МЯС.СВИНИНА ТУШ. В/С 325г_ЧЗ | D10: 7345 КОНСЕРВЫ МЯС.СВИНИНА ТУШ. В/С 325г_ЧЗ | E10: шт | F10: 3 года | G10: КОНСЕРВЫ МЯС.СВИНИНА ТУШ. В/С 325г_ЧЗ | H10: 0.325 | J10: =VLOOKUP(D10,Sheet!A:I,9,0) -> матрица

Sheet вывод
A1: 6411 ВЕТЧ.РУБЛЕНАЯ ПМ в/у срез 0.3кг 6шт. ОСТАНКИНО | B1: вывод
A2: 6925 ВЕТЧ.КЛАССИЧЕСКАЯ в/у 0,6кг 8шт. ОСТАНКИНО | B2: вывод
A3: 7332 БОЯРСКАЯ ПМ п/к в/у 0,28кг ОСТАНКИНО | B3: вывод
A4: 7608 СЕРВЕЛАТ ШВЕЙЦАРСК.в/к с/н в/у 1/100_Л11 ОСТАНКИНО | B4: вывод
A5: 7612 БАЛЫК с/к с/н в/у 1/100 10шт_ ОСТАНКИНО | B5: вывод
