Workbook

Sheet Sheet
A3: Номенклатура | B3: Ед. изм. | C3: Начальный остаток | D3: Приход | E3: Расход | F3: Конечный остаток | G3: крат | H3: сроки | I3: метка | J3: метка2 | K3: заяв | L3: разн | M3: без опта | N3: опт | O3: заказ в пути | P3: заказ в пути | Q3: заказ в пути | R3: заказ в пути | S3: ср нов | T3: расчет | U3: кон ост | V3: факт | W3: ср | X3: ср | Y3: ср | Z3: ср | AA3: ср | AB3: ср | AC3: ср | AD3: ср | AE3: ср | AF3: ср | AG3: ср | AH3: комментарии | AI3: вес
O4: 18,07, | P4: 18,07,(дозаказ) | Q4: 20,07,(дозаказ) | R4: 20,07, | S4: 21,07, | W4: 16,07, | X4: 14,07, | Y4: 09,07, | Z4: 07,07, | AA4: 02,07, | AB4: 30,06, | AC4: 25,06, | AD4: 23,06, | AE4: 16,06, | AF4: 09,06, | AG4: 02,06,
E5: =SUM(E6:E500) -> 26558.594 | F5: =SUM(F6:F500) -> 19313.231 | K5: =SUM(K6:K500) -> 27229.259 | L5: =SUM(L6:L500) -> -670.665 | M5: =SUM(M6:M500) -> 0 | N5: =SUM(N6:N500) -> 0 | O5: =SUM(O6:O500) -> 14044.125 | P5: =SUM(P6:P500) -> 1000 | Q5: =SUM(Q6:Q500) -> 1500 | R5: =SUM(R6:R500) -> 9305.5314 | ... T5: =SUM(T6:T500) -> 0 | W5: =SUM(W6:W500) -> 4949.0584 | X5: =SUM(X6:X500) -> 5681.1398 | Y5: =SUM(Y6:Y500) -> 4551.0276 | Z5: =SUM(Z6:Z500) -> 4055.5028 | AA5: =SUM(AA6:AA500) -> 4899.2522 | AB5: =SUM(AB6:AB500) -> 4551.2998 | AC5: =SUM(AC6:AC500) -> 4262.4296 | AD5: =SUM(AD6:AD500) -> 4449.9754 | ... AG5: =SUM(AG6:AG500) -> 4222.965 | AI5: =SUM(AI6:AI500) -> 0
A6: 005 Колбаса Докторская ГОСТ, Вязанка вектор,ВЕС. ПОКОМ | B6: кг | C6: 899.48 | D6: 5.408 | E6: 311.283 | F6: 569.574 | G6: 1 | H6: 50 | I6: P003011 | K6: 282.74 | L6: =E6-K6 -> 28.543 | O6: 0 | R6: 89.7795 | S6: =E6/5 -> 62.2566 | U6: =(F6+O6+P6+Q6+R6+T6)/S6 -> 10.590901 | V6: =(F6+O6+P6+Q6+R6)/S6 -> 10.590901 | W6: 66.8526 | X6: 82.294 | Y6: 60.082 | Z6: 55.817 | AA6: 53.8112 | AB6: 54.4542 | AC6: 78.6436 | AD6: 81.142 | AE6: 56.726 | AF6: 56.7282 | AG6: 58.5926 | AI6: =G6*T6 -> 0 | AJ6: =VLOOKUP(A6,[1]Лист1!$B:$O,14,0) -> матрица
A7: 016 Сосиски Вязанка Молочные, Вязанка вискофан ВЕС.ПОКОМ | B7: кг | C7: 1178.768 | D7: 347.246 | E7: 806.834 | F7: 579.577 | G7: 1 | H7: 45 | I7: P003986 | K7: 760.25 | L7: =E7-K7 -> 46.584 | O7: 332.08992 | R7: 276.6853 | S7: =E7/5 -> 161.3668 | U7: =(F7+O7+P7+Q7+R7+T7)/S7 -> 7.3642919 | V7: =(F7+O7+P7+Q7+R7)/S7 -> 7.3642919 | W7: 149.6454 | X7: 178.8482 | Y7: 149.6718 | Z7: 148.2108 | AA7: 187.2726 | AB7: 139.0446 | AC7: 77.6314 | AD7: 85.1312 | AE7: 120.8346 | AF7: 53.9194 | AG7: 103.5516 | AI7: =G7*T7 -> 0 | AJ7: =VLOOKUP(A7,[1]Лист1!$B:$O,14,0) -> матрица
A8: 017 Сосиски Вязанка Сливочные, Вязанка амицел ВЕС.ПОКОМ | B8: кг | C8: 1111.887 | D8: 485.18 | E8: 842.814 | F8: 621.62 | G8: 1 | H8: 45 | I8: P003988 | K8: 793.34 | L8: =E8-K8 -> 49.474 | O8: 362.17072 | R8: 185.82892 | S8: =E8/5 -> 168.5628 | U8: =(F8+O8+P8+Q8+R8+T8)/S8 -> 6.9387768 | V8: =(F8+O8+P8+Q8+R8)/S8 -> 6.9387768 | W8: 152.8908 | X8: 189.7098 | Y8: 156.5736 | Z8: 142.0624 | AA8: 183.8164 | AB8: 143.9012 | AC8: 28.5586 | AD8: 19.2348 | AE8: 136.8586 | AF8: 61.9152 | AG8: 120.945 | AI8: =G8*T8 -> 0 | AJ8: =VLOOKUP(A8,[1]Лист1!$B:$O,14,0) -> матрица
A9: 023 Колбаса Докторская ГОСТ, Вязанка вектор, 0,4 кг, ПОКОМ | B9: шт | D9: 20 | E9: 2 | F9: 17 | G9: 0.4 | H9: 50 | K9: 11 | L9: =E9-K9 -> -9 | O9: 0 | R9: 0 | S9: =E9/5 -> 0.4 | U9: =(F9+O9+P9+Q9+R9+T9)/S9 -> 42.5 | V9: =(F9+O9+P9+Q9+R9)/S9 -> 42.5 | W9: 0 | X9: 0 | Y9: 0 | Z9: 0.4 | AA9: 1.4 | AB9: 2 | AC9: 2.2 | AD9: 1.2 | AE9: 1 | AF9: 0 | AG9: 0 | AH9: 70 шт списаны (04,07,26 - недостача) | AI9: =G9*T9 -> 0 | AJ9: =VLOOKUP(A9,[1]Лист1!$B:$O,14,0) -> матрица
A10: 030 Сосиски Вязанка Молочные, Вязанка вискофан МГС, 0.45кг, ПОКОМ | B10: шт | C10: 455 | D10: 51 | E10: 343 | F10: 140 | G10: 0.45 | H10: 45 | I10: P003985 | K10: 348 | L10: =E10-K10 -> -5 | O10: 214 | R10: 62.3 | S10: =E10/5 -> 68.6 | U10: =(F10+O10+P10+Q10+R10+T10)/S10 -> 6.0685131 | V10: =(F10+O10+P10+Q10+R10)/S10 -> 6.0685131 | W10: 57 | X10: 64.4 | Y10: 51.8 | Z10: 54 | AA10: 66.6 | AB10: 69 | AC10: 72.6 | AD10: 51 | AE10: 59.6 | AF10: -0.4 | AG10: 12.8 | AI10: =G10*T10 -> 0 | AJ10: =VLOOKUP(A10,[1]Лист1!$B:$O,14,0) -> матрица
A11: 032 Сосиски Вязанка Сливочные, Вязанка амицел МГС, 0.45кг, ПОКОМ | B11: шт | C11: 435 | D11: 252 | E11: 443 | F11: 187 | G11: 0.45 | H11: 45 | I11: P003989 | K11: 467 | L11: =E11-K11 -> -24 | O11: 269.32 | R11: 225.54 | S11: =E11/5 -> 88.6 | U11: =(F11+O11+P11+Q11+R11+T11)/S11 -> 7.6959368 | V11: =(F11+O11+P11+Q11+R11)/S11 -> 7.6959368 | W11: 85.2 | X11: 90.6 | Y11: 71.4 | Z11: 71.8 | AA11: 78 | AB11: 73.2 | AC11: 69 | AD11: 81.8 | AE11: 64.8 | AF11: 39.8 | AG11: 75.6 | AI11: =G11*T11 -> 0 | AJ11: =VLOOKUP(A11,[1]Лист1!$B:$O,14,0) -> матрица
A12: 062 Колбаса Кракушка пряная с сальцем, 0.3кг в/у п/к, БАВАРУШКА ПОКОМ | B12: шт | C12: 114 | D12: 119 | E12: 99 | F12: 102 | G12: 0.3 | H12: 40 | I12: P002461 | K12: 97 | L12: =E12-K12 -> 2 | O12: 53.8 | R12: 0 | S12: =E12/5 -> 19.8 | U12: =(F12+O12+P12+Q12+R12+T12)/S12 -> 7.8686869 | V12: =(F12+O12+P12+Q12+R12)/S12 -> 7.8686869 | W12: 18 | X12: 25.6 | Y12: 22.4 | Z12: 14 | AA12: 18 | AB12: 14.4 | AC12: 9.4 | AD12: 11.6 | AE12: 16 | AF12: 8.6 | AG12: 17.2 | AI12: =G12*T12 -> 0 | AJ12: =VLOOKUP(A12,[1]Лист1!$B:$O,14,0) -> матрица
A13: 083 Колбаса Швейцарская 0,17 кг., ШТ., сырокопченая ПОКОМ | B13: шт | C13: 338 | D13: 3 | E13: 99 | F13: 231 | G13: 0.17 | H13: 180 | I13: P001909 | K13: 92 | L13: =E13-K13 -> 7 | O13: 0 | R13: 0 | S13: =E13/5 -> 19.8 | U13: =(F13+O13+P13+Q13+R13+T13)/S13 -> 11.666667 | V13: =(F13+O13+P13+Q13+R13)/S13 -> 11.666667 | W13: 14.8 | X13: 20.6 | Y13: 21.8 | Z13: 18.2 | AA13: 30.6 | AB13: 32.8 | AC13: 24.6 | AD13: 22.6 | AE13: 25 | AF13: 14.8 | AG13: 12 | AH13: нужно увеличить продажи | AI13: =G13*T13 -> 0 | AJ13: =VLOOKUP(A13,[1]Лист1!$B:$O,14,0) -> матрица
A14: 200 Ветчина Дугушка ТМ Стародворье, вектор в/у ПОКОМ | B14: кг | C14: 290.086 | D14: 711.014 | E14: 477.671 | F14: 465.919 | G14: 1 | H14: 70 | I14: P004460 | K14: 451.3 | L14: =E14-K14 -> 26.371 | O14: 0 | R14: 0 | S14: =E14/5 -> 95.5342 | U14: =(F14+O14+P14+Q14+R14+T14)/S14 -> 4.8769865 | V14: =(F14+O14+P14+Q14+R14)/S14 -> 4.8769865 | W14: 52.2468 | X14: 66.2222 | Y14: 84.409 | Z14: 85.928 | AA14: 52.178 | AB14: 15.4452 | AC14: 54.4834 | AD14: 91.6624 | AE14: 84.4096 | AF14: 76.5132 | AG14: 84.6612 | AI14: =G14*T14 -> 0 | AJ14: =VLOOKUP(A14,[1]Лист1!$B:$O,14,0) -> матрица
A15: 201 Ветчина Нежная ТМ Особый рецепт, (2,5кг), ПОКОМ | B15: кг | C15: 1714.635 | D15: 2238.902 | E15: 1844.558 | F15: 1549.371 | G15: 1 | H15: 50 | I15: P002555 | K15: 1870.017 | L15: =E15-K15 -> -25.459 | O15: 306.30568 | R15: 575.88682 | S15: =E15/5 -> 368.9116 | U15: =(F15+O15+P15+Q15+R15+T15)/S15 -> 6.591182 | V15: =(F15+O15+P15+Q15+R15)/S15 -> 6.591182 | W15: 333.2478 | X15: 396.964 | Y15: 364.6358 | Z15: 341.2748 | AA15: 267.3186 | AB15: 211.0538 | AC15: 419.6432 | AD15: 440.711 | AE15: 273.9434 | AF15: 349.3664 | AG15: 403.612 | AI15: =G15*T15 -> 0 | AJ15: =VLOOKUP(A15,[1]Лист1!$B:$O,14,0) -> матрица
A16: 215 Колбаса Докторская ГОСТ Дугушка, ВЕС, ТМ Стародворье ПОКОМ | B16: кг | C16: 150.711 | D16: 10.636 | E16: 83.011 | F16: 34.256 | G16: 1 | H16: 60 | I16: P004028 | K16: 86.1 | L16: =E16-K16 -> -3.089 | O16: 70.3826 | R16: 62.4539 | S16: =E16/5 -> 16.6022 | U16: =(F16+O16+P16+Q16+R16+T16)/S16 -> 10.064479 | V16: =(F16+O16+P16+Q16+R16)/S16 -> 10.064479 | W16: 18.7286 | X16: 18.4156 | Y16: 10.8032 | Z16: 8.297 | AA16: 16.9424 | AB16: 19.0762 | AC16: 18.81 | AD16: 20.7744 | AE16: 21.4712 | AF16: 20.5778 | AG16: 18.391 | AI16: =G16*T16 -> 0 | AJ16: =VLOOKUP(A16,[1]Лист1!$B:$O,14,0) -> матрица
A17: 225 Колбаса Дугушка со шпиком, ВЕС, ТМ Стародворье ПОКОМ | B17: кг | C17: 95.339 | D17: 33.526 | E17: 53.5 | F17: 56.085 | G17: 1 | H17: 60 | I17: P004406 | K17: 47.3 | L17: =E17-K17 -> 6.2 | O17: 0 | R17: 26.545 | S17: =E17/5 -> 10.7 | U17: =(F17+O17+P17+Q17+R17+T17)/S17 -> 7.7224299 | V17: =(F17+O17+P17+Q17+R17)/S17 -> 7.7224299 | W17: 9.692 | X17: 6.7256 | Y17: 4.0734 | Z17: 4.6054 | AA17: 12.0812 | AB17: 12.4332 | AC17: 2.8418 | AD17: 0 | AE17: 7.9376 | AF17: 1.604 | AG17: 3.9266 | AI17: =G17*T17 -> 0 | AJ17: =VLOOKUP(A17,[1]Лист1!$B:$O,14,0) -> матрица
A18: 226 Колбаса Княжеская, с/к белков.обол в термоусад. пакете, ВЕС, ТМ Стародворье ПОКОМ | B18: кг | C18: 54.755 | D18: 9.946 | E18: 13.398 | F18: 49.881 | G18: 1 | H18: 180 | I18: P001900 | K18: 14.85 | L18: =E18-K18 -> -1.452 | O18: 4 | R18: 7.2445 | S18: =E18/5 -> 2.6796 | U18: =(F18+O18+P18+Q18+R18+T18)/S18 -> 22.811427 | V18: =(F18+O18+P18+Q18+R18)/S18 -> 22.811427 | W18: 5.3262 | X18: 5.8662 | Y18: 3.2308 | Z18: 3.8264 | AA18: 6.4126 | AB18: 4.592 | AC18: 0.4318 | AD18: 1.2968 | AE18: 3.1156 | AF18: 1.7052 | AG18: 3.2548 | AI18: =G18*T18 -> 0 | AJ18: =VLOOKUP(A18,[1]Лист1!$B:$O,14,0) -> матрица
A19: 229 Колбаса Молочная Дугушка, в/у, ВЕС, ТМ Стародворье ПОКОМ | B19: кг | C19: 678.534 | D19: 200.948 | E19: 548.474 | F19: 259.672 | G19: 1 | H19: 60 | I19: P004030 | K19: 499.56 | L19: =E19-K19 -> 48.914 | O19: 475.11948 | R19: 136.29456 | S19: =E19/5 -> 109.6948 | U19: =(F19+O19+P19+Q19+R19+T19)/S19 -> 7.9409967 | V19: =(F19+O19+P19+Q19+R19)/S19 -> 7.9409967 | W19: 108.2616 | X19: 128.466 | Y19: 94.8788 | Z19: 92.3168 | AA19: 112.2612 | AB19: 109.2184 | AC19: 102.2408 | AD19: 114.7664 | AE19: 94.6184 | AF19: 100.6668 | AG19: 104.9052 | AI19: =G19*T19 -> 0 | AJ19: =VLOOKUP(A19,[1]Лист1!$B:$O,14,0) -> матрица
A20: 236 Колбаса Рубленая ЗАПЕЧ. Дугушка ТМ Стародворье, вектор, в/к ПОКОМ | B20: кг | C20: 73.486 | D20: 93.831 | E20: 82.912 | F20: 61.625 | G20: 1 | H20: 70 | I20: P004465 | K20: 117.2 | L20: =E20-K20 -> -34.288 | O20: 131.8778 | R20: 34.1021 | S20: =E20/5 -> 16.5824 | U20: =(F20+O20+P20+Q20+R20+T20)/S20 -> 13.725691 | V20: =(F20+O20+P20+Q20+R20)/S20 -> 13.725691 | W20: 21.9814 | X20: 25.2054 | Y20: 18.8088 | Z20: 8.6364 | AA20: 5.456 | AB20: 17.2584 | AC20: 23.96 | AD20: 16.3932 | AE20: 14.418 | AF20: 13.3426 | AG20: 12.1364 | AI20: =G20*T20 -> 0 | AJ20: =VLOOKUP(A20,[1]Лист1!$B:$O,14,0) -> матрица
A21: 239 Колбаса Салями запеч Дугушка, оболочка вектор, ВЕС, ТМ Стародворье ПОКОМ | B21: кг | C21: 416.741 | D21: 8.792 | E21: 305.261 | F21: 71.618 | G21: 1 | H21: 70 | I21: P004466 | K21: 295.38 | L21: =E21-K21 -> 9.881 | O21: 163.1102 | R21: 165.49278 | S21: =E21/5 -> 61.0522 | U21: =(F21+O21+P21+Q21+R21+T21)/S21 -> 6.55539 | V21: =(F21+O21+P21+Q21+R21)/S21 -> 6.55539 | W21: 53.9418 | X21: 51.1202 | Y21: 36.6006 | Z21: 37.3572 | AA21: 53.0854 | AB21: 53.4758 | AC21: 57.1746 | AD21: 54.5116 | AE21: 38.1788 | AF21: 33.2884 | AG21: 42.4342 | AI21: =G21*T21 -> 0 | AJ21: =VLOOKUP(A21,[1]Лист1!$B:$O,14,0) -> матрица
A22: 240 Колбаса Салями охотничья, ВЕС. ПОКОМ | B22: кг | C22: 23.865 | D22: 2.359 | E22: 8.439 | F22: 15.144 | G22: 1 | H22: 180 | I22: P001916 | K22: 10.74 | L22: =E22-K22 -> -2.301 | O22: 25.7494 | R22: 0 | S22: =E22/5 -> 1.6878 | U22: =(F22+O22+P22+Q22+R22+T22)/S22 -> 24.228819 | V22: =(F22+O22+P22+Q22+R22)/S22 -> 24.228819 | W22: 2.2938 | X22: 4.5104 | Y22: 4.2846 | Z22: 3.5438 | AA22: 6.9478 | AB22: 5.1382 | AC22: 0.4382 | AD22: 0.8734 | AE22: 3.0622 | AF22: 3.3464 | AG22: 1.7766 | AI22: =G22*T22 -> 0 | AJ22: =VLOOKUP(A22,[1]Лист1!$B:$O,14,0) -> матрица
A23: 242 Колбаса Сервелат ЗАПЕЧ.Дугушка ТМ Стародворье, вектор, в/к ПОКОМ | B23: кг | C23: 551.632 | D23: 5.251 | E23: 266.713 | F23: 240.993 | G23: 1 | H23: 70 | I23: P004470 | K23: 249.86 | L23: =E23-K23 -> 16.853 | O23: 114.918 | R23: 42.28838 | S23: =E23/5 -> 53.3426 | U23: =(F23+O23+P23+Q23+R23+T23)/S23 -> 7.4649413 | V23: =(F23+O23+P23+Q23+R23)/S23 -> 7.4649413 | W23: 51.2058 | X23: 58.68 | Y23: 46.4264 | Z23: 46.1366 | AA23: 69.9002 | AB23: 60.4416 | AC23: 43.51 | AD23: 49.8888 | AE23: 52.9904 | AF23: 39.3686 | AG23: 52.9868 | AI23: =G23*T23 -> 0 | AJ23: =VLOOKUP(A23,[1]Лист1!$B:$O,14,0) -> матрица
A24: 243 Колбаса Сервелат Зернистый, ВЕС. ПОКОМ | B24: кг | C24: 27.828 | D24: 25.16 | E24: 14.739 | F24: 34.732 | G24: 1 | H24: 35 | I24: P001820 | K24: 17.2 | L24: =E24-K24 -> -2.461 | O24: 25.40528 | R24: 0 | S24: =E24/5 -> 2.9478 | U24: =(F24+O24+P24+Q24+R24+T24)/S24 -> 20.400733 | V24: =(F24+O24+P24+Q24+R24)/S24 -> 20.400733 | W24: 4.7828 | X24: 7.0242 | Y24: 5.6068 | Z24: 2.6564 | AA24: 4.1876 | AB24: 4.7524 | AC24: 1.1226 | AD24: 4.208 | AE24: 8.168 | AF24: 2.45 | AG24: 3.4954 | AI24: =G24*T24 -> 0 | AJ24: =VLOOKUP(A24,[1]Лист1!$B:$O,14,0) -> не в матрице
A25: 247 Сардельки Нежные, ВЕС. ПОКОМ | B25: кг | C25: 236.143 | D25: 11.091 | E25: 198.553 | F25: 5.669 | G25: 1 | H25: 30 | I25: P003997 | K25: 195.1 | L25: =E25-K25 -> 3.453 | O25: 209.7144 | R25: 59.4791 | S25: =E25/5 -> 39.7106 | U25: =(F25+O25+P25+Q25+R25+T25)/S25 -> 6.9216406 | V25: =(F25+O25+P25+Q25+R25)/S25 -> 6.9216406 | W25: 34.5866 | X25: 40.6514 | Y25: 18.385 | Z25: 6.2452 | AA25: 23.9664 | AB25: 38.5518 | AC25: 15.3534 | AD25: 1.7964 | AE25: 17.0366 | AF25: 5.8122 | AG25: 19.6346 | AI25: =G25*T25 -> 0 | AJ25: =VLOOKUP(A25,[1]Лист1!$B:$O,14,0) -> матрица
... A37: 281 Сосиски Молочные для завтрака ТМ Особый рецепт, 0,4кг ПОКОМ | B37: шт | C37: 128 | D37: 1 | E37: 77 | F37: 46 | G37: 0.4 | H37: 40 | I37: P005198 | K37: 79 | L37: =E37-K37 -> -2 | O37: 0 | R37: 6 | S37: =E37/5 -> 15.4 | U37: =(F37+O37+P37+Q37+R37+T37)/S37 -> 3.3766234 | V37: =(F37+O37+P37+Q37+R37)/S37 -> 3.3766234 | W37: 8.2 | X37: 4.6 | Y37: 2.4 | Z37: 0.6 | AA37: 9.8 | AB37: 11.2 | AC37: 12.6 | AD37: 11.2 | AE37: 2.8 | AF37: 3.2 | AG37: 3 | AI37: =G37*T37 -> 0 | AJ37: =VLOOKUP(A37,[1]Лист1!$B:$O,14,0) -> матрица
A38: 283 Сосиски Сочинки, ВЕС, ТМ Стародворье ПОКОМ | B38: кг | C38: 59.265 | E38: 11.484 | F38: 40.569 | G38: 1 | H38: 45 | I38: P003959 | K38: 14.6 | L38: =E38-K38 -> -3.116 | O38: 0 | R38: 0 | S38: =E38/5 -> 2.2968 | U38: =(F38+O38+P38+Q38+R38+T38)/S38 -> 17.663271 | V38: =(F38+O38+P38+Q38+R38)/S38 -> 17.663271 | W38: 2.3052 | X38: 2.8776 | Y38: 1.722 | Z38: 0 | AA38: 1.1624 | AB38: 4.9402 | AC38: 3.7778 | AD38: 0 | AE38: 1.9924 | AF38: 5.518 | AG38: 3.1658 | AI38: =G38*T38 -> 0 | AJ38: =VLOOKUP(A38,[1]Лист1!$B:$O,14,0) -> матрица
A39: 285 Паштет печеночный со слив.маслом ТМ Стародворье ламистер 0,1 кг ПОКОМ | B39: шт | C39: 764 | D39: 52 | E39: 327 | F39: 432 | G39: 0.1 | H39: 731 | I39: P002648 | K39: 245 | L39: =E39-K39 -> 82 | O39: 0 | R39: 0 | S39: =E39/5 -> 65.4 | U39: =(F39+O39+P39+Q39+R39+T39)/S39 -> 6.6055046 | V39: =(F39+O39+P39+Q39+R39)/S39 -> 6.6055046 | W39: 37.6 | X39: 47 | Y39: 61 | Z39: 70.8 | AA39: 84.6 | AB39: 73.8 | AC39: 21.4 | AD39: 7.4 | AE39: 77.6 | AF39: 32.4 | AG39: 20.8 | AI39: =G39*T39 -> 0 | AJ39: =VLOOKUP(A39,[1]Лист1!$B:$O,14,0) -> матрица
A40: 296 Колбаса Мясорубская с рубленой грудинкой 0,35кг срез ТМ Стародворье ПОКОМ | B40: шт | C40: 220 | D40: 177 | E40: 240 | F40: 130 | G40: 0.35 | H40: 40 | I40: P003256 | K40: 270 | L40: =E40-K40 -> -30 | O40: 0 | R40: 80.6 | S40: =E40/5 -> 48 | U40: =(F40+O40+P40+Q40+R40+T40)/S40 -> 4.3875 | V40: =(F40+O40+P40+Q40+R40)/S40 -> 4.3875 | W40: 28 | X40: 33.8 | Y40: 35.2 | Z40: 30.4 | AA40: 34 | AB40: 27.4 | AC40: 7.6 | AD40: 13.6 | AE40: 27.2 | AF40: 18.2 | AG40: 25.4 | AI40: =G40*T40 -> 0 | AJ40: =VLOOKUP(A40,[1]Лист1!$B:$O,14,0) -> матрица
A41: 297 Колбаса Мясорубская с рубленой грудинкой ВЕС ТМ Стародворье ПОКОМ | B41: кг | C41: 153.325 | D41: 7.287 | E41: 106.548 | F41: 21.8 | G41: 1 | H41: 40 | I41: P003179 | K41: 108.8 | L41: =E41-K41 -> -2.252 | O41: 153.0966 | R41: 0 | S41: =E41/5 -> 21.3096 | U41: =(F41+O41+P41+Q41+R41+T41)/S41 -> 8.2074089 | V41: =(F41+O41+P41+Q41+R41)/S41 -> 8.2074089 | W41: 20.1924 | X41: 27.4656 | Y41: 16.9666 | Z41: 11.3088 | AA41: 21.4932 | AB41: 20.4976 | AC41: 6.564 | AD41: 8.259 | AE41: 17.3644 | AF41: 10.4474 | AG41: 16.3496 | AI41: =G41*T41 -> 0 | AJ41: =VLOOKUP(A41,[1]Лист1!$B:$O,14,0) -> матрица
A42: 301 Сосиски Сочинки по-баварски с сыром, 0.4кг, ТМ Стародворье ПОКОМ | B42: шт | C42: 82 | D42: 6 | E42: 77 | F42: 1 | G42: 0.4 | H42: 40 | I42: P003475 | K42: 157 | L42: =E42-K42 -> -80 | O42: 164.6 | R42: 120.88 | S42: =E42/5 -> 15.4 | U42: =(F42+O42+P42+Q42+R42+T42)/S42 -> 18.602597 | V42: =(F42+O42+P42+Q42+R42)/S42 -> 18.602597 | W42: 26.8 | X42: 22.6 | Y42: 12.6 | Z42: 16.8 | AA42: 27.2 | AB42: 28.8 | AC42: 33 | AD42: 28.78 | AE42: 18 | AF42: 15.6 | AG42: 21.8 | AI42: =G42*T42 -> 0 | AJ42: =VLOOKUP(A42,[1]Лист1!$B:$O,14,0) -> матрица
A43: 302 Сосиски Сочинки по-баварски, 0.4кг, ТМ Стародворье ПОКОМ | B43: шт | C43: 245 | D43: 16 | E43: 151 | F43: 102 | G43: 0.4 | H43: 45 | I43: P003217 | K43: 154 | L43: =E43-K43 -> -3 | O43: 0 | R43: 83 | S43: =E43/5 -> 30.2 | U43: =(F43+O43+P43+Q43+R43+T43)/S43 -> 6.1258278 | V43: =(F43+O43+P43+Q43+R43)/S43 -> 6.1258278 | W43: 22.4 | X43: 21.8 | Y43: 19.6 | Z43: 21.4 | AA43: 24.4 | AB43: 27.8 | AC43: 42 | AD43: 32 | AE43: 16.8 | AF43: 16 | AG43: 12.2 | AI43: =G43*T43 -> 0 | AJ43: =VLOOKUP(A43,[1]Лист1!$B:$O,14,0) -> матрица
A44: 304 Колбаса Салями Мясорубская с рубленным шпиком ВЕС ТМ Стародворье ПОКОМ | B44: кг | C44: 141.442 | D44: 1.423 | E44: 63.553 | F44: 67.688 | G44: 1 | H44: 40 | I44: P003276 | K44: 67.8 | L44: =E44-K44 -> -4.247 | O44: 0 | R44: 0 | S44: =E44/5 -> 12.7106 | U44: =(F44+O44+P44+Q44+R44+T44)/S44 -> 5.325319 | V44: =(F44+O44+P44+Q44+R44)/S44 -> 5.325319 | W44: 6.6038 | X44: 9.2596 | Y44: 9.5682 | Z44: 11.018 | AA44: 14.2368 | AB44: 11.3324 | AC44: 1.7376 | AD44: 1.3106 | AE44: 10.1592 | AF44: 6.616 | AG44: 7.5106 | AI44: =G44*T44 -> 0 | AJ44: =VLOOKUP(A44,[1]Лист1!$B:$O,14,0) -> не в матрице
A45: 305 Колбаса Сервелат Мясорубский с мелкорубленным окороком в/у ТМ Стародворье ВЕС ПОКОМ | B45: кг | C45: 185.246 | D45: 5.835 | E45: 127.553 | F45: 25.799 | G45: 1 | H45: 40 | I45: P003259 | K45: 124.3 | L45: =E45-K45 -> 3.253 | O45: 134.914 | R45: 0 | S45: =E45/5 -> 25.5106 | U45: =(F45+O45+P45+Q45+R45+T45)/S45 -> 6.2998518 | V45: =(F45+O45+P45+Q45+R45)/S45 -> 6.2998518 | W45: 21.3786 | X45: 28.646 | Y45: 20.7472 | Z45: 18.888 | AA45: 24.991 | AB45: 20.1832 | AC45: 12.0356 | AD45: 17.4416 | AE45: 20.315 | AF45: 4.5294 | AG45: 18.5532 | AI45: =G45*T45 -> 0 | AJ45: =VLOOKUP(A45,[1]Лист1!$B:$O,14,0) -> матрица
A46: 307 Колбаса Сервелат Мясорубский с мелкорубленным окороком 0,35 кг срез ТМ Стародворье Поком | B46: шт | C46: 421 | D46: 430 | E46: 444 | F46: 338 | G46: 0.35 | H46: 40 | I46: P003260 | K46: 444 | L46: =E46-K46 -> 0 | O46: 156.32 | R46: 2.28 | S46: =E46/5 -> 88.8 | U46: =(F46+O46+P46+Q46+R46+T46)/S46 -> 5.5923423 | V46: =(F46+O46+P46+Q46+R46)/S46 -> 5.5923423 | W46: 72.6 | X46: 95.6 | Y46: 83 | Z46: 71.8 | AA46: 77.2 | AB46: 67.98 | AC46: 25.58 | AD46: 37.4 | AE46: 78 | AF46: 40 | AG46: 84.2 | AI46: =G46*T46 -> 0 | AJ46: =VLOOKUP(A46,[1]Лист1!$B:$O,14,0) -> матрица
A47: 309 Сосиски Сочинки с сыром 0,4 кг ТМ Стародворье ПОКОМ | B47: шт | C47: 68 | D47: 409 | E47: 155 | F47: 298 | G47: 0.4 | H47: 40 | I47: P004178 | K47: 328 | L47: =E47-K47 -> -173 | O47: 319.6 | R47: 0 | S47: =E47/5 -> 31 | U47: =(F47+O47+P47+Q47+R47+T47)/S47 -> 19.922581 | V47: =(F47+O47+P47+Q47+R47)/S47 -> 19.922581 | W47: 47 | X47: 79.6 | Y47: 60 | Z47: 42 | AA47: 28.6 | AB47: 26.6 | AC47: 50.2 | AD47: 51.4 | AE47: 73.4 | AF47: 46.6 | AG47: 53 | AI47: =G47*T47 -> 0 | AJ47: =VLOOKUP(A47,[1]Лист1!$B:$O,14,0) -> матрица
A48: 312 Ветчина Филейская ВЕС ТМ Вязанка ТС Столичная ПОКОМ | B48: кг | C48: 63.414 | E48: 27.971 | F48: 35.057 | G48: 1 | H48: 50 | I48: P003234 | K48: 25.9 | L48: =E48-K48 -> 2.071 | O48: 62.085 | R48: 0 | S48: =E48/5 -> 5.5942 | U48: =(F48+O48+P48+Q48+R48+T48)/S48 -> 17.364771 | V48: =(F48+O48+P48+Q48+R48)/S48 -> 17.364771 | W48: 8.685 | X48: 11.409 | Y48: 5.1622 | Z48: 2.6922 | AA48: 6.464 | AB48: 7.74 | AC48: 4.5076 | AD48: 6.464 | AE48: 6.4568 | AF48: 6.7716 | AG48: 7.5808 | AI48: =G48*T48 -> 0 | AJ48: =VLOOKUP(A48,[1]Лист1!$B:$O,14,0) -> матрица
A49: 315 Колбаса вареная Молокуша ТМ Вязанка ВЕС, ПОКОМ | B49: кг | C49: 232.9 | D49: 4.082 | E49: 101.143 | F49: 121.388 | G49: 1 | H49: 50 | I49: P003239 | K49: 91.25 | L49: =E49-K49 -> 9.893 | O49: 124.3558 | Q49: 150 | R49: 90.4792 | S49: =E49/5 -> 20.2286 | U49: =(F49+O49+P49+Q49+R49+T49)/S49 -> 24.036414 | V49: =(F49+O49+P49+Q49+R49)/S49 -> 24.036414 | W49: 30.9044 | X49: 32.4778 | Y49: 18.959 | Z49: 17.485 | AA49: 29.4156 | AB49: 25.074 | AC49: 17.301 | AD49: 22.005 | AE49: 25.7574 | AF49: 6.9252 | AG49: 16.2096 | AI49: =G49*T49 -> 0 | AJ49: =VLOOKUP(A49,[1]Лист1!$B:$O,14,0) -> матрица
A50: 318 Сосиски Датские ТМ Зареченские, ВЕС ПОКОМ | B50: кг | C50: -0.171 | D50: 89.03 | E50: 1.53 | F50: -0.189 | G50: 1 | H50: 45 | I50: P004991 | K50: 54.9 | L50: =E50-K50 -> -53.37 | O50: 38.2808 | R50: 0 | S50: =E50/5 -> 0.306 | U50: =(F50+O50+P50+Q50+R50+T50)/S50 -> 124.48301 | V50: =(F50+O50+P50+Q50+R50)/S50 -> 124.48301 | W50: 1.5204 | X50: 10.6396 | Y50: 9.4252 | Z50: 0 | AA50: 0 | AB50: 0 | AC50: -0.3036 | AD50: 2.0486 | AE50: 29.5078 | AF50: 3.2396 | AG50: 14.2952 | AI50: =G50*T50 -> 0 | AJ50: =VLOOKUP(A50,[1]Лист1!$B:$O,14,0) -> матрица
A51: 319 Колбаса вареная Филейская ТМ Вязанка ТС Классическая, 0,45 кг. ПОКОМ | B51: шт | C51: 149 | D51: 71 | E51: 159 | F51: 59 | G51: 0.45 | H51: 50 | I51: P003227 | K51: 178 | L51: =E51-K51 -> -19 | O51: 25.2 | R51: 72.62 | S51: =E51/5 -> 31.8 | U51: =(F51+O51+P51+Q51+R51+T51)/S51 -> 4.9314465 | V51: =(F51+O51+P51+Q51+R51)/S51 -> 4.9314465 | W51: 22.2 | X51: 21.8 | Y51: 22.8 | Z51: 20.8 | AA51: 17.4 | AB51: 23 | AC51: 36 | AD51: 29 | AE51: 28 | AF51: 7.2 | AG51: 42.6 | AI51: =G51*T51 -> 0 | AJ51: =VLOOKUP(A51,[1]Лист1!$B:$O,14,0) -> матрица
A52: 322 Колбаса вареная Молокуша 0,45кг ТМ Вязанка ПОКОМ | B52: шт | C52: 251 | D52: 124 | E52: 133 | F52: 233 | G52: 0.45 | H52: 50 | I52: P003228 | K52: 132 | L52: =E52-K52 -> 1 | O52: 163.6 | R52: 0 | S52: =E52/5 -> 26.6 | U52: =(F52+O52+P52+Q52+R52+T52)/S52 -> 14.909774 | V52: =(F52+O52+P52+Q52+R52)/S52 -> 14.909774 | W52: 33.4 | X52: 48.6 | Y52: 40.6 | Z52: 35.6 | AA52: 40.6 | AB52: 40.4 | AC52: 42.6 | AD52: 49.2 | AE52: 37 | AF52: 23.4 | AG52: 35.2 | AI52: =G52*T52 -> 0 | AJ52: =VLOOKUP(A52,[1]Лист1!$B:$O,14,0) -> матрица
A53: 328 Сардельки Сочинки Стародворье ТМ 0,4 кг ПОКОМ | B53: шт | C53: 222 | D53: 4 | E53: 139 | F53: 75 | G53: 0.4 | H53: 40 | I53: P003960 | K53: 143 | L53: =E53-K53 -> -4 | O53: 0 | R53: 62.5 | S53: =E53/5 -> 27.8 | U53: =(F53+O53+P53+Q53+R53+T53)/S53 -> 4.9460432 | V53: =(F53+O53+P53+Q53+R53)/S53 -> 4.9460432 | W53: 19 | X53: 19 | Y53: 9.2 | Z53: 1.2 | AA53: 11.8 | AB53: 23 | AC53: 16.4 | AD53: 12.2 | AE53: 18.4 | AF53: 16.2 | AG53: 23.8 | AI53: =G53*T53 -> 0 | AJ53: =VLOOKUP(A53,[1]Лист1!$B:$O,14,0) -> матрица
A54: 329 Сардельки Сочинки с сыром Стародворье ТМ, 0,4 кг. ПОКОМ | B54: шт | D54: 186 | E54: 91 | F54: 90 | G54: 0.4 | H54: 40 | I54: P003961 | K54: 98 | L54: =E54-K54 -> -7 | O54: 0 | R54: 0 | S54: =E54/5 -> 18.2 | U54: =(F54+O54+P54+Q54+R54+T54)/S54 -> 4.9450549 | V54: =(F54+O54+P54+Q54+R54)/S54 -> 4.9450549 | W54: -0.8 | X54: 8.8 | Y54: 15.6 | Z54: 14.2 | AA54: 6 | AB54: 0.4 | AC54: 11 | AD54: 18.8 | AE54: 16.6 | AF54: 18 | AG54: 25.2 | AI54: =G54*T54 -> 0 | AJ54: =VLOOKUP(A54,[1]Лист1!$B:$O,14,0) -> матрица
A55: 330 Колбаса вареная Филейская ТМ Вязанка ТС Классическая ВЕС ПОКОМ | B55: кг | C55: 295.693 | D55: 4.06 | E55: 93.114 | F55: 197.205 | G55: 1 | H55: 50 | I55: P003235 | K55: 90.85 | L55: =E55-K55 -> 2.264 | O55: 0 | Q55: 50 | R55: 0 | S55: =E55/5 -> 18.6228 | U55: =(F55+O55+P55+Q55+R55+T55)/S55 -> 13.27432 | V55: =(F55+O55+P55+Q55+R55)/S55 -> 13.27432 | W55: 15.299 | X55: 19.4662 | Y55: 19.6136 | Z55: 23.4748 | AA55: 30.1316 | AB55: 27.6572 | AC55: 10.188 | AD55: 11.5906 | AE55: 24.2422 | AF55: 12.941 | AG55: 20.4118 | AI55: =G55*T55 -> 0 | AJ55: =VLOOKUP(A55,[1]Лист1!$B:$O,14,0) -> матрица
A56: 334 Паштет Любительский ТМ Стародворье ламистер 0,1 кг ПОКОМ | B56: шт | C56: 471 | D56: 12 | E56: 165 | F56: 287 | G56: 0.1 | H56: 731 | I56: P003253 | K56: 167 | L56: =E56-K56 -> -2 | O56: 32.8 | R56: 139.8 | S56: =E56/5 -> 33 | U56: =(F56+O56+P56+Q56+R56+T56)/S56 -> 13.927273 | V56: =(F56+O56+P56+Q56+R56)/S56 -> 13.927273 | W56: 46 | X56: 45.8 | Y56: 44 | Z56: 22 | AA56: 45 | AB56: 59.4 | AC56: 43.8 | AD56: 44 | AE56: 24.6 | AF56: 34.6 | AG56: 19.2 | AI56: =G56*T56 -> 0 | AJ56: =VLOOKUP(A56,[1]Лист1!$B:$O,14,0) -> матрица
A57: 335 Колбаса Сливушка ТМ Вязанка. ВЕС. ПОКОМ | B57: кг | C57: 165.591 | E57: 72.315 | F57: 79.9 | G57: 1 | H57: 50 | I57: P003357 | K57: 65.15 | L57: =E57-K57 -> 7.165 | O57: 73.2828 | R57: 43.1347 | S57: =E57/5 -> 14.463 | U57: =(F57+O57+P57+Q57+R57+T57)/S57 -> 13.573774 | V57: =(F57+O57+P57+Q57+R57)/S57 -> 13.573774 | W57: 19.2342 | X57: 21.7158 | Y57: 16.4654 | Z57: 16.1748 | AA57: 20.6662 | AB57: 20.6676 | AC57: 20.4028 | AD57: 18.516 | AE57: 5.1244 | AF57: 12.1132 | AG57: 9.4244 | AI57: =G57*T57 -> 0 | AJ57: =VLOOKUP(A57,[1]Лист1!$B:$O,14,0) -> матрица
A58: 336 Ветчина Сливушка с индейкой ТМ Вязанка. ВЕС ПОКОМ | B58: кг | C58: 33.724 | D58: 5.407 | E58: 25.717 | F58: 13.414 | G58: 1 | H58: 55 | I58: P004607 | K58: 24.95 | L58: =E58-K58 -> 0.767 | O58: 22.125 | R58: 18.4812 | S58: =E58/5 -> 5.1434 | U58: =(F58+O58+P58+Q58+R58+T58)/S58 -> 10.502819 | V58: =(F58+O58+P58+Q58+R58)/S58 -> 10.502819 | W58: 5.1476 | X58: 5.4038 | Y58: 4.0574 | Z58: 2.7052 | AA58: 1.0808 | AB58: 2.1632 | AC58: 5.6636 | AD58: 6.762 | AE58: 3.774 | AF58: 3.25 | AG58: 3.2518 | AI58: =G58*T58 -> 0 | AJ58: =VLOOKUP(A58,[1]Лист1!$B:$O,14,0) -> матрица
A59: 338 Паштет печеночный с морковью ТМ Стародворье ламистер 0,1 кг. ПОКОМ | B59: шт | C59: 411 | D59: 12 | E59: 135 | F59: 257 | G59: 0.1 | H59: 731 | I59: P003252 | K59: 175 | L59: =E59-K59 -> -40 | O59: 15.8 | R59: 159.52 | S59: =E59/5 -> 27 | U59: =(F59+O59+P59+Q59+R59+T59)/S59 -> 16.011852 | V59: =(F59+O59+P59+Q59+R59)/S59 -> 16.011852 | W59: 41.2 | X59: 38.8 | Y59: 36 | Z59: 32.6 | AA59: 50.2 | AB59: 53 | AC59: 35.6 | AD59: 34 | AE59: 33 | AF59: 26.2 | AG59: 19.6 | AI59: =G59*T59 -> 0 | AJ59: =VLOOKUP(A59,[1]Лист1!$B:$O,14,0) -> матрица
A60: 339 Колбаса вареная Филейская ТМ Вязанка ТС Классическая, 0,40 кг. ПОКОМ | B60: шт | C60: 4 | D60: 40 | E60: 6 | F60: 36 | G60: 0.4 | H60: 50 | I60: P003243 | K60: 10 | L60: =E60-K60 -> -4 | O60: 47 | R60: 0 | S60: =E60/5 -> 1.2 | U60: =(F60+O60+P60+Q60+R60+T60)/S60 -> 69.166667 | V60: =(F60+O60+P60+Q60+R60)/S60 -> 69.166667 | W60: 5 | X60: 7.6 | Y60: 4.8 | Z60: 3.6 | AA60: 3 | AB60: 2.2 | AC60: 5.2 | AD60: 5.4 | AE60: 4.2 | AF60: 4.4 | AG60: 6.6 | AI60: =G60*T60 -> 0 | AJ60: =VLOOKUP(A60,[1]Лист1!$B:$O,14,0) -> матрица
A61: 340 Сосиски Сочинки Молочные ТМ Стародворье, ВЕС ПОКОМ | B61: кг | C61: 25.97 | E61: 7.946 | F61: 15.279 | G61: 1 | H61: 40 | I61: P003263 | K61: 10.2 | L61: =E61-K61 -> -2.254 | O61: 7.7032 | R61: 12.0678 | S61: =E61/5 -> 1.5892 | U61: =(F61+O61+P61+Q61+R61+T61)/S61 -> 22.055122 | V61: =(F61+O61+P61+Q61+R61)/S61 -> 22.055122 | W61: 3.0236 | X61: 3.0612 | Y61: 0.8322 | Z61: 0 | AA61: 0 | AB61: 0 | AC61: 3.2136 | AD61: 3.2136 | AE61: 1.5266 | AF61: 2.9758 | AG61: 3.5434 | AI61: =G61*T61 -> 0 | AJ61: =VLOOKUP(A61,[1]Лист1!$B:$O,14,0) -> матрица
A62: 341 Сосиски Сочинки Сливочные ТМ Стародворье ВЕС ПОКОМ | B62: кг | C62: 143.949 | D62: 1.345 | E62: 18.258 | F62: 123.623 | G62: 1 | H62: 40 | I62: P003266 | K62: 21.9 | L62: =E62-K62 -> -3.642 | O62: 0 | R62: 0 | S62: =E62/5 -> 3.6516 | U62: =(F62+O62+P62+Q62+R62+T62)/S62 -> 33.854475 | V62: =(F62+O62+P62+Q62+R62)/S62 -> 33.854475 | W62: 5.5808 | X62: 9.145 | Y62: 8.0938 | Z62: 4.8628 | AA62: 0 | AB62: 1.8466 | AC62: 17.1366 | AD62: 19.513 | AE62: -0.0062 | AF62: 10.7282 | AG62: 2.1618 | AH62: нужно увеличить продажи | AI62: =G62*T62 -> 0 | AJ62: =VLOOKUP(A62,[1]Лист1!$B:$O,14,0) -> матрица
A63: 342 Сосиски Сочинки Молочные ТМ Стародворье 0,4 кг ПОКОМ | B63: шт | C63: 712 | D63: 152 | E63: 406 | F63: 398 | G63: 0.4 | H63: 40 | I63: P003262 | K63: 426 | L63: =E63-K63 -> -20 | O63: 310.68 | R63: 20.3 | S63: =E63/5 -> 81.2 | U63: =(F63+O63+P63+Q63+R63+T63)/S63 -> 8.9775862 | V63: =(F63+O63+P63+Q63+R63)/S63 -> 8.9775862 | W63: 86.2 | X63: 112.6 | Y63: 85.6 | Z63: 71.6 | AA63: 109.6 | AB63: 96.8 | AC63: 28.4 | AD63: 40 | AE63: 106.4 | AF63: 50.4 | AG63: 89 | AI63: =G63*T63 -> 0 | AJ63: =VLOOKUP(A63,[1]Лист1!$B:$O,14,0) -> матрица
A64: 343 Сосиски Сочинки Сливочные ТМ Стародворье 0,4 кг ПОКОМ | B64: шт | C64: 574 | D64: 12 | E64: 345 | F64: 214 | G64: 0.4 | H64: 40 | I64: P003265 | K64: 356 | L64: =E64-K64 -> -11 | O64: 218.4 | R64: 76.1 | S64: =E64/5 -> 69 | U64: =(F64+O64+P64+Q64+R64+T64)/S64 -> 7.3695652 | V64: =(F64+O64+P64+Q64+R64)/S64 -> 7.3695652 | W64: 57.4 | X64: 72.4 | Y64: 47.8 | Z64: 37.4 | AA64: 71.6 | AB64: 76.6 | AC64: 54.2 | AD64: 24 | AE64: 59.8 | AF64: 28.2 | AG64: 41 | AI64: =G64*T64 -> 0 | AJ64: =VLOOKUP(A64,[1]Лист1!$B:$O,14,0) -> матрица
A65: 344 Колбаса Сочинка по-европейски с сочной грудинкой ТМ Стародворье, ВЕС ПОКОМ | B65: кг | C65: 43.635 | D65: 221.685 | E65: 62.822 | F65: 168.772 | G65: 1 | H65: 40 | I65: P003387 | K65: 95.4 | L65: =E65-K65 -> -32.578 | O65: 198.1168 | R65: 0 | S65: =E65/5 -> 12.5644 | U65: =(F65+O65+P65+Q65+R65+T65)/S65 -> 29.200662 | V65: =(F65+O65+P65+Q65+R65)/S65 -> 29.200662 | W65: 29.3464 | X65: 40.2258 | Y65: 30.735 | Z65: 15.739 | AA65: 10.629 | AB65: 20.0832 | AC65: 31.7096 | AD65: 30.7652 | AE65: 27.3794 | AF65: 29.8514 | AG65: 27.0808 | AI65: =G65*T65 -> 0 | AJ65: =VLOOKUP(A65,[1]Лист1!$B:$O,14,0) -> матрица
A66: 345 Колбаса Сочинка по-фински с сочным окроком ТМ Стародворье ВЕС ПОКОМ | B66: кг | C66: 207.125 | D66: 29.833 | E66: 176.417 | F66: 7.752 | G66: 1 | H66: 40 | I66: P003401 | K66: 167.5 | L66: =E66-K66 -> 8.917 | O66: 185.57832 | R66: 63.9328 | S66: =E66/5 -> 35.2834 | U66: =(F66+O66+P66+Q66+R66+T66)/S66 -> 7.2913359 | V66: =(F66+O66+P66+Q66+R66)/S66 -> 7.2913359 | W66: 31.5944 | X66: 36.9302 | Y66: 26.833 | Z66: 11.881 | AA66: 23.1356 | AB66: 31.2576 | AC66: 30.3266 | AD66: 27.802 | AE66: 26.758 | AF66: 25.7244 | AG66: 24.2698 | AI66: =G66*T66 -> 0 | AJ66: =VLOOKUP(A66,[1]Лист1!$B:$O,14,0) -> матрица
A67: 346 Колбаса Сочинка зернистая с сочной грудинкой ТМ Стародворье.ВЕС ПОКОМ | B67: кг | C67: 947.951 | D67: 15.412 | E67: 424.105 | F67: 457.357 | G67: 1 | H67: 40 | I67: P003383 | K67: 391.214 | L67: =E67-K67 -> 32.891 | O67: 0 | R67: 6.34834 | S67: =E67/5 -> 84.821 | U67: =(F67+O67+P67+Q67+R67+T67)/S67 -> 5.4668695 | V67: =(F67+O67+P67+Q67+R67)/S67 -> 5.4668695 | W67: 67.4694 | X67: 80.9198 | Y67: 73.7728 | Z67: 73.477 | AA67: 111.7908 | AB67: 92.129 | AC67: 74.0114 | AD67: 96.487 | AE67: 88.301 | AF67: 78.687 | AG67: 85.5816 | AI67: =G67*T67 -> 0 | AJ67: =VLOOKUP(A67,[1]Лист1!$B:$O,14,0) -> матрица
A68: 347 Колбаса Сочинка рубленая с сочным окороком ТМ Стародворье ВЕС ПОКОМ | B68: кг | C68: 221.663 | D68: 22.39 | E68: 159.388 | F68: 31.113 | G68: 1 | H68: 40 | I68: P003384 | K68: 154.1 | L68: =E68-K68 -> 5.288 | O68: 141.0106 | R68: 49.6004 | S68: =E68/5 -> 31.8776 | U68: =(F68+O68+P68+Q68+R68+T68)/S68 -> 6.9554797 | V68: =(F68+O68+P68+Q68+R68)/S68 -> 6.9554797 | W68: 27.7872 | X68: 32.7266 | Y68: 26.3182 | Z68: 15.6272 | AA68: 17.9554 | AB68: 33.379 | AC68: 41.1638 | AD68: 30.2788 | AE68: 22.0772 | AF68: 26.0336 | AG68: 22.2612 | AI68: =G68*T68 -> 0 | AJ68: =VLOOKUP(A68,[1]Лист1!$B:$O,14,0) -> матрица
A69: 355 Колбаса Сервелат запеченный ТМ Стародворье ТС Дугушка. 0,6 кг. ПОКОМ | B69: шт | C69: 25 | E69: 8 | F69: 17 | G69: 0.6 | H69: 70 | I69: P004929 | K69: 8 | L69: =E69-K69 -> 0 | O69: 34.4 | R69: 11.1 | S69: =E69/5 -> 1.6 | U69: =(F69+O69+P69+Q69+R69+T69)/S69 -> 39.0625 | V69: =(F69+O69+P69+Q69+R69)/S69 -> 39.0625 | W69: 5 | X69: 5.4 | Y69: 2 | Z69: 1.8 | AA69: 2.8 | AB69: 2.2 | AC69: 2 | AD69: 3 | AE69: 4.8 | AF69: 2.8 | AG69: 3.2 | AI69: =G69*T69 -> 0 | AJ69: =VLOOKUP(A69,[1]Лист1!$B:$O,14,0) -> матрица
A70: 364 Сардельки Филейские Вязанка ВЕС NDX ТМ Вязанка ПОКОМ | B70: кг | C70: 237.772 | D70: 745.308 | E70: 404.687 | F70: 501.55 | G70: 1 | H70: 30 | I70: P003883 | K70: 432.75 | L70: =E70-K70 -> -28.063 | O70: 0 | R70: 0 | S70: =E70/5 -> 80.9374 | U70: =(F70+O70+P70+Q70+R70+T70)/S70 -> 6.1967644 | V70: =(F70+O70+P70+Q70+R70)/S70 -> 6.1967644 | W70: 39.6928 | X70: 48.6352 | Y70: 81.1706 | Z70: 85.1532 | AA70: 45.7284 | AB70: 6.1534 | AC70: 39.1784 | AD70: 76.3816 | AE70: 39.5618 | AF70: 37.7414 | AG70: 33.5804 | AI70: =G70*T70 -> 0 | AJ70: =VLOOKUP(A70,[1]Лист1!$B:$O,14,0) -> матрица
A71: 377 Колбаса Молочная Дугушка 0,6кг ТМ Стародворье ПОКОМ | B71: шт | C71: 136 | E71: 115 | F71: 21 | G71: 0.6 | H71: 60 | I71: P004688 | K71: 88 | L71: =E71-K71 -> 27 | O71: 0 | R71: 30 | S71: =E71/5 -> 23 | U71: =(F71+O71+P71+Q71+R71+T71)/S71 -> 2.2173913 | V71: =(F71+O71+P71+Q71+R71)/S71 -> 2.2173913 | W71: 12.4 | X71: 11.8 | Y71: 3.8 | Z71: 3.8 | AA71: 12.6 | AB71: 15.2 | AC71: 13.6 | AD71: 12.6 | AE71: 14.2 | AF71: 5.8 | AG71: 16.6 | AI71: =G71*T71 -> 0 | AJ71: =VLOOKUP(A71,[1]Лист1!$B:$O,14,0) -> матрица
A72: 387 Колбаса вареная Мусульманская Халяль ТМ Вязанка, 0,4 кг ПОКОМ | B72: шт | C72: 244 | D72: 8 | E72: 100 | F72: 136 | G72: 0.4 | H72: 90 | I72: P003437 | K72: 101 | L72: =E72-K72 -> -1 | O72: 35.4 | R72: 28.1 | S72: =E72/5 -> 20 | U72: =(F72+O72+P72+Q72+R72+T72)/S72 -> 9.975 | V72: =(F72+O72+P72+Q72+R72)/S72 -> 9.975 | W72: 20.6 | X72: 25.4 | Y72: 19.2 | Z72: 19.6 | AA72: 29.2 | AB72: 21 | AC72: 5.2 | AD72: 7.6 | AE72: 17.2 | AF72: 7 | AG72: 15.8 | AI72: =G72*T72 -> 0 | AJ72: =VLOOKUP(A72,[1]Лист1!$B:$O,14,0) -> матрица
A73: 388 Сосиски Восточные Халяль ТМ Вязанка 0,33 кг АК. ПОКОМ | B73: шт | C73: 376 | D73: 8 | E73: 168 | F73: 183 | G73: 0.33 | H73: 60 | I73: P003438 | K73: 163 | L73: =E73-K73 -> 5 | O73: 0 | R73: 64 | S73: =E73/5 -> 33.6 | U73: =(F73+O73+P73+Q73+R73+T73)/S73 -> 7.3511905 | V73: =(F73+O73+P73+Q73+R73)/S73 -> 7.3511905 | W73: 25.6 | X73: 14.8 | Y73: 21 | Z73: 30.8 | AA73: 40.2 | AB73: 28.2 | AC73: 8 | AD73: 14 | AE73: 18.4 | AF73: 12.4 | AG73: 21.6 | AI73: =G73*T73 -> 0 | AJ73: =VLOOKUP(A73,[1]Лист1!$B:$O,14,0) -> матрица
A74: 394 Колбаса полукопченая Аль-Ислами халяль ТМ Вязанка оболочка фиброуз в в/у 0,35 кг ПОКОМ | B74: шт | C74: 82 | D74: 174 | E74: 67 | F74: 175 | G74: 0.35 | H74: 90 | I74: P003442 | K74: 72 | L74: =E74-K74 -> -5 | O74: 0 | R74: 0 | S74: =E74/5 -> 13.4 | U74: =(F74+O74+P74+Q74+R74+T74)/S74 -> 13.059701 | V74: =(F74+O74+P74+Q74+R74)/S74 -> 13.059701 | W74: 13.6 | X74: 20.8 | Y74: 21.8 | Z74: 18.2 | AA74: 15 | AB74: 7.4 | AC74: 9 | AD74: 16.2 | AE74: 9 | AF74: 5.8 | AG74: 14 | AI74: =G74*T74 -> 0 | AJ74: =VLOOKUP(A74,[1]Лист1!$B:$O,14,0) -> матрица
A75: 395 Колбаса Докторская ГОСТ ТМ Вязанка в оболочке полиамид 0,37 кг. ПОКОМ | B75: шт | C75: 440 | D75: 2 | E75: 160 | F75: 280 | G75: 0.37 | H75: 50 | I75: P003429 | K75: 158 | L75: =E75-K75 -> 2 | O75: 0 | R75: 0 | S75: =E75/5 -> 32 | U75: =(F75+O75+P75+Q75+R75+T75)/S75 -> 8.75 | V75: =(F75+O75+P75+Q75+R75)/S75 -> 8.75 | W75: 24.8 | X75: 30.8 | Y75: 26.4 | Z75: 18.2 | AA75: 32.4 | AB75: 44 | AC75: 41.8 | AD75: 34 | AE75: 22.4 | AF75: 41.6 | AG75: 29.4 | AI75: =G75*T75 -> 0 | AJ75: =VLOOKUP(A75,[1]Лист1!$B:$O,14,0) -> матрица
A76: 405 Сардельки Сливушки ТМ Вязанка в оболочке айпил 0,33 кг. ПОКОМ | B76: шт | C76: 118 | E76: 51 | F76: 63 | G76: 0.33 | H76: 40 | I76: P002644 | K76: 49 | L76: =E76-K76 -> 2 | O76: 0 | R76: 8.5 | S76: =E76/5 -> 10.2 | U76: =(F76+O76+P76+Q76+R76+T76)/S76 -> 7.0098039 | V76: =(F76+O76+P76+Q76+R76)/S76 -> 7.0098039 | W76: 7.4 | X76: 7.6 | Y76: 6 | Z76: 0.8 | AA76: 7.4 | AB76: 11.2 | AC76: 12.2 | AD76: 8.2 | AE76: 1 | AF76: 11.6 | AG76: 9.2 | AI76: =G76*T76 -> 0 | AJ76: =VLOOKUP(A76,[1]Лист1!$B:$O,14,0) -> матрица
A77: 408 Ветчина Сливушка с индейкой ТМ Вязанка, 0,4кг ПОКОМ | B77: шт | C77: 114 | D77: 121 | E77: 197 | F77: 38 | G77: 0.4 | H77: 55 | I77: P004586 | K77: 171 | L77: =E77-K77 -> 26 | O77: 0 | R77: 0 | S77: =E77/5 -> 39.4 | U77: =(F77+O77+P77+Q77+R77+T77)/S77 -> 0.96446701 | V77: =(F77+O77+P77+Q77+R77)/S77 -> 0.96446701 | W77: 4 | X77: 4.2 | Y77: 14.8 | Z77: 22.6 | AA77: 18 | AB77: 12.6 | AC77: 8.2 | AD77: 11.4 | AE77: 16.2 | AF77: 8.4 | AG77: 13.4 | AI77: =G77*T77 -> 0 | AJ77: =VLOOKUP(A77,[1]Лист1!$B:$O,14,0) -> матрица
A78: 410 Сосиски Баварские с сыром ТМ Стародворье 0,35 кг. ПОКОМ | B78: шт | C78: 2 | D78: 98 | E78: 11 | F78: 87 | G78: 0.35 | H78: 40 | I78: P003364 | K78: 23 | L78: =E78-K78 -> -12 | O78: 0 | R78: 0 | S78: =E78/5 -> 2.2 | U78: =(F78+O78+P78+Q78+R78+T78)/S78 -> 39.545455 | V78: =(F78+O78+P78+Q78+R78)/S78 -> 39.545455 | W78: 0.6 | X78: 4.8 | Y78: 8.4 | Z78: 6.2 | AA78: 4.6 | AB78: 7 | AC78: 11.8 | AD78: 13 | AE78: 0.6 | AF78: 5.8 | AG78: 5.4 | AI78: =G78*T78 -> 0 | AJ78: =VLOOKUP(A78,[1]Лист1!$B:$O,14,0) -> матрица
A79: 412 Сосиски Баварские ТМ Стародворье 0,35 кг ПОКОМ | B79: шт | C79: 117 | D79: 5 | E79: 31 | F79: 82 | G79: 0.35 | H79: 45 | I79: P003363 | K79: 35 | L79: =E79-K79 -> -4 | O79: 0 | R79: 0 | S79: =E79/5 -> 6.2 | U79: =(F79+O79+P79+Q79+R79+T79)/S79 -> 13.225806 | V79: =(F79+O79+P79+Q79+R79)/S79 -> 13.225806 | W79: 6.6 | X79: 4 | Y79: 2.6 | Z79: 1.2 | AA79: 0 | AB79: 6 | AC79: 13.2 | AD79: 11.8 | AE79: 4 | AF79: -2.2 | AG79: 10.8 | AI79: =G79*T79 -> 0 | AJ79: =VLOOKUP(A79,[1]Лист1!$B:$O,14,0) -> матрица
A80: 435 Колбаса Молочная Стародворская с молоком в оболочке полиамид 0,4 кг.ТМ Стародворье ПОКОМ | B80: шт | C80: 90 | D80: 101 | E80: 93 | F80: 96 | G80: 0.4 | H80: 55 | I80: P004067 | K80: 94 | L80: =E80-K80 -> -1 | O80: 0 | R80: 0 | S80: =E80/5 -> 18.6 | U80: =(F80+O80+P80+Q80+R80+T80)/S80 -> 5.1612903 | V80: =(F80+O80+P80+Q80+R80)/S80 -> 5.1612903 | W80: 2.6 | X80: 14.4 | Y80: 16.2 | Z80: 14.4 | AA80: 13.8 | AB80: 10.6 | AC80: 13.8 | AD80: 12.8 | AE80: 11.4 | AF80: 6.6 | AG80: 11.8 | AI80: =G80*T80 -> 0 | AJ80: =VLOOKUP(A80,[1]Лист1!$B:$O,14,0) -> не в матрице
A81: 436 Колбаса Молочная стародворская с молоком, ВЕС, ТМ Стародворье ПОКОМ | B81: кг | C81: 38.724 | E81: 4.332 | F81: 32.944 | G81: 1 | H81: 55 | I81: P004070 | K81: 3.5 | L81: =E81-K81 -> 0.832 | O81: 0 | R81: 0 | S81: =E81/5 -> 0.8664 | U81: =(F81+O81+P81+Q81+R81+T81)/S81 -> 38.024007 | V81: =(F81+O81+P81+Q81+R81)/S81 -> 38.024007 | W81: 1.159 | X81: 1.4476 | Y81: 0.8664 | Z81: 0.2892 | AA81: 0.5792 | AB81: 2.3048 | AC81: 1.7256 | AD81: 2.31 | AE81: 2.3452 | AF81: 1.4444 | AG81: 2.5912 | AH81: нужно увеличить продажи!!! | AI81: =G81*T81 -> 0 | AJ81: =VLOOKUP(A81,[1]Лист1!$B:$O,14,0) -> матрица
A82: 449 Колбаса Дугушка Стародворская ВЕС ТС Дугушка ПОКОМ | B82: кг | C82: 435.452 | D82: 25.686 | E82: 273.268 | F82: 131.91 | G82: 1 | H82: 60 | I82: P002989 | K82: 270.44 | L82: =E82-K82 -> 2.828 | O82: 322.92589 | R82: 0 | S82: =E82/5 -> 54.6536 | U82: =(F82+O82+P82+Q82+R82+T82)/S82 -> 8.322158 | V82: =(F82+O82+P82+Q82+R82)/S82 -> 8.322158 | W82: 52.5516 | X82: 69.2428 | Y82: 51.0944 | Z82: 33.292 | AA82: 50.9972 | AB82: 63.35 | AC82: 57.9076 | AD82: 54.7952 | AE82: 50.4236 | AF82: 37.1012 | AG82: 60.1184 | AI82: =G82*T82 -> 0 | AJ82: =VLOOKUP(A82,[1]Лист1!$B:$O,14,0) -> матрица
A83: 452 Колбаса Со шпиком ВЕС большой батон ТМ Особый рецепт ПОКОМ | B83: кг | C83: 1260.678 | D83: 1566.798 | E83: 1732.811 | F83: 732 | G83: 1 | H83: 60 | I83: P004257 | K83: 1757 | L83: =E83-K83 -> -24.189 | O83: 1505.9612 | R83: 961.86855 | S83: =E83/5 -> 346.5622 | U83: =(F83+O83+P83+Q83+R83+T83)/S83 -> 9.2330606 | V83: =(F83+O83+P83+Q83+R83)/S83 -> 9.2330606 | W83: 373.7016 | X83: 399.83 | Y83: 296.8424 | Z83: 287.976 | AA83: 270.9378 | AB83: 197.911 | AC83: 281.7218 | AD83: 365.8362 | AE83: 364.9426 | AF83: 298.3952 | AG83: 305.686 | AI83: =G83*T83 -> 0 | AJ83: =VLOOKUP(A83,[1]Лист1!$B:$O,14,0) -> матрица
A84: 456 Колбаса Филейная ТМ Особый рецепт ВЕС большой батон ПОКОМ | B84: кг | C84: 2612.727 | D84: 565.993 | E84: 1499.028 | F84: 1156.979 | G84: 1 | H84: 60 | I84: P004252 | K84: 1557.5 | L84: =E84-K84 -> -58.472 | O84: 1300.0737 | P84: 300 | Q84: 400 | R84: 110.56124 | S84: =E84/5 -> 299.8056 | U84: =(F84+O84+P84+Q84+R84+T84)/S84 -> 10.899109 | V84: =(F84+O84+P84+Q84+R84)/S84 -> 10.899109 | W84: 327.3332 | X84: 409.2622 | Y84: 319.2938 | Z84: 349.4932 | AA84: 374.8222 | AB84: 291.6486 | AC84: 348.508 | AD84: 351.8534 | AE84: 259.1704 | AF84: 199.9498 | AG84: 215.1898 | AI84: =G84*T84 -> 0 | AJ84: =VLOOKUP(A84,[1]Лист1!$B:$O,14,0) -> матрица
A85: 457 Колбаса Молочная ТМ Особый рецепт ВЕС большой батон ПОКОМ | B85: кг | C85: 4249.435 | D85: 430.767 | E85: 2604.457 | F85: 1394.597 | G85: 1 | H85: 60 | I85: P004256 | K85: 2663.9 | L85: =E85-K85 -> -59.443 | O85: 1529.4185 | P85: 500 | Q85: 700 | R85: 1335.8315 | S85: =E85/5 -> 520.8914 | U85: =(F85+O85+P85+Q85+R85+T85)/S85 -> 10.481737 | V85: =(F85+O85+P85+Q85+R85)/S85 -> 10.481737 | W85: 526.5282 | X85: 579.1278 | Y85: 471.8926 | Z85: 469.8184 | AA85: 607.0946 | AB85: 618.8918 | AC85: 622.3518 | AD85: 606.1702 | AE85: 528.5066 | AF85: 517.3166 | AG85: 479.4352 | AI85: =G85*T85 -> 0 | AJ85: =VLOOKUP(A85,[1]Лист1!$B:$O,14,0) -> матрица
A86: 498 Колбаса Сочинка рубленая с сочным окороком 0,3кг ТМ Стародворье ПОКОМ | B86: шт | C86: 39 | D86: 204 | E86: 63 | F86: 160 | G86: 0.3 | H86: 40 | I86: P003390 | K86: 105 | L86: =E86-K86 -> -42 | O86: 115.2 | R86: 6 | S86: =E86/5 -> 12.6 | U86: =(F86+O86+P86+Q86+R86+T86)/S86 -> 22.31746 | V86: =(F86+O86+P86+Q86+R86)/S86 -> 22.31746 | W86: 25 | X86: 32.4 | Y86: 26.6 | Z86: 8 | AA86: 5 | AB86: 21 | AC86: 27.8 | AD86: 22.8 | AE86: 24 | AF86: 24.4 | AG86: 24 | AI86: =G86*T86 -> 0 | AJ86: =VLOOKUP(A86,[1]Лист1!$B:$O,14,0) -> матрица
A87: 523 Колбаса Сальчичон нарезка 0,07кг ТМ Стародворье ПОКОМ | B87: шт | C87: 67 | D87: 25 | E87: 65 | F87: 9 | G87: 0.07 | H87: 90 | I87: P004978 | K87: 69 | L87: =E87-K87 -> -4 | O87: 77.8 | R87: 59.5 | S87: =E87/5 -> 13 | U87: =(F87+O87+P87+Q87+R87+T87)/S87 -> 11.253846 | V87: =(F87+O87+P87+Q87+R87)/S87 -> 11.253846 | W87: 14.6 | X87: 15 | Y87: 10 | Z87: 9.2 | AA87: 11.4 | AB87: 6.8 | AC87: 7.6 | AD87: 13.6 | AE87: 8.4 | AF87: 7.6 | AG87: 9.2 | AI87: =G87*T87 -> 0 | AJ87: =VLOOKUP(A87,[1]Лист1!$B:$O,14,0) -> матрица
A88: 524 Колбаса Сервелат Ореховый нарезка 0,07кг ТМ Стародворье ПОКОМ | B88: шт | C88: -2 | D88: 2 | G88: 0.07 | H88: 90 | K88: 3 | L88: =E88-K88 -> -3 | O88: 74.8 | R88: 0 | S88: =E88/5 -> 0 | U88: =(F88+O88+P88+Q88+R88+T88)/S88 -> #DIV/0! | V88: =(F88+O88+P88+Q88+R88)/S88 -> #DIV/0! | W88: 4 | X88: 10.4 | Y88: 9.8 | Z88: 10 | AA88: 12.4 | AB88: 6.6 | AC88: 1.8 | AD88: 0 | AE88: 0 | AF88: 0 | AG88: 0 | AI88: =G88*T88 -> 0 | AJ88: =VLOOKUP(A88,[1]Лист1!$B:$O,14,0) -> матрица
A89: 525 Колбаса Фуэт нарезка 0,07кг ТМ Стародворье ПОКОМ | B89: шт | C89: 117 | D89: 2 | E89: 71 | F89: 30 | G89: 0.07 | H89: 90 | I89: P004982 | K89: 67 | L89: =E89-K89 -> 4 | O89: 0 | R89: 39.5 | S89: =E89/5 -> 14.2 | U89: =(F89+O89+P89+Q89+R89+T89)/S89 -> 4.8943662 | V89: =(F89+O89+P89+Q89+R89)/S89 -> 4.8943662 | W89: 10.6 | X89: 8.4 | Y89: 4.2 | Z89: 5 | AA89: 12.4 | AB89: 9 | AC89: 4.6 | AD89: 7.2 | AE89: 6.8 | AF89: 7.4 | AG89: 7.6 | AI89: =G89*T89 -> 0 | AJ89: =VLOOKUP(A89,[1]Лист1!$B:$O,14,0) -> матрица
A90: 526 Корейка вяленая выдержанная нарезка 0,05кг ТМ Стародворье ПОКОМ | B90: шт | C90: 214 | D90: 2 | E90: 63 | F90: 142 | G90: 0.05 | H90: 90 | I90: P005023 | K90: 57 | L90: =E90-K90 -> 6 | O90: 0 | R90: 0 | S90: =E90/5 -> 12.6 | U90: =(F90+O90+P90+Q90+R90+T90)/S90 -> 11.269841 | V90: =(F90+O90+P90+Q90+R90)/S90 -> 11.269841 | W90: 7.6 | X90: 9.2 | Y90: 8.8 | Z90: 15.2 | AA90: 20.2 | AB90: 10 | AC90: 3.6 | AD90: 5.4 | AE90: 10.4 | AF90: 6 | AG90: 9.4 | AI90: =G90*T90 -> 0 | AJ90: =VLOOKUP(A90,[1]Лист1!$B:$O,14,0) -> не в матрице
A91: 527 Окорок Прошутто выдержанный нарезка 0,055кг ТМ Стародворье ПОКОМ | B91: шт | C91: 1 | E91: -7 | G91: 0.055 | I91: P005022 | K91: 17 | L91: =E91-K91 -> -24 | O91: 0 | R91: 0 | S91: =E91/5 -> -1.4 | U91: =(F91+O91+P91+Q91+R91+T91)/S91 -> 0 | V91: =(F91+O91+P91+Q91+R91)/S91 -> 0 | W91: -0.6 | X91: -0.4 | Y91: -0.4 | Z91: -1 | AA91: 2 | AB91: 6.4 | AC91: 11 | AD91: 12.8 | AE91: 7 | AF91: 11 | AG91: 11.8 | AH91: нет в бланке | AI91: =G91*T91 -> 0 | AJ91: =VLOOKUP(A91,[1]Лист1!$B:$O,14,0) -> не в матрице
A92: 530 Окорок Хамон выдержанный нарезка 0,055кг ТМ Стародворье ПОКОМ | B92: шт | D92: 2 | E92: -4 | F92: 1 | G92: 0.055 | I92: P005021 | K92: 30 | L92: =E92-K92 -> -34 | O92: 0 | R92: 0 | S92: =E92/5 -> -0.8 | U92: =(F92+O92+P92+Q92+R92+T92)/S92 -> -1.25 | V92: =(F92+O92+P92+Q92+R92)/S92 -> -1.25 | W92: 2.8 | X92: 11 | Y92: 10 | Z92: 7.8 | AA92: 12.6 | AB92: 9.4 | AC92: 9.4 | AD92: 7.8 | AE92: 0.8 | AF92: 11.2 | AG92: 7.4 | AH92: нет в бланке | AI92: =G92*T92 -> 0 | AJ92: =VLOOKUP(A92,[1]Лист1!$B:$O,14,0) -> не в матрице
A93: 547 Колбаса Мясная Классическая ТМ Вязанка в оболочке полиамид. ВЕС ПОКОМ | B93: кг | C93: 100.933 | E93: 17.663 | F93: 83.27 | G93: 0 | I93: не в матрице | K93: 14.1 | L93: =E93-K93 -> 3.563 | O93: 0 | R93: 0 | S93: =E93/5 -> 3.5326 | U93: =(F93+O93+P93+Q93+R93+T93)/S93 -> 23.571873 | V93: =(F93+O93+P93+Q93+R93)/S93 -> 23.571873 | W93: 2.881 | X93: 7.3634 | Y93: 8.0034 | Z93: 10.226 | AA93: 11.8124 | AB93: 7.6684 | AC93: 0.9608 | AD93: 0 | AE93: 0 | AF93: 0 | AG93: 0 | AH93: Не заказываем ( ошибочное скю) распрадаём | AJ93: =VLOOKUP(A93,[1]Лист1!$B:$O,14,0) -> матрица
A94: 553 Ассорти колбас Мясорубская коллекция: Сервелат Делюкс, С балыком 0,08 кг нарезка ПОКОМ | B94: шт | C94: 92 | D94: 2 | E94: 92 | F94: -1 | G94: 0.08 | H94: 45 | I94: P005155 | K94: 97 | L94: =E94-K94 -> -5 | O94: 97.2 | R94: 89.8 | S94: =E94/5 -> 18.4 | U94: =(F94+O94+P94+Q94+R94+T94)/S94 -> 10.108696 | V94: =(F94+O94+P94+Q94+R94)/S94 -> 10.108696 | W94: 18.8 | X94: 17.2 | Y94: 7.4 | Z94: 1 | AA94: 8.8 | AB94: 14.2 | AC94: 14.6 | AD94: 11.6 | AE94: 6.2 | AF94: 13.2 | AG94: 10.8 | AI94: =G94*T94 -> 0 | AJ94: =VLOOKUP(A94,[1]Лист1!$B:$O,14,0) -> матрица
A95: 554 Колбаса Сервелат Мясорубский ТМ Стародворье в упаковке скин 0,08 кг нарезка ПОКОМ | B95: шт | C95: 94 | D95: 16 | E95: 84 | F95: 9 | G95: 0.08 | H95: 45 | I95: P003837 | K95: 101 | L95: =E95-K95 -> -17 | O95: 58.4 | R95: 97.5 | S95: =E95/5 -> 16.8 | U95: =(F95+O95+P95+Q95+R95+T95)/S95 -> 9.8154762 | V95: =(F95+O95+P95+Q95+R95)/S95 -> 9.8154762 | W95: 22.2 | X95: 22 | Y95: 19 | Z95: 16.2 | AA95: 17.2 | AB95: 13.8 | AC95: 19 | AD95: 20.8 | AE95: 6.4 | AF95: 16 | AG95: 10.6 | AI95: =G95*T95 -> 0 | AJ95: =VLOOKUP(A95,[1]Лист1!$B:$O,14,0) -> матрица
A96: 556 Колбаса Сервелат Ореховый ТМ Вязанка в оболочке фиброуз в вакуумной упаковке, ВЕС ПОКОМ | B96: кг | C96: 420.064 | D96: 39.058 | E96: 236.79 | F96: 199.369 | G96: 1 | H96: 40 | I96: P005376 | K96: 235.94 | L96: =E96-K96 -> 0.85 | O96: 91.7168 | R96: 47.6706 | S96: =E96/5 -> 47.358 | U96: =(F96+O96+P96+Q96+R96+T96)/S96 -> 7.1530977 | V96: =(F96+O96+P96+Q96+R96)/S96 -> 7.1530977 | W96: 40.43 | X96: 48.8384 | Y96: 44.055 | Z96: 44.2652 | AA96: 54.2422 | AB96: 42.4114 | AC96: 28.5622 | AD96: 39.1972 | AE96: 41.0348 | AF96: 31.8382 | AG96: 26.2472 | AI96: =G96*T96 -> 0 | AJ96: =VLOOKUP(A96,[1]Лист1!$B:$O,14,0) -> матрица
A97: 557 Колбаса Сервелат Финский ТМ Вязанка в оболочке фиброуз в вакуумной упаковке, ВЕС ПОКОМ | B97: кг | C97: 391.832 | D97: 70.25 | E97: 223.185 | F97: 190.083 | G97: 1 | H97: 40 | I97: P005377 | K97: 211.2 | L97: =E97-K97 -> 11.985 | O97: 164.59374 | R97: 64.0479 | S97: =E97/5 -> 44.637 | U97: =(F97+O97+P97+Q97+R97+T97)/S97 -> 9.3806628 | V97: =(F97+O97+P97+Q97+R97)/S97 -> 9.3806628 | W97: 44.8142 | X97: 56.3206 | Y97: 47.0692 | Z97: 42.1012 | AA97: 53.484 | AB97: 58.659 | AC97: 62.7642 | AD97: 61.1132 | AE97: 41.2218 | AF97: 20.9914 | AG97: 18.9708 | AI97: =G97*T97 -> 0 | AJ97: =VLOOKUP(A97,[1]Лист1!$B:$O,14,0) -> матрица
A98: 558 Колбаса Балыковая НОВАЯ ВЕС Вязанка фиброуз в/у ПОКОМ | B98: кг | C98: 304.642 | D98: 197.387 | E98: 325.826 | F98: 112.689 | G98: 1 | H98: 40 | I98: P005375 | K98: 320.32 | L98: =E98-K98 -> 5.506 | O98: 163.24152 | R98: 87.16352 | S98: =E98/5 -> 65.1652 | U98: =(F98+O98+P98+Q98+R98+T98)/S98 -> 5.571901 | V98: =(F98+O98+P98+Q98+R98)/S98 -> 5.571901 | W98: 60.9452 | X98: 70.5732 | Y98: 62.6512 | Z98: 44.8766 | AA98: 53.4986 | AB98: 56.8796 | AC98: 47.9104 | AD98: 60.2986 | AE98: 44.475 | AF98: 43.3216 | AG98: 38.0556 | AI98: =G98*T98 -> 0 | AJ98: =VLOOKUP(A98,[1]Лист1!$B:$O,14,0) -> матрица
A99: 569 Колбаса Балыковая ТМ Вязанка в оболочке фиброуз в вакуумной упаковке 0,28 кг срез. ПОКОМ | B99: шт | C99: 101 | D99: 11 | E99: 100 | F99: 5 | G99: 0.28 | H99: 40 | I99: P005163 | K99: 210 | L99: =E99-K99 -> -110 | O99: 287 | R99: 164.1 | S99: =E99/5 -> 20 | U99: =(F99+O99+P99+Q99+R99+T99)/S99 -> 22.805 | V99: =(F99+O99+P99+Q99+R99)/S99 -> 22.805 | W99: 41 | X99: 38.8 | Y99: 14.8 | Z99: -2.6 | AA99: -1.8 | AB99: 10.4 | AC99: 23 | AD99: 12 | AE99: 46.2 | AF99: 35.4 | AG99: 47.4 | AI99: =G99*T99 -> 0 | AJ99: =VLOOKUP(A99,[1]Лист1!$B:$O,14,0) -> матрица
A100: 570 Колбаса Сервелат Финский ТМ Вязанка в оболочке фиброуз в вак. упаковке 0,28 кг срез ПОКОМ | B100: шт | C100: 434 | D100: 3 | E100: 193 | F100: 208 | G100: 0.28 | H100: 40 | K100: 194 | L100: =E100-K100 -> -1 | O100: 0 | R100: 0 | S100: =E100/5 -> 38.6 | U100: =(F100+O100+P100+Q100+R100+T100)/S100 -> 5.388601 | V100: =(F100+O100+P100+Q100+R100)/S100 -> 5.388601 | W100: 25 | X100: 12.8 | Y100: 8.6 | Z100: 24 | AA100: 42.6 | AB100: 28.8 | AC100: 4.2 | AD100: 0 | AE100: 0 | AF100: 0 | AG100: 0 | AI100: =G100*T100 -> 0 | AJ100: =VLOOKUP(A100,[1]Лист1!$B:$O,14,0) -> матрица
A101: 571 Колбаса Сервелат Ореховый ТМ Вязанка в оболочке фиброуз в вак. упаковке 0,28 кг срез ПОКОМ | B101: шт | C101: 325 | D101: 9 | E101: 198 | F101: 97 | G101: 0.28 | H101: 40 | I101: P005166 | K101: 200 | L101: =E101-K101 -> -2 | O101: 103 | R101: 70.5 | S101: =E101/5 -> 39.6 | U101: =(F101+O101+P101+Q101+R101+T101)/S101 -> 6.8308081 | V101: =(F101+O101+P101+Q101+R101)/S101 -> 6.8308081 | W101: 31.8 | X101: 39 | Y101: 32.2 | Z101: 27.6 | AA101: 42.8 | AB101: 38.6 | AC101: 32.6 | AD101: 34.2 | AE101: 36.8 | AF101: 29 | AG101: 35.8 | AI101: =G101*T101 -> 0 | AJ101: =VLOOKUP(A101,[1]Лист1!$B:$O,14,0) -> матрица
A102: 579 Колбаса Ветчинно-рубленая ТМ Особый рецепт в оболочке полиамид.ВЕС ПОКОМ | B102: кг | C102: 263.997 | E102: 92.064 | F102: 159.589 | G102: 1 | H102: 60 | I102: P005388 | K102: 102.5 | L102: =E102-K102 -> -10.436 | O102: 0 | R102: 0 | S102: =E102/5 -> 18.4128 | U102: =(F102+O102+P102+Q102+R102+T102)/S102 -> 8.6672858 | V102: =(F102+O102+P102+Q102+R102)/S102 -> 8.6672858 | W102: 15.7308 | X102: 19.1852 | Y102: 9.5002 | Z102: 4.1302 | AA102: 29.8982 | AB102: 29.8498 | AC102: 3.4444 | AD102: 3.4984 | AE102: 23.0164 | AF102: 18.6042 | AG102: 18.5952 | AI102: =G102*T102 -> 0 | AJ102: =VLOOKUP(A102,[1]Лист1!$B:$O,14,0) -> матрица
A103: 580 Ветчина Нежная с индейкой ТМ Особый рецепт в оболочке полиамид.ВЕС ПОКОМ | B103: кг | C103: 117.829 | D103: 17.48 | E103: 82.486 | F103: 17.864 | G103: 1 | H103: 50 | I103: P004675 | K103: 90 | L103: =E103-K103 -> -7.514 | O103: 47.146 | R103: 45.139 | S103: =E103/5 -> 16.4972 | U103: =(F103+O103+P103+Q103+R103+T103)/S103 -> 6.67683 | V103: =(F103+O103+P103+Q103+R103)/S103 -> 6.67683 | W103: 14.1732 | X103: 15.642 | Y103: 12.287 | Z103: 4.116 | AA103: 7.7904 | AB103: 13.4958 | AC103: 18.4904 | AD103: 21.981 | AE103: 8.9924 | AF103: 14.0106 | AG103: 17.4966 | AI103: =G103*T103 -> 0 | AJ103: =VLOOKUP(A103,[1]Лист1!$B:$O,14,0) -> матрица
A104: 585 Колбаса Молочная ТМ Стародворье в оболочке вектор НД ВЕС. ПОКОМ | B104: кг | C104: 45.04 | D104: 26.133 | E104: 56.642 | F104: 11.073 | G104: 1 | H104: 60 | K104: 61.3 | L104: =E104-K104 -> -4.658 | O104: 151.186 | R104: 41.369 | S104: =E104/5 -> 11.3284 | U104: =(F104+O104+P104+Q104+R104+T104)/S104 -> 17.975001 | V104: =(F104+O104+P104+Q104+R104)/S104 -> 17.975001 | W104: 16.998 | X104: 21.1784 | Y104: 9.844 | Z104: 0 | AA104: 0 | AB104: 0 | AC104: 0 | AD104: 0 | AE104: 12.7134 | AF104: 23.9906 | AG104: 11.8384 | AI104: =G104*T104 -> 0 | AJ104: =VLOOKUP(A104,[1]Лист1!$B:$O,14,0) -> матрица
A105: 586 Колбаса Мясная ТМ Стародворье в оболочке вектор НД ВЕС. ПОКОМ | B105: кг | C105: 144.348 | D105: 242.753 | E105: 203.4 | F105: 148.33 | G105: 1 | H105: 60 | I105: P005361 | K105: 195.9 | L105: =E105-K105 -> 7.5 | O105: 53.6896 | R105: 48.5861 | S105: =E105/5 -> 40.68 | U105: =(F105+O105+P105+Q105+R105+T105)/S105 -> 6.1604154 | V105: =(F105+O105+P105+Q105+R105)/S105 -> 6.1604154 | W105: 30.5414 | X105: 38.3302 | Y105: 36.9798 | Z105: 37.9528 | AA105: 20.715 | AB105: 10.0794 | AC105: 31.3204 | AD105: 42.7492 | AE105: 29.6684 | AF105: 23.6654 | AG105: 8.9772 | AI105: =G105*T105 -> 0 | AJ105: =VLOOKUP(A105,[1]Лист1!$B:$O,14,0) -> матрица
A106: 588 Колбаса Со шпиком ТМ Стародворье в оболочке вектор ВЕС ПОКОМ | B106: кг | C106: 135.527 | D106: 4.11 | E106: 93.284 | F106: 38.119 | G106: 1 | H106: 60 | I106: P005363 | K106: 83.1 | L106: =E106-K106 -> 10.184 | O106: 0 | R106: 23.1965 | S106: =E106/5 -> 18.6568 | U106: =(F106+O106+P106+Q106+R106+T106)/S106 -> 3.2864961 | V106: =(F106+O106+P106+Q106+R106)/S106 -> 3.2864961 | W106: 9.5118 | X106: 9.5026 | Y106: 9.9976 | Z106: 8.3858 | AA106: 12.8756 | AB106: 14.6718 | AC106: 8.1276 | AD106: 5.9496 | AE106: 7.894 | AF106: 7.857 | AG106: 4.05 | AI106: =G106*T106 -> 0 | AJ106: =VLOOKUP(A106,[1]Лист1!$B:$O,14,0) -> матрица
A107: 597 Колбаса Классическая ТМ Особый рецепт в оболочке полиамид ВЕС. ПОКОМ | B107: кг | C107: 1633.262 | D107: 17.574 | E107: 969.369 | F107: 527.692 | G107: 1 | H107: 60 | K107: 982.5 | L107: =E107-K107 -> -13.131 | O107: 0 | P107: 200 | Q107: 200 | R107: 891.41624 | S107: =E107/5 -> 193.8738 | U107: =(F107+O107+P107+Q107+R107+T107)/S107 -> 9.3829504 | V107: =(F107+O107+P107+Q107+R107)/S107 -> 9.3829504 | W107: 177.2684 | X107: 143.5426 | Y107: 73.3186 | Z107: 37.8002 | AA107: 16.512 | AB107: 0 | AC107: 0 | AD107: 0 | AE107: 0 | AF107: 0 | AG107: 0 | AH107: вместо 219 | AI107: =G107*T107 -> 0 | AJ107: =VLOOKUP(A107,[1]Лист1!$B:$O,14,0) -> матрица
A108: 495 Колбаса Сочинка по-европейски с сочной грудинкой 0,3кг ТМ Стародворье ПОКОМ | B108: шт | C108: 364 | D108: 28 | E108: 300 | F108: 69 | G108: 0.3 | H108: 40 | I108: P003386 | K108: 293.7 | L108: =E108-K108 -> 6.3 | O108: 103.4 | R108: 75.6 | S108: =E108/5 -> 60 | U108: =(F108+O108+P108+Q108+R108+T108)/S108 -> 4.1333333 | V108: =(F108+O108+P108+Q108+R108)/S108 -> 4.1333333 | W108: 36.4 | X108: 44.4 | Y108: 39 | Z108: 37.2 | AA108: 48.4 | AB108: 47.6 | AC108: 37.4 | AD108: 29 | AE108: 50.2 | AF108: 31.6 | AG108: 36.2 | AI108: =G108*T108 -> 0 | AJ108: =VLOOKUP(A108,[1]Лист1!$B:$O,14,0) -> матрица
A109: 496 Колбаса Сочинка по-фински с сочным окроком 0,3кг ТМ Стародворье ПОКОМ | B109: шт | D109: 91 | E109: 80 | F109: 1 | G109: 0.3 | H109: 40 | I109: P003385 | K109: 136 | L109: =E109-K109 -> -56 | O109: 0 | R109: 0 | S109: =E109/5 -> 16 | U109: =(F109+O109+P109+Q109+R109+T109)/S109 -> 0.0625 | V109: =(F109+O109+P109+Q109+R109)/S109 -> 0.0625 | W109: -1.2 | X109: -0.6 | Y109: -1.2 | Z109: -3.6 | AA109: -6.6 | AB109: 4.4 | AC109: 6.8 | AD109: 2.8 | AE109: 20.4 | AF109: 27.2 | AG109: 29 | AH109: 159 шт списание (04,07,26 - инвентаризация) | AI109: =G109*T109 -> 0 | AJ109: =VLOOKUP(A109,[1]Лист1!$B:$O,14,0) -> матрица
A110: 503 Колбаса Филейская со шпиком ТМ Вязанка в оболочке полиамид.ПОКОМ | B110: кг | C110: 20.392 | E110: 9.505 | F110: 9.525 | G110: 1 | H110: 50 | I110: P004621 | K110: 8.4 | L110: =E110-K110 -> 1.105 | O110: 6.3732 | R110: 0 | S110: =E110/5 -> 1.901 | U110: =(F110+O110+P110+Q110+R110+T110)/S110 -> 8.3630721 | V110: =(F110+O110+P110+Q110+R110)/S110 -> 8.3630721 | W110: 1.0864 | X110: 2.4332 | Y110: 1.623 | Z110: 0 | AA110: 0 | AB110: -0.047 | AC110: 2.073 | AD110: 2.12 | AE110: 3.0232 | AF110: 2.4928 | AG110: 1.1104 | AH110: нужно увеличить продажи | AI110: =G110*T110 -> 0 | AJ110: =VLOOKUP(A110,[1]Лист1!$B:$O,14,0) -> матрица
A111: 515 Колбаса Сервелат Мясорубский Делюкс 0,3кг ТМ Стародворье ПОКОМ | B111: шт | C111: 56 | D111: 142 | E111: 73 | F111: 112 | G111: 0.3 | H111: 40 | I111: P004890 | K111: 122 | L111: =E111-K111 -> -49 | O111: 276.28 | R111: 0 | S111: =E111/5 -> 14.6 | U111: =(F111+O111+P111+Q111+R111+T111)/S111 -> 26.594521 | V111: =(F111+O111+P111+Q111+R111)/S111 -> 26.594521 | W111: 30 | X111: 42.6 | Y111: 23.8 | Z111: 8 | AA111: 18.8 | AB111: 20.4 | AC111: 20.4 | AD111: 16.6 | AE111: 16 | AF111: 15.4 | AG111: 18.4 | AI111: =G111*T111 -> 0 | AJ111: =VLOOKUP(A111,[1]Лист1!$B:$O,14,0) -> матрица
A112: 519 Грудинка 0,12 кг нарезка ТМ Стародворье ПОКОМ | B112: шт | C112: 150 | E112: 73 | F112: 71 | G112: 0.12 | H112: 45 | I112: P005060 | K112: 73 | L112: =E112-K112 -> 0 | O112: 0 | R112: 0 | S112: =E112/5 -> 14.6 | U112: =(F112+O112+P112+Q112+R112+T112)/S112 -> 4.8630137 | V112: =(F112+O112+P112+Q112+R112)/S112 -> 4.8630137 | W112: 7.4 | X112: 3.6 | Y112: 3.2 | Z112: 6.2 | AA112: 12.2 | AB112: 7.6 | AC112: 0.4 | AD112: 1.8 | AE112: 7.6 | AF112: 2.8 | AG112: 5 | AI112: =G112*T112 -> 0 | AJ112: =VLOOKUP(A112,[1]Лист1!$B:$O,14,0) -> матрица
