Workbook

Sheet Sheet
Z1: 0.71 | AB1: 0.682
R2: 1800 | T2: 4100 | W2: 1540 | Z2: дн | AB2: % | AO2: 12660 | AQ2: 16700
A3: Номенклатура | B3: Ед. изм. | C3: Начальный остаток | D3: Приход | E3: Расход | F3: Конечный остаток | G3: крат | H3: сроки | I3: метка | J3: метка2 | K3: заяв | L3: разн | M3: без опта | N3: опт | O3: заказ в пути | P3: заказ в пути | Q3: заказ в пути | R3: заказ в пути | S3: заказ в пути | T3: заказ в пути | U3: заказ в пути | V3: заказ в пути | W3: заказ в пути | X3: ср нов | Y3: расчет | Z3: итого | AA3: заказ | AB3: заказ | AC3: ТК | AD3: кон ост | AE3: факт | AF3: ср | AG3: ср | AH3: ср | AI3: ср | AJ3: ср | AK3: ср | AL3: ср | AM3: ср | AN3: комментарии | AO3: вес | AQ3: вес
O4: брак | P4: 01,09, | Q4: 01,09,предзаказ | R4: 01,09,доз | S4: 02,09, | T4: 02,09,доз | U4: 02,09,(2) | V4: 02,09,(2)недогр | W4: 02,09,(2)доз | X4: 30,07, | AA4: 03,08, | AB4: 04,08, | AC4: Боярко | AF4: 28,07, | AG4: 23,07, | AH4: 21,07, | AI4: 20,07, | AJ4: 16,07, | AK4: 14,07, | AL4: 09,07, | AM4: 07,07, | AO4: 03,08, | AQ4: 04,08,
E5: =SUM(E6:E492) -> 67932.835 | F5: =SUM(F6:F492) -> 50904.662 | K5: =SUM(K6:K492) -> 78555.285 | L5: =SUM(L6:L492) -> -10622.45 | M5: =SUM(M6:M492) -> 63818.748 | N5: =SUM(N6:N492) -> 4114.087 | O5: =SUM(O6:O492) -> -3500 | P5: =SUM(P6:P492) -> 25070.966 | Q5: =SUM(Q6:Q492) -> 15350 | R5: =SUM(R6:R492) -> 1800 | ... AB5: =SUM(AB6:AB492) -> 21727.185 | AF5: =SUM(AF6:AF492) -> 14118.473 | AG5: =SUM(AG6:AG492) -> 10392.848 | AH5: =SUM(AH6:AH492) -> 11560.837 | AI5: =SUM(AI6:AI492) -> 11734.199 | AJ5: =SUM(AJ6:AJ492) -> 14138.868 | AK5: =SUM(AK6:AK492) -> 14537.335 | AL5: =SUM(AL6:AL492) -> 14045.693 | AM5: =SUM(AM6:AM492) -> 13116.187 | AO5: =SUM(AO6:AO492) -> 12671 | AQ5: =SUM(AQ6:AQ492) -> 16729
A6: 005 Колбаса Докторская ГОСТ, Вязанка вектор,ВЕС. ПОКОМ | B6: кг | C6: 1920.41 | D6: 2613.872 | E6: 1919.583 | F6: 2027.259 | G6: 1 | H6: 50 | I6: ТОП / матрица | K6: 1966.02 | L6: =E6-K6 -> -46.437 | M6: =E6-N6 -> 1919.583 | P6: 725.08628 | S6: 800 | X6: =M6/5 -> 383.9166 | Y6: =11.5*X6-W6-U6-S6-P6-O6-F6 -> 862.69562 | Z6: =Y6+$Z$1*X6 -> 1135.2764 | AA6: =Z6-AB6 -> 361.0179 | AB6: =$AB$1*Z6 -> 774.25851 | AD6: =(F6+O6+P6+S6+U6+W6+Z6+Q6+T6+R6+V6)/X6 -> 12.21 | AE6: =(F6+O6+P6+S6+U6+W6)/X6 -> 9.2529088 | AF6: 414.5354 | AG6: 309.1234 | AH6: 397.2206 | AI6: 387.4498 | AJ6: 475.3052 | AK6: 548.6424 | AL6: 471.7946 | AM6: 438.9076 | AO6: =ROUND(G6*AA6,0) -> 361 | AP6: =VLOOKUP(A6,[1]Лист1!$A:$B,2,0) -> 361 | AQ6: =ROUND(G6*AB6,0) -> 774
A7: 016 Сосиски Вязанка Молочные, Вязанка вискофан ВЕС.ПОКОМ | B7: кг | C7: 598.005 | D7: 1030.546 | E7: 1194.783 | F7: 190.639 | G7: 1 | H7: 45 | I7: ТОП / матрица | K7: 1150.703 | L7: =E7-K7 -> 44.08 | M7: =E7-N7 -> 1161.967 | N7: 32.816 | P7: 284.72726 | Q7: 800 | X7: =M7/5 -> 232.3934 | Y7: =11.5*X7-W7-U7-S7-P7-O7-F7-Q7 -> 1397.1578 | Z7: =Y7+$Z$1*X7 -> 1562.1572 | AA7: =Z7-AB7 -> 496.76597 | AB7: =$AB$1*Z7 -> 1065.3912 | AD7: =(F7+O7+P7+S7+U7+W7+Z7+Q7+T7+R7+V7)/X7 -> 12.21 | AE7: =(F7+O7+P7+S7+U7+W7)/X7 -> 2.0455239 | AF7: 194.2758 | AG7: 139.5838 | AH7: 139.1384 | AI7: 153.544 | AJ7: 198.9838 | AK7: 211.201 | AL7: 193.3256 | AM7: 182.8198 | AO7: =ROUND(G7*AA7,0) -> 497 | AP7: =VLOOKUP(A7,[1]Лист1!$A:$B,2,0) -> 497 | AQ7: =ROUND(G7*AB7,0) -> 1065
A8: 017 Сосиски Вязанка Сливочные, Вязанка амицел ВЕС.ПОКОМ | B8: кг | C8: 2259.225 | D8: 3088.687 | E8: 3123.736 | F8: 801.897 | G8: 1 | H8: 45 | I8: ТОП / матрица | K8: 3159.01 | L8: =E8-K8 -> -35.274 | M8: =E8-N8 -> 3018.04 | N8: 105.696 | P8: 800 | Q8: 2300 | U8: 500 | X8: =M8/5 -> 603.608 | Y8: =11.5*X8-W8-U8-S8-P8-O8-F8-Q8 -> 2539.595 | Z8: =Y8+$Z$1*X8 -> 2968.1567 | AA8: =Z8-AB8 -> 943.87382 | AB8: =$AB$1*Z8 -> 2024.2829 | AD8: =(F8+O8+P8+S8+U8+W8+Z8+Q8+T8+R8+V8)/X8 -> 12.21 | AE8: =(F8+O8+P8+S8+U8+W8)/X8 -> 3.4822219 | AF8: 601.6022 | AG8: 449.453 | AH8: 483.4718 | AI8: 504.7164 | AJ8: 603.9064 | AK8: 611.2856 | AL8: 564.6566 | AM8: 559.115 | AO8: =ROUND(G8*AA8,0) -> 944 | AP8: =VLOOKUP(A8,[1]Лист1!$A:$B,2,0) -> 944 | AQ8: =ROUND(G8*AB8,0) -> 2024
A9: 023 Колбаса Докторская ГОСТ, Вязанка вектор, 0,4 кг, ПОКОМ | B9: шт | D9: 22 | E9: 13 | F9: 6 | G9: 0.4 | H9: 50 | I9: матрица | K9: 21 | L9: =E9-K9 -> -8 | M9: =E9-N9 -> 13 | P9: 13 | X9: =M9/5 -> 2.6 | Y9: =11.5*X9-W9-U9-S9-P9-O9-F9 -> 10.9 | Z9: =Y9 -> 10.9 | AA9: =Z9-AB9 -> 10.9 | AD9: =(F9+O9+P9+S9+U9+W9+Z9+Q9+T9+R9+V9)/X9 -> 11.5 | AE9: =(F9+O9+P9+S9+U9+W9)/X9 -> 7.3076923 | AF9: 2.2 | AG9: 0 | AH9: 0 | AI9: 0 | AJ9: 0 | AK9: 0.6 | AL9: 0.6 | AM9: 0 | AN9: 19 шт списано (12,07,26) | AO9: =ROUND(G9*AA9,0) -> 4 | AP9: =VLOOKUP(A9,[1]Лист1!$A:$B,2,0) -> 4 | AQ9: =ROUND(G9*AB9,0) -> 0
A10: 030 Сосиски Вязанка Молочные, Вязанка вискофан МГС, 0.45кг, ПОКОМ | B10: шт | C10: 292 | D10: 3888.201 | E10: 3529.355 | F10: 126.645 | G10: 0.45 | H10: 45 | I10: ВНИМАНИЕ / матрица | K10: 3764 | L10: =E10-K10 -> -234.645 | M10: =E10-N10 -> 3529.355 | P10: 1000 | U10: 1000 | X10: =M10/5 -> 705.871 | Y10: 3000 | Z10: =Y10 -> 3000 | AA10: =Z10-AB10 -> 954 | AB10: =$AB$1*Z10 -> 2046 | AD10: =(F10+O10+P10+S10+U10+W10+Z10+Q10+T10+R10+V10)/X10 -> 7.2628639 | AE10: =(F10+O10+P10+S10+U10+W10)/X10 -> 3.0127955 | AF10: 624.671 | AG10: 265.4 | AH10: 547.2 | AI10: 563.6 | AJ10: 673.6 | AK10: 380.8 | AL10: 376.4 | AM10: 381.8 | AN10: 1000шт под ЮТЛ (Хмель 15,07,26) | AO10: =ROUND(G10*AA10,0) -> 429 | AP10: =VLOOKUP(A10,[1]Лист1!$A:$B,2,0) -> 429 | AQ10: =ROUND(G10*AB10,0) -> 921
A11: 032 Сосиски Вязанка Сливочные, Вязанка амицел МГС, 0.45кг, ПОКОМ | B11: шт | C11: 3172 | D11: 2301 | E11: 3536.829 | F11: 1075.171 | G11: 0.45 | H11: 45 | I11: ТОП / матрица | K11: 3813 | L11: =E11-K11 -> -276.171 | M11: =E11-N11 -> 3536.829 | P11: 1989.487 | U11: 3000 | X11: =M11/5 -> 707.3658 | Y11: =11.5*X11-W11-U11-S11-P11-O11-F11 -> 2070.0487 | Z11: =Y11+$Z$1*X11 -> 2572.2784 | AA11: =Z11-AB11 -> 817.98454 | AB11: =$AB$1*Z11 -> 1754.2939 | AD11: =(F11+O11+P11+S11+U11+W11+Z11+Q11+T11+R11+V11)/X11 -> 12.21 | AE11: =(F11+O11+P11+S11+U11+W11)/X11 -> 8.573581 | AF11: 771.7658 | AG11: 431.2 | AH11: 445.4 | AI11: 495.2 | AJ11: 660.46 | AK11: 717.66 | AL11: 698.8 | AM11: 602.2 | AO11: =ROUND(G11*AA11,0) -> 368 | AP11: =VLOOKUP(A11,[1]Лист1!$A:$B,2,0) -> 368 | AQ11: =ROUND(G11*AB11,0) -> 789
A12: 047 Кол Баварская, белков.обол. в термоусад. пакете 0.17 кг, ТМ Стародворье ПОКОМ | B12: шт | C12: 66 | D12: 143 | E12: 175 | F12: 17 | G12: 0.17 | H12: 180 | I12: матрица | K12: 181 | L12: =E12-K12 -> -6 | M12: =E12-N12 -> 175 | P12: 150.6 | X12: =M12/5 -> 35 | Y12: =11.5*X12-W12-U12-S12-P12-O12-F12 -> 234.9 | Z12: =Y12 -> 234.9 | AA12: =Z12-AB12 -> 234.9 | AD12: =(F12+O12+P12+S12+U12+W12+Z12+Q12+T12+R12+V12)/X12 -> 11.5 | AE12: =(F12+O12+P12+S12+U12+W12)/X12 -> 4.7885714 | AF12: 24.6 | AG12: 9 | AH12: 5.4 | AI12: 12.6 | AJ12: 17.2 | AK12: 21 | AL12: 14.4 | AM12: 13.6 | AO12: =ROUND(G12*AA12,0) -> 40 | AP12: =VLOOKUP(A12,[1]Лист1!$A:$B,2,0) -> 40 | AQ12: =ROUND(G12*AB12,0) -> 0
A13: 062 Колбаса Кракушка пряная с сальцем, 0.3кг в/у п/к, БАВАРУШКА ПОКОМ | B13: шт | C13: 1 | D13: 122 | E13: 42 | F13: 53 | G13: 0.3 | H13: 40 | I13: матрица | K13: 50 | L13: =E13-K13 -> -8 | M13: =E13-N13 -> 42 | P13: 0 | X13: =M13/5 -> 8.4 | Y13: =11.5*X13-W13-U13-S13-P13-O13-F13 -> 43.6 | Z13: =Y13 -> 43.6 | AA13: =Z13-AB13 -> 43.6 | AD13: =(F13+O13+P13+S13+U13+W13+Z13+Q13+T13+R13+V13)/X13 -> 11.5 | AE13: =(F13+O13+P13+S13+U13+W13)/X13 -> 6.3095238 | AF13: 3.2 | AG13: 1 | AH13: 0.8 | AI13: 2.6 | AJ13: 9.4 | AK13: 13.4 | AL13: 4.4 | AM13: 0.4 | AO13: =ROUND(G13*AA13,0) -> 13 | AP13: =VLOOKUP(A13,[1]Лист1!$A:$B,2,0) -> 13 | AQ13: =ROUND(G13*AB13,0) -> 0
A14: 083 Колбаса Швейцарская 0,17 кг., ШТ., сырокопченая ПОКОМ | B14: шт | C14: 484 | D14: 80 | E14: 301 | F14: 230 | G14: 0.17 | H14: 180 | I14: матрица | K14: 307 | L14: =E14-K14 -> -6 | M14: =E14-N14 -> 301 | P14: 384.2 | X14: =M14/5 -> 60.2 | Y14: =11.5*X14-W14-U14-S14-P14-O14-F14 -> 78.1 | Z14: =Y14 -> 78.1 | AA14: =Z14-AB14 -> 78.1 | AD14: =(F14+O14+P14+S14+U14+W14+Z14+Q14+T14+R14+V14)/X14 -> 11.5 | AE14: =(F14+O14+P14+S14+U14+W14)/X14 -> 10.202658 | AF14: 65.2 | AG14: 36.6 | AH14: 21.4 | AI14: 16.2 | AJ14: 29.4 | AK14: 74.2 | AL14: 73.8 | AM14: 37.6 | AO14: =ROUND(G14*AA14,0) -> 13 | AP14: =VLOOKUP(A14,[1]Лист1!$A:$B,2,0) -> 13 | AQ14: =ROUND(G14*AB14,0) -> 0
A15: 103 Сосиски Классические, 0.42кг,ядрена копотьПОКОМ | B15: шт | D15: 384 | E15: 21 | F15: 363 | G15: 0 | I15: не в матрице | K15: 27 | L15: =E15-K15 -> -6 | M15: =E15-N15 -> 21 | P15: 0 | X15: =M15/5 -> 4.2 | Z15: =Y15 -> 0 | AA15: =Z15-AB15 -> 0 | AD15: =(F15+O15+P15+S15+U15+W15+Z15+Q15+T15+R15+V15)/X15 -> 86.428571 | AE15: =(F15+O15+P15+S15+U15+W15)/X15 -> 86.428571 | AF15: 0 | AG15: 0 | AH15: 0 | AI15: 0 | AJ15: 0 | AK15: 0 | AL15: 0 | AM15: 0 | AN15: перемещение ЛП???? | AO15: =ROUND(G15*AA15,0) -> 0 | AP15: =VLOOKUP(A15,[1]Лист1!$A:$B,2,0) -> 0 | AQ15: =ROUND(G15*AB15,0) -> 0
A16: 200 Ветчина Дугушка ТМ Стародворье, вектор в/у ПОКОМ | B16: кг | C16: 3574.535 | D16: 3026.318 | E16: 3733.977 | F16: 1545.165 | G16: 1 | H16: 70 | I16: ТОП / матрица | K16: 3676.315 | L16: =E16-K16 -> 57.662 | M16: =E16-N16 -> 3733.977 | P16: 1737 | S16: 800 | U16: 2000 | X16: =M16/5 -> 746.7954 | Y16: =11.5*X16-W16-U16-S16-P16-O16-F16 -> 2505.9821 | Z16: =Y16+$Z$1*X16 -> 3036.2068 | AA16: =Z16-AB16 -> 965.51377 | AB16: =$AB$1*Z16 -> 2070.6931 | AD16: =(F16+O16+P16+S16+U16+W16+Z16+Q16+T16+R16+V16)/X16 -> 12.21 | AE16: =(F16+O16+P16+S16+U16+W16)/X16 -> 8.1443525 | AF16: 794.7714 | AG16: 554.7976 | AH16: 546.9378 | AI16: 609.0922 | AJ16: 717.986 | AK16: 729.0608 | AL16: 733.4764 | AM16: 698.6224 | AO16: =ROUND(G16*AA16,0) -> 966 | AP16: =VLOOKUP(A16,[1]Лист1!$A:$B,2,0) -> 966 | AQ16: =ROUND(G16*AB16,0) -> 2071
A17: 201 Ветчина Нежная ТМ Особый рецепт, (2,5кг), ПОКОМ | B17: кг | C17: 1513.126 | D17: 6049.657 | E17: 2687.715 | F17: 4010.619 | G17: 1 | H17: 50 | I17: ТОП / матрица | K17: 2760.232 | L17: =E17-K17 -> -72.517 | M17: =E17-N17 -> 2687.715 | P17: 0 | Q17: 1400 | X17: =M17/5 -> 537.543 | Y17: =11.5*X17-W17-U17-S17-P17-O17-F17-Q17 -> 771.1255 | Z17: =Y17+$Z$1*X17 -> 1152.781 | AA17: =Z17-AB17 -> 366.58437 | AB17: =$AB$1*Z17 -> 786.19666 | AD17: =(F17+O17+P17+S17+U17+W17+Z17+Q17+T17+R17+V17)/X17 -> 12.21 | AE17: =(F17+O17+P17+S17+U17+W17)/X17 -> 7.4610199 | AF17: 623.7324 | AG17: 623.553 | AH17: 655.5956 | AI17: 514.5316 | AJ17: 650.9978 | AK17: 665.4226 | AL17: 618.9746 | AM17: 533.1102 | AO17: =ROUND(G17*AA17,0) -> 367 | AP17: =VLOOKUP(A17,[1]Лист1!$A:$B,2,0) -> 367 | AQ17: =ROUND(G17*AB17,0) -> 786
A18: 215 Колбаса Докторская ГОСТ Дугушка, ВЕС, ТМ Стародворье ПОКОМ | B18: кг | C18: 312.585 | D18: 200.646 | E18: 94.51 | F18: 327.364 | G18: 1 | H18: 60 | I18: матрица | K18: 324.4 | L18: =E18-K18 -> -229.89 | M18: =E18-N18 -> 94.51 | P18: 0 | X18: =M18/5 -> 18.902 | Z18: =Y18 -> 0 | AA18: =Z18-AB18 -> 0 | AD18: =(F18+O18+P18+S18+U18+W18+Z18+Q18+T18+R18+V18)/X18 -> 17.319014 | AE18: =(F18+O18+P18+S18+U18+W18)/X18 -> 17.319014 | AF18: 36.5078 | AG18: 45.232 | AH18: 39.9126 | AI18: 46.7558 | AJ18: 52.6862 | AK18: 53.1126 | AL18: 49.3644 | AM18: 53.1448 | AO18: =ROUND(G18*AA18,0) -> 0 | AP18: =VLOOKUP(A18,[1]Лист1!$A:$B,2,0) -> 0 | AQ18: =ROUND(G18*AB18,0) -> 0
A19: 219 Колбаса Докторская Особая ТМ Особый рецепт, ВЕС ПОКОМ | B19: кг | E19: 2.474 | F19: -4.974 | G19: 0 | I19: не в матрице | J19: 597 Колбаса Классическая ТМ Особый рецепт в оболочке полиамид ВЕС. ПОКОМ | K19: 5 | L19: =E19-K19 -> -2.526 | M19: =E19-N19 -> 2.474 | P19: 0 | X19: =M19/5 -> 0.4948 | Z19: =Y19 -> 0 | AA19: =Z19-AB19 -> 0 | AD19: =(F19+O19+P19+S19+U19+W19+Z19+Q19+T19+R19+V19)/X19 -> -10.052546 | AE19: =(F19+O19+P19+S19+U19+W19)/X19 -> -10.052546 | AF19: 0.4948 | AG19: 0 | AH19: 0 | AI19: 0 | AJ19: 0 | AK19: 0 | AL19: 0 | AM19: 0 | AO19: =ROUND(G19*AA19,0) -> 0 | AP19: =VLOOKUP(A19,[1]Лист1!$A:$B,2,0) -> 0 | AQ19: =ROUND(G19*AB19,0) -> 0
A20: 225 Колбаса Дугушка со шпиком, ВЕС, ТМ Стародворье ПОКОМ | B20: кг | G20: 0 | I20: матрица | L20: =E20-K20 -> 0 | M20: =E20-N20 -> 0 | P20: 0 | X20: =M20/5 -> 0 | Z20: =Y20 -> 0 | AA20: =Z20-AB20 -> 0 | AD20: =(F20+O20+P20+S20+U20+W20+Z20+Q20+T20+R20+V20)/X20 -> #DIV/0! | AE20: =(F20+O20+P20+S20+U20+W20)/X20 -> #DIV/0! | AF20: 0 | AG20: 0 | AH20: 0 | AI20: 0 | AJ20: 0 | AK20: 0 | AL20: 0 | AM20: 0 | AN20: нет потребности | AO20: =ROUND(G20*AA20,0) -> 0 | AP20: =VLOOKUP(A20,[1]Лист1!$A:$B,2,0) -> 0 | AQ20: =ROUND(G20*AB20,0) -> 0
A21: 226 Колбаса Княжеская, с/к белков.обол в термоусад. пакете, ВЕС, ТМ Стародворье ПОКОМ | B21: кг | C21: 6.465 | D21: 16.745 | E21: 5.224 | F21: 15.841 | G21: 1 | H21: 180 | I21: матрица | K21: 4.7 | L21: =E21-K21 -> 0.524 | M21: =E21-N21 -> 5.224 | P21: 0 | X21: =M21/5 -> 1.0448 | Z21: =Y21 -> 0 | AA21: =Z21-AB21 -> 0 | AD21: =(F21+O21+P21+S21+U21+W21+Z21+Q21+T21+R21+V21)/X21 -> 15.161753 | AE21: =(F21+O21+P21+S21+U21+W21)/X21 -> 15.161753 | AF21: 1.1864 | AG21: 0.4298 | AH21: 0.5714 | AI21: 0.6346 | AJ21: 1.0534 | AK21: 1.054 | AL21: 0.2838 | AM21: 0.07 | AO21: =ROUND(G21*AA21,0) -> 0 | AP21: =VLOOKUP(A21,[1]Лист1!$A:$B,2,0) -> 0 | AQ21: =ROUND(G21*AB21,0) -> 0
A22: 229 Колбаса Молочная Дугушка, в/у, ВЕС, ТМ Стародворье ПОКОМ | B22: кг | C22: 2521.835 | D22: 4798.296 | E22: 4162.983 | F22: 1694.723 | G22: 1 | H22: 60 | I22: ТОП / матрица | K22: 4092.73 | L22: =E22-K22 -> 70.253 | M22: =E22-N22 -> 3982.753 | N22: 180.23 | P22: 1901.5916 | U22: 3500 | X22: =M22/5 -> 796.5506 | Y22: =11.5*X22-W22-U22-S22-P22-O22-F22 -> 2064.0173 | Z22: =Y22+$Z$1*X22 -> 2629.5682 | AA22: =Z22-AB22 -> 836.2027 | AB22: =$AB$1*Z22 -> 1793.3655 | AD22: =(F22+O22+P22+S22+U22+W22+Z22+Q22+T22+R22+V22)/X22 -> 12.21 | AE22: =(F22+O22+P22+S22+U22+W22)/X22 -> 8.9088058 | AF22: 870.4836 | AG22: 625.4246 | AH22: 675.5632 | AI22: 724.8188 | AJ22: 877.0252 | AK22: 881.8386 | AL22: 955.7506 | AM22: 939.1438 | AO22: =ROUND(G22*AA22,0) -> 836 | AP22: =VLOOKUP(A22,[1]Лист1!$A:$B,2,0) -> 836 | AQ22: =ROUND(G22*AB22,0) -> 1793
A23: 230 Колбаса Молочная Особая ТМ Особый рецепт, п/а, ВЕС. ПОКОМ | B23: кг | E23: 7.493 | F23: -7.493 | G23: 0 | I23: не в матрице | J23: 457 Колбаса Молочная ТМ Особый рецепт ВЕС большой батон ПОКОМ | K23: 7.5 | L23: =E23-K23 -> -0.007 | M23: =E23-N23 -> 7.493 | P23: 0 | X23: =M23/5 -> 1.4986 | Z23: =Y23 -> 0 | AA23: =Z23-AB23 -> 0 | AD23: =(F23+O23+P23+S23+U23+W23+Z23+Q23+T23+R23+V23)/X23 -> -5 | AE23: =(F23+O23+P23+S23+U23+W23)/X23 -> -5 | AF23: 1.4986 | AG23: 0 | AH23: 0 | AI23: 0 | AJ23: 0 | AK23: 0 | AL23: 0 | AM23: 0 | AO23: =ROUND(G23*AA23,0) -> 0 | AP23: =VLOOKUP(A23,[1]Лист1!$A:$B,2,0) -> 0 | AQ23: =ROUND(G23*AB23,0) -> 0
A24: 236 Колбаса Рубленая ЗАПЕЧ. Дугушка ТМ Стародворье, вектор, в/к ПОКОМ | B24: кг | C24: 741.007 | D24: 184.474 | E24: 532.792 | F24: 301.059 | G24: 1 | H24: 70 | I24: матрица | K24: 561.19 | L24: =E24-K24 -> -28.398 | M24: =E24-N24 -> 432.592 | N24: 100.2 | P24: 343.26726 | U24: 300 | X24: =M24/5 -> 86.5184 | Y24: =11.5*X24-W24-U24-S24-P24-O24-F24 -> 50.63534 | Z24: =Y24 -> 50.63534 | AA24: =Z24-AB24 -> 50.63534 | AD24: =(F24+O24+P24+S24+U24+W24+Z24+Q24+T24+R24+V24)/X24 -> 11.5 | AE24: =(F24+O24+P24+S24+U24+W24)/X24 -> 10.914745 | AF24: 112.269 | AG24: 80.8328 | AH24: 82.7806 | AI24: 84.446 | AJ24: 87.767 | AK24: 81.9844 | AL24: 105.7922 | AM24: 91.559 | AO24: =ROUND(G24*AA24,0) -> 51 | AP24: =VLOOKUP(A24,[1]Лист1!$A:$B,2,0) -> 51 | AQ24: =ROUND(G24*AB24,0) -> 0
A25: 239 Колбаса Салями запеч Дугушка, оболочка вектор, ВЕС, ТМ Стародворье ПОКОМ | B25: кг | C25: 976.162 | D25: 1194.1 | E25: 1424.302 | F25: 547.821 | G25: 1 | H25: 70 | I25: ТОП / матрица | K25: 1400.889 | L25: =E25-K25 -> 23.413 | M25: =E25-N25 -> 1271.232 | N25: 153.07 | P25: 723.0628 | U25: 800 | X25: =M25/5 -> 254.2464 | Y25: =11.5*X25-W25-U25-S25-P25-O25-F25 -> 852.9498 | Z25: =Y25+$Z$1*X25 -> 1033.4647 | AA25: =Z25-AB25 -> 328.64179 | AB25: =$AB$1*Z25 -> 704.82296 | AD25: =(F25+O25+P25+S25+U25+W25+Z25+Q25+T25+R25+V25)/X25 -> 12.21 | AE25: =(F25+O25+P25+S25+U25+W25)/X25 -> 8.1451844 | AF25: 255.9778 | AG25: 183.0002 | AH25: 190.5056 | AI25: 210.4278 | AJ25: 235.951 | AK25: 225.54 | AL25: 220.3834 | AM25: 213.5002 | AO25: =ROUND(G25*AA25,0) -> 329 | AP25: =VLOOKUP(A25,[1]Лист1!$A:$B,2,0) -> 329 | AQ25: =ROUND(G25*AB25,0) -> 705
A26: 240 Колбаса Салями охотничья, ВЕС. ПОКОМ | B26: кг | G26: 0 | I26: матрица | L26: =E26-K26 -> 0 | M26: =E26-N26 -> 0 | P26: 0 | X26: =M26/5 -> 0 | Z26: =Y26 -> 0 | AA26: =Z26-AB26 -> 0 | AD26: =(F26+O26+P26+S26+U26+W26+Z26+Q26+T26+R26+V26)/X26 -> #DIV/0! | AE26: =(F26+O26+P26+S26+U26+W26)/X26 -> #DIV/0! | AF26: 0 | AG26: 0 | AH26: 0 | AI26: 0 | AJ26: 0 | AK26: 0 | AL26: 0 | AM26: 0 | AN26: нет потребности | AO26: =ROUND(G26*AA26,0) -> 0 | AP26: =VLOOKUP(A26,[1]Лист1!$A:$B,2,0) -> 0 | AQ26: =ROUND(G26*AB26,0) -> 0
A27: 242 Колбаса Сервелат ЗАПЕЧ.Дугушка ТМ Стародворье, вектор, в/к ПОКОМ | B27: кг | C27: 1747.523 | D27: 2040.44 | E27: 2087.016 | F27: 998.595 | G27: 1 | H27: 70 | I27: ТОП / матрица | K27: 2108.8 | L27: =E27-K27 -> -21.784 | M27: =E27-N27 -> 2087.016 | P27: 784.0868 | U27: 2000 | X27: =M27/5 -> 417.4032 | Y27: =11.5*X27-W27-U27-S27-P27-O27-F27 -> 1017.455 | Z27: =Y27+$Z$1*X27 -> 1313.8113 | AA27: =Z27-AB27 -> 417.79198 | AB27: =$AB$1*Z27 -> 896.01929 | AD27: =(F27+O27+P27+S27+U27+W27+Z27+Q27+T27+R27+V27)/X27 -> 12.21 | AE27: =(F27+O27+P27+S27+U27+W27)/X27 -> 9.0624169 | AF27: 457.0628 | AG27: 304.7148 | AH27: 332.0396 | AI27: 377.9864 | AJ27: 429.1764 | AK27: 423.8756 | AL27: 418.3464 | AM27: 400.0342 | AO27: =ROUND(G27*AA27,0) -> 418 | AP27: =VLOOKUP(A27,[1]Лист1!$A:$B,2,0) -> 418 | AQ27: =ROUND(G27*AB27,0) -> 896
A28: 244 Колбаса Сервелат Кремлевский, ВЕС. ПОКОМ | B28: кг | C28: 44.959 | D28: 2.925 | E28: 39.256 | F28: 4.281 | G28: 1 | H28: 40 | I28: матрица | K28: 39.3 | L28: =E28-K28 -> -0.044 | M28: =E28-N28 -> 39.256 | P28: 49.6042 | X28: =M28/5 -> 7.8512 | Y28: =11.5*X28-W28-U28-S28-P28-O28-F28 -> 36.4036 | Z28: =Y28 -> 36.4036 | AA28: =Z28-AB28 -> 36.4036 | AD28: =(F28+O28+P28+S28+U28+W28+Z28+Q28+T28+R28+V28)/X28 -> 11.5 | AE28: =(F28+O28+P28+S28+U28+W28)/X28 -> 6.8633075 | AF28: 8.7356 | AG28: 3.5048 | AH28: 4.648 | AI28: 5.948 | AJ28: 7.4024 | AK28: 6.248 | AL28: 11.03 | AM28: 9.5734 | AO28: =ROUND(G28*AA28,0) -> 36 | AP28: =VLOOKUP(A28,[1]Лист1!$A:$B,2,0) -> 36 | AQ28: =ROUND(G28*AB28,0) -> 0
A29: 247 Сардельки Нежные, ВЕС. ПОКОМ | B29: кг | G29: 0 | I29: матрица | L29: =E29-K29 -> 0 | M29: =E29-N29 -> 0 | P29: 0 | X29: =M29/5 -> 0 | Z29: =Y29 -> 0 | AA29: =Z29-AB29 -> 0 | AD29: =(F29+O29+P29+S29+U29+W29+Z29+Q29+T29+R29+V29)/X29 -> #DIV/0! | AE29: =(F29+O29+P29+S29+U29+W29)/X29 -> #DIV/0! | AF29: 0 | AG29: 0 | AH29: 0 | AI29: 0 | AJ29: 0 | AK29: 0 | AL29: 0 | AM29: 0 | AN29: нет потребности | AO29: =ROUND(G29*AA29,0) -> 0 | AP29: =VLOOKUP(A29,[1]Лист1!$A:$B,2,0) -> 0 | AQ29: =ROUND(G29*AB29,0) -> 0
A30: 248 Сардельки Сочные ТМ Особый рецепт, ПОКОМ | B30: кг | G30: 0 | I30: матрица | L30: =E30-K30 -> 0 | M30: =E30-N30 -> 0 | P30: 0 | X30: =M30/5 -> 0 | Z30: =Y30 -> 0 | AA30: =Z30-AB30 -> 0 | AD30: =(F30+O30+P30+S30+U30+W30+Z30+Q30+T30+R30+V30)/X30 -> #DIV/0! | AE30: =(F30+O30+P30+S30+U30+W30)/X30 -> #DIV/0! | AF30: 0 | AG30: 0 | AH30: 0 | AI30: 0 | AJ30: 0 | AK30: 0 | AL30: 0 | AM30: 0 | AN30: нет потребности | AO30: =ROUND(G30*AA30,0) -> 0 | AP30: =VLOOKUP(A30,[1]Лист1!$A:$B,2,0) -> 0 | AQ30: =ROUND(G30*AB30,0) -> 0
A31: 250 Сардельки стародворские с говядиной в обол. NDX, ВЕС. ПОКОМ | B31: кг | C31: 4422.644 | D31: 3561.144 | E31: 1963.7 | F31: 4970.949 | G31: 1 | H31: 30 | I31: ТОП / матрица | K31: 3116.16 | L31: =E31-K31 -> -1152.46 | M31: =E31-N31 -> 1257.413 | N31: 706.287 | O31: -3500 | P31: 316.48536 | U31: 400 | X31: =M31/5 -> 251.4826 | Y31: =11.5*X31-W31-U31-S31-P31-O31-F31 -> 704.61554 | Z31: =Y31+$Z$1*X31 -> 883.16819 | AA31: =Z31-AB31 -> 280.84748 | AB31: =$AB$1*Z31 -> 602.3207 | AD31: =(F31+O31+P31+S31+U31+W31+Z31+Q31+T31+R31+V31)/X31 -> 12.21 | AE31: =(F31+O31+P31+S31+U31+W31)/X31 -> 8.6981539 | AF31: 368.8554 | AG31: 396.4942 | AH31: 440.455 | AI31: 413.2102 | AJ31: 344.917 | AK31: 256.0514 | AL31: 349.7722 | AM31: 272.0672 | AN31: 3500кг БРАК!!! | AO31: =ROUND(G31*AA31,0) -> 281 | AP31: =VLOOKUP(A31,[1]Лист1!$A:$B,2,0) -> 281 | AQ31: =ROUND(G31*AB31,0) -> 602
A32: 253 Сосиски Ганноверские ПОКОМ | B32: кг | C32: 63.019 | E32: 62.759 | F32: -0.23 | G32: 0 | H32: 40 | I32: не в матрице | K32: 61.5 | L32: =E32-K32 -> 1.259 | M32: =E32-N32 -> 62.759 | P32: 0 | X32: =M32/5 -> 12.5518 | Z32: =Y32 -> 0 | AA32: =Z32-AB32 -> 0 | AD32: =(F32+O32+P32+S32+U32+W32+Z32+Q32+T32+R32+V32)/X32 -> -0.018324065 | AE32: =(F32+O32+P32+S32+U32+W32)/X32 -> -0.018324065 | AF32: 13.9894 | AG32: 4.5704 | AH32: 4.0182 | AI32: 1.0574 | AJ32: 8.8558 | AK32: 9.4266 | AL32: 13.422 | AM32: 12.8826 | AO32: =ROUND(G32*AA32,0) -> 0 | AP32: =VLOOKUP(A32,[1]Лист1!$A:$B,2,0) -> 0 | AQ32: =ROUND(G32*AB32,0) -> 0
A33: 255 Сосиски Молочные для завтрака ТМ Особый рецепт, п/а МГС, ВЕС, ТМ Стародворье ПОКОМ | B33: кг | C33: 3657.191 | D33: 1904.166 | E33: 4239.912 | F33: -103.289 | G33: 1 | H33: 40 | I33: ТОП / матрица | K33: 7840.504 | L33: =E33-K33 -> -3600.592 | M33: =E33-N33 -> 3440.216 | N33: 799.696 | P33: 1200 | Q33: 6000 | U33: 500 | V33: -504 | X33: =M33/5 -> 688.0432 | Y33: =11.5*X33-W33-U33-S33-P33-O33-F33-Q33 -> 315.7858 | Z33: =Y33+$Z$1*X33 -> 804.29647 | AA33: =Z33-AB33 -> 804.29647 | AD33: =(F33+O33+P33+S33+U33+W33+Z33+Q33+T33+R33+V33)/X33 -> 11.477488 | AE33: =(F33+O33+P33+S33+U33+W33)/X33 -> 2.3206552 | AF33: 1184.2532 | AG33: 1031.4698 | AH33: 1271.6156 | AI33: 1208.7454 | AJ33: 1373.8782 | AK33: 1608.1394 | AL33: 1503.0754 | AM33: 1112.3946 | AO33: =ROUND(G33*AA33,0) -> 804 | AP33: =VLOOKUP(A33,[1]Лист1!$A:$B,2,0) -> 804 | AQ33: =ROUND(G33*AB33,0) -> 0
A34: 257 Сосиски Молочные оригинальные ТМ Особый рецепт, ВЕС. ПОКОМ | B34: кг | G34: 0 | I34: матрица | L34: =E34-K34 -> 0 | M34: =E34-N34 -> 0 | P34: 0 | X34: =M34/5 -> 0 | Z34: =Y34 -> 0 | AA34: =Z34-AB34 -> 0 | AD34: =(F34+O34+P34+S34+U34+W34+Z34+Q34+T34+R34+V34)/X34 -> #DIV/0! | AE34: =(F34+O34+P34+S34+U34+W34)/X34 -> #DIV/0! | AF34: 0 | AG34: 0 | AH34: 0 | AI34: 0 | AJ34: 0 | AK34: 0 | AL34: 0 | AM34: 0 | AN34: нет потребности | AO34: =ROUND(G34*AA34,0) -> 0 | AP34: =VLOOKUP(A34,[1]Лист1!$A:$B,2,0) -> 0 | AQ34: =ROUND(G34*AB34,0) -> 0
A35: 263 Шпикачки Стародворские, ВЕС. ПОКОМ | B35: кг | G35: 0 | I35: матрица | L35: =E35-K35 -> 0 | M35: =E35-N35 -> 0 | P35: 0 | X35: =M35/5 -> 0 | Z35: =Y35 -> 0 | AA35: =Z35-AB35 -> 0 | AD35: =(F35+O35+P35+S35+U35+W35+Z35+Q35+T35+R35+V35)/X35 -> #DIV/0! | AE35: =(F35+O35+P35+S35+U35+W35)/X35 -> #DIV/0! | AF35: 0 | AG35: 0 | AH35: 0 | AI35: 0 | AJ35: 0 | AK35: 0 | AL35: 0 | AM35: 0 | AN35: нет потребности | AO35: =ROUND(G35*AA35,0) -> 0 | AP35: =VLOOKUP(A35,[1]Лист1!$A:$B,2,0) -> 0 | AQ35: =ROUND(G35*AB35,0) -> 0
A36: 265 Колбаса Балыкбургская, ВЕС, ТМ Баварушка ПОКОМ | B36: кг | G36: 0 | I36: матрица | L36: =E36-K36 -> 0 | M36: =E36-N36 -> 0 | P36: 0 | X36: =M36/5 -> 0 | Z36: =Y36 -> 0 | AA36: =Z36-AB36 -> 0 | AD36: =(F36+O36+P36+S36+U36+W36+Z36+Q36+T36+R36+V36)/X36 -> #DIV/0! | AE36: =(F36+O36+P36+S36+U36+W36)/X36 -> #DIV/0! | AF36: 0 | AG36: 0 | AH36: 0 | AI36: 0 | AJ36: 0 | AK36: 0 | AL36: 0 | AM36: 0 | AN36: нет потребности | AO36: =ROUND(G36*AA36,0) -> 0 | AP36: =VLOOKUP(A36,[1]Лист1!$A:$B,2,0) -> 0 | AQ36: =ROUND(G36*AB36,0) -> 0
A37: 267 Колбаса Салями Филейбургская зернистая, оболочка фиброуз, ВЕС, ТМ Баварушка ПОКОМ | B37: кг | G37: 0 | I37: матрица | L37: =E37-K37 -> 0 | M37: =E37-N37 -> 0 | P37: 0 | X37: =M37/5 -> 0 | Z37: =Y37 -> 0 | AA37: =Z37-AB37 -> 0 | AD37: =(F37+O37+P37+S37+U37+W37+Z37+Q37+T37+R37+V37)/X37 -> #DIV/0! | AE37: =(F37+O37+P37+S37+U37+W37)/X37 -> #DIV/0! | AF37: 0 | AG37: 0 | AH37: 0 | AI37: 0 | AJ37: 0 | AK37: 0 | AL37: 0 | AM37: 0 | AN37: нет потребности | AO37: =ROUND(G37*AA37,0) -> 0 | AP37: =VLOOKUP(A37,[1]Лист1!$A:$B,2,0) -> 0 | AQ37: =ROUND(G37*AB37,0) -> 0
A38: 273 Сосиски Сочинки с сочной грудинкой, МГС 0.4кг, ПОКОМ | B38: шт | C38: 3956 | D38: 2996 | E38: 4308 | F38: 1677 | G38: 0.4 | H38: 45 | I38: ТОП / матрица | K38: 4556 | L38: =E38-K38 -> -248 | M38: =E38-N38 -> 4308 | P38: 1200 | Q38: 3000 | U38: 1000 | V38: -1002 | X38: =M38/5 -> 861.6 | Y38: =11.5*X38-W38-U38-S38-P38-O38-F38-Q38 -> 3031.4 | Z38: =Y38+$Z$1*X38 -> 3643.136 | AA38: =Z38-AB38 -> 1158.5172 | AB38: =$AB$1*Z38 -> 2484.6188 | AD38: =(F38+O38+P38+S38+U38+W38+Z38+Q38+T38+R38+V38)/X38 -> 11.047047 | AE38: =(F38+O38+P38+S38+U38+W38)/X38 -> 4.4997679 | AF38: 877.4 | AG38: 623.4 | AH38: 584.8 | AI38: 637.6 | AJ38: 816 | AK38: 898.6 | AL38: 865 | AM38: 794.6 | AO38: =ROUND(G38*AA38,0) -> 463 | AP38: =VLOOKUP(A38,[1]Лист1!$A:$B,2,0) -> 463 | AQ38: =ROUND(G38*AB38,0) -> 994
A39: 276 Колбаса Сливушка ТМ Вязанка в оболочке полиамид 0,45 кг ПОКОМ | B39: шт | C39: 1900.75 | D39: 46 | E39: 634 | F39: 1076.75 | G39: 0.45 | H39: 50 | I39: матрица | K39: 779 | L39: =E39-K39 -> -145 | M39: =E39-N39 -> 634 | P39: 0 | X39: =M39/5 -> 126.8 | Y39: =11.5*X39-W39-U39-S39-P39-O39-F39 -> 381.45 | Z39: =Y39+$Z$1*X39 -> 471.478 | AA39: =Z39-AB39 -> 471.478 | AD39: =(F39+O39+P39+S39+U39+W39+Z39+Q39+T39+R39+V39)/X39 -> 12.21 | AE39: =(F39+O39+P39+S39+U39+W39)/X39 -> 8.4917192 | AF39: 127.8 | AG39: 67.2 | AH39: 118.2 | AI39: 109.4 | AJ39: 109.6 | AK39: 174.8 | AL39: 277.8 | AM39: 284.8 | AO39: =ROUND(G39*AA39,0) -> 212 | AP39: =VLOOKUP(A39,[1]Лист1!$A:$B,2,0) -> 212 | AQ39: =ROUND(G39*AB39,0) -> 0
A40: 278 Сосиски Сочинки с сочным окороком, МГС 0.4кг, ПОКОМ | B40: шт | C40: 763 | D40: 1419 | E40: 944 | F40: 762 | G40: 0.4 | H40: 45 | I40: матрица | K40: 1427 | L40: =E40-K40 -> -483 | M40: =E40-N40 -> 944 | P40: 763.978 | U40: 1000 | V40: -1002 | X40: =M40/5 -> 188.8 | Z40: =Y40 -> 0 | AA40: =Z40-AB40 -> 0 | AD40: =(F40+O40+P40+S40+U40+W40+Z40+Q40+T40+R40+V40)/X40 -> 8.0719174 | AE40: =(F40+O40+P40+S40+U40+W40)/X40 -> 13.379121 | AF40: 301.6 | AG40: 192.2 | AH40: 141.6 | AI40: 149 | AJ40: 204.2 | AK40: 235.2 | AL40: 211 | AM40: 165 | AO40: =ROUND(G40*AA40,0) -> 0 | AP40: =VLOOKUP(A40,[1]Лист1!$A:$B,2,0) -> 0 | AQ40: =ROUND(G40*AB40,0) -> 0
A41: 281 Сосиски Молочные для завтрака ТМ Особый рецепт, 0,4кг ПОКОМ | B41: шт | C41: 481 | D41: 523 | E41: 434 | F41: 176 | G41: 0.4 | H41: 40 | I41: матрица | K41: 764 | L41: =E41-K41 -> -330 | M41: =E41-N41 -> 434 | P41: 320.14 | U41: 400 | V41: -402 | X41: =M41/5 -> 86.8 | Y41: =11.5*X41-W41-U41-S41-P41-O41-F41 -> 102.06 | Z41: =Y41 -> 102.06 | AA41: =Z41-AB41 -> 102.06 | AD41: =(F41+O41+P41+S41+U41+W41+Z41+Q41+T41+R41+V41)/X41 -> 6.8686636 | AE41: =(F41+O41+P41+S41+U41+W41)/X41 -> 10.324194 | AF41: 126.8 | AG41: 86 | AH41: 78.4 | AI41: 89 | AJ41: 117.4 | AK41: 80.4 | AL41: 83.2 | AM41: 136 | AO41: =ROUND(G41*AA41,0) -> 41 | AP41: =VLOOKUP(A41,[1]Лист1!$A:$B,2,0) -> 41 | AQ41: =ROUND(G41*AB41,0) -> 0
A42: 283 Сосиски Сочинки, ВЕС, ТМ Стародворье ПОКОМ | B42: кг | G42: 1 | I42: матрица | L42: =E42-K42 -> 0 | M42: =E42-N42 -> 0 | P42: 0 | X42: =M42/5 -> 0 | Z42: 120 | AA42: =Z42-AB42 -> 120 | AC42: 150 | AD42: =(F42+O42+P42+S42+U42+W42+Z42+Q42+T42+R42+V42)/X42 -> #DIV/0! | AE42: =(F42+O42+P42+S42+U42+W42)/X42 -> #DIV/0! | AF42: 0 | AG42: 0 | AH42: 0 | AI42: 0 | AJ42: 0 | AK42: 0 | AL42: 0 | AM42: 0 | AN42: 31,07,26 начали заказывать / 150кг под задачи ТК (31,07,26 | AO42: =ROUND(G42*AA42,0) -> 120 | AP42: =VLOOKUP(A42,[1]Лист1!$A:$B,2,0) -> 120 | AQ42: =ROUND(G42*AB42,0) -> 0
A43: 285 Паштет печеночный со слив.маслом ТМ Стародворье ламистер 0,1 кг ПОКОМ | B43: шт | C43: 186 | D43: 294 | E43: 287 | F43: 167 | G43: 0.1 | H43: 731 | I43: матрица | K43: 298 | L43: =E43-K43 -> -11 | M43: =E43-N43 -> 287 | P43: 236.2 | U43: 100 | X43: =M43/5 -> 57.4 | Y43: =11.5*X43-W43-U43-S43-P43-O43-F43 -> 156.9 | Z43: =Y43 -> 156.9 | AA43: =Z43-AB43 -> 156.9 | AD43: =(F43+O43+P43+S43+U43+W43+Z43+Q43+T43+R43+V43)/X43 -> 11.5 | AE43: =(F43+O43+P43+S43+U43+W43)/X43 -> 8.7665505 | AF43: 55.2 | AG43: 30.6 | AH43: 40 | AI43: 46 | AJ43: 46 | AK43: 42 | AL43: 46 | AM43: 39 | AO43: =ROUND(G43*AA43,0) -> 16 | AP43: =VLOOKUP(A43,[1]Лист1!$A:$B,2,0) -> 16 | AQ43: =ROUND(G43*AB43,0) -> 0
A44: 296 Колбаса Мясорубская с рубленой грудинкой 0,35кг срез ТМ Стародворье ПОКОМ | B44: шт | C44: 136 | D44: 124 | E44: 142 | F44: 95 | G44: 0.35 | H44: 40 | I44: матрица | K44: 156 | L44: =E44-K44 -> -14 | M44: =E44-N44 -> 142 | P44: 99.4 | X44: =M44/5 -> 28.4 | Y44: =11.5*X44-W44-U44-S44-P44-O44-F44 -> 132.2 | Z44: =Y44 -> 132.2 | AA44: =Z44-AB44 -> 132.2 | AD44: =(F44+O44+P44+S44+U44+W44+Z44+Q44+T44+R44+V44)/X44 -> 11.5 | AE44: =(F44+O44+P44+S44+U44+W44)/X44 -> 6.8450704 | AF44: 24.4 | AG44: 10.2 | AH44: 3.8 | AI44: 4.8 | AJ44: 13 | AK44: 28.4 | AL44: 24.2 | AM44: 16.4 | AO44: =ROUND(G44*AA44,0) -> 46 | AP44: =VLOOKUP(A44,[1]Лист1!$A:$B,2,0) -> 46 | AQ44: =ROUND(G44*AB44,0) -> 0
A45: 297 Колбаса Мясорубская с рубленой грудинкой ВЕС ТМ Стародворье ПОКОМ | B45: кг | C45: 19.395 | D45: 34.883 | E45: 8.253 | F45: 38.986 | G45: 1 | H45: 40 | I45: матрица | K45: 14.2 | L45: =E45-K45 -> -5.947 | M45: =E45-N45 -> 8.253 | P45: 0 | X45: =M45/5 -> 1.6506 | Z45: =Y45 -> 0 | AA45: =Z45-AB45 -> 0 | AD45: =(F45+O45+P45+S45+U45+W45+Z45+Q45+T45+R45+V45)/X45 -> 23.61929 | AE45: =(F45+O45+P45+S45+U45+W45)/X45 -> 23.61929 | AF45: 2.699 | AG45: 4.2096 | AH45: 3.2994 | AI45: 1.956 | AJ45: 1.4396 | AK45: 2.4448 | AL45: 3.2066 | AM45: 2.0582 | AN45: нужно увеличить продажи | AO45: =ROUND(G45*AA45,0) -> 0 | AP45: =VLOOKUP(A45,[1]Лист1!$A:$B,2,0) -> 0 | AQ45: =ROUND(G45*AB45,0) -> 0
A46: 301 Сосиски Сочинки по-баварски с сыром, 0.4кг, ТМ Стародворье ПОКОМ | B46: шт | C46: -15 | D46: 2 | E46: 3 | F46: -29 | G46: 0.4 | H46: 40 | I46: матрица | K46: 294 | L46: =E46-K46 -> -291 | M46: =E46-N46 -> 3 | P46: 0 | X46: =M46/5 -> 0.6 | Y46: 300 | Z46: =Y46 -> 300 | AA46: =Z46-AB46 -> 300 | AD46: =(F46+O46+P46+S46+U46+W46+Z46+Q46+T46+R46+V46)/X46 -> 451.66667 | AE46: =(F46+O46+P46+S46+U46+W46)/X46 -> -48.333333 | AF46: 1.4 | AG46: 0.2 | AH46: -1 | AI46: -1.2 | AJ46: -1 | AK46: -1 | AL46: 12 | AM46: 65.4 | AO46: =ROUND(G46*AA46,0) -> 120 | AP46: =VLOOKUP(A46,[1]Лист1!$A:$B,2,0) -> 120 | AQ46: =ROUND(G46*AB46,0) -> 0
A47: 302 Сосиски Сочинки по-баварски, 0.4кг, ТМ Стародворье ПОКОМ | B47: шт | C47: 288 | D47: 33 | E47: 293 | F47: 2 | G47: 0.4 | H47: 45 | I47: матрица | K47: 398 | L47: =E47-K47 -> -105 | M47: =E47-N47 -> 293 | P47: 0 | Q47: 400 | X47: =M47/5 -> 58.6 | Y47: =11.5*X47-W47-U47-S47-P47-O47-F47-Q47 -> 271.9 | Z47: =Y47 -> 271.9 | AA47: =Z47-AB47 -> 271.9 | AD47: =(F47+O47+P47+S47+U47+W47+Z47+Q47+T47+R47+V47)/X47 -> 11.5 | AE47: =(F47+O47+P47+S47+U47+W47)/X47 -> 0.034129693 | AF47: 50 | AG47: 30.6 | AH47: 40.8 | AI47: 47 | AJ47: 52.2 | AK47: 48.4 | AL47: 56.4 | AM47: 42 | AO47: =ROUND(G47*AA47,0) -> 109 | AP47: =VLOOKUP(A47,[1]Лист1!$A:$B,2,0) -> 109 | AQ47: =ROUND(G47*AB47,0) -> 0
A48: 305 Колбаса Сервелат Мясорубский с мелкорубленным окороком в/у ТМ Стародворье ВЕС ПОКОМ | B48: кг | C48: 12.605 | D48: 40.399 | E48: 35.619 | F48: 13.765 | G48: 1 | H48: 40 | I48: матрица | K48: 48.1 | L48: =E48-K48 -> -12.481 | M48: =E48-N48 -> 35.619 | P48: 53.3496 | X48: =M48/5 -> 7.1238 | Y48: =11.5*X48-W48-U48-S48-P48-O48-F48 -> 14.8091 | Z48: =Y48 -> 14.8091 | AA48: =Z48-AB48 -> 14.8091 | AD48: =(F48+O48+P48+S48+U48+W48+Z48+Q48+T48+R48+V48)/X48 -> 11.5 | AE48: =(F48+O48+P48+S48+U48+W48)/X48 -> 9.4211797 | AF48: 8.9622 | AG48: 4.3484 | AH48: 3.9114 | AI48: 4.0562 | AJ48: 5.227 | AK48: 5.501 | AL48: 4.4914 | AM48: 6.1064 | AO48: =ROUND(G48*AA48,0) -> 15 | AP48: =VLOOKUP(A48,[1]Лист1!$A:$B,2,0) -> 15 | AQ48: =ROUND(G48*AB48,0) -> 0
A49: 307 Колбаса Сервелат Мясорубский с мелкорубленным окороком 0,35 кг срез ТМ Стародворье Поком | B49: шт | C49: 170 | D49: 785 | E49: 601 | F49: 280 | G49: 0.35 | H49: 40 | I49: ВНИМАНИЕ / матрица | K49: 636 | L49: =E49-K49 -> -35 | M49: =E49-N49 -> 601 | P49: 200 | Q49: 400 | X49: =M49/5 -> 120.2 | Y49: =11.5*X49-W49-U49-S49-P49-O49-F49-Q49 -> 502.3 | Z49: =Y49 -> 502.3 | AA49: =Z49-AB49 -> 159.7314 | AB49: =$AB$1*Z49 -> 342.5686 | AD49: =(F49+O49+P49+S49+U49+W49+Z49+Q49+T49+R49+V49)/X49 -> 11.5 | AE49: =(F49+O49+P49+S49+U49+W49)/X49 -> 3.9933444 | AF49: 117.4 | AG49: 88 | AH49: 80.8 | AI49: 89.4 | AJ49: 110 | AK49: 269.2 | AL49: 266.4 | AM49: 466.2 | AN49: 17,07,26 уменьшить до 200 шт (Хмель) / 15,07,26 уменьшить до 200 шт (Хмель) | AO49: =ROUND(G49*AA49,0) -> 56 | AP49: =VLOOKUP(A49,[1]Лист1!$A:$B,2,0) -> 49 | AQ49: =ROUND(G49*AB49,0) -> 120
A50: 309 Сосиски Сочинки с сыром 0,4 кг ТМ Стародворье ПОКОМ | B50: шт | C50: 35 | D50: 531 | E50: 394 | F50: 101 | G50: 0.4 | H50: 40 | I50: матрица | K50: 482 | L50: =E50-K50 -> -88 | M50: =E50-N50 -> 394 | P50: 60 | Q50: 200 | X50: =M50/5 -> 78.8 | Y50: =11.5*X50-W50-U50-S50-P50-O50-F50-Q50 -> 545.2 | Z50: =Y50 -> 545.2 | AA50: =Z50-AB50 -> 173.3736 | AB50: =$AB$1*Z50 -> 371.8264 | AD50: =(F50+O50+P50+S50+U50+W50+Z50+Q50+T50+R50+V50)/X50 -> 11.5 | AE50: =(F50+O50+P50+S50+U50+W50)/X50 -> 2.0431472 | AF50: 51 | AG50: 35.8 | AH50: 61 | AI50: 63.8 | AJ50: 76 | AK50: 54.6 | AL50: 57.4 | AM50: 95.4 | AO50: =ROUND(G50*AA50,0) -> 69 | AP50: =VLOOKUP(A50,[1]Лист1!$A:$B,2,0) -> 69 | AQ50: =ROUND(G50*AB50,0) -> 149
A51: 312 Ветчина Филейская ВЕС ТМ Вязанка ТС Столичная ПОКОМ | B51: кг | C51: 18.844 | D51: 207.92 | E51: 70.212 | F51: 132.228 | G51: 1 | H51: 50 | I51: матрица | K51: 91.5 | L51: =E51-K51 -> -21.288 | M51: =E51-N51 -> 70.212 | P51: 33.1134 | X51: =M51/5 -> 14.0424 | Z51: =Y51 -> 0 | AA51: =Z51-AB51 -> 0 | AD51: =(F51+O51+P51+S51+U51+W51+Z51+Q51+T51+R51+V51)/X51 -> 11.77444 | AE51: =(F51+O51+P51+S51+U51+W51)/X51 -> 11.77444 | AF51: 19.11 | AG51: 17.2288 | AH51: 15.8838 | AI51: 16.6876 | AJ51: 20.451 | AK51: 20.7852 | AL51: 18.3852 | AM51: 26.343 | AO51: =ROUND(G51*AA51,0) -> 0 | AP51: =VLOOKUP(A51,[1]Лист1!$A:$B,2,0) -> 0 | AQ51: =ROUND(G51*AB51,0) -> 0
A52: 315 Колбаса вареная Молокуша ТМ Вязанка ВЕС, ПОКОМ | B52: кг | C52: 289.098 | D52: 889.236 | E52: 391.173 | F52: 577.621 | G52: 1 | H52: 50 | I52: матрица | K52: 387.54 | L52: =E52-K52 -> 3.633 | M52: =E52-N52 -> 391.173 | P52: 0 | X52: =M52/5 -> 78.2346 | Y52: =11.5*X52-W52-U52-S52-P52-O52-F52 -> 322.0769 | Z52: =Y52 -> 322.0769 | AA52: =Z52-AB52 -> 322.0769 | AD52: =(F52+O52+P52+S52+U52+W52+Z52+Q52+T52+R52+V52)/X52 -> 11.5 | AE52: =(F52+O52+P52+S52+U52+W52)/X52 -> 7.3831911 | AF52: 79.3954 | AG52: 52.0788 | AH52: 97.6718 | AI52: 62.8236 | AJ52: 78.1222 | AK52: 85.3842 | AL52: 84.6196 | AM52: 57.5222 | AO52: =ROUND(G52*AA52,0) -> 322 | AP52: =VLOOKUP(A52,[1]Лист1!$A:$B,2,0) -> 322 | AQ52: =ROUND(G52*AB52,0) -> 0
A53: 318 Сосиски Датские ТМ Зареченские, ВЕС ПОКОМ | B53: кг | G53: 0 | I53: матрица | L53: =E53-K53 -> 0 | M53: =E53-N53 -> 0 | P53: 0 | X53: =M53/5 -> 0 | Z53: =Y53 -> 0 | AA53: =Z53-AB53 -> 0 | AD53: =(F53+O53+P53+S53+U53+W53+Z53+Q53+T53+R53+V53)/X53 -> #DIV/0! | AE53: =(F53+O53+P53+S53+U53+W53)/X53 -> #DIV/0! | AF53: 0 | AG53: 0 | AH53: 0 | AI53: 0 | AJ53: 0 | AK53: 0 | AL53: 0 | AM53: 0 | AN53: нет потребности | AO53: =ROUND(G53*AA53,0) -> 0 | AP53: =VLOOKUP(A53,[1]Лист1!$A:$B,2,0) -> 0 | AQ53: =ROUND(G53*AB53,0) -> 0
A54: 319 Колбаса вареная Филейская ТМ Вязанка ТС Классическая, 0,45 кг. ПОКОМ | B54: шт | C54: 225 | D54: 702 | E54: 431 | F54: 303 | G54: 0.45 | H54: 50 | I54: матрица | K54: 533 | L54: =E54-K54 -> -102 | M54: =E54-N54 -> 431 | P54: 231.2 | U54: 100 | X54: =M54/5 -> 86.2 | Y54: =11.5*X54-W54-U54-S54-P54-O54-F54 -> 357.1 | Z54: =Y54 -> 357.1 | AA54: =Z54-AB54 -> 357.1 | AD54: =(F54+O54+P54+S54+U54+W54+Z54+Q54+T54+R54+V54)/X54 -> 11.5 | AE54: =(F54+O54+P54+S54+U54+W54)/X54 -> 7.3573086 | AF54: 84 | AG54: 66.4 | AH54: 64.8 | AI54: 74.2 | AJ54: 96 | AK54: 96.8 | AL54: 97.4 | AM54: 102 | AO54: =ROUND(G54*AA54,0) -> 161 | AP54: =VLOOKUP(A54,[1]Лист1!$A:$B,2,0) -> 161 | AQ54: =ROUND(G54*AB54,0) -> 0
A55: 322 Колбаса вареная Молокуша 0,45кг ТМ Вязанка ПОКОМ | B55: шт | C55: 587 | D55: 739 | E55: 564 | F55: 525 | G55: 0.45 | H55: 50 | I55: матрица | K55: 738 | L55: =E55-K55 -> -174 | M55: =E55-N55 -> 564 | P55: 406 | U55: 500 | X55: =M55/5 -> 112.8 | Z55: =Y55 -> 0 | AA55: =Z55-AB55 -> 0 | AD55: =(F55+O55+P55+S55+U55+W55+Z55+Q55+T55+R55+V55)/X55 -> 12.68617 | AE55: =(F55+O55+P55+S55+U55+W55)/X55 -> 12.68617 | AF55: 148.2 | AG55: 93.6 | AH55: 89.2 | AI55: 95.2 | AJ55: 128.6 | AK55: 132 | AL55: 114.6 | AM55: 104.4 | AO55: =ROUND(G55*AA55,0) -> 0 | AP55: =VLOOKUP(A55,[1]Лист1!$A:$B,2,0) -> 0 | AQ55: =ROUND(G55*AB55,0) -> 0
A56: 328 Сардельки Сочинки Стародворье ТМ 0,4 кг ПОКОМ | B56: шт | G56: 0 | I56: матрица | L56: =E56-K56 -> 0 | M56: =E56-N56 -> 0 | P56: 0 | X56: =M56/5 -> 0 | Z56: =Y56 -> 0 | AA56: =Z56-AB56 -> 0 | AD56: =(F56+O56+P56+S56+U56+W56+Z56+Q56+T56+R56+V56)/X56 -> #DIV/0! | AE56: =(F56+O56+P56+S56+U56+W56)/X56 -> #DIV/0! | AF56: 0 | AG56: 0 | AH56: 0 | AI56: 0 | AJ56: 0 | AK56: 0 | AL56: 0 | AM56: 0 | AN56: нет потребности | AO56: =ROUND(G56*AA56,0) -> 0 | AP56: =VLOOKUP(A56,[1]Лист1!$A:$B,2,0) -> 0 | AQ56: =ROUND(G56*AB56,0) -> 0
A57: 329 Сардельки Сочинки с сыром Стародворье ТМ, 0,4 кг. ПОКОМ | B57: шт | C57: 14 | D57: 41 | E57: 24 | F57: 8 | G57: 0.4 | H57: 40 | I57: матрица | K57: 38 | L57: =E57-K57 -> -14 | M57: =E57-N57 -> 24 | P57: 32.02 | X57: =M57/5 -> 4.8 | Y57: =11.5*X57-W57-U57-S57-P57-O57-F57 -> 15.18 | Z57: =Y57 -> 15.18 | AA57: =Z57-AB57 -> 15.18 | AD57: =(F57+O57+P57+S57+U57+W57+Z57+Q57+T57+R57+V57)/X57 -> 11.5 | AE57: =(F57+O57+P57+S57+U57+W57)/X57 -> 8.3375 | AF57: 5.6 | AG57: 3 | AH57: 3.2 | AI57: 3.8 | AJ57: 3.8 | AK57: -0.6 | AL57: 0.8 | AM57: 12.2 | AO57: =ROUND(G57*AA57,0) -> 6 | AP57: =VLOOKUP(A57,[1]Лист1!$A:$B,2,0) -> 6 | AQ57: =ROUND(G57*AB57,0) -> 0
A58: 330 Колбаса вареная Филейская ТМ Вязанка ТС Классическая ВЕС ПОКОМ | B58: кг | C58: 347.047 | D58: 1004.666 | E58: 373.193 | F58: 912.051 | G58: 1 | H58: 50 | I58: ТОП / матрица | K58: 382.3 | L58: =E58-K58 -> -9.107 | M58: =E58-N58 -> 373.193 | P58: 43.438536 | X58: =M58/5 -> 74.6386 | Z58: =Y58 -> 0 | AA58: =Z58-AB58 -> 0 | AD58: =(F58+O58+P58+S58+U58+W58+Z58+Q58+T58+R58+V58)/X58 -> 12.801547 | AE58: =(F58+O58+P58+S58+U58+W58)/X58 -> 12.801547 | AF58: 99.824 | AG58: 124.6264 | AH58: 103.889 | AI58: 63.0912 | AJ58: 69.9802 | AK58: 120.0566 | AL58: 112.971 | AM58: 95.9996 | AO58: =ROUND(G58*AA58,0) -> 0 | AP58: =VLOOKUP(A58,[1]Лист1!$A:$B,2,0) -> 0 | AQ58: =ROUND(G58*AB58,0) -> 0
A59: 334 Паштет Любительский ТМ Стародворье ламистер 0,1 кг ПОКОМ | B59: шт | C59: 133 | D59: 137 | E59: 132 | F59: 112 | G59: 0.1 | H59: 731 | I59: матрица | K59: 146 | L59: =E59-K59 -> -14 | M59: =E59-N59 -> 132 | P59: 118.6 | X59: =M59/5 -> 26.4 | Y59: =11.5*X59-W59-U59-S59-P59-O59-F59 -> 73 | Z59: =Y59 -> 73 | AA59: =Z59-AB59 -> 73 | AD59: =(F59+O59+P59+S59+U59+W59+Z59+Q59+T59+R59+V59)/X59 -> 11.5 | AE59: =(F59+O59+P59+S59+U59+W59)/X59 -> 8.7348485 | AF59: 26.6 | AG59: 17.6 | AH59: 20.2 | AI59: 21.8 | AJ59: 26.4 | AK59: 29.2 | AL59: 30 | AM59: 19.6 | AO59: =ROUND(G59*AA59,0) -> 7 | AP59: =VLOOKUP(A59,[1]Лист1!$A:$B,2,0) -> 7 | AQ59: =ROUND(G59*AB59,0) -> 0
A60: 335 Колбаса Сливушка ТМ Вязанка. ВЕС. ПОКОМ | B60: кг | C60: 524.179 | D60: 296.107 | E60: 593.713 | F60: 67.714 | G60: 1 | H60: 50 | I60: ТОП / матрица | K60: 596.636 | L60: =E60-K60 -> -2.923 | M60: =E60-N60 -> 432.954 | N60: 160.759 | P60: 650.53758 | X60: =M60/5 -> 86.5908 | Y60: =11.5*X60-W60-U60-S60-P60-O60-F60 -> 277.54262 | Z60: =Y60 -> 277.54262 | AA60: =Z60-AB60 -> 277.54262 | AD60: =(F60+O60+P60+S60+U60+W60+Z60+Q60+T60+R60+V60)/X60 -> 11.5 | AE60: =(F60+O60+P60+S60+U60+W60)/X60 -> 8.2947793 | AF60: 102.032 | AG60: 70.1322 | AH60: 63.281 | AI60: 79.7566 | AJ60: 81.9256 | AK60: 86.0806 | AL60: 92.589 | AM60: 122.234 | AO60: =ROUND(G60*AA60,0) -> 278 | AP60: =VLOOKUP(A60,[1]Лист1!$A:$B,2,0) -> 278 | AQ60: =ROUND(G60*AB60,0) -> 0
A61: 336 Ветчина Сливушка с индейкой ТМ Вязанка. ВЕС ПОКОМ | B61: кг | C61: 41.777 | D61: 10.972 | E61: 37.87 | F61: 10.839 | G61: 1 | H61: 55 | I61: матрица | K61: 36.5 | L61: =E61-K61 -> 1.37 | M61: =E61-N61 -> 37.87 | P61: 51.1302 | X61: =M61/5 -> 7.574 | Y61: =11.5*X61-W61-U61-S61-P61-O61-F61 -> 25.1318 | Z61: =Y61 -> 25.1318 | AA61: =Z61-AB61 -> 25.1318 | AD61: =(F61+O61+P61+S61+U61+W61+Z61+Q61+T61+R61+V61)/X61 -> 11.5 | AE61: =(F61+O61+P61+S61+U61+W61)/X61 -> 8.1818326 | AF61: 8.3828 | AG61: 3.4996 | AH61: 4.0302 | AI61: 4.2412 | AJ61: 5.3172 | AK61: 3.4356 | AL61: 4.8686 | AM61: 7.0706 | AO61: =ROUND(G61*AA61,0) -> 25 | AP61: =VLOOKUP(A61,[1]Лист1!$A:$B,2,0) -> 25 | AQ61: =ROUND(G61*AB61,0) -> 0
A62: 338 Паштет печеночный с морковью ТМ Стародворье ламистер 0,1 кг. ПОКОМ | B62: шт | C62: 161 | D62: 72 | E62: 115 | F62: 97 | G62: 0.1 | H62: 731 | I62: матрица | K62: 124 | L62: =E62-K62 -> -9 | M62: =E62-N62 -> 115 | P62: 112.2 | X62: =M62/5 -> 23 | Y62: =11.5*X62-W62-U62-S62-P62-O62-F62 -> 55.3 | Z62: =Y62 -> 55.3 | AA62: =Z62-AB62 -> 55.3 | AD62: =(F62+O62+P62+S62+U62+W62+Z62+Q62+T62+R62+V62)/X62 -> 11.5 | AE62: =(F62+O62+P62+S62+U62+W62)/X62 -> 9.0956522 | AF62: 24.2 | AG62: 17.6 | AH62: 17.6 | AI62: 20.8 | AJ62: 23.6 | AK62: 27.2 | AL62: 30.4 | AM62: 17.6 | AO62: =ROUND(G62*AA62,0) -> 6 | AP62: =VLOOKUP(A62,[1]Лист1!$A:$B,2,0) -> 6 | AQ62: =ROUND(G62*AB62,0) -> 0
A63: 339 Колбаса вареная Филейская ТМ Вязанка ТС Классическая, 0,40 кг. ПОКОМ | B63: шт | C63: -4 | D63: 40 | E63: 5 | F63: 28 | G63: 0.4 | H63: 50 | I63: матрица | K63: 17 | L63: =E63-K63 -> -12 | M63: =E63-N63 -> 5 | P63: 0 | X63: =M63/5 -> 1 | Z63: =Y63 -> 0 | AA63: =Z63-AB63 -> 0 | AD63: =(F63+O63+P63+S63+U63+W63+Z63+Q63+T63+R63+V63)/X63 -> 28 | AE63: =(F63+O63+P63+S63+U63+W63)/X63 -> 28 | AF63: 1.6 | AG63: 2.8 | AH63: 1.2 | AI63: 0.2 | AJ63: 1.6 | AK63: 2.8 | AL63: 1.2 | AM63: 0 | AO63: =ROUND(G63*AA63,0) -> 0 | AP63: =VLOOKUP(A63,[1]Лист1!$A:$B,2,0) -> 0 | AQ63: =ROUND(G63*AB63,0) -> 0
A64: 340 Сосиски Сочинки Молочные ТМ Стародворье, ВЕС ПОКОМ | B64: кг | C64: 50.677 | D64: 54.547 | E64: 56.595 | F64: 16.313 | G64: 1 | H64: 40 | I64: матрица | K64: 64.5 | L64: =E64-K64 -> -7.905 | M64: =E64-N64 -> 56.595 | P64: 0 | X64: =M64/5 -> 11.319 | Y64: =7*X64-W64-U64-S64-P64-O64-F64 -> 62.92 | Z64: 150 | AA64: =Z64-AB64 -> 150 | AC64: 150 | AD64: =(F64+O64+P64+S64+U64+W64+Z64+Q64+T64+R64+V64)/X64 -> 14.693259 | AE64: =(F64+O64+P64+S64+U64+W64)/X64 -> 1.4412051 | AF64: 7.4388 | AG64: 8.8168 | AH64: 9.9624 | AI64: 9.679 | AJ64: 10.6688 | AK64: 14.4322 | AL64: 12.6326 | AM64: 14.2206 | AN64: 150кг под задачи ТК (31,07,26 | AO64: =ROUND(G64*AA64,0) -> 150 | AP64: =VLOOKUP(A64,[1]Лист1!$A:$B,2,0) -> 150 | AQ64: =ROUND(G64*AB64,0) -> 0
A65: 341 Сосиски Сочинки Сливочные ТМ Стародворье ВЕС ПОКОМ | B65: кг | C65: 12.116 | D65: 49.967 | E65: 2.78 | F65: -12.245 | G65: 1 | H65: 40 | I65: матрица | K65: 117.9 | L65: =E65-K65 -> -115.12 | M65: =E65-N65 -> 2.78 | P65: 43.0602 | X65: =M65/5 -> 0.556 | Y65: 40 | Z65: 150 | AA65: =Z65-AB65 -> 150 | AC65: 150 | AD65: =(F65+O65+P65+S65+U65+W65+Z65+Q65+T65+R65+V65)/X65 -> 325.20719 | AE65: =(F65+O65+P65+S65+U65+W65)/X65 -> 55.423022 | AF65: 8.06 | AG65: 8.0434 | AH65: 1.6078 | AI65: 1.6078 | AJ65: 1.6292 | AK65: 1.1018 | AL65: 0.3068 | AM65: 0.3708 | AN65: 150кг под задачи ТК (31,07,26 | AO65: =ROUND(G65*AA65,0) -> 150 | AP65: =VLOOKUP(A65,[1]Лист1!$A:$B,2,0) -> 150 | AQ65: =ROUND(G65*AB65,0) -> 0
A66: 342 Сосиски Сочинки Молочные ТМ Стародворье 0,4 кг ПОКОМ | B66: шт | C66: 112 | D66: 891 | E66: 132 | F66: 723 | G66: 0.4 | H66: 40 | I66: матрица | K66: 293 | L66: =E66-K66 -> -161 | M66: =E66-N66 -> 132 | P66: 188.468 | X66: =M66/5 -> 26.4 | Z66: =Y66 -> 0 | AA66: =Z66-AB66 -> 0 | AD66: =(F66+O66+P66+S66+U66+W66+Z66+Q66+T66+R66+V66)/X66 -> 34.525303 | AE66: =(F66+O66+P66+S66+U66+W66)/X66 -> 34.525303 | AF66: 94.8 | AG66: 113.2 | AH66: 99 | AI66: 107.8 | AJ66: 129.2 | AK66: 139.4 | AL66: 108.2 | AM66: 105.6 | AO66: =ROUND(G66*AA66,0) -> 0 | AP66: =VLOOKUP(A66,[1]Лист1!$A:$B,2,0) -> 0 | AQ66: =ROUND(G66*AB66,0) -> 0
A67: 343 Сосиски Сочинки Сливочные ТМ Стародворье 0,4 кг ПОКОМ | B67: шт | C67: 225 | D67: 10 | E67: 228 | F67: -7 | G67: 0.4 | H67: 40 | I67: матрица | K67: 306 | L67: =E67-K67 -> -78 | M67: =E67-N67 -> 228 | P67: 200 | Q67: 600 | X67: =M67/5 -> 45.6 | Y67: 0 | Z67: =Y67 -> 0 | AA67: =Z67-AB67 -> 0 | AD67: =(F67+O67+P67+S67+U67+W67+Z67+Q67+T67+R67+V67)/X67 -> 17.390351 | AE67: =(F67+O67+P67+S67+U67+W67)/X67 -> 4.2324561 | AF67: 95.8 | AG67: 80.4 | AH67: 83.4 | AI67: 95.6 | AJ67: 103.6 | AK67: 96.2 | AL67: 93 | AM67: 100.6 | AO67: =ROUND(G67*AA67,0) -> 0 | AP67: =VLOOKUP(A67,[1]Лист1!$A:$B,2,0) -> 0 | AQ67: =ROUND(G67*AB67,0) -> 0
A68: 344 Колбаса Сочинка по-европейски с сочной грудинкой ТМ Стародворье, ВЕС ПОКОМ | B68: кг | C68: 106.529 | D68: 2.748 | E68: 85.278 | F68: 8.432 | G68: 1 | H68: 40 | I68: матрица | K68: 84.71 | L68: =E68-K68 -> 0.568 | M68: =E68-N68 -> 85.278 | P68: 67.8222 | X68: =M68/5 -> 17.0556 | Y68: =11*X68-W68-U68-S68-P68-O68-F68 -> 111.3574 | Z68: =Y68 -> 111.3574 | AA68: =Z68-AB68 -> 111.3574 | AD68: =(F68+O68+P68+S68+U68+W68+Z68+Q68+T68+R68+V68)/X68 -> 11 | AE68: =(F68+O68+P68+S68+U68+W68)/X68 -> 4.4709186 | AF68: 11.9252 | AG68: 7.8718 | AH68: 7.6944 | AI68: 8.5982 | AJ68: 10.3788 | AK68: 10.9048 | AL68: 10.0128 | AM68: 18.1794 | AO68: =ROUND(G68*AA68,0) -> 111 | AP68: =VLOOKUP(A68,[1]Лист1!$A:$B,2,0) -> 111 | AQ68: =ROUND(G68*AB68,0) -> 0
A69: 345 Колбаса Сочинка по-фински с сочным окроком ТМ Стародворье ВЕС ПОКОМ | B69: кг | C69: 82.345 | D69: 97.69 | E69: 102.082 | F69: 60.775 | G69: 1 | H69: 40 | I69: матрица | K69: 120.31 | L69: =E69-K69 -> -18.228 | M69: =E69-N69 -> 102.082 | P69: 133.934 | X69: =M69/5 -> 20.4164 | Y69: =11.5*X69-W69-U69-S69-P69-O69-F69 -> 40.0796 | Z69: =Y69 -> 40.0796 | AA69: =Z69-AB69 -> 40.0796 | AD69: =(F69+O69+P69+S69+U69+W69+Z69+Q69+T69+R69+V69)/X69 -> 11.5 | AE69: =(F69+O69+P69+S69+U69+W69)/X69 -> 9.5368919 | AF69: 21.8698 | AG69: 14.438 | AH69: 14.6104 | AI69: 11.1788 | AJ69: 12.9904 | AK69: 13.3424 | AL69: 17.5158 | AM69: 14.6234 | AO69: =ROUND(G69*AA69,0) -> 40 | AP69: =VLOOKUP(A69,[1]Лист1!$A:$B,2,0) -> 40 | AQ69: =ROUND(G69*AB69,0) -> 0
A70: 346 Колбаса Сочинка зернистая с сочной грудинкой ТМ Стародворье.ВЕС ПОКОМ | B70: кг | C70: 415.444 | D70: 1408.941 | E70: 533.14 | F70: 1206.734 | G70: 1 | H70: 40 | I70: ТОП / матрица | K70: 520.81 | L70: =E70-K70 -> 12.33 | M70: =E70-N70 -> 533.14 | P70: 0 | X70: =M70/5 -> 106.628 | Y70: =11.5*X70-W70-U70-S70-P70-O70-F70 -> 19.488 | Z70: =Y70+$Z$1*X70 -> 95.19388 | AA70: =Z70-AB70 -> 95.19388 | AD70: =(F70+O70+P70+S70+U70+W70+Z70+Q70+T70+R70+V70)/X70 -> 12.21 | AE70: =(F70+O70+P70+S70+U70+W70)/X70 -> 11.317234 | AF70: 119.445 | AG70: 150.356 | AH70: 156.1032 | AI70: 121.5554 | AJ70: 176.9426 | AK70: 160.395 | AL70: 105.7924 | AM70: 94.5294 | AO70: =ROUND(G70*AA70,0) -> 95 | AP70: =VLOOKUP(A70,[1]Лист1!$A:$B,2,0) -> 95 | AQ70: =ROUND(G70*AB70,0) -> 0
A71: 347 Колбаса Сочинка рубленая с сочным окороком ТМ Стародворье ВЕС ПОКОМ | B71: кг | C71: 9.237 | D71: 108.522 | E71: 52.655 | F71: 22.304 | G71: 1 | H71: 40 | I71: матрица | K71: 51.71 | L71: =E71-K71 -> 0.945 | M71: =E71-N71 -> 52.655 | P71: 20.3922 | X71: =M71/5 -> 10.531 | Y71: =11*X71-W71-U71-S71-P71-O71-F71 -> 73.1448 | Z71: =Y71 -> 73.1448 | AA71: =Z71-AB71 -> 73.1448 | AD71: =(F71+O71+P71+S71+U71+W71+Z71+Q71+T71+R71+V71)/X71 -> 11 | AE71: =(F71+O71+P71+S71+U71+W71)/X71 -> 4.0543348 | AF71: 10.1662 | AG71: 7.0498 | AH71: 8.107 | AI71: 10.6466 | AJ71: 11.2418 | AK71: 12.7168 | AL71: 8.7722 | AM71: 8.0262 | AO71: =ROUND(G71*AA71,0) -> 73 | AP71: =VLOOKUP(A71,[1]Лист1!$A:$B,2,0) -> 73 | AQ71: =ROUND(G71*AB71,0) -> 0
A72: 355 Колбаса Сервелат запеченный ТМ Стародворье ТС Дугушка. 0,6 кг. ПОКОМ | B72: шт | G72: 0 | I72: матрица | L72: =E72-K72 -> 0 | M72: =E72-N72 -> 0 | P72: 0 | X72: =M72/5 -> 0 | Z72: =Y72 -> 0 | AA72: =Z72-AB72 -> 0 | AD72: =(F72+O72+P72+S72+U72+W72+Z72+Q72+T72+R72+V72)/X72 -> #DIV/0! | AE72: =(F72+O72+P72+S72+U72+W72)/X72 -> #DIV/0! | AF72: 0 | AG72: 0 | AH72: 0 | AI72: 0 | AJ72: 0 | AK72: 0 | AL72: 0 | AM72: 0 | AN72: нет потребности | AO72: =ROUND(G72*AA72,0) -> 0 | AP72: =VLOOKUP(A72,[1]Лист1!$A:$B,2,0) -> 0 | AQ72: =ROUND(G72*AB72,0) -> 0
A73: 364 Сардельки Филейские Вязанка ВЕС NDX ТМ Вязанка ПОКОМ | B73: кг | C73: 114.484 | D73: 950.726 | E73: 566.721 | F73: 392.751 | G73: 1 | H73: 30 | I73: матрица | K73: 623.8 | L73: =E73-K73 -> -57.079 | M73: =E73-N73 -> 566.721 | P73: 119.3578 | X73: =M73/5 -> 113.3442 | Y73: =11.5*X73-W73-U73-S73-P73-O73-F73 -> 791.3495 | Z73: =Y73+$Z$1*X73 -> 871.82388 | AA73: =Z73-AB73 -> 277.23999 | AB73: =$AB$1*Z73 -> 594.58389 | AD73: =(F73+O73+P73+S73+U73+W73+Z73+Q73+T73+R73+V73)/X73 -> 12.21 | AE73: =(F73+O73+P73+S73+U73+W73)/X73 -> 4.5181738 | AF73: 77.8298 | AG73: 48.9584 | AH73: 62.9252 | AI73: 91.3038 | AJ73: 116.2374 | AK73: 91.6146 | AL73: 122.6274 | AM73: 181.6866 | AO73: =ROUND(G73*AA73,0) -> 277 | AP73: =VLOOKUP(A73,[1]Лист1!$A:$B,2,0) -> 277 | AQ73: =ROUND(G73*AB73,0) -> 595
A74: 376 Колбаса Докторская Дугушка 0,6кг ГОСТ ТМ Стародворье ПОКОМ | B74: шт | C74: 286 | D74: 658 | E74: 724 | F74: 41 | G74: 0.6 | H74: 60 | I74: матрица | K74: 893 | L74: =E74-K74 -> -169 | M74: =E74-N74 -> 724 | P74: 272.8 | U74: 500 | X74: =M74/5 -> 144.8 | Y74: =11.5*X74-W74-U74-S74-P74-O74-F74 -> 851.4 | Z74: =Y74+$Z$1*X74 -> 954.208 | AA74: =Z74-AB74 -> 303.43814 | AB74: =$AB$1*Z74 -> 650.76986 | AD74: =(F74+O74+P74+S74+U74+W74+Z74+Q74+T74+R74+V74)/X74 -> 12.21 | AE74: =(F74+O74+P74+S74+U74+W74)/X74 -> 5.6201657 | AF74: 132.2 | AG74: 65.6 | AH74: 71 | AI74: 74 | AJ74: 122 | AK74: 127.6 | AL74: 96.2 | AM74: 82 | AO74: =ROUND(G74*AA74,0) -> 182 | AP74: =VLOOKUP(A74,[1]Лист1!$A:$B,2,0) -> 182 | AQ74: =ROUND(G74*AB74,0) -> 390
A75: 377 Колбаса Молочная Дугушка 0,6кг ТМ Стародворье ПОКОМ | B75: шт | C75: 178 | D75: 654 | E75: 626 | F75: 49 | G75: 0.6 | H75: 60 | I75: матрица | K75: 672 | L75: =E75-K75 -> -46 | M75: =E75-N75 -> 626 | P75: 384.056 | U75: 300 | X75: =M75/5 -> 125.2 | Y75: =11.5*X75-W75-U75-S75-P75-O75-F75 -> 706.744 | Z75: =Y75+$Z$1*X75 -> 795.636 | AA75: =Z75-AB75 -> 253.01225 | AB75: =$AB$1*Z75 -> 542.62375 | AD75: =(F75+O75+P75+S75+U75+W75+Z75+Q75+T75+R75+V75)/X75 -> 12.21 | AE75: =(F75+O75+P75+S75+U75+W75)/X75 -> 5.8550799 | AF75: 118.6 | AG75: 74.4 | AH75: 64.8 | AI75: 68.6 | AJ75: 104.6 | AK75: 112.2 | AL75: 95.2 | AM75: 77.4 | AO75: =ROUND(G75*AA75,0) -> 152 | AP75: =VLOOKUP(A75,[1]Лист1!$A:$B,2,0) -> 152 | AQ75: =ROUND(G75*AB75,0) -> 326
A76: 387 Колбаса вареная Мусульманская Халяль ТМ Вязанка, 0,4 кг ПОКОМ | B76: шт | G76: 0 | I76: матрица | L76: =E76-K76 -> 0 | M76: =E76-N76 -> 0 | P76: 0 | X76: =M76/5 -> 0 | Z76: =Y76 -> 0 | AA76: =Z76-AB76 -> 0 | AD76: =(F76+O76+P76+S76+U76+W76+Z76+Q76+T76+R76+V76)/X76 -> #DIV/0! | AE76: =(F76+O76+P76+S76+U76+W76)/X76 -> #DIV/0! | AF76: 0 | AG76: 0 | AH76: 0 | AI76: 0 | AJ76: 0 | AK76: 0 | AL76: 0 | AM76: 0 | AN76: нет потребности | AO76: =ROUND(G76*AA76,0) -> 0 | AP76: =VLOOKUP(A76,[1]Лист1!$A:$B,2,0) -> 0 | AQ76: =ROUND(G76*AB76,0) -> 0
A77: 388 Сосиски Восточные Халяль ТМ Вязанка 0,33 кг АК. ПОКОМ | B77: шт | D77: 2 | F77: 2 | G77: 0 | I77: матрица | K77: 2 | L77: =E77-K77 -> -2 | M77: =E77-N77 -> 0 | P77: 0 | X77: =M77/5 -> 0 | Z77: =Y77 -> 0 | AA77: =Z77-AB77 -> 0 | AD77: =(F77+O77+P77+S77+U77+W77+Z77+Q77+T77+R77+V77)/X77 -> #DIV/0! | AE77: =(F77+O77+P77+S77+U77+W77)/X77 -> #DIV/0! | AF77: 0 | AG77: 0 | AH77: 0 | AI77: 0 | AJ77: 0 | AK77: 0 | AL77: 0 | AM77: 0 | AN77: нет потребности | AO77: =ROUND(G77*AA77,0) -> 0 | AP77: =VLOOKUP(A77,[1]Лист1!$A:$B,2,0) -> 0 | AQ77: =ROUND(G77*AB77,0) -> 0
A78: 394 Колбаса полукопченая Аль-Ислами халяль ТМ Вязанка оболочка фиброуз в в/у 0,35 кг ПОКОМ | B78: шт | C78: 64 | D78: 78 | E78: 31 | F78: 88 | G78: 0.35 | H78: 90 | I78: матрица | K78: 51 | L78: =E78-K78 -> -20 | M78: =E78-N78 -> 31 | P78: 0 | X78: =M78/5 -> 6.2 | Z78: =Y78 -> 0 | AA78: =Z78-AB78 -> 0 | AD78: =(F78+O78+P78+S78+U78+W78+Z78+Q78+T78+R78+V78)/X78 -> 14.193548 | AE78: =(F78+O78+P78+S78+U78+W78)/X78 -> 14.193548 | AF78: 9.4 | AG78: 9.4 | AH78: 5.2 | AI78: 8.2 | AJ78: 11.2 | AK78: 17.4 | AL78: 13.8 | AM78: 7.8 | AO78: =ROUND(G78*AA78,0) -> 0 | AP78: =VLOOKUP(A78,[1]Лист1!$A:$B,2,0) -> 0 | AQ78: =ROUND(G78*AB78,0) -> 0
A79: 395 Колбаса Докторская ГОСТ ТМ Вязанка в оболочке полиамид 0,37 кг. ПОКОМ | B79: шт | C79: 170 | D79: 202 | E79: 144 | F79: 208 | G79: 0.37 | H79: 50 | I79: матрица | K79: 181 | L79: =E79-K79 -> -37 | M79: =E79-N79 -> 144 | P79: 62.56 | X79: =M79/5 -> 28.8 | Y79: =11.5*X79-W79-U79-S79-P79-O79-F79 -> 60.64 | Z79: =Y79 -> 60.64 | AA79: =Z79-AB79 -> 60.64 | AD79: =(F79+O79+P79+S79+U79+W79+Z79+Q79+T79+R79+V79)/X79 -> 11.5 | AE79: =(F79+O79+P79+S79+U79+W79)/X79 -> 9.3944444 | AF79: 28.8 | AG79: 18.2 | AH79: 30.6 | AI79: 29 | AJ79: 32.2 | AK79: 29.2 | AL79: 33 | AM79: 30 | AO79: =ROUND(G79*AA79,0) -> 22 | AP79: =VLOOKUP(A79,[1]Лист1!$A:$B,2,0) -> 22 | AQ79: =ROUND(G79*AB79,0) -> 0
A80: 397 Ветчина Дугушка ТМ Стародворье ТС Дугушка в полиамидной оболочке 0,6 кг. ПОКОМ | B80: шт | C80: 461 | D80: 658 | E80: 983 | F80: 63 | G80: 0.6 | H80: 70 | I80: ВНИМАНИЕ / матрица | K80: 1240 | L80: =E80-K80 -> -257 | M80: =E80-N80 -> 983 | P80: 100 | X80: =M80/5 -> 196.6 | Y80: 500 | Z80: =Y80 -> 500 | AA80: =Z80-AB80 -> 159 | AB80: =$AB$1*Z80 -> 341 | AD80: =(F80+O80+P80+S80+U80+W80+Z80+Q80+T80+R80+V80)/X80 -> 3.3723296 | AE80: =(F80+O80+P80+S80+U80+W80)/X80 -> 0.82909461 | AF80: 134 | AG80: 33.2 | AH80: 267.8 | AI80: 269 | AJ80: 267.2 | AK80: 46.4 | AL80: 45.8494 | AM80: 42.6494 | AN80: 500шт под ЮТЛ (Хмель 15,07,26) | AO80: =ROUND(G80*AA80,0) -> 95 | AP80: =VLOOKUP(A80,[1]Лист1!$A:$B,2,0) -> 95 | AQ80: =ROUND(G80*AB80,0) -> 205
A81: 405 Сардельки Сливушки ТМ Вязанка в оболочке айпил 0,33 кг. ПОКОМ | B81: шт | C81: -75 | D81: 586 | E81: 332 | F81: 37 | G81: 0.33 | H81: 40 | I81: матрица | K81: 404 | L81: =E81-K81 -> -72 | M81: =E81-N81 -> 332 | P81: 132.14 | U81: 100 | V81: -102 | X81: =M81/5 -> 66.4 | Y81: =10*X81-W81-U81-S81-P81-O81-F81 -> 394.86 | Z81: =Y81 -> 394.86 | AA81: =Z81-AB81 -> 394.86 | AD81: =(F81+O81+P81+S81+U81+W81+Z81+Q81+T81+R81+V81)/X81 -> 8.4638554 | AE81: =(F81+O81+P81+S81+U81+W81)/X81 -> 4.0533133 | AF81: 43.8 | AG81: 14 | AH81: 35.4 | AI81: 34.8 | AJ81: 35.6 | AK81: 19.8 | AL81: 12.8 | AM81: 23.4 | AO81: =ROUND(G81*AA81,0) -> 130 | AP81: =VLOOKUP(A81,[1]Лист1!$A:$B,2,0) -> 130 | AQ81: =ROUND(G81*AB81,0) -> 0
A82: 408 Ветчина Сливушка с индейкой ТМ Вязанка, 0,4кг ПОКОМ | B82: шт | C82: 135 | D82: 9 | E82: 61 | F82: 77 | G82: 0.4 | H82: 55 | I82: матрица | K82: 66 | L82: =E82-K82 -> -5 | M82: =E82-N82 -> 61 | P82: 0 | X82: =M82/5 -> 12.2 | Y82: =11.5*X82-W82-U82-S82-P82-O82-F82 -> 63.3 | Z82: =Y82 -> 63.3 | AA82: =Z82-AB82 -> 63.3 | AD82: =(F82+O82+P82+S82+U82+W82+Z82+Q82+T82+R82+V82)/X82 -> 11.5 | AE82: =(F82+O82+P82+S82+U82+W82)/X82 -> 6.3114754 | AF82: 8.4 | AG82: 8.4 | AH82: 12 | AI82: 8.4 | AJ82: 7.2 | AK82: 5.8 | AL82: 17.2 | AM82: 11.4 | AO82: =ROUND(G82*AA82,0) -> 25 | AP82: =VLOOKUP(A82,[1]Лист1!$A:$B,2,0) -> 25 | AQ82: =ROUND(G82*AB82,0) -> 0
A83: 410 Сосиски Баварские с сыром ТМ Стародворье 0,35 кг. ПОКОМ | B83: шт | C83: 36 | D83: 14 | E83: 44 | F83: -7 | G83: 0.35 | H83: 40 | I83: матрица | K83: 88 | L83: =E83-K83 -> -44 | M83: =E83-N83 -> 44 | P83: 50 | Q83: 250 | X83: =M83/5 -> 8.8 | Y83: 100 | Z83: =Y83 -> 100 | AA83: =Z83-AB83 -> 100 | AD83: =(F83+O83+P83+S83+U83+W83+Z83+Q83+T83+R83+V83)/X83 -> 44.659091 | AE83: =(F83+O83+P83+S83+U83+W83)/X83 -> 4.8863636 | AF83: 26.2 | AG83: 35.8 | AH83: 40.6 | AI83: 41.6 | AJ83: 46.2 | AK83: 34.4 | AL83: 36.6 | AM83: 30 | AO83: =ROUND(G83*AA83,0) -> 35 | AP83: =VLOOKUP(A83,[1]Лист1!$A:$B,2,0) -> 35 | AQ83: =ROUND(G83*AB83,0) -> 0
A84: 412 Сосиски Баварские ТМ Стародворье 0,35 кг ПОКОМ | B84: шт | C84: 83 | D84: 504 | E84: 83 | F84: 185 | G84: 0.35 | H84: 45 | I84: матрица | K84: 381 | L84: =E84-K84 -> -298 | M84: =E84-N84 -> 83 | P84: 244.12714 | U84: 100 | V84: -102 | X84: =M84/5 -> 16.6 | Y84: 400 | Z84: =Y84 -> 400 | AA84: =Z84-AB84 -> 400 | AD84: =(F84+O84+P84+S84+U84+W84+Z84+Q84+T84+R84+V84)/X84 -> 49.826936 | AE84: =(F84+O84+P84+S84+U84+W84)/X84 -> 31.875129 | AF84: 66.6 | AG84: 83 | AH84: 72.6 | AI84: 72.6 | AJ84: 82 | AK84: 85 | AL84: 80 | AM84: 70.6 | AO84: =ROUND(G84*AA84,0) -> 140 | AP84: =VLOOKUP(A84,[1]Лист1!$A:$B,2,0) -> 140 | AQ84: =ROUND(G84*AB84,0) -> 0
A85: 430 Колбаса Стародворская с окороком 0,4 кг. ТМ Стародворье в оболочке полиамид ПОКОМ | B85: шт | C85: 18 | D85: 42 | E85: 20 | F85: 18 | G85: 0.4 | H85: 55 | I85: матрица | K85: 20 | L85: =E85-K85 -> 0 | M85: =E85-N85 -> 20 | P85: 8 | X85: =M85/5 -> 4 | Y85: =11.5*X85-W85-U85-S85-P85-O85-F85 -> 20 | Z85: =Y85 -> 20 | AA85: =Z85-AB85 -> 20 | AD85: =(F85+O85+P85+S85+U85+W85+Z85+Q85+T85+R85+V85)/X85 -> 11.5 | AE85: =(F85+O85+P85+S85+U85+W85)/X85 -> 6.5 | AF85: 4 | AG85: 0 | AH85: 0.2 | AI85: 0.2 | AJ85: 4.6 | AK85: 5 | AL85: 1 | AM85: 0.4 | AO85: =ROUND(G85*AA85,0) -> 8 | AP85: =VLOOKUP(A85,[1]Лист1!$A:$B,2,0) -> 8 | AQ85: =ROUND(G85*AB85,0) -> 0
A86: 433 Колбаса Стародворская со шпиком в оболочке полиамид. ТМ Стародворье ВЕС ПОКОМ | B86: кг | C86: 53.721 | D86: 1.447 | E86: 2.89 | F86: 50.831 | G86: 1 | H86: 55 | I86: матрица | K86: 3.9 | L86: =E86-K86 -> -1.01 | M86: =E86-N86 -> 2.89 | P86: 0 | X86: =M86/5 -> 0.578 | Z86: =Y86 -> 0 | AA86: =Z86-AB86 -> 0 | AD86: =(F86+O86+P86+S86+U86+W86+Z86+Q86+T86+R86+V86)/X86 -> 87.942907 | AE86: =(F86+O86+P86+S86+U86+W86)/X86 -> 87.942907 | AF86: 1.7448 | AG86: 1.7296 | AH86: 1.1372 | AI86: 1.4352 | AJ86: 2.8454 | AK86: 1.7416 | AL86: 3.1874 | AM86: 6.8354 | AN86: нужно увеличить продажи!!! | AO86: =ROUND(G86*AA86,0) -> 0 | AP86: =VLOOKUP(A86,[1]Лист1!$A:$B,2,0) -> 0 | AQ86: =ROUND(G86*AB86,0) -> 0
A87: 436 Колбаса Молочная стародворская с молоком, ВЕС, ТМ Стародворье ПОКОМ | B87: кг | G87: 0 | I87: матрица | L87: =E87-K87 -> 0 | M87: =E87-N87 -> 0 | P87: 0 | X87: =M87/5 -> 0 | Z87: =Y87 -> 0 | AA87: =Z87-AB87 -> 0 | AD87: =(F87+O87+P87+S87+U87+W87+Z87+Q87+T87+R87+V87)/X87 -> #DIV/0! | AE87: =(F87+O87+P87+S87+U87+W87)/X87 -> #DIV/0! | AF87: 0 | AG87: 0 | AH87: 0 | AI87: 0 | AJ87: 0 | AK87: 0 | AL87: 0 | AM87: 0 | AN87: нет потребности | AO87: =ROUND(G87*AA87,0) -> 0 | AP87: =VLOOKUP(A87,[1]Лист1!$A:$B,2,0) -> 0 | AQ87: =ROUND(G87*AB87,0) -> 0
A88: 449 Колбаса Дугушка Стародворская ВЕС ТС Дугушка ПОКОМ | B88: кг | C88: 1513.785 | D88: 4107.774 | E88: 2936.178 | F88: 1958.299 | G88: 1 | H88: 60 | I88: ТОП / матрица | K88: 3008.72 | L88: =E88-K88 -> -72.542 | M88: =E88-N88 -> 2731.858 | N88: 204.32 | P88: 1445.7275 | U88: 2300 | X88: =M88/5 -> 546.3716 | Y88: =11.5*X88-W88-U88-S88-P88-O88-F88 -> 579.24689 | Z88: =Y88+$Z$1*X88 -> 967.17073 | AA88: =Z88-AB88 -> 307.56029 | AB88: =$AB$1*Z88 -> 659.61044 | AD88: =(F88+O88+P88+S88+U88+W88+Z88+Q88+T88+R88+V88)/X88 -> 12.21 | AE88: =(F88+O88+P88+S88+U88+W88)/X88 -> 10.43983 | AF88: 631.1854 | AG88: 487.4292 | AH88: 486.215 | AI88: 545.0742 | AJ88: 663.9702 | AK88: 653.5722 | AL88: 665.9952 | AM88: 698.3722 | AO88: =ROUND(G88*AA88,0) -> 308 | AP88: =VLOOKUP(A88,[1]Лист1!$A:$B,2,0) -> 308 | AQ88: =ROUND(G88*AB88,0) -> 660
A89: 451 Сосиски Филейские ТМ Вязанка в оболочке целлофан 0,3 кг. ПОКОМ | B89: шт | C89: 209 | D89: 132 | E89: 220 | F89: 37 | G89: 0.3 | H89: 40 | I89: матрица | K89: 238 | L89: =E89-K89 -> -18 | M89: =E89-N89 -> 220 | P89: 150.778 | U89: 200 | X89: =M89/5 -> 44 | Y89: =11.5*X89-W89-U89-S89-P89-O89-F89 -> 118.222 | Z89: =Y89 -> 118.222 | AA89: =Z89-AB89 -> 118.222 | AD89: =(F89+O89+P89+S89+U89+W89+Z89+Q89+T89+R89+V89)/X89 -> 11.5 | AE89: =(F89+O89+P89+S89+U89+W89)/X89 -> 8.8131364 | AF89: 54.4 | AG89: 32.2 | AH89: 19.6 | AI89: 20.4 | AJ89: 31.2 | AK89: 47.6 | AL89: 47 | AM89: 39.8 | AO89: =ROUND(G89*AA89,0) -> 35 | AP89: =VLOOKUP(A89,[1]Лист1!$A:$B,2,0) -> 35 | AQ89: =ROUND(G89*AB89,0) -> 0
A90: 452 Колбаса Со шпиком ВЕС большой батон ТМ Особый рецепт ПОКОМ | B90: кг | C90: 984.79 | D90: 1850.686 | E90: 1501.659 | F90: 372.363 | G90: 1 | H90: 60 | I90: ТОП / матрица | K90: 1528.445 | L90: =E90-K90 -> -26.786 | M90: =E90-N90 -> 1189.214 | N90: 312.445 | P90: 570.81968 | U90: 900 | X90: =M90/5 -> 237.8428 | Y90: =11.5*X90-W90-U90-S90-P90-O90-F90 -> 892.00952 | Z90: =Y90+$Z$1*X90 -> 1060.8779 | AA90: =Z90-AB90 -> 337.35918 | AB90: =$AB$1*Z90 -> 723.51873 | AD90: =(F90+O90+P90+S90+U90+W90+Z90+Q90+T90+R90+V90)/X90 -> 12.21 | AE90: =(F90+O90+P90+S90+U90+W90)/X90 -> 7.7495837 | AF90: 261.7706 | AG90: 210.9222 | AH90: 200.2338 | AI90: 224.2274 | AJ90: 269.709 | AK90: 297.4228 | AL90: 254.0382 | AM90: 250.9092 | AO90: =ROUND(G90*AA90,0) -> 337 | AP90: =VLOOKUP(A90,[1]Лист1!$A:$B,2,0) -> 337 | AQ90: =ROUND(G90*AB90,0) -> 724
A91: 456 Колбаса Филейная ТМ Особый рецепт ВЕС большой батон ПОКОМ | B91: кг | C91: 4586.329 | D91: 5332.732 | E91: 2956.32 | F91: 5654.976 | G91: 1 | H91: 60 | I91: ТОП / матрица | K91: 3040.801 | L91: =E91-K91 -> -84.481 | M91: =E91-N91 -> 2428.419 | N91: 527.901 | P91: 0 | R91: 800 | T91: 1600 | W91: 510 | X91: =M91/5 -> 485.6838 | Z91: =Y91 -> 0 | AA91: =Z91-AB91 -> 0 | AD91: =(F91+O91+P91+S91+U91+W91+Z91+Q91+T91+R91+V91)/X91 -> 17.634881 | AE91: =(F91+O91+P91+S91+U91+W91)/X91 -> 12.693394 | AF91: 514.5382 | AG91: 401.6282 | AH91: 487.0112 | AI91: 453.0684 | AJ91: 606.4134 | AK91: 702.1432 | AL91: 695.8486 | AM91: 634.7774 | AO91: =ROUND(G91*AA91,0) -> 0 | AP91: =VLOOKUP(A91,[1]Лист1!$A:$B,2,0) -> 0 | AQ91: =ROUND(G91*AB91,0) -> 0
A92: 457 Колбаса Молочная ТМ Особый рецепт ВЕС большой батон ПОКОМ | B92: кг | C92: 2130.868 | D92: 10981.449 | E92: =3945.745+E23 -> 3953.238 | F92: =7038.414+F23 -> 7030.921 | G92: 1 | H92: 60 | I92: ТОП / матрица | K92: 4135.267 | L92: =E92-K92 -> -182.029 | M92: =E92-N92 -> 3122.571 | N92: 830.667 | P92: 0 | R92: 800 | T92: 2500 | W92: 630 | X92: =M92/5 -> 624.5142 | Y92: 151 | Z92: =Y92 -> 151 | AA92: =Z92-AB92 -> 151 | AD92: =(F92+O92+P92+S92+U92+W92+Z92+Q92+T92+R92+V92)/X92 -> 17.792904 | AE92: =(F92+O92+P92+S92+U92+W92)/X92 -> 12.267009 | AF92: 657.897 | AG92: 520.9252 | AH92: 627.7974 | AI92: 577.6516 | AJ92: 698.2604 | AK92: 814.3688 | AL92: 736.1662 | AM92: 609.912 | AO92: =ROUND(G92*AA92,0) -> 151 | AP92: =VLOOKUP(A92,[1]Лист1!$A:$B,2,0) -> 151 | AQ92: =ROUND(G92*AB92,0) -> 0
A93: 460 Колбаса Стародворская Традиционная ВЕС ТМ Стародворье в оболочке полиамид. ПОКОМ | B93: кг | C93: 67.259 | D93: 55.129 | E93: 14.683 | F93: 106.361 | G93: 1 | H93: 55 | I93: матрица | K93: 15.6 | L93: =E93-K93 -> -0.917 | M93: =E93-N93 -> 14.683 | P93: 0 | X93: =M93/5 -> 2.9366 | Z93: =Y93 -> 0 | AA93: =Z93-AB93 -> 0 | AD93: =(F93+O93+P93+S93+U93+W93+Z93+Q93+T93+R93+V93)/X93 -> 36.219097 | AE93: =(F93+O93+P93+S93+U93+W93)/X93 -> 36.219097 | AF93: 2.9626 | AG93: 9.129 | AH93: 9.1308 | AI93: 9.6712 | AJ93: 9.398 | AK93: 9.934 | AL93: 15.5474 | AM93: 15.0168 | AN93: нужно увеличить продажи!!! | AO93: =ROUND(G93*AA93,0) -> 0 | AP93: =VLOOKUP(A93,[1]Лист1!$A:$B,2,0) -> 0 | AQ93: =ROUND(G93*AB93,0) -> 0
A94: 463 Колбаса Молочная Традиционнаяв оболочке полиамид.ТМ Стародворье. ВЕС ПОКОМ | B94: кг | C94: -1.36 | F94: -1.36 | G94: 0 | I94: не в матрице | L94: =E94-K94 -> 0 | M94: =E94-N94 -> 0 | P94: 0 | X94: =M94/5 -> 0 | Z94: =Y94 -> 0 | AA94: =Z94-AB94 -> 0 | AD94: =(F94+O94+P94+S94+U94+W94+Z94+Q94+T94+R94+V94)/X94 -> #DIV/0! | AE94: =(F94+O94+P94+S94+U94+W94)/X94 -> #DIV/0! | AF94: 0 | AG94: 0.272 | AH94: 0.272 | AI94: 0 | AJ94: 0 | AK94: 0 | AL94: 0 | AM94: 0 | AO94: =ROUND(G94*AA94,0) -> 0 | AP94: =VLOOKUP(A94,[1]Лист1!$A:$B,2,0) -> 0 | AQ94: =ROUND(G94*AB94,0) -> 0
A95: 485 Колбаса Молочная по-стародворски ТМ Стародворье в оболочке полиамид. ВЕС ПОКОМ | B95: кг | C95: 562.398 | D95: 2.671 | E95: 34.32 | F95: 408.901 | G95: 0 | I95: не в матрице | K95: 34.9 | L95: =E95-K95 -> -0.58 | M95: =E95-N95 -> 34.32 | P95: 0 | X95: =M95/5 -> 6.864 | Z95: =Y95 -> 0 | AA95: =Z95-AB95 -> 0 | AD95: =(F95+O95+P95+S95+U95+W95+Z95+Q95+T95+R95+V95)/X95 -> 59.571824 | AE95: =(F95+O95+P95+S95+U95+W95)/X95 -> 59.571824 | AF95: 3.9004 | AG95: 2.42 | AH95: 6.709 | AI95: 6.707 | AJ95: 13.973 | AK95: 18.044 | AL95: 9.4332 | AM95: 0.5372 | AN95: нужно увеличить продажи!!! | AO95: =ROUND(G95*AA95,0) -> 0 | AP95: =VLOOKUP(A95,[1]Лист1!$A:$B,2,0) -> 0 | AQ95: =ROUND(G95*AB95,0) -> 0
A96: 498 Колбаса Сочинка рубленая с сочным окороком 0,3кг ТМ Стародворье ПОКОМ | B96: шт | C96: 72 | D96: 169 | E96: 119 | F96: 76 | G96: 0.3 | H96: 40 | I96: матрица | K96: 189 | L96: =E96-K96 -> -70 | M96: =E96-N96 -> 119 | P96: 157.4 | X96: =M96/5 -> 23.8 | Y96: =11.5*X96-W96-U96-S96-P96-O96-F96 -> 40.3 | Z96: =Y96 -> 40.3 | AA96: =Z96-AB96 -> 40.3 | AD96: =(F96+O96+P96+S96+U96+W96+Z96+Q96+T96+R96+V96)/X96 -> 11.5 | AE96: =(F96+O96+P96+S96+U96+W96)/X96 -> 9.8067227 | AF96: 25.4 | AG96: 17.2 | AH96: 20.2 | AI96: 22.8 | AJ96: 24.2 | AK96: 18.2 | AL96: 15.4 | AM96: 28.2 | AO96: =ROUND(G96*AA96,0) -> 12 | AP96: =VLOOKUP(A96,[1]Лист1!$A:$B,2,0) -> 12 | AQ96: =ROUND(G96*AB96,0) -> 0
A97: 517 Сосиски С сыром ТМ Ядрена копоть 0,3кг ПОКОМ | B97: шт | C97: 55 | D97: 36 | E97: 55 | F97: 21 | G97: 0.3 | H97: 40 | I97: матрица | K97: 58 | L97: =E97-K97 -> -3 | M97: =E97-N97 -> 55 | P97: 75.6 | X97: =M97/5 -> 11 | Y97: =11.5*X97-W97-U97-S97-P97-O97-F97 -> 29.9 | Z97: =Y97 -> 29.9 | AA97: =Z97-AB97 -> 29.9 | AD97: =(F97+O97+P97+S97+U97+W97+Z97+Q97+T97+R97+V97)/X97 -> 11.5 | AE97: =(F97+O97+P97+S97+U97+W97)/X97 -> 8.7818182 | AF97: 12.4 | AG97: 6.8 | AH97: 6.4 | AI97: 1.4 | AJ97: 2 | AK97: 2.4 | AL97: 12.2 | AM97: 13.6 | AO97: =ROUND(G97*AA97,0) -> 9 | AP97: =VLOOKUP(A97,[1]Лист1!$A:$B,2,0) -> 9 | AQ97: =ROUND(G97*AB97,0) -> 0
A98: 523 Колбаса Сальчичон нарезка 0,07кг ТМ Стародворье ПОКОМ | B98: шт | C98: 67 | D98: 245 | E98: 167 | F98: 87 | G98: 0.07 | H98: 90 | I98: матрица | K98: 198 | L98: =E98-K98 -> -31 | M98: =E98-N98 -> 167 | P98: 106.8 | U98: 100 | X98: =M98/5 -> 33.4 | Y98: =11.5*X98-W98-U98-S98-P98-O98-F98 -> 90.3 | Z98: =Y98 -> 90.3 | AA98: =Z98-AB98 -> 90.3 | AD98: =(F98+O98+P98+S98+U98+W98+Z98+Q98+T98+R98+V98)/X98 -> 11.5 | AE98: =(F98+O98+P98+S98+U98+W98)/X98 -> 8.7964072 | AF98: 34.8 | AG98: 22.2 | AH98: 22.6 | AI98: 26.8 | AJ98: 31.2 | AK98: 29.2 | AL98: 24.8 | AM98: 22.8 | AO98: =ROUND(G98*AA98,0) -> 6 | AP98: =VLOOKUP(A98,[1]Лист1!$A:$B,2,0) -> 6 | AQ98: =ROUND(G98*AB98,0) -> 0
A99: 524 Колбаса Сервелат Ореховый нарезка 0,07кг ТМ Стародворье ПОКОМ | B99: шт | C99: 162 | D99: 168 | E99: 148 | F99: 133 | G99: 0.07 | H99: 90 | I99: матрица | K99: 174 | L99: =E99-K99 -> -26 | M99: =E99-N99 -> 148 | P99: 156.22 | X99: =M99/5 -> 29.6 | Y99: =11.5*X99-W99-U99-S99-P99-O99-F99 -> 51.18 | Z99: =Y99 -> 51.18 | AA99: =Z99-AB99 -> 51.18 | AD99: =(F99+O99+P99+S99+U99+W99+Z99+Q99+T99+R99+V99)/X99 -> 11.5 | AE99: =(F99+O99+P99+S99+U99+W99)/X99 -> 9.7709459 | AF99: 31.2 | AG99: 22.8 | AH99: 26.2 | AI99: 20.4 | AJ99: 22 | AK99: 23.4 | AL99: 33 | AM99: 23.8 | AO99: =ROUND(G99*AA99,0) -> 4 | AP99: =VLOOKUP(A99,[1]Лист1!$A:$B,2,0) -> 4 | AQ99: =ROUND(G99*AB99,0) -> 0
A100: 525 Колбаса Фуэт нарезка 0,07кг ТМ Стародворье ПОКОМ | B100: шт | C100: 108 | D100: 152 | E100: 123 | F100: 94 | G100: 0.07 | H100: 90 | I100: матрица | K100: 151 | L100: =E100-K100 -> -28 | M100: =E100-N100 -> 123 | P100: 152.8 | X100: =M100/5 -> 24.6 | Y100: =11.5*X100-W100-U100-S100-P100-O100-F100 -> 36.1 | Z100: =Y100 -> 36.1 | AA100: =Z100-AB100 -> 36.1 | AD100: =(F100+O100+P100+S100+U100+W100+Z100+Q100+T100+R100+V100)/X100 -> 11.5 | AE100: =(F100+O100+P100+S100+U100+W100)/X100 -> 10.03252 | AF100: 27.4 | AG100: 18.8 | AH100: 18.4 | AI100: 20.6 | AJ100: 22.8 | AK100: 20.6 | AL100: 21.4 | AM100: 16.4 | AO100: =ROUND(G100*AA100,0) -> 3 | AP100: =VLOOKUP(A100,[1]Лист1!$A:$B,2,0) -> 3 | AQ100: =ROUND(G100*AB100,0) -> 0
...

Sheet недогрузы
A1: SU002074 | B1: Сосиски «Молочные для завтрака» Весовой п/а ТМ «Особый рецепт» | C1: -504
A2: SU002205 | B2: Сосиски «Молочные для завтрака» Фикс.вес 0,4 П/а мгс ТМ «Особый рецепт» | C2: -160.8
A3: SU002367 | B3: Сардельки «Сливушки» фикс.вес 0,33 п/а мгс ТМ «Вязанка» | C3: -33.66
A4: SU002618 | B4: Сосиски «Сочинки с сочной грудинкой» Фикс.вес 0,4 П/а мгс ТМ «Стародворье» | C4: -400.8
A5: SU002621 | B5: Сосиски «Сочинки с сочным окороком» Фикс.вес 0,4 П/а мгс ТМ «Стародворье» | C5: -400.8
A6: SU003167 | B6: Сосиски «Баварские» Фикс.вес 0,35 П/а ТМ «Стародворье» | C6: -35.7
