Workbook
Name вес_короба__кг: КИ_ПФ!$AH$3:$AH$821
Name высота__мм: КИ_ПФ!$AE$3:$AE$821
Name высота_поддона__мм: КИ_ПФ!#REF!
Name ГОСТ_23670_2019: #REF!
Name ГОСТ_31785_2012: #REF!
Name ГОСТ_32125_2013: #REF!
Name ГОСТ_32244_2013: #REF!
Name ГОСТ_Р_55455_2013: #REF!
Name ГОСТ_Р_55456_2013: #REF!
Name итого_г_у: КИ_ПФ!$AM$3:$AM$821
Name кол_во_инд.__упак_к: КИ_ПФ!$AF$3:$AF$821
Name Кол_во_коробок_на_поддоне: кратность!$H$2:$H$341
Name кол_во_слоев_г_у: КИ_ПФ!$AL$3:$AL$821
Name Кол_во_штук_в_коробе: кратность!$G$2:$G$341
Name Новая_кратность_короба__кг: кратность!$E$2:$E$341
Name номин.вес_брутто__кг: КИ_ПФ!$AB$3:$AB$821
Name номин.вес_нетто__кг: КИ_ПФ!$Z$3:$Z$821
Name номин.вес_нетто_г_у__кг: КИ_ПФ!$AI$3:$AI$821
Name ТУ_10.13.14_130_00425283_2017: #REF!

Sheet КИ_ПФ
B1: Код | C1: Наименование | D1: БЕИ | E1: Вид | F1: Тип | G1: Торговая | H1: Производитель | I1: Номер | J1: Группа/категория | K1: Состав | L1: Пищевая ценность в 100 г: | P1: Условия | Q1: Срок | R1: Срок | S1: Штрих-код | T1: Штрих-код | U1: Штрих-код | V1: Штрих-код | Z1: Индивидуальная упаковка | AD1: Групповая упаковка (гофрокороб) | AM1: Паллета
B2: SAP | C2: Наименование продукции | D2: кг/шт | E2: Вид продукции | F2: Тип продукции | G2: марка | H2: Производитель | I2: ГОСТ/ТУ | J2: Группа/категория | K2: 3 | L2: белки (г) | M2: жиры (г) | N2: углеводы (г) | O2: ккал/кДж | P2: хранения,°С | Q2: годности, сут | R2: годности после вскрытия | S2: EAN-13 | T2: ITF-14 | U2: EAN-13 (GS1) | V2: ITF-14 (GS1) | W2: длина (мм) | X2: ширина (мм) | Y2: высота (мм) | Z2: номин.вес нетто (кг) | AA2: вес вспом. упаковки (кг) | AB2: номин.вес брутто (кг) | AC2: длина (мм) | AD2: ширина (мм) | AE2: высота (мм) | AF2: кол-во инд. упак-к | AG2: код короба | AH2: вес короба (кг) | AI2: номин.вес нетто г/у (кг) | AJ2: номин.вес брутто г/у (кг) | AK2: кол-во г/у в слое | AL2: кол-во слоев г/у | AM2: итого г/у | AN2: Кратность нетто (кг/шт) | AO2: Высота (мм)
A3: =VALUE(RIGHT(B3,4)) -> 6874 | B3: 1001012486874 | C3: БЕЗ ШПИКА ПМ вар п/о (катБ)_Kvalita | D3: КГ | E3: Колбасные изделия | F3: Вареные колбасы | G3: Папа может | H3: ОМПК(С) | I3: ТУ 10.13.14-180-00425283-2025 | J3: Мясной продукт. Изделие колбасное вареное категории Б. | K3: свинина, стабилизатор белковый (вода питьевая, шкурка свиная, кожа куриная), мясо куриное механической обвалки, вода питьевая, сыворотка молочная сухая, молоко сухое обезжиренное, крахмалы (кукурузный, картофельный), смесь посолочно-нитритная (соль, фиксатор окраски (нитрит натрия)), сахар, регуляторы кислотности (пирофосфаты, трифосфаты, цитраты натрия), загустители (каррагинан, гуаровая камедь, конжак, ксантановая камедь), специи, экстракты специй (в т.ч. горчица), антиокислитель (аскорбиновая кислота), усилитель вкуса и аромата (глутамат натрия), ароматизаторы, краситель (кармины) | L3: 9 | M3: 14 | N3: 5 | O3: 182/756 | P3: 0…+6 | Q3: 60 | R3: 72 часа | S3: 2800682000002 | T3: 12800682000009 | U3: 4630362180094 | V3: 14630362180091 | W3: 250 | X3: 90 | Y3: 90 | Z3: 1.35 | AA3: 0.002 | AB3: =Z3+AA3 -> 1.352 | AC3: 292 | AD3: 178 | AE3: 178 | AF3: 3 | AG3: 600000029 | AH3: =справочники!$C$21 -> 0.125 | AI3: =ROUNDDOWN(номин.вес_нетто__кг*кол_во_инд.__упак_к,2) -> 4.05 | AJ3: =(номин.вес_брутто__кг*кол_во_инд.__упак_к)+вес_короба__кг -> 4.181 | AK3: 16 | AL3: 8 | AM3: =AK3*AL3 -> 128 | AN3: =IF(D3="ШТ",кол_во_инд.__упак_к*итого_г_у,ROUNDDOWN(номин.вес_нетто_г_у__кг*итого_г_у,1)) -> 518.4 | AO3: =(высота__мм*кол_во_слоев_г_у)+145 -> 1569
A4: =VALUE(RIGHT(B4,4)) -> 7568 | B4: 1001012487568 | C4: БЕЗ ШПИКА вар п/о (катБ) 1.35*8_Kvalita | D4: КГ | E4: Колбасные изделия | F4: Вареные колбасы | G4: Папа может | H4: ОМПК(С) | I4: ТУ 10.13.14-180-00425283-2025 | J4: Мясной продукт. Изделие колбасное вареное категории Б. | K4: свинина, стабилизатор белковый (вода питьевая, шкурка свиная, кожа куриная), мясо куриное механической обвалки, вода питьевая, сыворотка молочная сухая, молоко сухое обезжиренное, крахмалы (кукурузный, картофельный), смесь посолочно-нитритная (соль, фиксатор окраски (нитрит натрия)), сахар, регуляторы кислотности (пирофосфаты, трифосфаты, цитраты натрия), загустители (каррагинан, гуаровая камедь, конжак, ксантановая камедь), специи, экстракты специй (в т.ч. горчица), антиокислитель (аскорбиновая кислота), усилитель вкуса и аромата (глутамат натрия), ароматизаторы, краситель (кармины) | L4: 9 | M4: 14 | N4: 5 | O4: 182/756 | P4: 0…+6 | Q4: 60 | R4: 72 часа | S4: 2800682000002 | T4: 12800682000009 | U4: 4630362180094 | V4: 24630362180098 | W4: 250 | X4: 90 | Y4: 90 | Z4: 1.35 | AA4: 0.002 | AB4: =Z4+AA4 -> 1.352 | AC4: 293 | AD4: 394 | AE4: 158 | AF4: 8 | AG4: 600000607 | AH4: =справочники!$C$195 -> 0.236 | AI4: =ROUNDDOWN(номин.вес_нетто__кг*кол_во_инд.__упак_к,2) -> 10.8 | AJ4: =(номин.вес_брутто__кг*кол_во_инд.__упак_к)+вес_короба__кг -> 11.052 | AK4: 8 | AL4: 9 | AM4: =AK4*AL4 -> 72 | AN4: =IF(D4="ШТ",кол_во_инд.__упак_к*итого_г_у,ROUNDDOWN(номин.вес_нетто_г_у__кг*итого_г_у,1)) -> 777.6 | AO4: =(высота__мм*кол_во_слоев_г_у)+145 -> 1567
A5: =VALUE(RIGHT(B5,4)) -> 6319 | B5: 1001013636319 | C5: БАЛЫКОВАЯ Папа может вар п/о 0.4кг 8шт. | D5: ШТ | E5: Колбасные изделия | F5: Вареные колбасы | G5: Папа может | H5: ОМПК(С) | I5: ТУ 10.13.14-130-00425283-2017 | J5: Мясной продукт. Изделие колбасное вареное категории Б. | K5: свинина, вода питьевая, стабилизатор белковый (вода питьевая, шкурка свиная, кожа куриная), мясо куриное механической обвалки, филе грудок куриных, крахмал картофельный, сыворотка молочная сухая, смесь посолочно-нитритная (соль, фиксатор окраски (нитрит натрия)), соль, регуляторы кислотности (пирофосфаты, трифосфаты, цитраты натрия), стабилизаторы (полифосфаты, альгинат натрия), загустители (тары камедь, камедь рожкового дерева, ксантановая камедь, каррагинан, гуаровая камедь, камедь целлюлозы, модифицированный крахмал), белок животный (говяжий), сахара, специи, пряности, экстракты пряностей, антиокислители (изоаскоробат натрия, аскорбат натрия), усилитель вкуса и аромата (глутамат натрия), ароматизаторы, краситель (кармины) | L5: 11 | M5: 15 | N5: 3 | O5: 191/793 | P5: 0…+6 | Q5: 60 | R5: 3 суток | S5: 4607958071111 | T5: 14607958071118 | U5: 4607958071111 | V5: 14607958071118 | W5: 160 | X5: 67 | Y5: 67 | Z5: 0.4 | AA5: 0.002 | AB5: =Z5+AA5 -> 0.402 | AC5: 318 | AD5: 143 | AE5: 138 | AF5: 8 | AG5: 600000407 | AH5: =справочники!$C$106 -> 0.094 | AI5: =ROUNDDOWN(номин.вес_нетто__кг*кол_во_инд.__упак_к,2) -> 3.2 | AJ5: =(номин.вес_брутто__кг*кол_во_инд.__упак_к)+вес_короба__кг -> 3.31 | AK5: 19 | AL5: 11 | AM5: =AK5*AL5 -> 209 | AN5: =IF(D5="ШТ",кол_во_инд.__упак_к*итого_г_у,ROUNDDOWN(номин.вес_нетто_г_у__кг*итого_г_у,1)) -> 1672 | AO5: =(высота__мм*кол_во_слоев_г_у)+145 -> 1663
A6: =VALUE(RIGHT(B6,4)) -> 7523 | B6: 1001012427523 | C6: ГОВЯЖЬЯ Папа может вар п/о 0.4кг 6шт. | D6: ШТ | E6: Колбасные изделия | F6: Вареные колбасы | G6: Папа может | H6: ОМПК(С) | I6: ТУ 10.13.14-180-00425283-2025 | J6: Мясосодержащий продукт. Изделие колбасное вареное категории В. | K6: говядина, стабилизатор белковый (кожа куриная, вода питьевая), мясо куриное механической обвалки, филе грудок куриных, вода питьевая, сыворотка молочная сухая, крахмал картофельный, смесь посолочно-нитритная (соль, фиксатор окраски (нитрит натрия)), регуляторы кислотности (трифосфаты, пирофосфаты, цитраты натрия), загустители (каррагинан, гуаровая камедь, ксантановая камедь, альгинат натрия), специи, экстракты пряностей, сахара, антиокислитель (аскорбиновая кислота), усилитель вкуса и аромата (глутамат натрия), ароматизатор, краситель (кармины) | L6: 9 | M6: 14 | N6: 4 | O6: 178/739 | P6: 0…+6 | Q6: 60 | R6: 72 часа | S6: 4607958076277 | T6: 24607958076271 | U6: 4607958076277 | V6: 24607958076271 | W6: 160 | X6: 67 | Y6: 67 | Z6: 0.4 | AA6: 0.002 | AB6: =Z6+AA6 -> 0.402 | AC6: 212 | AD6: 163 | AE6: 138 | AF6: 6 | AG6: 600000590 | AH6: =справочники!$C$189 -> 0.13 | AI6: =ROUNDDOWN(номин.вес_нетто__кг*кол_во_инд.__упак_к,2) -> 2.4 | AJ6: =(номин.вес_брутто__кг*кол_во_инд.__упак_к)+вес_короба__кг -> 2.542 | AK6: 26 | AL6: 9 | AM6: =AK6*AL6 -> 234 | AN6: =IF(D6="ШТ",кол_во_инд.__упак_к*итого_г_у,ROUNDDOWN(номин.вес_нетто_г_у__кг*итого_г_у,1)) -> 1404 | AO6: =(высота__мм*кол_во_слоев_г_у)+145 -> 1387
A7: =VALUE(RIGHT(B7,4)) -> 7025 | B7: 1001012427025 | C7: ГОВЯЖЬЯ ПМ вар п/о 0.85кг 4шт_Kvalita | D7: ШТ | E7: Колбасные изделия | F7: Вареные колбасы | G7: Папа может | H7: ОМПК(С) | I7: ТУ 10.13.14-180-00425283-2025 | J7: Мясосодержащий продукт. Изделие колбасное вареное категории В. | K7: говядина, стабилизатор белковый (кожа куриная, вода питьевая), мясо куриное механической обвалки, филе грудок куриных, вода питьевая, сыворотка молочная сухая, крахмал картофельный, смесь посолочно-нитритная (соль, фиксатор окраски (нитрит натрия)), регуляторы кислотности (трифосфаты, пирофосфаты, цитраты натрия), загустители (каррагинан, гуаровая камедь, ксантановая камедь, альгинат натрия), специи, экстракты пряностей, сахара, антиокислитель (аскорбиновая кислота), усилитель вкуса и аромата (глутамат натрия), ароматизатор, краситель (кармины) | L7: 9 | M7: 14 | N7: 4 | O7: 178/739 | P7: 0…+6 | Q7: 60 | R7: 72 часа | S7: 4607958078493 | T7: 14607958078490 | U7: 4607958078493 | V7: 14607958078490 | W7: 190 | X7: 70 | Y7: 70 | Z7: 0.85 | AA7: 0.002 | AB7: =Z7+AA7 -> 0.852 | AC7: 388 | AD7: 193 | AE7: 108 | AF7: 4 | AG7: 600000013 | AH7: =справочники!$C$5 -> 0.141 | AI7: =ROUNDDOWN(номин.вес_нетто__кг*кол_во_инд.__упак_к,2) -> 3.4 | AJ7: =(номин.вес_брутто__кг*кол_во_инд.__упак_к)+вес_короба__кг -> 3.549 | AK7: 12 | AL7: 14 | AM7: =AK7*AL7 -> 168 | AN7: =IF(D7="ШТ",кол_во_инд.__упак_к*итого_г_у,ROUNDDOWN(номин.вес_нетто_г_у__кг*итого_г_у,1)) -> 672 | AO7: =(высота__мм*кол_во_слоев_г_у)+145 -> 1657
A8: =VALUE(RIGHT(B8,4)) -> 6220 | B8: 1001012426220 | C8: ГОВЯЖЬЯ Папа может вар п/о | D8: КГ | E8: Колбасные изделия | F8: Вареные колбасы | G8: Папа может | H8: ОМПК(С) | I8: ТУ 10.13.14-180-00425283-2025 | J8: Мясосодержащий продукт. Изделие колбасное вареное категории В. | K8: говядина, мясо куриное механической обвалки, вода питьевая, филе грудок куриных, стабилизатор белковый (кожа куриная, вода питьевая), крахмал картофельный, сыворотка молочная сухая, смесь нитритно-посолочная (соль, фиксатор окраски (нитрит натрия)), соль, регуляторы кислотности (пирофосфаты, цитраты натрия), стабилизаторы (каррагинан, ксантановая камедь), пряности и экстракты пряностей, лук сушеный, сахара, усилитель вкуса и аромата (глутамат натрия), ароматизаторы, антиокислитель (аскорбиновая кислота), краситель (кармины) | L8: 9 | M8: 13 | N8: 2 | O8: 161/668 | P8: 0…+6 | Q8: 60 | R8: 72 часа | S8: 2800327000008 | T8: 12800327000005 | U8: 4630362181077 | V8: 14630362181074 | W8: 250 | X8: 90 | Y8: 90 | Z8: 1.35 | AA8: 0.002 | AB8: =Z8+AA8 -> 1.352 | AC8: 292 | AD8: 178 | AE8: 178 | AF8: 3 | AG8: 600000029 | AH8: =справочники!$C$21 -> 0.125 | AI8: =ROUNDDOWN(номин.вес_нетто__кг*кол_во_инд.__упак_к,2) -> 4.05 | AJ8: =(номин.вес_брутто__кг*кол_во_инд.__упак_к)+вес_короба__кг -> 4.181 | AK8: 14 | AL8: 8 | AM8: =AK8*AL8 -> 112 | AN8: =IF(D8="ШТ",кол_во_инд.__упак_к*итого_г_у,ROUNDDOWN(номин.вес_нетто_г_у__кг*итого_г_у,1)) -> 453.6 | AO8: =(высота__мм*кол_во_слоев_г_у)+145 -> 1569
A9: =VALUE(RIGHT(B9,4)) -> 3254 | B9: 1001012993254 | C9: ДОКТОР СКАЙ Папа может вар п/о | D9: КГ | E9: Колбасные изделия | F9: Вареные колбасы | G9: Папа может | H9: ОМПК(С) | I9: ТУ 10.13.14-180-00425283-2025 | J9: Мясной продукт. Изделие колбасное вареное категории В. | K9: свинина, филе грудок куриных, мясо цыпленка-бройлера механической обвалки, стабилизатор белковый (шкурка свиная, вода питьевая), вода питьевая, сыворотка молочная сухая, молоко сухое обезжиренное, крахмалы (кукурузный, картофельный), смесь посолочно-нитритная (соль, фиксатор окраски (нитрит натрия)), сахара, регуляторы кислотности (пирофосфаты, трифосфаты, цитраты натрия), загустители (каррагинан, гуаровая камедь, ксантановая камедь), пряности, чеснок сушеный молотый, перец черный молотый, имбирь, горчица, антиокислитель (аскорбиновая кислота), усилитель вкуса и аромата (глутамат натрия 1-замещенный), ароматизаторы, краситель (кармины) | L9: 9 | M9: 14 | N9: 5 | O9: 182/756 | P9: 0…+6 | Q9: 60 | R9: 72 часа | S9: 2100116000005 | T9: 12100116000002 | U9: 4630362181138 | V9: 14630362181135 | W9: 250 | X9: 90 | Y9: 90 | Z9: 1.35 | AA9: 0.002 | AB9: =Z9+AA9 -> 1.352 | AC9: 292 | AD9: 178 | AE9: 178 | AF9: 3 | AG9: 600000029 | AH9: =справочники!$C$21 -> 0.125 | AI9: =ROUNDDOWN(номин.вес_нетто__кг*кол_во_инд.__упак_к,2) -> 4.05 | AJ9: =(номин.вес_брутто__кг*кол_во_инд.__упак_к)+вес_короба__кг -> 4.181 | AK9: 16 | AL9: 8 | AM9: =AK9*AL9 -> 128 | AN9: =IF(D9="ШТ",кол_во_инд.__упак_к*итого_г_у,ROUNDDOWN(номин.вес_нетто_г_у__кг*итого_г_у,1)) -> 518.4 | AO9: =(высота__мм*кол_во_слоев_г_у)+145 -> 1569
A10: =VALUE(RIGHT(B10,4)) -> 7577 | B10: 1001012997577 | C10: ДОКТОР СКАЙ Папа может вар п/о 1.35*8 | D10: КГ | E10: Колбасные изделия | F10: Вареные колбасы | G10: Папа может | H10: ОМПК(С) | I10: ТУ 10.13.14-180-00425283-2025 | J10: Мясной продукт. Изделие колбасное вареное категории В. | K10: свинина, стабилизатор белковый (вода питьевая, шкурка свиная, кожа куриная), мясо куриное механической обвалки, вода питьевая, сыворотка молочная сухая, молоко сухое обезжиренное, крахмалы (кукурузный, картофельный), смесь посолочно-нитритная (соль, фиксатор окраски (нитрит натрия)), сахар, регуляторы кислотности (пирофосфаты, трифосфаты, цитраты натрия), загустители (каррагинан, гуаровая камедь, конжак, ксантановая камедь), специи, экстракты специй (в т.ч. горчица), антиокислитель (аскорбиновая кислота), усилитель вкуса и аромата (глутамат натрия), ароматизаторы, краситель (кармины) | L10: 9 | M10: 14 | N10: 5 | O10: 182/756 | P10: 0…+6 | Q10: 60 | R10: 72 часа | S10: 2100116000005 | T10: 12100116000002 | U10: 4630362181138 | V10: 24630362181132 | W10: 250 | X10: 90 | Y10: 90 | Z10: 1.35 | AA10: 0.002 | AB10: =Z10+AA10 -> 1.352 | AC10: 293 | AD10: 394 | AE10: 158 | AF10: 8 | AG10: 600000607 | AH10: =справочники!$C$195 -> 0.236 | AI10: =ROUNDDOWN(номин.вес_нетто__кг*кол_во_инд.__упак_к,2) -> 10.8 | AJ10: =(номин.вес_брутто__кг*кол_во_инд.__упак_к)+вес_короба__кг -> 11.052 | AK10: 8 | AL10: 9 | AM10: =AK10*AL10 -> 72 | AN10: =IF(D10="ШТ",кол_во_инд.__упак_к*итого_г_у,ROUNDDOWN(номин.вес_нетто_г_у__кг*итого_г_у,1)) -> 777.6 | AO10: =(высота__мм*кол_во_слоев_г_у)+145 -> 1567
A11: =VALUE(RIGHT(B11,4)) -> 1112 | B11: 1001010011112 | C11: ДОКТОРСКАЯ ГОСТ Останкино вар н/о в/у | D11: КГ | E11: Колбасные изделия | F11: Вареные колбасы | G11: Останкино | H11: ОМПК(Г) | I11: ГОСТ 23670-2019 | J11: Мясной продукт. Изделие колбасное вареное категории А. | K11: свинина, говядина, вода питьевая, сухой яичный меланж, молоко сухое обезжиренное, смесь посолочно-нитритная (соль, фиксатор окраски (нитрит натрия)), регуляторы кислотности (пирофосфаты, цитраты натрия), сахар, антиокислитель (аскорбиновая кислота), кардамон, усилитель вкуса и аромата (глутамат натрия) | L11: 12 | M11: 20 | N11: 0 | O11: 228/955 | P11: 0…+6 | Q11: 30 | R11: 48 часов | S11: 2326628000009 | T11: 12326628000006 | U11: 4630362182494 | V11: 14630362182491 | W11: 170-185 | X11: 115-125 | Y11: 115-125 | Z11: 1.325 | AA11: 0.008 | AB11: =Z11+AA11 -> 1.333 | AC11: 383 | AD11: 156 | AE11: 168 | AF11: 2 | AG11: 600000030 | AH11: =справочники!$C$22 -> 0.127 | AI11: =ROUNDDOWN(номин.вес_нетто__кг*кол_во_инд.__упак_к,2) -> 2.65 | AJ11: =(номин.вес_брутто__кг*кол_во_инд.__упак_к)+вес_короба__кг -> 2.793 | AK11: 15 | AL11: 9 | AM11: =AK11*AL11 -> 135 | AN11: =IF(D11="ШТ",кол_во_инд.__упак_к*итого_г_у,ROUNDDOWN(номин.вес_нетто_г_у__кг*итого_г_у,1)) -> 357.7 | AO11: =(высота__мм*кол_во_слоев_г_у)+145 -> 1657
A12: =VALUE(RIGHT(B12,4)) -> 4555 | B12: 1001010014555 | C12: ДОКТОРСКАЯ ГОСТ вар п/о | D12: КГ | E12: Колбасные изделия | F12: Вареные колбасы | G12: Останкино | H12: ОМПК(С) | I12: ГОСТ 23670-2019 | J12: Мясной продукт. Изделие колбасное вареное категории А. | K12: свинина, говядина, вода питьевая, сухой яичный меланж, молоко сухое обезжиренное, смесь посолочно-нитритная (соль, фиксатор окраски (нитрит натрия)), регуляторы кислотности (пирофосфаты, трифосфаты, цитраты натрия), стабилизатор (полифосфаты), пряности (орех мускатный молотый), сахар, антиокислитель (аскорбиновая кислота), усилитель вкуса и аромата (глутамат натрия) | L12: 12 | M12: 20 | N12: 0 | O12: 228/955 | P12: 0…+6 | Q12: 60 | R12: 3 суток | S12: 2722280000003 | T12: 12722280000000 | U12: 4630362181152 | V12: 14630362181159 | W12: 250 | X12: 90 | Y12: 90 | Z12: 1.35 | AA12: 0.002 | AB12: =Z12+AA12 -> 1.352 | AC12: 292 | AD12: 178 | AE12: 178 | AF12: 3 | AG12: 600000029 | AH12: =справочники!$C$21 -> 0.125 | AI12: =ROUNDDOWN(номин.вес_нетто__кг*кол_во_инд.__упак_к,2) -> 4.05 | AJ12: =(номин.вес_брутто__кг*кол_во_инд.__упак_к)+вес_короба__кг -> 4.181 | AK12: 16 | AL12: 8 | AM12: =AK12*AL12 -> 128 | AN12: =IF(D12="ШТ",кол_во_инд.__упак_к*итого_г_у,ROUNDDOWN(номин.вес_нетто_г_у__кг*итого_г_у,1)) -> 518.4 | AO12: =(высота__мм*кол_во_слоев_г_у)+145 -> 1569
A13: =VALUE(RIGHT(B13,4)) -> 7536 | B13: 1001010017536 | C13: ДОКТОРСКАЯ ГОСТ Останкино вар п/о | D13: КГ | E13: Колбасные изделия | F13: Вареные колбасы | G13: Останкино | H13: ОМПК(С) | I13: ГОСТ 23670-2019 | J13: Мясной продукт. Изделие колбасное вареное категории А. | K13: свинина, говядина, вода питьевая, сухой яичный меланж, молоко сухое обезжиренное, смесь посолочно-нитритная (соль, фиксатор окраски (нитрит натрия)), регуляторы кислотности (пирофосфаты, трифосфаты, цитраты натрия), стабилизатор (полифосфаты), пряности (орех мускатный молотый), сахар, антиокислитель (аскорбиновая кислота), усилитель вкуса и аромата (глутамат натрия) | L13: 12 | M13: 20 | N13: 0 | O13: 228/955 | P13: 0…+6 | Q13: 60 | R13: 3 суток | S13: 2800541000006 | T13: 12800541000003 | U13: 4630362181152 | V13: 14630362181159 | W13: 250 | X13: 90 | Y13: 90 | Z13: 1.35 | AA13: 0.002 | AB13: =Z13+AA13 -> 1.352 | AC13: 292 | AD13: 178 | AE13: 178 | AF13: 3 | AG13: 600000029 | AH13: =справочники!$C$21 -> 0.125 | AI13: =ROUNDDOWN(номин.вес_нетто__кг*кол_во_инд.__упак_к,2) -> 4.05 | AJ13: =(номин.вес_брутто__кг*кол_во_инд.__упак_к)+вес_короба__кг -> 4.181 | AK13: 16 | AL13: 8 | AM13: =AK13*AL13 -> 128 | AN13: =IF(D13="ШТ",кол_во_инд.__упак_к*итого_г_у,ROUNDDOWN(номин.вес_нетто_г_у__кг*итого_г_у,1)) -> 518.4 | AO13: =(высота__мм*кол_во_слоев_г_у)+145 -> 1569
A14: =VALUE(RIGHT(B14,4)) -> 7539 | B14: 1001010017539 | C14: ДОКТОРСКАЯ ГОСТ Останкино вар п/о 0.35кг | D14: ШТ | E14: Колбасные изделия | F14: Вареные колбасы | G14: Останкино | H14: ОМПК(С) | I14: ГОСТ 23670-2019 | J14: Мясной продукт. Изделие колбасное вареное категории А. | K14: свинина, говядина, вода питьевая, сухой яичный меланж, молоко сухое обезжиренное, смесь посолочно-нитритная (соль, фиксатор окраски (нитрит натрия)), регуляторы кислотности (пирофосфаты, трифосфаты, цитраты натрия), стабилизатор (полифосфаты), пряности (орех мускатный молотый), сахар, антиокислитель (аскорбиновая кислота), усилитель вкуса и аромата (глутамат натрия) | L14: 12 | M14: 20 | N14: 0 | O14: 228/955 | P14: 0…+6 | Q14: 60 | R14: 3 суток | S14: 4630362182227 | T14: 14630362182224 | U14: 4630362182227 | V14: 14630362182224 | W14: 180 | X14: 57 | Y14: 57 | Z14: 0.35 | AA14: 0.002 | AB14: =Z14+AA14 -> 0.352 | AC14: 258 | AD14: 193 | AE14: 123 | AF14: 8 | AG14: 600000403 | AH14: =справочники!$C$100 -> 0.104 | AI14: =ROUNDDOWN(номин.вес_нетто__кг*кол_во_инд.__упак_к,2) -> 2.8 | AJ14: =(номин.вес_брутто__кг*кол_во_инд.__упак_к)+вес_короба__кг -> 2.92 | AK14: 18 | AL14: 12 | AM14: =AK14*AL14 -> 216 | AN14: =IF(D14="ШТ",кол_во_инд.__упак_к*итого_г_у,ROUNDDOWN(номин.вес_нетто_г_у__кг*итого_г_у,1)) -> 1728 | AO14: =(высота__мм*кол_во_слоев_г_у)+145 -> 1621
A15: =VALUE(RIGHT(B15,4)) -> 7477 | B15: 1001016447477 | C15: ДОКТОРСКАЯ ГОСТ ПМ вар п/о 0.35кг 8шт. | D15: ШТ | E15: Колбасные изделия | F15: Вареные колбасы | G15: Папа может | H15: ОМПК(С) | I15: ГОСТ 23670-2019 | J15: Мясной продукт. Изделие колбасное вареное категории А. | K15: свинина, говядина, вода питьевая, сухой яичный меланж, молоко сухое обезжиренное, смесь посолочно-нитритная (соль, фиксатор окраски (нитрит натрия)), регуляторы кислотности (пирофосфаты, трифосфаты, цитраты натрия), стабилизатор (полифосфаты), пряности (орех мускатный молотый), сахар, антиокислитель (аскорбиновая кислота), усилитель вкуса и аромата (глутамат натрия) | L15: 12 | M15: 20 | N15: 0 | O15: 228/955 | P15: 0…+6 | Q15: 60 | R15: 3 суток | S15: 4630362181015 | T15: 14630362181012 | U15: 4630362181015 | V15: 14630362181012 | W15: 180 | X15: 57 | Y15: 57 | Z15: 0.35 | AA15: 0.002 | AB15: =Z15+AA15 -> 0.352 | AC15: 258 | AD15: 193 | AE15: 123 | AF15: 8 | AG15: 600000403 | AH15: =справочники!$C$100 -> 0.104 | AI15: =ROUNDDOWN(номин.вес_нетто__кг*кол_во_инд.__упак_к,2) -> 2.8 | AJ15: =(номин.вес_брутто__кг*кол_во_инд.__упак_к)+вес_короба__кг -> 2.92 | AK15: 18 | AL15: 12 | AM15: =AK15*AL15 -> 216 | AN15: =IF(D15="ШТ",кол_во_инд.__упак_к*итого_г_у,ROUNDDOWN(номин.вес_нетто_г_у__кг*итого_г_у,1)) -> 1728 | AO15: =(высота__мм*кол_во_слоев_г_у)+145 -> 1621
A16: =VALUE(RIGHT(B16,4)) -> 6324 | B16: 1001010016324 | C16: ДОКТОРСКАЯ ГОСТ вар п/о 0.4кг 8шт. | D16: ШТ | E16: Колбасные изделия | F16: Вареные колбасы | G16: Останкино | H16: ОМПК(С) | I16: ГОСТ 23670-2019 | J16: Мясной продукт. Изделие колбасное вареное категории А. | K16: свинина, говядина, вода питьевая, сухой яичный меланж, молоко сухое обезжиренное, смесь посолочно-нитритная (соль, фиксатор окраски (нитрит натрия)), регуляторы кислотности (пирофосфаты, трифосфаты, цитраты натрия), стабилизатор (полифосфаты), пряности (орех мускатный молотый), сахар, антиокислитель (аскорбиновая кислота), усилитель вкуса и аромата (глутамат натрия) | L16: 12 | M16: 20 | N16: 0 | O16: 228/955 | P16: 0…+6 | Q16: 60 | R16: 3 суток | S16: 4607958074334 | T16: 14607958074331 | U16: 4607958074334 | V16: 14607958074331 | W16: 160 | X16: 67 | Y16: 67 | Z16: 0.4 | AA16: 0.002 | AB16: =Z16+AA16 -> 0.402 | AC16: 318 | AD16: 143 | AE16: 138 | AF16: 8 | AG16: 600000407 | AH16: =справочники!$C$106 -> 0.094 | AI16: =ROUNDDOWN(номин.вес_нетто__кг*кол_во_инд.__упак_к,2) -> 3.2 | AJ16: =(номин.вес_брутто__кг*кол_во_инд.__упак_к)+вес_короба__кг -> 3.31 | AK16: 19 | AL16: 11 | AM16: =AK16*AL16 -> 209 | AN16: =IF(D16="ШТ",кол_во_инд.__упак_к*итого_г_у,ROUNDDOWN(номин.вес_нетто_г_у__кг*итого_г_у,1)) -> 1672 | AO16: =(высота__мм*кол_во_слоев_г_у)+145 -> 1663
A17: =VALUE(RIGHT(B17,4)) -> 7190 | B17: 1001016447190 | C17: ДОКТОРСКАЯ ГОСТ вар п/о 0.7кг 6шт. | D17: ШТ | E17: Колбасные изделия | F17: Вареные колбасы | G17: Останкино | H17: ОМПК(С) | I17: ГОСТ 23670-2019 | J17: Мясной продукт. Изделие колбасное вареное категории А. | K17: свинина, говядина, вода питьевая, сухой яичный меланж, молоко сухое обезжиренное, смесь посолочно-нитритная (соль, фиксатор окраски (нитрит натрия)), регуляторы кислотности (пирофосфаты, цитраты натрия), сахар, антиокислитель (аскорбиновая кислота), кардамон, усилитель вкуса и аромата (глутамат натрия) | L17: 12 | M17: 20 | O17: 228/955 | P17: 0…+6 | Q17: 60 | R17: 3 суток | S17: 4607958079230 | T17: 14607958079237 | U17: 4607958079230 | V17: 14607958079237 | W17: 245 | X17: 67 | Y17: 67 | Z17: 0.7 | AA17: 0.002 | AB17: =Z17+AA17 -> 0.702 | AC17: 293 | AD17: 153 | AE17: 224 | AF17: 6 | AG17: 600000400 | AH17: =справочники!$C$95 -> 0.135 | AI17: =ROUNDDOWN(номин.вес_нетто__кг*кол_во_инд.__упак_к,2) -> 4.2 | AJ17: =(номин.вес_брутто__кг*кол_во_инд.__упак_к)+вес_короба__кг -> 4.347 | AK17: 20 | AL17: 7 | AM17: =AK17*AL17 -> 140 | AN17: =IF(D17="ШТ",кол_во_инд.__упак_к*итого_г_у,ROUNDDOWN(номин.вес_нетто_г_у__кг*итого_г_у,1)) -> 840 | AO17: =(высота__мм*кол_во_слоев_г_у)+145 -> 1713
A18: =VALUE(RIGHT(B18,4)) -> 7557 | B18: 1001010017557 | C18: ДОКТОРСКАЯ ГОСТ Останкино вар ц/о в/у | D18: КГ | E18: Колбасные изделия | F18: Вареные колбасы | G18: Останкино | H18: ОМПК(С) | I18: ГОСТ 23670-2019 | J18: Мясной продукт. Изделие колбасное вареное категории А. | K18: свинина, говядина, вода питьевая, сухой яичный меланж, молоко сухое обезжиренное, смесь посолочно-нитритная (соль, фиксатор окраски (нитрит натрия)), регуляторы кислотности (пирофосфаты, трифосфаты, цитраты натрия), стабилизатор (полифосфаты), пряности (орех мускатный молотый), сахар, антиокислитель (аскорбиновая кислота), усилитель вкуса и аромата (глутамат натрия) | L18: 12 | M18: 20 | N18: 0 | O18: 228/955 | P18: 0…+6 | Q18: 30 | R18: 48 часов | S18: 2500317000000 | T18: 12500317000007 | U18: 4630362181169 | V18: 24630362181163 | W18: 330 | X18: 100 | Y18: 85 | Z18: 1.6 | AA18: 0.01 | AB18: =Z18+AA18 -> 1.61 | AC18: 338 | AD18: 188 | AE18: 178 | AF18: 4 | AG18: 600000260 | AH18: =справочники!$C$54 -> 0.177 | AI18: =ROUNDDOWN(номин.вес_нетто__кг*кол_во_инд.__упак_к,2) -> 6.4 | AJ18: =(номин.вес_брутто__кг*кол_во_инд.__упак_к)+вес_короба__кг -> 6.617 | AK18: 12 | AL18: 8 | AM18: =AK18*AL18 -> 96 | AN18: =IF(D18="ШТ",кол_во_инд.__упак_к*итого_г_у,ROUNDDOWN(номин.вес_нетто_г_у__кг*итого_г_у,1)) -> 614.4 | AO18: =(высота__мм*кол_во_слоев_г_у)+145 -> 1569
A19: =VALUE(RIGHT(B19,4)) -> 4561 | B19: 1001010014561 | C19: ДОКТОРСКАЯ ГОСТ Папа может вар п/о | D19: КГ | E19: Колбасные изделия | F19: Вареные колбасы | G19: Папа может | H19: ОМПК(С) | I19: ГОСТ 23670-2019 | J19: Мясной продукт. Изделие колбасное вареное категории А. | K19: свинина, говядина, вода, молоко коровье сухое обезжиренное, соль, смесь посолочно-нитритная (соль, фиксатор окраски нитрит натрия), сухой яичный меланж, регуляторы кислотности: пирофосфаты, ацетаты натрия; сахар, антиокислитель аскорбиновая кислота, кардамон, усилитель вкуса и аромата глутамат натрия | L19: 12 | M19: 20 | O19: 228/955 | P19: 0…+6 | Q19: 60 | R19: 3 суток | S19: 2800296000009 | T19: 12800296000006 | U19: 4630362180100 | V19: 14630362180107 | W19: 250 | X19: 90 | Y19: 90 | Z19: 1.35 | AA19: 0.002 | AB19: =Z19+AA19 -> 1.352 | AC19: 292 | AD19: 178 | AE19: 178 | AF19: 3 | AG19: 600000029 | AH19: =справочники!$C$21 -> 0.125 | AI19: =ROUNDDOWN(номин.вес_нетто__кг*кол_во_инд.__упак_к,2) -> 4.05 | AJ19: =(номин.вес_брутто__кг*кол_во_инд.__упак_к)+вес_короба__кг -> 4.181 | AK19: 16 | AL19: 8 | AM19: =AK19*AL19 -> 128 | AN19: =IF(D19="ШТ",кол_во_инд.__упак_к*итого_г_у,ROUNDDOWN(номин.вес_нетто_г_у__кг*итого_г_у,1)) -> 518.4 | AO19: =(высота__мм*кол_во_слоев_г_у)+145 -> 1569
A20: =VALUE(RIGHT(B20,4)) -> 7567 | B20: 1001010017567 | C20: ДОКТОРСКАЯ ГОСТ ПМ вар п/о 1.35*8 | D20: КГ | E20: Колбасные изделия | F20: Вареные колбасы | G20: Папа может | H20: ОМПК(С) | I20: ГОСТ 23670-2019 | J20: Мясной продукт. Изделие колбасное вареное категории А. | K20: свинина, говядина, вода, молоко коровье сухое обезжиренное, соль, смесь посолочно-нитритная (соль, фиксатор окраски нитрит натрия), сухой яичный меланж, регуляторы кислотности: пирофосфаты, ацетаты натрия; сахар, антиокислитель аскорбиновая кислота, кардамон, усилитель вкуса и аромата глутамат натрия | L20: 12 | M20: 20 | O20: 228/955 | P20: 0…+6 | Q20: 60 | R20: 3 суток | S20: 2800296000009 | T20: 12800296000006 | U20: 4630362180100 | V20: 24630362180104 | W20: 250 | X20: 90 | Y20: 90 | Z20: 1.35 | AA20: 0.002 | AB20: =Z20+AA20 -> 1.352 | AC20: 293 | AD20: 394 | AE20: 158 | AF20: 8 | AG20: 600000607 | AH20: =справочники!$C$195 -> 0.236 | AI20: =ROUNDDOWN(номин.вес_нетто__кг*кол_во_инд.__упак_к,2) -> 10.8 | AJ20: =(номин.вес_брутто__кг*кол_во_инд.__упак_к)+вес_короба__кг -> 11.052 | AK20: 8 | AL20: 9 | AM20: =AK20*AL20 -> 72 | AN20: =IF(D20="ШТ",кол_во_инд.__упак_к*итого_г_у,ROUNDDOWN(номин.вес_нетто_г_у__кг*итого_г_у,1)) -> 777.6 | AO20: =(высота__мм*кол_во_слоев_г_у)+145 -> 1567
A21: =VALUE(RIGHT(B21,4)) -> 7403 | B21: 1001010077403 | C21: ДОКТОРСКАЯ КЛАССИЧ. ASLAM вар п/о 0.5кг | D21: ШТ | E21: Колбасные изделия | F21: Вареные колбасы | G21: ASLAM | H21: ООО Казанские деликатесы | I21: ТУ 10.13.14-175-00425283-2025 | J21: Изделие колбасное вареное из мяса кур охлажденное. | K21: мясо куриное механической обвалки, филе грудок куриных, стабилизатор белковый (вода питьевая, кожа куриная, говядина), вода питьевая, молоко сухое обезжиренное, сыворотка молочная сухая, крахмал картофельный, смесь посолочно-нитритная (соль, фиксатор окраски (нитрит натрия)), регуляторы кислотности (пирофосфаты, трифосфаты, цитраты натрия), загустители (каррагинан, конжак, ксантановая камедь, гуаровая камедь), перец черный, экстракты пряностей, сахара, антиокислители (аскорбиновая кислота, лимонная кислота), усилитель вкуса и аромата (глутамат натрия), ароматизатор, экстракт гардении красной | L21: 10 | M21: 11 | N21: 3 | O21: 151/628 | P21: 0…+6 | Q21: 60 | R21: 72 часа | S21: 4630362180353 | T21: 14630362180350 | U21: 4630362180353 | V21: 14630362180350 | W21: 190 | X21: 67 | Y21: 67 | Z21: 0.5 | AA21: 0.006 | AB21: =Z21+AA21 -> 0.506 | AC21: 278 | AD21: 193 | AE21: 138 | AF21: 8 | AG21: 600000404 | AH21: =справочники!$C$179 -> 0.138 | AI21: =ROUNDDOWN(номин.вес_нетто__кг*кол_во_инд.__упак_к,2) -> 4 | AJ21: =(номин.вес_брутто__кг*кол_во_инд.__упак_к)+вес_короба__кг -> 4.186 | AK21: 16 | AL21: 9 | AM21: =AK21*AL21 -> 144 | AN21: =IF(D21="ШТ",кол_во_инд.__упак_к*итого_г_у,ROUNDDOWN(номин.вес_нетто_г_у__кг*итого_г_у,1)) -> 1152 | AO21: =(высота__мм*кол_во_слоев_г_у)+145 -> 1387
A22: =VALUE(RIGHT(B22,4)) -> 7406 | B22: 1001010077406 | C22: ДОКТОРСКАЯ КЛАССИЧ. ASLAM вар п/о 0.9кг | D22: ШТ | E22: Колбасные изделия | F22: Вареные колбасы | G22: ASLAM | H22: ООО Казанские деликатесы | I22: ТУ 10.13.14-175-00425283-2025 | J22: Изделие колбасное вареное из мяса кур охлажденное. | K22: мясо куриное механической обвалки, филе грудок куриных, стабилизатор белковый (вода питьевая, кожа куриная, говядина), вода питьевая, молоко сухое обезжиренное, сыворотка молочная сухая, крахмал картофельный, смесь посолочно-нитритная (соль, фиксатор окраски (нитрит натрия)), регуляторы кислотности (пирофосфаты, трифосфаты, цитраты натрия), загустители (каррагинан, конжак, ксантановая камедь, гуаровая камедь), перец черный, экстракты пряностей, сахара, антиокислители (аскорбиновая кислота, лимонная кислота), усилитель вкуса и аромата (глутамат натрия), ароматизатор, экстракт гардении красной | L22: 10 | M22: 11 | N22: 3 | O22: 151/628 | P22: 0…+6 | Q22: 60 | R22: 72 часа | S22: 4630362180360 | T22: 14630362180367 | U22: 4630362180360 | V22: 14630362180367 | W22: 250 | X22: 78 | Y22: 78 | Z22: 0.9 | AA22: 0.008 | AB22: =Z22+AA22 -> 0.908 | AC22: 292 | AD22: 178 | AE22: 178 | AF22: 4 | AG22: 600000573 | AH22: =справочники!$C$183 -> 0.15 | AI22: =ROUNDDOWN(номин.вес_нетто__кг*кол_во_инд.__упак_к,2) -> 3.6 | AJ22: =(номин.вес_брутто__кг*кол_во_инд.__упак_к)+вес_короба__кг -> 3.782 | AK22: 16 | AL22: 8 | AM22: =AK22*AL22 -> 128 | AN22: =IF(D22="ШТ",кол_во_инд.__упак_к*итого_г_у,ROUNDDOWN(номин.вес_нетто_г_у__кг*итого_г_у,1)) -> 512 | AO22: =(высота__мм*кол_во_слоев_г_у)+145 -> 1569
A23: =VALUE(RIGHT(B23,4)) -> 6988 | B23: 1001010096988 | C23: ДОКТОРСКАЯ ОРИГИНАЛЬНАЯ вар ц/о в/у_45с | D23: КГ | E23: Колбасные изделия | F23: Вареные колбасы | G23: Коровино | H23: ОМПК(С) | I23: ТУ 10.13.14-150-00425283-2018 | J23: Изделие колбасное вареное из мяса кур охлажденное. | K23: мясо куриное механической обвалки, вода, свинина, филе грудок куриных, белковый стабилизатор (вода, шкурка свиная, кожа куриная), крахмал картофельный, сыворотка молочная сухая, молоко сухое обезжиренное, смесь посолочно-нитритная (соль, фиксатор окраски нитрит натрия), регуляторы кислотности: пирофосфаты, цитраты натрия, глюконо-дельта-лактон; стабилизаторы: полифосфаты, альгинат натрия, камеди (гуаровая, конжаковая, ксантановая), специи и экстракты специй, сахара, соль, горчица, ароматизаторы, усилитель вкуса и аромата глутамат натрия, антиокислитель изоаскорбат натрия, краситель кармины | L23: 9 | M23: 14 | N23: 3 | O23: 174/722 | P23: 0…+6 | Q23: 45 | R23: 48 часов | S23: 2313712000007 | T23: 12313712000004 | U23: 4630362181176 | V23: 14630362181173 | W23: 330 | X23: 100 | Y23: 85 | Z23: 1.55 | AA23: 0.01 | AB23: =Z23+AA23 -> 1.56 | AC23: 338 | AD23: 188 | AE23: 178 | AF23: 4 | AG23: 600000260 | AH23: =справочники!$C$54 -> 0.177 | AI23: =ROUNDDOWN(номин.вес_нетто__кг*кол_во_инд.__упак_к,2) -> 6.2 | AJ23: =(номин.вес_брутто__кг*кол_во_инд.__упак_к)+вес_короба__кг -> 6.417 | AK23: 12 | AL23: 8 | AM23: =AK23*AL23 -> 96 | AN23: =IF(D23="ШТ",кол_во_инд.__упак_к*итого_г_у,ROUNDDOWN(номин.вес_нетто_г_у__кг*итого_г_у,1)) -> 595.2 | AO23: =(высота__мм*кол_во_слоев_г_у)+145 -> 1569
A24: =VALUE(RIGHT(B24,4)) -> 7515 | B24: 1001017437515 | C24: ДОКТОРСКАЯ ОСТАНКИНСКАЯ вар ц/о в/у | D24: КГ | E24: Колбасные изделия | F24: Вареные колбасы | G24: Останкино | H24: ОМПК(С) | I24: ТУ 10.13.14-180-00425283-2025 | J24: Мясной продукт. Изделие колбасное вареное категории В. | K24: свинина, вода питьевая, стабилизатор белковый (вода питьевая, шкурка свиная), шпик, говядина, сыворотка молочная сухая, смесь посолочно-нитритная (соль, фиксатор окраски (нитрит натрия)), соль, регуляторы кислотности (пирофосфаты, трифосфаты, цитраты натрия), стабилизатор (полифосфаты), загустители (альгинат натрия, каррагинан), крахмал картофельный, специи, экстракты специй и пряностей (в т.ч. горчица, сельдерей), сахара, антиокислители (изоаскорбат натрия, аскорбиновая кислота, лимонная кислота), усилитель вкуса и аромата (глутамат натрия), ароматизаторы, краситель (кармины) | L24: 10 | M24: 16 | N24: 4 | O24: 200/830 | P24: 0…+6 | Q24: 30 | R24: 72 часа | S24: 2800522000001 | T24: 12800522000008 | U24: 4630362182500 | V24: 14630362182507 | W24: 330 | X24: 100 | Y24: 85 | Z24: 1.6 | AA24: 0.01 | AB24: =Z24+AA24 -> 1.61 | AC24: 338 | AD24: 188 | AE24: 178 | AF24: 4 | AG24: 600000260 | AH24: =справочники!$C$54 -> 0.177 | AI24: =ROUNDDOWN(номин.вес_нетто__кг*кол_во_инд.__упак_к,2) -> 6.4 | AJ24: =(номин.вес_брутто__кг*кол_во_инд.__упак_к)+вес_короба__кг -> 6.617 | AK24: 12 | AL24: 8 | AM24: =AK24*AL24 -> 96 | AN24: =IF(D24="ШТ",кол_во_инд.__упак_к*итого_г_у,ROUNDDOWN(номин.вес_нетто_г_у__кг*итого_г_у,1)) -> 614.4 | AO24: =(высота__мм*кол_во_слоев_г_у)+145 -> 1569
A25: =VALUE(RIGHT(B25,4)) -> 7555 | B25: 1001012497555 | C25: ДОКТОРСКАЯ ПО-ОСТАНКИНСКИ вар б/о в/у | D25: КГ | E25: Колбасные изделия | F25: Вареные колбасы | G25: Останкино | H25: ОМПК(Г) | I25: ТУ 10.13.14-180-00425283-2025 | J25: Мясной продукт. Изделие колбасное вареное категории В. | K25: свинина, вода питьевая, стабилизатор белковый (вода питьевая, шкурка свиная, кожа куриная), мясо куриное механической обвалки, сыворотка молочная сухая, крахмал картофельный, смесь посолочно-нитритная (соль, фиксатор окраски (нитрит натрия)), соль, сахар, регуляторы кислотности (пирофосфаты, трифосфаты, цитраты натрия), стабилизатор (полифосфаты), загустители (альгинат натрия, каррагинан, гуаровая камедь, ксантановая камедь), специи, экстракты специй (в т.ч. горчица, сельдерей), антиокислители (аскорбиновая кислота, лимонная кислота, изоаскорбат натрия), усилитель вкуса и аромата (глутамат натрия), ароматизатор, краситель (кармины) | L25: 11 | M25: 16 | N25: 4 | O25: 204/847 | P25: 0…+6 | Q25: 30 | R25: 48 часов | S25: 2800243000007 | T25: 12800243000004 | U25: 4630362182531 | V25: 14630362182538 | W25: 365 | X25: 220 | Y25: 110 | Z25: 1.5 | AA25: 0.01 | AB25: =Z25+AA25 -> 1.51 | AC25: 292 | AD25: 178 | AE25: 178 | AF25: 2 | AG25: 600000029 | AH25: =справочники!$C$21 -> 0.125 | AI25: =ROUNDDOWN(номин.вес_нетто__кг*кол_во_инд.__упак_к,2) -> 3 | AJ25: =(номин.вес_брутто__кг*кол_во_инд.__упак_к)+вес_короба__кг -> 3.145 | AK25: 16 | AL25: 8 | AM25: =AK25*AL25 -> 128 | AN25: =IF(D25="ШТ",кол_во_инд.__упак_к*итого_г_у,ROUNDDOWN(номин.вес_нетто_г_у__кг*итого_г_у,1)) -> 384 | AO25: =(высота__мм*кол_во_слоев_г_у)+145 -> 1569
A26: =VALUE(RIGHT(B26,4)) -> 6325 | B26: 1001010106325 | C26: ДОКТОРСКАЯ ПРЕМИУМ вар п/о 0.4кг 8шт. | D26: ШТ | E26: Колбасные изделия | F26: Вареные колбасы | G26: Папа может | H26: ОМПК(С) | I26: ТУ 10.13.14-180-00425283-2025 | J26: Мясной продукт. Изделие колбасное вареное категории Б. | K26: свинина, вода питьевая, стабилизатор белковый (вода питьевая, шкурка свиная, кожа куриная), мясо куриное механической обвалки, филе грудок куриных, сыворотка молочная сухая, крахмал картофельный, смесь посолочно-нитритная (соль, фиксатор окраски (нитрит натрия)), соль, регуляторы кислотности (трифосфаты, пирофосфаты, цитраты натрия), загустители (альгинат натрия, каррагинан, гуаровая камедь, ксантановая камедь), специи, экстракты специй (в т.ч. горчица, сельдерей), сахара, антиокислитель (аскорбиновая кислота), усилитель вкуса и аромата (глутамат натрия), ароматизатор, краситель (кармины) | L26: 11 | M26: 16 | N26: 3 | O26: 200/830 | P26: 0…+6 | Q26: 60 | R26: 72 часа | S26: 4607958072682 | T26: 14607958072689 | U26: 4607958072682 | V26: 14607958072689 | W26: 160 | X26: 67 | Y26: 67 | Z26: 0.4 | AA26: 0.002 | AB26: =Z26+AA26 -> 0.402 | AC26: 318 | AD26: 143 | AE26: 138 | AF26: 8 | AG26: 600000407 | AH26: =справочники!$C$106 -> 0.094 | AI26: =ROUNDDOWN(номин.вес_нетто__кг*кол_во_инд.__упак_к,2) -> 3.2 | AJ26: =(номин.вес_брутто__кг*кол_во_инд.__упак_к)+вес_короба__кг -> 3.31 | AK26: 19 | AL26: 11 | AM26: =AK26*AL26 -> 209 | AN26: =IF(D26="ШТ",кол_во_инд.__упак_к*итого_г_у,ROUNDDOWN(номин.вес_нетто_г_у__кг*итого_г_у,1)) -> 1672 | AO26: =(высота__мм*кол_во_слоев_г_у)+145 -> 1663
A27: =VALUE(RIGHT(B27,4)) -> 8014 | B27: 1001010108014 | C27: ДОКТОРСКАЯ ПРЕМИУМ п/о(п) | D27: КГ | E27: Колбасные изделия | F27: Вареные колбасы | G27: Папа может | H27: ОМПК(С) | I27: ТУ 10.13.14-130-00425283-2017 | J27: Мясной продукт. Изделие колбасное вареное категории Б. | K27: свинина, вода питьевая, мясо куриное механической обвалки, филе грудок куриных, стабилизатор белковый (вода питьевая, кожа куриная, шкурка свиная), сыворотка молочная сухая, крахмал картофельный, смесь посолочно-нитритная (соль, фиксатор окраски (нитрит натрия)), регуляторы кислотности (трифосфаты, пирофосфаты, ацетаты натрия), стабилизатор (альгинат натрия), сахара, пряности и экстракты пряностей (в т.ч. сельдерей), белок животный (говяжий), антиокислитель (аскорбиновая кислота), усилитель вкуса и аромата (глутамат натрия), ароматизаторы (в т.ч. горчица), краситель (кармины) | L27: 10 | M27: 19 | N27: 1 | O27: 215/890 | P27: 0…+6 | Q27: 60 | R27: 3 суток | S27: 2727916000006 | T27: 12727916000003 | U27: 4630362181190 | V27: 14630362181197 | W27: 250 | X27: 88 | Y27: 88 | Z27: 1.35 | AA27: 0.002 | AB27: =Z27+AA27 -> 1.352 | AC27: 292 | AD27: 178 | AE27: 178 | AF27: 4 | AG27: 600000029 | AH27: =справочники!$C$21 -> 0.125 | AI27: =ROUNDDOWN(номин.вес_нетто__кг*кол_во_инд.__упак_к,2) -> 5.4 | AJ27: =(номин.вес_брутто__кг*кол_во_инд.__упак_к)+вес_короба__кг -> 5.533 | AK27: 16 | AL27: 8 | AM27: =AK27*AL27 -> 128 | AN27: =IF(D27="ШТ",кол_во_инд.__упак_к*итого_г_у,ROUNDDOWN(номин.вес_нетто_г_у__кг*итого_г_у,1)) -> 691.2 | AO27: =(высота__мм*кол_во_слоев_г_у)+145 -> 1569
A28: =VALUE(RIGHT(B28,4)) -> 7602 | B28: 1001010117602 | C28: ДОКТОРСКАЯ ТРАДИЦ.ПМ вар ц/о в/у 0.6кг | D28: ШТ | E28: Колбасные изделия | F28: Вареные колбасы | G28: Папа может | H28: ОМПК(О) | I28: ТУ 10.13.14-150-00425283-2026 | J28: Изделие колбасное вареное из мяса кур охлажденное. | K28: филе грудок куриных, мясо куриное механической обвалки, свинина, стабилизатор белковый (вода питьевая, кожа куриная, шкурка свиная), вода питьевая, сыворотка молочная сухая, молоко сухое обезжиренное, крахмал картофельный, смесь посолочно-нитритная (соль, фиксатор окраски (нитрит натрия)), регуляторы кислотности (пирофосфаты, трифосфаты, цитрат натрия), загуститель (альгинат натрия), сахара, соль, пряности и экстракты пряностей, белок животный (говяжий), антиокислитель (аскорбиновая кислота), усилитель вкуса и аромата (глутамат натрия), ароматизаторы, краситель (кармины) | L28: 10 | M28: 15 | N28: 2 | O28: 183/759 | P28: 0…+6 | Q28: 45 | R28: 48 часов | S28: 4630362182357 | T28: 14630362182354 | U28: 4630362182357 | V28: 14630362182354 | W28: 210 | X28: 100 | Y28: 60 | Z28: 0.6 | AA28: 0.007 | AB28: =Z28+AA28 -> 0.607 | AC28: 230 | AD28: 216 | AE28: 138 | AF28: 6 | AG28: 600000390 | AH28: =справочники!$C$90 -> 0.147 | AI28: =ROUNDDOWN(номин.вес_нетто__кг*кол_во_инд.__упак_к,2) -> 3.6 | AJ28: =(номин.вес_брутто__кг*кол_во_инд.__упак_к)+вес_короба__кг -> 3.789 | AK28: 15 | AL28: 11 | AM28: =AK28*AL28 -> 165 | AN28: =IF(D28="ШТ",кол_во_инд.__упак_к*итого_г_у,ROUNDDOWN(номин.вес_нетто_г_у__кг*итого_г_у,1)) -> 990 | AO28: =(высота__мм*кол_во_слоев_г_у)+145 -> 1663
A29: =VALUE(RIGHT(B29,4)) -> 6861 | B29: 1001015646861 | C29: ДОМАШНИЙ РЕЦЕПТ Коровино вар п/о | D29: КГ | E29: Колбасные изделия | F29: Вареные колбасы | G29: Коровино | H29: ОМПК(С) | I29: ТУ 10.13.14-150-00425283-2018 | J29: Изделие колбасное вареное из мяса кур охлажденное. | K29: мясо куриное механической обвалки, белковый стабилизатор (вода, шкурка свиная, кожа куриная), вода, свинина, крахмал картофельный, сыворотка молочная сухая, смесь посолочно-нитритная (соль, фиксатор окраски нитрит натрия), пищевые волокна, соль, регуляторы кислотности: пирофосфаты, ацетаты натрия, глюконо-дельта-лактон; стабилизаторы: альгинат натрия, гуаровая и ксантановая камеди; сахара, молоко сухое обезжиренное, экстракты пряностей (в т.ч. горчица), загуститель конжаковая камедь, усилитель вкуса и аромата глутамат натрия, антиокислитель изоаскорбат натрия, ароматизаторы, краситель кармины | L29: 7 | M29: 16 | O29: 172/711 | P29: 0…+6 | Q29: 60 | R29: 3 суток | S29: 2100653000001 | T29: 12100653000008 | U29: 4630362181213 | V29: 14630362181210 | W29: 350 | X29: 97 | Y29: 97 | Z29: 1.95 | AA29: 0.005 | AB29: =Z29+AA29 -> 1.955 | AC29: 368 | AD29: 238 | AE29: 128 | AF29: 2 | AG29: 600000025 | AH29: =справочники!$C$17 -> 0.175 | AI29: =ROUNDDOWN(номин.вес_нетто__кг*кол_во_инд.__упак_к,2) -> 3.9 | AJ29: =(номин.вес_брутто__кг*кол_во_инд.__упак_к)+вес_короба__кг -> 4.085 | AK29: 10 | AL29: 12 | AM29: =AK29*AL29 -> 120 | AN29: =IF(D29="ШТ",кол_во_инд.__упак_к*итого_г_у,ROUNDDOWN(номин.вес_нетто_г_у__кг*итого_г_у,1)) -> 468 | AO29: =(высота__мм*кол_во_слоев_г_у)+145 -> 1681
A30: =VALUE(RIGHT(B30,4)) -> 6340 | B30: 1001012816340 | C30: ДОМАШНИЙ РЕЦЕПТ Коровино 0.5кг 8шт. | D30: ШТ | E30: Колбасные изделия | F30: Вареные колбасы | G30: Коровино | H30: ОМПК(С) | I30: ТУ 10.13.14-150-00425283-2018 | J30: Изделие колбасное вареное из мяса кур охлажденное. | K30: мясо куриное механической обвалки, белковый стабилизатор (вода, шкурка свиная, кожа куриная), вода, свинина, крахмал картофельный, сыворотка молочная сухая, смесь посолочно-нитритная (соль, фиксатор окраски нитрит натрия), пищевые волокна, соль, регуляторы кислотности: пирофосфаты, ацетаты натрия, глюконо-дельта-лактон; стабилизаторы: альгинат натрия, гуаровая и ксантановая камеди; сахара, молоко сухое обезжиренное, экстракты пряностей (в т.ч. горчица), загуститель конжаковая камедь, усилитель вкуса и аромата глутамат натрия, антиокислитель изоаскорбат натрия, ароматизаторы, краситель кармины | L30: 7 | M30: 16 | N30: 4 | O30: 188/779 | P30: 0…+6 | Q30: 60 | R30: 3 суток | S30: 4607958077816 | T30: 14607958077813 | U30: 4607958077816 | V30: 14607958077813 | W30: 190 | X30: 67 | Y30: 67 | Z30: 0.5 | AA30: 0.003 | AB30: =Z30+AA30 -> 0.503 | AC30: 278 | AD30: 193 | AE30: 138 | AF30: 8 | AG30: 600000404 | AH30: =справочники!$C$101 -> 0.105 | AI30: =ROUNDDOWN(номин.вес_нетто__кг*кол_во_инд.__упак_к,2) -> 4 | AJ30: =(номин.вес_брутто__кг*кол_во_инд.__упак_к)+вес_короба__кг -> 4.129 | AK30: 16 | AL30: 9 | AM30: =AK30*AL30 -> 144 | AN30: =IF(D30="ШТ",кол_во_инд.__упак_к*итого_г_у,ROUNDDOWN(номин.вес_нетто_г_у__кг*итого_г_у,1)) -> 1152 | AO30: =(высота__мм*кол_во_слоев_г_у)+145 -> 1387
A31: =VALUE(RIGHT(B31,4)) -> 6862 | B31: 1001015706862 | C31: ДОМАШНИЙ РЕЦЕПТ СО ШПИК.Коровино вар п/о | D31: КГ | E31: Колбасные изделия | F31: Вареные колбасы | G31: Коровино | H31: ОМПК(С) | I31: ТУ 10.13.14-150-00425283-2018 | J31: Изделие колбасное вареное из мяса кур охлажденное. | K31: мясо куриное механической обвалки, белковый стабилизатор (вода, шкурка свиная, кожа куриная), вода, шпик, свинина, крахмал картофельный, сыворотка молочная сухая, смесь посолочно-нитритная (соль, фиксатор окраски нитрит натрия), регуляторы кислотности: пирофосфаты, трифосфаты, ацетаты натрия, цитраты натрия, глюконо-дельта-лактон; стабилизатор альгинат натрия, экстракты пряностей, ароматизаторы, антиокислитель изоаскорбат натрия, усилитель вкуса и аромата глутамат натрия, горчица, чеснок, соль, сахар, красители: кармины, диоксид титана | L31: 9 | M31: 14 | N31: 3 | O31: 149/617 | P31: 0…+6 | Q31: 60 | R31: 3 суток | S31: 2800746000009 | T31: 12800746000006 | U31: 4630362181220 | V31: 14630362181227 | W31: 350 | X31: 97 | Y31: 97 | Z31: 1.95 | AA31: 0.005 | AB31: =Z31+AA31 -> 1.955 | AC31: 368 | AD31: 238 | AE31: 128 | AF31: 2 | AG31: 600000025 | AH31: =справочники!$C$17 -> 0.175 | AI31: =ROUNDDOWN(номин.вес_нетто__кг*кол_во_инд.__упак_к,2) -> 3.9 | AJ31: =(номин.вес_брутто__кг*кол_во_инд.__упак_к)+вес_короба__кг -> 4.085 | AK31: 10 | AL31: 12 | AM31: =AK31*AL31 -> 120 | AN31: =IF(D31="ШТ",кол_во_инд.__упак_к*итого_г_у,ROUNDDOWN(номин.вес_нетто_г_у__кг*итого_г_у,1)) -> 468 | AO31: =(высота__мм*кол_во_слоев_г_у)+145 -> 1681
A32: =VALUE(RIGHT(B32,4)) -> 6341 | B32: 1001012816341 | C32: ДОМАШНИЙ РЕЦЕПТ СО ШПИКОМ Коровино 0.5кг | D32: ШТ | E32: Колбасные изделия | F32: Вареные колбасы | G32: Коровино | H32: ОМПК(С) | I32: ТУ 10.13.14-150-00425283-2018 | J32: Изделие колбасное вареное из мяса кур охлажденное. | K32: мясо куриное механической обвалки, белковый стабилизатор (вода, шкурка свиная, кожа куриная), вода, шпик, свинина, крахмал картофельный, сыворотка молочная сухая, смесь посолочно-нитритная (соль, фиксатор окраски нитрит натрия), регуляторы кислотности: пирофосфаты, трифосфаты, ацетаты натрия, цитраты натрия, глюконо-дельта-лактон; стабилизатор альгинат натрия, экстракты пряностей, ароматизаторы, антиокислитель изоаскорбат натрия, усилитель вкуса и аромата глутамат натрия, горчица, чеснок, соль, сахар, красители: кармины, диоксид титана | L32: 9 | M32: 14 | N32: 3 | O32: 149/617 | P32: 0…+6 | Q32: 60 | R32: 3 суток | S32: 4607958077823 | T32: 14607958077820 | U32: 4607958077823 | V32: 14607958077820 | W32: 190 | X32: 67 | Y32: 67 | Z32: 0.5 | AA32: 0.003 | AB32: =Z32+AA32 -> 0.503 | AC32: 278 | AD32: 193 | AE32: 138 | AF32: 8 | AG32: 600000404 | AH32: =справочники!$C$101 -> 0.105 | AI32: =ROUNDDOWN(номин.вес_нетто__кг*кол_во_инд.__упак_к,2) -> 4 | AJ32: =(номин.вес_брутто__кг*кол_во_инд.__упак_к)+вес_короба__кг -> 4.129 | AK32: 16 | AL32: 9 | AM32: =AK32*AL32 -> 144 | AN32: =IF(D32="ШТ",кол_во_инд.__упак_к*итого_г_у,ROUNDDOWN(номин.вес_нетто_г_у__кг*итого_г_у,1)) -> 1152 | AO32: =(высота__мм*кол_во_слоев_г_у)+145 -> 1387
A33: =VALUE(RIGHT(B33,4)) -> 6841 | B33: 1001011086841 | C33: ДОМАШНЯЯ Папа может вар н/о мгс 1*3 | D33: КГ | E33: Колбасные изделия | F33: Вареные колбасы | G33: Папа может | H33: ОМПК(О) | I33: ТУ 10.13.14-180-00425283-2025 | J33: Мясной продукт. Изделие колбасное вареное категории Б. | K33: свинина, вода питьевая, мясо куриное механической обвалки, шпик, стабилизатор белковый (вода питьевая, шкурка свиная), говядина, сыворотка молочная сухая, смесь посолочно-нитритная (соль, фиксатор окраски (нитрит натрия)), регуляторы кислотности (пирофосфаты, трифосфаты, цитраты натрия), загустители (каррагинан, гуаровая камедь, ксантановая камедь, камедь рожкового дерева, камедь тары), белок животный (говяжий), соль, сахара, специи, экстракты специй (в т.ч. горчица), антиокислители (аскорбиновая кислота), усилитель вкуса и аромата (глутамат натрия), краситель (кармины) | L33: 10 | M33: 26 | N33: 4 | O33: 290/1200 | P33: 0…+6 | Q33: 30 | R33: 72 часа | S33: 2100375000006 | T33: 12100375000003 | U33: 4630362181237 | V33: 14630362181234 | W33: 300 | X33: 190 | Y33: 80 | Z33: 1.05 | AA33: 0.014 | AB33: =Z33+AA33 -> 1.064 | AC33: 292 | AD33: 178 | AE33: 178 | AF33: 3 | AG33: 600000029 | AH33: =справочники!$C$21 -> 0.125 | AI33: =ROUNDDOWN(номин.вес_нетто__кг*кол_во_инд.__упак_к,2) -> 3.15 | AJ33: =(номин.вес_брутто__кг*кол_во_инд.__упак_к)+вес_короба__кг -> 3.317 | AK33: 16 | AL33: 8 | AM33: =AK33*AL33 -> 128 | AN33: =IF(D33="ШТ",кол_во_инд.__упак_к*итого_г_у,ROUNDDOWN(номин.вес_нетто_г_у__кг*итого_г_у,1)) -> 403.2 | AO33: =(высота__мм*кол_во_слоев_г_у)+145 -> 1569
A34: =VALUE(RIGHT(B34,4)) -> 7512 | B34: 1001016997512 | C34: ЧАЙНАЯ Останкино вар н/о мгс 1*3 | D34: КГ | E34: Колбасные изделия | F34: Вареные колбасы | G34: Останкино | H34: ОМПК(Г) | I34: ТУ 10.13.14-180-00425283-2025 | J34: Мясной продукт. Изделие колбасное вареное категории Б. | K34: свинина, вода питьевая, мясо куриное механической обвалки, шпик, стабилизатор белковый (вода питьевая, шкурка свиная), говядина, сыворотка молочная сухая, смесь посолочно-нитритная (соль, фиксатор окраски (нитрит натрия)), регуляторы кислотности (пирофосфаты, трифосфаты, цитраты натрия), загустители (каррагинан, гуаровая камедь, ксантановая камедь, камедь рожкового дерева, камедь тары), белок животный (говяжий), соль, сахара, специи, экстракты специй (в т.ч. горчица), антиокислители (аскорбиновая кислота), усилитель вкуса и аромата (глутамат натрия), краситель (кармины) | L34: 10 | M34: 26 | N34: 4 | O34: 290/1200 | P34: 0…+6 | Q34: 30 | R34: 72 часа | S34: 2800031000004 | T34: 12800031000001 | U34: 4630362182661 | V34: 14630362182668 | W34: 300 | X34: 190 | Y34: 80 | Z34: 1 | AA34: 0.014 | AB34: =Z34+AA34 -> 1.014 | AC34: 292 | AD34: 178 | AE34: 178 | AF34: 3 | AG34: 600000029 | AH34: =справочники!$C$21 -> 0.125 | AI34: =ROUNDDOWN(номин.вес_нетто__кг*кол_во_инд.__упак_к,2) -> 3 | AJ34: =(номин.вес_брутто__кг*кол_во_инд.__упак_к)+вес_короба__кг -> 3.167 | AK34: 16 | AL34: 8 | AM34: =AK34*AL34 -> 128 | AN34: =IF(D34="ШТ",кол_во_инд.__упак_к*итого_г_у,ROUNDDOWN(номин.вес_нетто_г_у__кг*итого_г_у,1)) -> 384 | AO34: =(высота__мм*кол_во_слоев_г_у)+145 -> 1569
A35: =VALUE(RIGHT(B35,4)) -> 3214 | B35: 1001013643214 | C35: К ЧАЮ вар н/о мгс 1*3 | D35: КГ | E35: Колбасные изделия | F35: Вареные колбасы | G35: Папа может | H35: ОМПК(Г) | I35: ТУ 10.13.14-180-00425283-2025 | J35: Мясной продукт. Изделие колбасное вареное категории Б. | K35: свинина, вода питьевая, мясо куриное механической обвалки, шпик, стабилизатор белковый (вода питьевая, шкурка свиная), говядина, сыворотка молочная сухая, смесь посолочно-нитритная (соль, фиксатор окраски (нитрит натрия)), регуляторы кислотности (пирофосфаты, трифосфаты, цитраты натрия), загустители (каррагинан, гуаровая камедь, ксантановая камедь, камедь рожкового дерева, камедь тары), белок животный (говяжий), соль, сахара, специи, экстракты специй (в т.ч. горчица), антиокислители (аскорбиновая кислота), усилитель вкуса и аромата (глутамат натрия), краситель (кармины) | L35: 10 | M35: 26 | N35: 4 | O35: 290/1200 | P35: 0…+6 | Q35: 30 | R35: 72 часа | S35: 2800845000009 | T35: 12800845000006 | W35: 300 | X35: 190 | Y35: 80 | Z35: 1 | AA35: 0.014 | AB35: =Z35+AA35 -> 1.014 | AC35: 292 | AD35: 178 | AE35: 178 | AF35: 3 | AG35: 600000029 | AH35: =справочники!$C$21 -> 0.125 | AI35: =ROUNDDOWN(номин.вес_нетто__кг*кол_во_инд.__упак_к,2) -> 3 | AJ35: =(номин.вес_брутто__кг*кол_во_инд.__упак_к)+вес_короба__кг -> 3.167 | AK35: 16 | AL35: 8 | AM35: =AK35*AL35 -> 128 | AN35: =IF(D35="ШТ",кол_во_инд.__упак_к*итого_г_у,ROUNDDOWN(номин.вес_нетто_г_у__кг*итого_г_у,1)) -> 384 | AO35: =(высота__мм*кол_во_слоев_г_у)+145 -> 1569
A36: =VALUE(RIGHT(B36,4)) -> 6247 | B36: 1001011086247 | C36: ДОМАШНЯЯ Папа может вар п/о 0.4кг 8шт. | D36: ШТ | E36: Колбасные изделия | F36: Вареные колбасы | G36: Папа может | H36: ОМПК(С) | I36: ТУ 10.13.14-180-00425283-2025 | J36: Мясной продукт. Изделие колбасное вареное категории В. | K36: свинина, стабилизатор белковый (кожа куриная, вода питьевая, шкурка свиная), вода питьевая, филе грудок куриных, сыворотка молочная сухая, крахмал картофельный, смесь посолочно-нитритная (соль, фиксатор окраски (нитрит натрия)), регуляторы кислотности (пирофосфаты, трифосфаты, цитраты натрия), загустители (каррагинан, гуаровая камедь, ксантановая камедь, альгинат натрия), специи (в т.ч. горчица, сельдерей), сахара, антиокислитель (аскорбиновая кислота), усилитель вкуса и аромата (глутамат натрия), краситель (кармины) | L36: 10 | M36: 11 | N36: 5 | O36: 159/662 | P36: 0…+6 | Q36: 60 | R36: 72 часа | S36: 4607958076321 | T36: 14607958076328 | U36: 4607958076321 | V36: 14607958076328 | W36: 160 | X36: 67 | Y36: 67 | Z36: 0.4 | AA36: 0.002 | AB36: =Z36+AA36 -> 0.402 | AC36: 318 | AD36: 143 | AE36: 138 | AF36: 8 | AG36: 600000407 | AH36: =справочники!$C$106 -> 0.094 | AI36: =ROUNDDOWN(номин.вес_нетто__кг*кол_во_инд.__упак_к,2) -> 3.2 | AJ36: =(номин.вес_брутто__кг*кол_во_инд.__упак_к)+вес_короба__кг -> 3.31 | AK36: 19 | AL36: 11 | AM36: =AK36*AL36 -> 209 | AN36: =IF(D36="ШТ",кол_во_инд.__упак_к*итого_г_у,ROUNDDOWN(номин.вес_нетто_г_у__кг*итого_г_у,1)) -> 1672 | AO36: =(высота__мм*кол_во_слоев_г_у)+145 -> 1663
A37: =VALUE(RIGHT(B37,4)) -> 6859 | B37: 1001013956859 | C37: КЛАССИЧЕСКАЯ Коровино вар п/о(обвязка) | D37: КГ | E37: Колбасные изделия | F37: Вареные колбасы | G37: Коровино | H37: ОМПК(С) | I37: ТУ 10.13.14-150-00425283-2018 | J37: Изделие колбасное вареное из мяса кур охлажденное высшего сорта. | K37: мясо куриное механической обвалки, белковый стабилизатор (свиная шкурка, вода), свинина, вода, крахмал картофельный, соль, посолочно-нитритная смесь (соль, фиксатор окраски нитрит натрия), стабилизаторы: альгинат натрия, каррагинан из водорослей EUCHEMA, камедь гуаровая, растительная клетчатка, регуляторы кислотности: пирофосфаты, ацетаты натрия; натуральные пряности, сахар, усилитель вкуса и аромата Е621, антиокислитель изоаскорбат натрия, ароматизаторы, краситель кармины | L37: 13 | M37: 15 | O37: 187/776 | P37: 0…+6 | Q37: 60 | R37: 3 суток | S37: 2100315000004 | T37: 12100315000001 | U37: 4630362181244 | V37: 14630362181241 | W37: 260 | X37: 90 | Y37: 90 | Z37: 1.35 | AA37: 0.005 | AB37: =Z37+AA37 -> 1.355 | AC37: 385 | AD37: 285 | AE37: 185 | AF37: 8 | AG37: 600000290 | AH37: =справочники!$C$59 -> 0.352 | AI37: =ROUNDDOWN(номин.вес_нетто__кг*кол_во_инд.__упак_к,2) -> 10.8 | AJ37: =(номин.вес_брутто__кг*кол_во_инд.__упак_к)+вес_короба__кг -> 11.192 | AK37: 8 | AL37: 8 | AM37: =AK37*AL37 -> 64 | AN37: =IF(D37="ШТ",кол_во_инд.__упак_к*итого_г_у,ROUNDDOWN(номин.вес_нетто_г_у__кг*итого_г_у,1)) -> 691.2 | AO37: =(высота__мм*кол_во_слоев_г_у)+145 -> 1625
A38: =VALUE(RIGHT(B38,4)) -> 7572 | B38: 1001013957572 | C38: КЛАССИЧЕСКАЯ Кор вар п/о(обвязка) 1.35*8 | D38: КГ | E38: Колбасные изделия | F38: Вареные колбасы | G38: Коровино | H38: ОМПК(С) | I38: ТУ 10.13.14-150-00425283-2018 | J38: Изделие колбасное вареное из мяса кур охлажденное высшего сорта. | K38: мясо куриное механической обвалки, белковый стабилизатор (свиная шкурка, вода), свинина, вода, крахмал картофельный, соль, посолочно-нитритная смесь (соль, фиксатор окраски нитрит натрия), стабилизаторы: альгинат натрия, каррагинан из водорослей EUCHEMA, камедь гуаровая, растительная клетчатка, регуляторы кислотности: пирофосфаты, ацетаты натрия; натуральные пряности, сахар, усилитель вкуса и аромата Е621, антиокислитель изоаскорбат натрия, ароматизаторы, краситель кармины | L38: 13 | M38: 15 | O38: 187/776 | P38: 0…+6 | Q38: 60 | R38: 3 суток | S38: 2100315000004 | T38: 12100315000001 | U38: 4630362181244 | V38: 14630362181241 | W38: 260 | X38: 90 | Y38: 90 | Z38: 1.35 | AA38: 0.005 | AB38: =Z38+AA38 -> 1.355 | AC38: 293 | AD38: 394 | AE38: 158 | AF38: 8 | AG38: 600000607 | AH38: =справочники!$C$195 -> 0.236 | AI38: =ROUNDDOWN(номин.вес_нетто__кг*кол_во_инд.__упак_к,2) -> 10.8 | AJ38: =(номин.вес_брутто__кг*кол_во_инд.__упак_к)+вес_короба__кг -> 11.076 | AK38: 8 | AL38: 9 | AM38: =AK38*AL38 -> 72 | AN38: =IF(D38="ШТ",кол_во_инд.__упак_к*итого_г_у,ROUNDDOWN(номин.вес_нетто_г_у__кг*итого_г_у,1)) -> 777.6 | AO38: =(высота__мм*кол_во_слоев_г_у)+145 -> 1567
A39: =VALUE(RIGHT(B39,4)) -> 6860 | B39: 1001013956860 | C39: КЛАССИЧЕСКАЯ Коровино вар п/о(обвязка)_М | D39: КГ | E39: Колбасные изделия | F39: Вареные колбасы | G39: Коровино | H39: ОМПК(С) | I39: ТУ 10.13.14-150-00425283-2018 | J39: Изделие колбасное вареное из мяса кур охлажденное высшего сорта. | K39: мясо куриное механической обвалки, белковый стабилизатор (свиная шкурка, вода), свинина, вода, крахмал картофельный, соль, посолочно-нитритная смесь (соль, фиксатор окраски нитрит натрия), стабилизаторы: альгинат натрия, каррагинан из водорослей EUCHEMA, камедь гуаровая, растительная клетчатка, регуляторы кислотности: пирофосфаты, ацетаты натрия; натуральные пряности, сахар, усилитель вкуса и аромата Е621, антиокислитель изоаскорбат натрия, ароматизаторы, краситель кармины | L39: 13 | M39: 15 | O39: 187/776 | P39: 0…+6 | Q39: 60 | R39: 3 суток | S39: 2101947000004 | T39: 12101947000001 | U39: 4630362181244 | V39: 14630362181241 | W39: 260 | X39: 90 | Y39: 90 | Z39: 1.35 | AA39: 0.005 | AB39: =Z39+AA39 -> 1.355 | AC39: 385 | AD39: 285 | AE39: 185 | AF39: 8 | AG39: 600000290 | AH39: =справочники!$C$59 -> 0.352 | AI39: =ROUNDDOWN(номин.вес_нетто__кг*кол_во_инд.__упак_к,2) -> 10.8 | AJ39: =(номин.вес_брутто__кг*кол_во_инд.__упак_к)+вес_короба__кг -> 11.192 | AK39: 8 | AL39: 8 | AM39: =AK39*AL39 -> 64 | AN39: =IF(D39="ШТ",кол_во_инд.__упак_к*итого_г_у,ROUNDDOWN(номин.вес_нетто_г_у__кг*итого_г_у,1)) -> 691.2 | AO39: =(высота__мм*кол_во_слоев_г_у)+145 -> 1625
A40: =VALUE(RIGHT(B40,4)) -> 7571 | B40: 1001013957571 | C40: КЛАССИЧЕСКАЯ Кор вар п/о(обвязка) 1.35_М | D40: КГ | E40: Колбасные изделия | F40: Вареные колбасы | G40: Коровино | H40: ОМПК(С) | I40: ТУ 10.13.14-150-00425283-2018 | J40: Изделие колбасное вареное из мяса кур охлажденное высшего сорта. | K40: мясо куриное механической обвалки, белковый стабилизатор (свиная шкурка, вода), свинина, вода, крахмал картофельный, соль, посолочно-нитритная смесь (соль, фиксатор окраски нитрит натрия), стабилизаторы: альгинат натрия, каррагинан из водорослей EUCHEMA, камедь гуаровая, растительная клетчатка, регуляторы кислотности: пирофосфаты, ацетаты натрия; натуральные пряности, сахар, усилитель вкуса и аромата Е621, антиокислитель изоаскорбат натрия, ароматизаторы, краситель кармины | L40: 13 | M40: 15 | O40: 187/776 | P40: 0…+6 | Q40: 60 | R40: 3 суток | S40: 2101947000004 | T40: 12101947000001 | U40: 4630362181244 | V40: 14630362181241 | W40: 260 | X40: 90 | Y40: 90 | Z40: 1.35 | AA40: 0.005 | AB40: =Z40+AA40 -> 1.355 | AC40: 293 | AD40: 394 | AE40: 158 | AF40: 8 | AG40: 600000607 | AH40: =справочники!$C$195 -> 0.236 | AI40: =ROUNDDOWN(номин.вес_нетто__кг*кол_во_инд.__упак_к,2) -> 10.8 | AJ40: =(номин.вес_брутто__кг*кол_во_инд.__упак_к)+вес_короба__кг -> 11.076 | AK40: 8 | AL40: 9 | AM40: =AK40*AL40 -> 72 | AN40: =IF(D40="ШТ",кол_во_инд.__упак_к*итого_г_у,ROUNDDOWN(номин.вес_нетто_г_у__кг*итого_г_у,1)) -> 777.6 | AO40: =(высота__мм*кол_во_слоев_г_у)+145 -> 1567
A41: =VALUE(RIGHT(B41,4)) -> 7529 | B41: 1001013957529 | C41: КЛАССИЧЕСКАЯ Кор вар п/о(обвязка)_Маяк | D41: КГ | E41: Колбасные изделия | F41: Вареные колбасы | G41: Коровино | H41: ОМПК(С) | I41: ТУ 10.13.14-150-00425283-2018 | J41: Изделие колбасное вареное из мяса кур охлажденное высшего сорта. | K41: мясо куриное механической обвалки, белковый стабилизатор (свиная шкурка, вода), свинина, вода, крахмал картофельный, соль, посолочно-нитритная смесь (соль, фиксатор окраски нитрит натрия), стабилизаторы: альгинат натрия, каррагинан из водорослей EUCHEMA, камедь гуаровая, растительная клетчатка, регуляторы кислотности: пирофосфаты, ацетаты натрия; натуральные пряности, сахар, усилитель вкуса и аромата Е621, антиокислитель изоаскорбат натрия, ароматизаторы, краситель кармины | L41: 13 | M41: 15 | O41: 187/776 | P41: 0…+6 | Q41: 60 | R41: 3 суток | S41: 2100336000007 | T41: 12100336000004 | U41: 4630362181244 | V41: 14630362181241 | W41: 260 | X41: 90 | Y41: 90 | Z41: 1.35 | AA41: 0.005 | AB41: =Z41+AA41 -> 1.355 | AC41: 385 | AD41: 285 | AE41: 185 | AF41: 8 | AG41: 600000290 | AH41: =справочники!$C$59 -> 0.352 | AI41: =ROUNDDOWN(номин.вес_нетто__кг*кол_во_инд.__упак_к,2) -> 10.8 | AJ41: =(номин.вес_брутто__кг*кол_во_инд.__упак_к)+вес_короба__кг -> 11.192 | AK41: 8 | AL41: 8 | AM41: =AK41*AL41 -> 64 | AN41: =IF(D41="ШТ",кол_во_инд.__упак_к*итого_г_у,ROUNDDOWN(номин.вес_нетто_г_у__кг*итого_г_у,1)) -> 691.2 | AO41: =(высота__мм*кол_во_слоев_г_у)+145 -> 1625
A42: =VALUE(RIGHT(B42,4)) -> 7231 | B42: 1001013957231 | C42: КЛАССИЧЕСКАЯ ПМ вар п/о 0.3кг 8шт_209к | D42: ШТ | E42: Колбасные изделия | F42: Вареные колбасы | G42: Папа может | H42: ОМПК(С) ОМПК(Г) ОМПК(К) МПЗ Лыткаринский | I42: ТУ 10.13.14-150-00425283-2018 | J42: Изделие колбасное вареное из мяса кур охлажденное. | K42: мясо куриное механической обвалки, вода питьевая, свинина, стабилизатор белковый (вода питьевая, кожа куриная, шкурка свиная), филе грудок куриных, крахмалы (картофельный, кукурузный), сыворотка сухая молочная, молоко сухое обезжиренное, смесь посолочно-нитритная (соль, фиксатор окраски (нитрит натрия)), регуляторы кислотности (пирофосфаты, трифосфаты, цитраты натрия), стабилизатор (каррагинан), загустители (конжак, ксантановая камедь), сахара, экстракты пряностей, соль, горчица, усилитель вкуса и аромата (глутамат натрия), ароматизаторы, антиокислитель (аскорбиновая кислота), краситель (кармины) | L42: 9 | M42: 14 | N42: 4 | O42: 178/739 | P42: 0…+6 | Q42: 60 | R42: 3 суток | S42: 4607958074570 | T42: 24607958074574 | U42: 4607958074570 | V42: 24607958074574 | W42: 130 | X42: 59 | Y42: 59 | Z42: 0.3 | AA42: 0.002 | AB42: =Z42+AA42 -> 0.302 | AC42: 318 | AD42: 143 | AE42: 138 | AF42: 8 | AG42: 600000407 | AH42: =справочники!$C$106 -> 0.094 | AI42: =ROUNDDOWN(номин.вес_нетто__кг*кол_во_инд.__упак_к,2) -> 2.4 | AJ42: =(номин.вес_брутто__кг*кол_во_инд.__упак_к)+вес_короба__кг -> 2.51 | AK42: 19 | AL42: 11 | AM42: =AK42*AL42 -> 209 | AN42: =IF(D42="ШТ",кол_во_инд.__упак_к*итого_г_у,ROUNDDOWN(номин.вес_нетто_г_у__кг*итого_г_у,1)) -> 1672 | AO42: =(высота__мм*кол_во_слоев_г_у)+145 -> 1663
A43: =VALUE(RIGHT(B43,4)) -> 7193 | B43: 1001013957193 | C43: КЛАССИЧЕСКАЯ ПМ вар п/о 0.3кг_СНГ | D43: ШТ | E43: Колбасные изделия | F43: Вареные колбасы | G43: Папа может | H43: ОМПК(С) | I43: ТУ 10.13.14-150-00425283-2018 | J43: Изделие колбасное вареное из мяса кур охлажденное. | K43: мясо куриное механической обвалки, вода питьевая, свинина, стабилизатор белковый (вода питьевая, кожа куриная, шкурка свиная), филе грудок куриных, крахмалы (картофельный, кукурузный), сыворотка сухая молочная, молоко сухое обезжиренное, смесь посолочно-нитритная (соль, фиксатор окраски (нитрит натрия)), регуляторы кислотности (пирофосфаты, трифосфаты, цитраты натрия), стабилизатор (каррагинан), загустители (конжак, ксантановая камедь), сахара, экстракты пряностей, соль, горчица, усилитель вкуса и аромата (глутамат натрия), ароматизаторы, антиокислитель (аскорбиновая кислота), краситель (кармины) | L43: 9 | M43: 14 | N43: 4 | O43: 178/739 | P43: 0…+6 | Q43: 60 | R43: 3 суток | S43: 4607958074570 | T43: 24607958074574 | U43: 4607958074570 | V43: 24607958074574 | W43: 130 | X43: 59 | Y43: 59 | Z43: 0.3 | AA43: 0.002 | AB43: =Z43+AA43 -> 0.302 | AC43: 318 | AD43: 143 | AE43: 138 | AF43: 8 | AG43: 600000407 | AH43: =справочники!$C$106 -> 0.094 | AI43: =ROUNDDOWN(номин.вес_нетто__кг*кол_во_инд.__упак_к,2) -> 2.4 | AJ43: =(номин.вес_брутто__кг*кол_во_инд.__упак_к)+вес_короба__кг -> 2.51 | AK43: 19 | AL43: 11 | AM43: =AK43*AL43 -> 209 | AN43: =IF(D43="ШТ",кол_во_инд.__упак_к*итого_г_у,ROUNDDOWN(номин.вес_нетто_г_у__кг*итого_г_у,1)) -> 1672 | AO43: =(высота__мм*кол_во_слоев_г_у)+145 -> 1663
A44: =VALUE(RIGHT(B44,4)) -> 6329 | B44: 1001013956329 | C44: КЛАССИЧЕСКАЯ Папа может вар п/о 0.4кг | D44: ШТ | E44: Колбасные изделия | F44: Вареные колбасы | G44: Папа может | H44: ОМПК(С) | I44: ТУ 10.13.14-150-00425283-2018 | J44: Изделие колбасное вареное из мяса кур охлажденное. | K44: мясо куриное механической обвалки, вода питьевая, свинина, стабилизатор белковый (вода питьевая, кожа куриная, шкурка свиная), филе грудок куриных, крахмалы (картофельный, кукурузный), сыворотка сухая молочная, молоко сухое обезжиренное, смесь посолочно-нитритная (соль, фиксатор окраски (нитрит натрия)), регуляторы кислотности (пирофосфаты, трифосфаты, цитраты натрия), стабилизатор (каррагинан), загустители (конжак, ксантановая камедь), сахара, экстракты пряностей, соль, горчица, усилитель вкуса и аромата (глутамат натрия), ароматизаторы, антиокислитель (аскорбиновая кислота), краситель (кармины) | L44: 9 | M44: 14 | N44: 4 | O44: 178/739 | P44: 0…+6 | Q44: 60 | R44: 3 суток | S44: 4607958071661 | T44: 14607958071668 | U44: 4607958071661 | V44: 14607958071668 | W44: 160 | X44: 67 | Y44: 67 | Z44: 0.4 | AA44: 0.002 | AB44: =Z44+AA44 -> 0.402 | AC44: 318 | AD44: 143 | AE44: 138 | AF44: 8 | AG44: 600000407 | AH44: =справочники!$C$106 -> 0.094 | AI44: =ROUNDDOWN(номин.вес_нетто__кг*кол_во_инд.__упак_к,2) -> 3.2 | AJ44: =(номин.вес_брутто__кг*кол_во_инд.__упак_к)+вес_короба__кг -> 3.31 | AK44: 19 | AL44: 11 | AM44: =AK44*AL44 -> 209 | AN44: =IF(D44="ШТ",кол_во_инд.__упак_к*итого_г_у,ROUNDDOWN(номин.вес_нетто_г_у__кг*итого_г_у,1)) -> 1672 | AO44: =(высота__мм*кол_во_слоев_г_у)+145 -> 1663
A45: =VALUE(RIGHT(B45,4)) -> 7034 | B45: 1001013957034 | C45: КЛАССИЧЕСКАЯ Папа может вар п/о 1кг 4шт. | D45: ШТ | E45: Колбасные изделия | F45: Вареные колбасы | G45: Папа может | H45: ОМПК(С) | I45: ТУ 10.13.14-150-00425283-2018 | J45: Изделие колбасное вареное из мяса кур охлажденное. | K45: мясо куриное механической обвалки, вода питьевая, свинина, стабилизатор белковый (вода питьевая, кожа куриная, шкурка свиная), филе грудок куриных, крахмалы (картофельный, кукурузный), сыворотка сухая молочная, молоко сухое обезжиренное, смесь посолочно-нитритная (соль, фиксатор окраски (нитрит натрия)), регуляторы кислотности (пирофосфаты, трифосфаты, цитраты натрия), стабилизатор (каррагинан), загустители (конжак, ксантановая камедь), сахара, экстракты пряностей, соль, горчица, усилитель вкуса и аромата (глутамат натрия), ароматизаторы, антиокислитель (аскорбиновая кислота), краситель (кармины) | L45: 9 | M45: 14 | N45: 4 | O45: 178/739 | P45: 0…+6 | Q45: 60 | R45: 3 суток | S45: 4607958078530 | T45: 14607958078537 | U45: 4607958078530 | V45: 14607958078537 | W45: 230 | X45: 90 | Y45: 90 | Z45: 1 | AA45: 0.002 | AB45: =Z45+AA45 -> 1.002 | AC45: 292 | AD45: 178 | AE45: 178 | AF45: 4 | AG45: 600000029 | AH45: =справочники!$C$21 -> 0.125 | AI45: =ROUNDDOWN(номин.вес_нетто__кг*кол_во_инд.__упак_к,2) -> 4 | AJ45: =(номин.вес_брутто__кг*кол_во_инд.__упак_к)+вес_короба__кг -> 4.133 | AK45: 16 | AL45: 8 | AM45: =AK45*AL45 -> 128 | AN45: =IF(D45="ШТ",кол_во_инд.__упак_к*итого_г_у,ROUNDDOWN(номин.вес_нетто_г_у__кг*итого_г_у,1)) -> 512 | AO45: =(высота__мм*кол_во_слоев_г_у)+145 -> 1569
A46: =VALUE(RIGHT(B46,4)) -> 6310 | B46: 1001013956310 | C46: КЛАССИЧЕСКАЯ Папа может вар п/о_А | D46: КГ | E46: Колбасные изделия | F46: Вареные колбасы | G46: Папа может | H46: ОМПК(С) | I46: ТУ 10.13.14-150-00425283-2018 | J46: Изделие колбасное вареное из мяса кур охлажденное. | K46: мясо куриное механической обвалки, вода питьевая, свинина, стабилизатор белковый (вода питьевая, кожа куриная, шкурка свиная), филе грудок куриных, крахмалы (картофельный, кукурузный), сыворотка сухая молочная, молоко сухое обезжиренное, смесь посолочно-нитритная (соль, фиксатор окраски (нитрит натрия)), регуляторы кислотности (пирофосфаты, трифосфаты, цитраты натрия), стабилизатор (каррагинан), загустители (конжак, ксантановая камедь), сахара, экстракты пряностей, соль, горчица, усилитель вкуса и аромата (глутамат натрия), ароматизаторы, антиокислитель (аскорбиновая кислота), краситель (кармины) | L46: 9 | M46: 14 | N46: 4 | O46: 178/739 | P46: 0…+6 | Q46: 60 | R46: 3 суток | S46: 2355013000003 | T46: 12355013000000 | U46: 4607958078202 | V46: 14607958078209 | W46: 250 | X46: 90 | Y46: 90 | Z46: 1.35 | AA46: 0.002 | AB46: =Z46+AA46 -> 1.352 | AC46: 292 | AD46: 178 | AE46: 178 | AF46: 3 | AG46: 600000029 | AH46: =справочники!$C$21 -> 0.125 | AI46: =ROUNDDOWN(номин.вес_нетто__кг*кол_во_инд.__упак_к,2) -> 4.05 | AJ46: =(номин.вес_брутто__кг*кол_во_инд.__упак_к)+вес_короба__кг -> 4.181 | AK46: 14 | AL46: 8 | AM46: =AK46*AL46 -> 112 | AN46: =IF(D46="ШТ",кол_во_инд.__упак_к*итого_г_у,ROUNDDOWN(номин.вес_нетто_г_у__кг*итого_г_у,1)) -> 453.6 | AO46: =(высота__мм*кол_во_слоев_г_у)+145 -> 1569
A47: =VALUE(RIGHT(B47,4)) -> 7196 | B47: 1001013957196 | C47: КЛАССИЧЕСКАЯ Папа может вар п/о_Глобус | D47: КГ | E47: Колбасные изделия | F47: Вареные колбасы | G47: Папа может | H47: ОМПК(С) | I47: ТУ 10.13.14-150-00425283-2018 | J47: Изделие колбасное вареное из мяса кур охлажденное. | K47: мясо куриное механической обвалки, вода питьевая, свинина, стабилизатор белковый (вода питьевая, кожа куриная, шкурка свиная), филе грудок куриных, крахмалы (картофельный, кукурузный), сыворотка сухая молочная, молоко сухое обезжиренное, смесь посолочно-нитритная (соль, фиксатор окраски (нитрит натрия)), регуляторы кислотности (пирофосфаты, трифосфаты, цитраты натрия), стабилизатор (каррагинан), загустители (конжак, ксантановая камедь), сахара, экстракты пряностей, соль, горчица, усилитель вкуса и аромата (глутамат натрия), ароматизаторы, антиокислитель (аскорбиновая кислота), краситель (кармины) | L47: 9 | M47: 14 | N47: 4 | O47: 178/739 | P47: 0…+6 | Q47: 60 | R47: 3 суток | S47: 2847990000003 | T47: 12847990000000 | U47: 4607958078202 | V47: 14607958078209 | W47: 250 | X47: 90 | Y47: 90 | Z47: 1.35 | AA47: 0.002 | AB47: =Z47+AA47 -> 1.352 | AC47: 292 | AD47: 178 | AE47: 178 | AF47: 3 | AG47: 600000029 | AH47: =справочники!$C$21 -> 0.125 | AI47: =ROUNDDOWN(номин.вес_нетто__кг*кол_во_инд.__упак_к,2) -> 4.05 | AJ47: =(номин.вес_брутто__кг*кол_во_инд.__упак_к)+вес_короба__кг -> 4.181 | AK47: 14 | AL47: 8 | AM47: =AK47*AL47 -> 112 | AN47: =IF(D47="ШТ",кол_во_инд.__упак_к*итого_г_у,ROUNDDOWN(номин.вес_нетто_г_у__кг*итого_г_у,1)) -> 453.6 | AO47: =(высота__мм*кол_во_слоев_г_у)+145 -> 1569
A48: =VALUE(RIGHT(B48,4)) -> 6885 | B48: 1001013956885 | C48: КЛАССИЧЕСКАЯ Папа может вар п/о_Маяк | D48: КГ | E48: Колбасные изделия | F48: Вареные колбасы | G48: Папа может | H48: ОМПК(С) | I48: ТУ 10.13.14-150-00425283-2018 | J48: Изделие колбасное вареное из мяса кур охлажденное. | K48: мясо куриное механической обвалки, вода питьевая, свинина, стабилизатор белковый (вода питьевая, кожа куриная, шкурка свиная), филе грудок куриных, крахмалы (картофельный, кукурузный), сыворотка сухая молочная, молоко сухое обезжиренное, смесь посолочно-нитритная (соль, фиксатор окраски (нитрит натрия)), регуляторы кислотности (пирофосфаты, трифосфаты, цитраты натрия), стабилизатор (каррагинан), загустители (конжак, ксантановая камедь), сахара, экстракты пряностей, соль, горчица, усилитель вкуса и аромата (глутамат натрия), ароматизаторы, антиокислитель (аскорбиновая кислота), краситель (кармины) | L48: 9 | M48: 14 | N48: 4 | O48: 178/739 | P48: 0…+6 | Q48: 60 | R48: 3 суток | S48: 2101072000009 | T48: 12101072000006 | U48: 4607958078202 | V48: 14607958078209 | W48: 250 | X48: 90 | Y48: 90 | Z48: 1.35 | AA48: 0.002 | AB48: =Z48+AA48 -> 1.352 | AC48: 292 | AD48: 178 | AE48: 178 | AF48: 3 | AG48: 600000029 | AH48: =справочники!$C$21 -> 0.125 | AI48: =ROUNDDOWN(номин.вес_нетто__кг*кол_во_инд.__упак_к,2) -> 4.05 | AJ48: =(номин.вес_брутто__кг*кол_во_инд.__упак_к)+вес_короба__кг -> 4.181 | AK48: 16 | AL48: 8 | AM48: =AK48*AL48 -> 128 | AN48: =IF(D48="ШТ",кол_во_инд.__упак_к*итого_г_у,ROUNDDOWN(номин.вес_нетто_г_у__кг*итого_г_у,1)) -> 518.4 | AO48: =(высота__мм*кол_во_слоев_г_у)+145 -> 1569
A49: =VALUE(RIGHT(B49,4)) -> 5652 | B49: 1001013955652 | C49: КЛАССИЧЕСКАЯ Папа может вар п/о_О | D49: КГ | E49: Колбасные изделия | F49: Вареные колбасы | G49: Папа может | H49: ОМПК(С) | I49: ТУ 10.13.14-150-00425283-2018 | J49: Изделие колбасное вареное из мяса кур охлажденное. | K49: мясо куриное механической обвалки, вода питьевая, свинина, стабилизатор белковый (вода питьевая, кожа куриная, шкурка свиная), филе грудок куриных, крахмалы (картофельный, кукурузный), сыворотка сухая молочная, молоко сухое обезжиренное, смесь посолочно-нитритная (соль, фиксатор окраски (нитрит натрия)), регуляторы кислотности (пирофосфаты, трифосфаты, цитраты натрия), стабилизатор (каррагинан), загустители (конжак, ксантановая камедь), сахара, экстракты пряностей, соль, горчица, усилитель вкуса и аромата (глутамат натрия), ароматизаторы, антиокислитель (аскорбиновая кислота), краситель (кармины) | L49: 9 | M49: 14 | N49: 4 | O49: 178/739 | P49: 0…+6 | Q49: 60 | R49: 3 суток | S49: 2907400000006 | T49: 12907400000003 | U49: 4607958078202 | V49: 14607958078209 | W49: 250 | X49: 90 | Y49: 90 | Z49: 1.35 | AA49: 0.002 | AB49: =Z49+AA49 -> 1.352 | AC49: 292 | AD49: 178 | AE49: 178 | AF49: 3 | AG49: 600000029 | AH49: =справочники!$C$21 -> 0.125 | AI49: =ROUNDDOWN(номин.вес_нетто__кг*кол_во_инд.__упак_к,2) -> 4.05 | AJ49: =(номин.вес_брутто__кг*кол_во_инд.__упак_к)+вес_короба__кг -> 4.181 | AK49: 14 | AL49: 8 | AM49: =AK49*AL49 -> 112 | AN49: =IF(D49="ШТ",кол_во_инд.__упак_к*итого_г_у,ROUNDDOWN(номин.вес_нетто_г_у__кг*итого_г_у,1)) -> 453.6 | AO49: =(высота__мм*кол_во_слоев_г_у)+145 -> 1569
A50: =VALUE(RIGHT(B50,4)) -> 3498 | B50: 1001013953498 | C50: Z-КЛАССИЧЕСКАЯ Папа может вар п/о | D50: КГ | E50: Колбасные изделия | F50: Вареные колбасы | G50: Папа может | H50: ОМПК(С) | I50: ТУ 10.13.14-150-00425283-2018 | J50: Изделие колбасное вареное из мяса кур охлажденное. | K50: мясо куриное механической обвалки, вода питьевая, свинина, стабилизатор белковый (вода питьевая, кожа куриная, шкурка свиная), филе грудок куриных, крахмалы (картофельный, кукурузный), сыворотка сухая молочная, молоко сухое обезжиренное, смесь посолочно-нитритная (соль, фиксатор окраски (нитрит натрия)), регуляторы кислотности (пирофосфаты, трифосфаты, цитраты натрия), стабилизатор (каррагинан), загустители (конжак, ксантановая камедь), сахара, экстракты пряностей, соль, горчица, усилитель вкуса и аромата (глутамат натрия), ароматизаторы, антиокислитель (аскорбиновая кислота), краситель (кармины) | L50: 9 | M50: 14 | N50: 4 | O50: 178/739 | P50: 0…+6 | Q50: 60 | R50: 3 суток | S50: 2313717000002 | T50: 12313717000009 | U50: Z-код | V50: Z-код | W50: 250 | X50: 90 | Y50: 90 | Z50: 1.35 | AA50: 0.002 | AB50: =Z50+AA50 -> 1.352 | AC50: 292 | AD50: 178 | AE50: 178 | AF50: 3 | AG50: 600000029 | AH50: =справочники!$C$21 -> 0.125 | AI50: =ROUNDDOWN(номин.вес_нетто__кг*кол_во_инд.__упак_к,2) -> 4.05 | AJ50: =(номин.вес_брутто__кг*кол_во_инд.__упак_к)+вес_короба__кг -> 4.181 | AK50: 16 | AL50: 8 | AM50: =AK50*AL50 -> 128 | AN50: =IF(D50="ШТ",кол_во_инд.__упак_к*итого_г_у,ROUNDDOWN(номин.вес_нетто_г_у__кг*итого_г_у,1)) -> 518.4 | AO50: =(высота__мм*кол_во_слоев_г_у)+145 -> 1569
A51: =VALUE(RIGHT(B51,4)) -> 6501 | B51: 1001014136501 | C51: КЛАССИЧЕСКАЯ СО ШПИКОМ вар п/о | D51: КГ | E51: Колбасные изделия | F51: Вареные колбасы | G51: Папа может | H51: ОМПК(С) | I51: ТУ 10.13.14-150-00425283-2018 | J51: Изделие колбасное вареное из мяса кур охлажденное. | K51: мясо куриное механической обвалки, свинина, вода питьевая, стабилизатор белковый (вода питьевая, шкурка свиная), шпик, филе куриной грудки, сыворотка молочная сухая, смесь посолочно-нитритная (соль, фиксатор окраски (нитрит натрия)), соль, регуляторы кислотности (пирофосфаты, трифосфаты, цитраты натрия), стабилизаторы (полифосфаты, альгинат натрия), специи и экстракты специй (в т.ч. сельдерей, горчица), чеснок свежий, сахара, крахмал картофельный, антиокислитель (изоаскорбат натрия), усилитель вкуса и аромата (глутамат натрия), ароматизаторы, краситель (кармины) | L51: 8 | M51: 14 | N51: 2 | O51: 166/688 | P51: 0…+6 | Q51: 60 | R51: 3 суток | S51: 2100912000001 | T51: 12100912000008 | U51: 4630362181268 | V51: 14630362181265 | W51: 250 | X51: 90 | Y51: 90 | Z51: 1.35 | AA51: 0.002 | AB51: =Z51+AA51 -> 1.352 | AC51: 292 | AD51: 178 | AE51: 178 | AF51: 3 | AG51: 600000029 | AH51: =справочники!$C$21 -> 0.125 | AI51: =ROUNDDOWN(номин.вес_нетто__кг*кол_во_инд.__упак_к,2) -> 4.05 | AJ51: =(номин.вес_брутто__кг*кол_во_инд.__упак_к)+вес_короба__кг -> 4.181 | AK51: 16 | AL51: 8 | AM51: =AK51*AL51 -> 128 | AN51: =IF(D51="ШТ",кол_во_инд.__упак_к*итого_г_у,ROUNDDOWN(номин.вес_нетто_г_у__кг*итого_г_у,1)) -> 518.4 | AO51: =(высота__мм*кол_во_слоев_г_у)+145 -> 1569
A52: =VALUE(RIGHT(B52,4)) -> 7514 | B52: 1001017557514 | C52: ЛЮБИТЕЛЬСКАЯ ОСТАНКИНСКАЯ вар ц/о в/у | D52: КГ | E52: Колбасные изделия | F52: Вареные колбасы | G52: Останкино | H52: ОМПК(С) | I52: ТУ 10.13.14-180-00425283-2025 | J52: Мясной продукт. Изделие колбасное вареное категории В. | K52: свинина, вода питьевая, стабилизатор белковый (вода питьевая, шкурка свиная), шпик, говядина, сыворотка молочная сухая, смесь посолочно-нитритная (соль, фиксатор окраски (нитрит натрия)), регуляторы кислотности (пирофосфаты, трифосфаты, цитраты натрия), загустители (каррагинан, гуаровая камедь, ксантановая камедь, альгинат натрия), специи, экстракты специи (в т.ч. горчица), сахара, антиокислители (аскорбат натрия, лимонная кислота, аскорбиновая кислота), усилитель вкуса и аромата (глутамат натрия), ароматизаторы, краситель (кармины) | L52: 9 | M52: 25 | N52: 3 | O52: 273/1129 | P52: 0…+6 | Q52: 30 | R52: 72 часа | S52: 2800521000002 | T52: 12800521000009 | U52: 4630362182579 | V52: 14630362182576 | W52: 330 | X52: 100 | Y52: 85 | Z52: 1.6 | AA52: 0.01 | AB52: =Z52+AA52 -> 1.61 | AC52: 338 | AD52: 188 | AE52: 178 | AF52: 4 | AG52: 600000260 | AH52: =справочники!$C$54 -> 0.177 | AI52: =ROUNDDOWN(номин.вес_нетто__кг*кол_во_инд.__упак_к,2) -> 6.4 | AJ52: =(номин.вес_брутто__кг*кол_во_инд.__упак_к)+вес_короба__кг -> 6.617 | AK52: 12 | AL52: 8 | AM52: =AK52*AL52 -> 96 | AN52: =IF(D52="ШТ",кол_во_инд.__упак_к*итого_г_у,ROUNDDOWN(номин.вес_нетто_г_у__кг*итого_г_у,1)) -> 614.4 | AO52: =(высота__мм*кол_во_слоев_г_у)+145 -> 1569
A53: =VALUE(RIGHT(B53,4)) -> 6784 | B53: 1001010026784 | C53: МОЛОЧНАЯ Коровино(в сетке) вар п/о 0.4кг | D53: ШТ | E53: Колбасные изделия | F53: Вареные колбасы | G53: Коровино | H53: ОМПК(С) | I53: ТУ 10.13.14-150-00425283-2026 | J53: Изделие колбасное вареное из мяса кур охлажденное. | K53: мясо цыпленка-бройлера бескостное, мясо цыпленка-бройлера механической обвалки, стабилизатор белковый (шкурка свиная, вода питьевая), вода питьевая, сыворотка молочная сухая, крахмал картофельный, крупа манная, смесь посолочно-нитритная (соль, фиксатор окраски (нитрит натрия)), регуляторы кислотности (пирофосфаты, трифосфаты, цитраты натрия), белок животный (говяжий), загустители (ксантановая камедь, каррагинан), чеснок свежий, перец черный, мускатный орех перец чили, горчица, кориандр, сахара, клетчатка растительная (соевая), антиокислитель (изоаскорбат натрия), усилитель вкуса и аромата (глутамат натрия 1-замещенный), ароматизаторы, краситель (кармины) | L53: 13 | M53: 18 | N53: 9 | O53: 250/1040 | P53: 0…+6 | Q53: 60 | R53: 72 часа | S53: 4607958077175 | T53: 14607958077172 | U53: 4607958077175 | V53: 14607958077172 | W53: 160 | X53: 67 | Y53: 67 | Z53: 0.4 | AA53: 0.003 | AB53: =Z53+AA53 -> 0.403 | AC53: 378 | AD53: 156 | AE53: 138 | AF53: 8 | AG53: 600000019 | AH53: =справочники!$C$11 -> 0.114 | AI53: =ROUNDDOWN(номин.вес_нетто__кг*кол_во_инд.__упак_к,2) -> 3.2 | AJ53: =(номин.вес_брутто__кг*кол_во_инд.__упак_к)+вес_короба__кг -> 3.338 | AK53: 15 | AL53: 11 | AM53: =AK53*AL53 -> 165 | AN53: =IF(D53="ШТ",кол_во_инд.__упак_к*итого_г_у,ROUNDDOWN(номин.вес_нетто_г_у__кг*итого_г_у,1)) -> 1320 | AO53: =(высота__мм*кол_во_слоев_г_у)+145 -> 1663
A54: =VALUE(RIGHT(B54,4)) -> 6464 | B54: 1001012456464 | C54: МОЛОЧНАЯ Папа может вар п/о_Окей | D54: КГ | E54: Колбасные изделия | F54: Вареные колбасы | G54: Папа может | H54: ОМПК(С) | I54: ТУ 10.13.14-180-00425283-2025 | J54: Мясной продукт. Изделие колбасное вареное категории В. | K54: свинина, стабилизатор белковый (вода питьевая, шкурка свиная, кожа куриная), мясо куриное механической обвалки, вода питьевая, сыворотка молочная сухая, молоко сухое обезжиренное, крахмалы (кукурузный, картофельный), смесь посолочно-нитритная (соль, фиксатор окраски (нитрит натрия)), сахар, регуляторы кислотности (пирофосфаты, трифосфаты, цитраты натрия), загустители (каррагинан, гуаровая камедь, конжак, ксантановая камедь), специи, экстракты специй (в т.ч. горчица), антиокислитель (аскорбиновая кислота), усилитель вкуса и аромата (глутамат натрия), ароматизаторы, краситель (кармины) | L54: 9 | M54: 14 | N54: 5 | O54: 182/756 | P54: 0…+6 | Q54: 60 | R54: 72 часа | S54: 2909780000003 | T54: 12909780000000 | U54: 4630362181282 | V54: 14630362181289 | W54: 230 | X54: 90 | Y54: 90 | Z54: 1 | AA54: 0.002 | AB54: =Z54+AA54 -> 1.002 | AC54: 292 | AD54: 178 | AE54: 178 | AF54: 4 | AG54: 600000029 | AH54: =справочники!$C$21 -> 0.125 | AI54: =ROUNDDOWN(номин.вес_нетто__кг*кол_во_инд.__упак_к,2) -> 4 | AJ54: =(номин.вес_брутто__кг*кол_во_инд.__упак_к)+вес_короба__кг -> 4.133 | AK54: 14 | AL54: 8 | AM54: =AK54*AL54 -> 112 | AN54: =IF(D54="ШТ",кол_во_инд.__упак_к*итого_г_у,ROUNDDOWN(номин.вес_нетто_г_у__кг*итого_г_у,1)) -> 448 | AO54: =(высота__мм*кол_во_слоев_г_у)+145 -> 1569
A55: =VALUE(RIGHT(B55,4)) -> 6876 | B55: 1001012456876 | C55: МОЛОЧНАЯ Папа может вар п/о_Ашан | D55: КГ | E55: Колбасные изделия | F55: Вареные колбасы | G55: Папа может | H55: ОМПК(С) | I55: ТУ 10.13.14-180-00425283-2025 | J55: Мясной продукт. Изделие колбасное вареное категории В. | K55: свинина, стабилизатор белковый (вода питьевая, шкурка свиная, кожа куриная), мясо куриное механической обвалки, вода питьевая, сыворотка молочная сухая, молоко сухое обезжиренное, крахмалы (кукурузный, картофельный), смесь посолочно-нитритная (соль, фиксатор окраски (нитрит натрия)), сахар, регуляторы кислотности (пирофосфаты, трифосфаты, цитраты натрия), загустители (каррагинан, гуаровая камедь, конжак, ксантановая камедь), специи, экстракты специй (в т.ч. горчица), антиокислитель (аскорбиновая кислота), усилитель вкуса и аромата (глутамат натрия), ароматизаторы, краситель (кармины) | L55: 9 | M55: 14 | N55: 5 | O55: 182/756 | P55: 0…+6 | Q55: 60 | R55: 72 часа | S55: 2358466000002 | T55: 12358466000009 | U55: 4630362181282 | V55: 14630362181289 | W55: 230 | X55: 90 | Y55: 90 | Z55: 1 | AA55: 0.002 | AB55: =Z55+AA55 -> 1.002 | AC55: 292 | AD55: 178 | AE55: 178 | AF55: 4 | AG55: 600000029 | AH55: =справочники!$C$21 -> 0.125 | AI55: =ROUNDDOWN(номин.вес_нетто__кг*кол_во_инд.__упак_к,2) -> 4 | AJ55: =(номин.вес_брутто__кг*кол_во_инд.__упак_к)+вес_короба__кг -> 4.133 | AK55: 14 | AL55: 8 | AM55: =AK55*AL55 -> 112 | AN55: =IF(D55="ШТ",кол_во_инд.__упак_к*итого_г_у,ROUNDDOWN(номин.вес_нетто_г_у__кг*итого_г_у,1)) -> 448 | AO55: =(высота__мм*кол_во_слоев_г_у)+145 -> 1569
A56: =VALUE(RIGHT(B56,4)) -> 6498 | B56: 1001012456498 | C56: МОЛОЧНАЯ Папа может вар п/о | D56: КГ | E56: Колбасные изделия | F56: Вареные колбасы | G56: Папа может | H56: ОМПК(С) | I56: ТУ 10.13.14-180-00425283-2025 | J56: Мясной продукт. Изделие колбасное вареное категории В. | K56: свинина, стабилизатор белковый (вода питьевая, шкурка свиная, кожа куриная), мясо куриное механической обвалки, вода питьевая, сыворотка молочная сухая, молоко сухое обезжиренное, крахмалы (кукурузный, картофельный), смесь посолочно-нитритная (соль, фиксатор окраски (нитрит натрия)), сахар, регуляторы кислотности (пирофосфаты, трифосфаты, цитраты натрия), загустители (каррагинан, гуаровая камедь, конжак, ксантановая камедь), специи, экстракты специй (в т.ч. горчица), антиокислитель (аскорбиновая кислота), усилитель вкуса и аромата (глутамат натрия), ароматизаторы, краситель (кармины) | L56: 9 | M56: 14 | N56: 5 | O56: 182/756 | P56: 0…+6 | Q56: 60 | R56: 72 часа | S56: 2909780000003 | T56: 12909780000000 | U56: 4630362181282 | V56: 14630362181289 | W56: 230 | X56: 90 | Y56: 90 | Z56: 1 | AA56: 0.002 | AB56: =Z56+AA56 -> 1.002 | AC56: 292 | AD56: 178 | AE56: 178 | AF56: 4 | AG56: 600000029 | AH56: =справочники!$C$21 -> 0.125 | AI56: =ROUNDDOWN(номин.вес_нетто__кг*кол_во_инд.__упак_к,2) -> 4 | AJ56: =(номин.вес_брутто__кг*кол_во_инд.__упак_к)+вес_короба__кг -> 4.133 | AK56: 14 | AL56: 8 | AM56: =AK56*AL56 -> 112 | AN56: =IF(D56="ШТ",кол_во_инд.__упак_к*итого_г_у,ROUNDDOWN(номин.вес_нетто_г_у__кг*итого_г_у,1)) -> 448 | AO56: =(высота__мм*кол_во_слоев_г_у)+145 -> 1569
A57: =VALUE(RIGHT(B57,4)) -> 6481 | B57: 1001012456481 | C57: Z-МОЛОЧНАЯ Папа может вар п/о | D57: КГ | E57: Колбасные изделия | F57: Вареные колбасы | G57: Папа может | H57: ОМПК(С) | I57: ТУ 10.13.14-180-00425283-2025 | J57: Мясной продукт. Изделие колбасное вареное категории В. | K57: свинина, стабилизатор белковый (вода питьевая, шкурка свиная, кожа куриная), мясо куриное механической обвалки, вода питьевая, сыворотка молочная сухая, молоко сухое обезжиренное, крахмалы (кукурузный, картофельный), смесь посолочно-нитритная (соль, фиксатор окраски (нитрит натрия)), сахар, регуляторы кислотности (пирофосфаты, трифосфаты, цитраты натрия), загустители (каррагинан, гуаровая камедь, конжак, ксантановая камедь), специи, экстракты специй (в т.ч. горчица), антиокислитель (аскорбиновая кислота), усилитель вкуса и аромата (глутамат натрия), ароматизаторы, краситель (кармины) | L57: 9 | M57: 14 | N57: 5 | O57: 182/756 | P57: 0…+6 | Q57: 60 | R57: 72 часа | S57: 2312679000006 | T57: 12312679000003 | U57: Z-код | V57: Z-код | W57: 230 | X57: 90 | Y57: 90 | Z57: 1 | AA57: 0.002 | AB57: =Z57+AA57 -> 1.002 | AC57: 292 | AD57: 178 | AE57: 178 | AF57: 4 | AG57: 600000029 | AH57: =справочники!$C$21 -> 0.125 | AI57: =ROUNDDOWN(номин.вес_нетто__кг*кол_во_инд.__упак_к,2) -> 4 | AJ57: =(номин.вес_брутто__кг*кол_во_инд.__упак_к)+вес_короба__кг -> 4.133 | AK57: 16 | AL57: 8 | AM57: =AK57*AL57 -> 128 | AN57: =IF(D57="ШТ",кол_во_инд.__упак_к*итого_г_у,ROUNDDOWN(номин.вес_нетто_г_у__кг*итого_г_у,1)) -> 512 | AO57: =(высота__мм*кол_во_слоев_г_у)+145 -> 1569
A58: =VALUE(RIGHT(B58,4)) -> 6904 | B58: 1001012456904 | C58: МОЛОЧНАЯ Папа может вар п/о 0.4кг 8шт. | D58: ШТ | E58: Колбасные изделия | F58: Вареные колбасы | G58: Папа может | H58: ОМПК(О) ОМПК(Г) | I58: ТУ 10.13.14-180-00425283-2025 | J58: Мясной продукт. Изделие колбасное вареное категории В. | K58: свинина, стабилизатор белковый (вода питьевая, шкурка свиная, кожа куриная), мясо куриное механической обвалки, вода питьевая, сыворотка молочная сухая, молоко сухое обезжиренное, крахмалы (кукурузный, картофельный), смесь посолочно-нитритная (соль, фиксатор окраски (нитрит натрия)), сахар, регуляторы кислотности (пирофосфаты, трифосфаты, цитраты натрия), загустители (каррагинан, гуаровая камедь, конжак, ксантановая камедь), специи, экстракты специй (в т.ч. горчица), антиокислитель (аскорбиновая кислота), усилитель вкуса и аромата (глутамат натрия), ароматизаторы, краситель (кармины) | L58: 9 | M58: 14 | N58: 5 | O58: 182/756 | P58: 0…+6 | Q58: 60 | R58: 72 часа | S58: 4607958078004 | T58: 14607958078001 | U58: 4607958078004 | V58: 14607958078001 | W58: 160 | X58: 67 | Y58: 67 | Z58: 0.4 | AA58: 0.002 | AB58: =Z58+AA58 -> 0.402 | AC58: 318 | AD58: 143 | AE58: 138 | AF58: 8 | AG58: 600000407 | AH58: =справочники!$C$106 -> 0.094 | AI58: =ROUNDDOWN(номин.вес_нетто__кг*кол_во_инд.__упак_к,2) -> 3.2 | AJ58: =(номин.вес_брутто__кг*кол_во_инд.__упак_к)+вес_короба__кг -> 3.31 | AK58: 19 | AL58: 11 | AM58: =AK58*AL58 -> 209 | AN58: =IF(D58="ШТ",кол_во_инд.__упак_к*итого_г_у,ROUNDDOWN(номин.вес_нетто_г_у__кг*итого_г_у,1)) -> 1672 | AO58: =(высота__мм*кол_во_слоев_г_у)+145 -> 1663
A59: =VALUE(RIGHT(B59,4)) -> 6479 | B59: 1001012456479 | C59: МОЛОЧНАЯ Папа может вар п/о 0.5кг 8шт. | D59: ШТ | E59: Колбасные изделия | F59: Вареные колбасы | G59: Папа может | H59: ОМПК(С) ОМПК(Г) | I59: ТУ 10.13.14-180-00425283-2025 | J59: Мясной продукт. Изделие колбасное вареное категории В. | K59: свинина, стабилизатор белковый (вода питьевая, шкурка свиная, кожа куриная), мясо куриное механической обвалки, вода питьевая, сыворотка молочная сухая, молоко сухое обезжиренное, крахмалы (кукурузный, картофельный), смесь посолочно-нитритная (соль, фиксатор окраски (нитрит натрия)), сахар, регуляторы кислотности (пирофосфаты, трифосфаты, цитраты натрия), загустители (каррагинан, гуаровая камедь, конжак, ксантановая камедь), специи, экстракты специй (в т.ч. горчица), антиокислитель (аскорбиновая кислота), усилитель вкуса и аромата (глутамат натрия), ароматизаторы, краситель (кармины) | L59: 9 | M59: 14 | N59: 5 | O59: 182/756 | P59: 0…+6 | Q59: 60 | R59: 72 часа | S59: 4607958075409 | T59: 14607958075406 | U59: 4607958075409 | V59: 14607958075406 | W59: 190 | X59: 67 | Y59: 67 | Z59: 0.5 | AA59: 0.002 | AB59: =Z59+AA59 -> 0.502 | AC59: 278 | AD59: 193 | AE59: 138 | AF59: 8 | AG59: 600000404 | AH59: =справочники!$C$101 -> 0.105 | AI59: =ROUNDDOWN(номин.вес_нетто__кг*кол_во_инд.__упак_к,2) -> 4 | AJ59: =(номин.вес_брутто__кг*кол_во_инд.__упак_к)+вес_короба__кг -> 4.121 | AK59: 16 | AL59: 9 | AM59: =AK59*AL59 -> 144 | AN59: =IF(D59="ШТ",кол_во_инд.__упак_к*итого_г_у,ROUNDDOWN(номин.вес_нетто_г_у__кг*итого_г_у,1)) -> 1152 | AO59: =(высота__мм*кол_во_слоев_г_у)+145 -> 1387
A60: =VALUE(RIGHT(B60,4)) -> 7500 | B60: 1001010027500 | C60: МОЛОЧНАЯ GUTMANN вар п/о 0.5кг 8шт. | D60: ШТ | E60: Колбасные изделия | F60: Вареные колбасы | G60: GUTMANN | H60: ОМПК(С) ОМПК(О) | I60: ТУ 10.13.14-180-00425283-2025 | J60: Мясной продукт. Изделие колбасное вареное категории Б. | K60: свинина, филе грудок куриных, мясо цыпленка-бройлера механической обвалки, вода питьевая, стабилизатор белковый (вода питьевая, кожа куриная, шкурка свиная), сыворотка молочная сухая, крахмал картофельный, смесь посолочно-нитритная (соль, фиксатор окраски (нитрит натрия)), регуляторы кислотности (пирофосфаты, трифосфаты, цитраты натрия), загустители (альгинат натрия, каррагинан, гуаровая камедь, ксантановая камедь), чеснок сушеный молотый, перец красный, перец черный, тмин, паприка, кориандр, имбирь, горчица, белок молочный, сахара, антиокислитель (аскорбиновая кислота), усилитель вкуса и аромата (глутамат натрия 1-замещенный), ароматизаторы, краситель (кармины) | L60: 11 | M60: 16 | N60: 3 | O60: 200/830 | P60: 0…+6 | Q60: 60 | R60: 72 часа | S60: 4630362181466 | T60: 14630362181463 | U60: 4630362181466 | V60: 14630362181463 | W60: 190 | X60: 67 | Y60: 67 | Z60: 0.5 | AA60: 0.002 | AB60: =Z60+AA60 -> 0.502 | AC60: 278 | AD60: 193 | AE60: 138 | AF60: 8 | AG60: 600000404 | AH60: =справочники!$C$101 -> 0.105 | AI60: =ROUNDDOWN(номин.вес_нетто__кг*кол_во_инд.__упак_к,2) -> 4 | AJ60: =(номин.вес_брутто__кг*кол_во_инд.__упак_к)+вес_короба__кг -> 4.121 | AK60: 16 | AL60: 9 | AM60: =AK60*AL60 -> 144 | AN60: =IF(D60="ШТ",кол_во_инд.__упак_к*итого_г_у,ROUNDDOWN(номин.вес_нетто_г_у__кг*итого_г_у,1)) -> 1152 | AO60: =(высота__мм*кол_во_слоев_г_у)+145 -> 1387
A61: =VALUE(RIGHT(B61,4)) -> 7307 | B61: 1001010477307 | C61: МОЛОЧНАЯ ПРЕМИУМ вар б/о в/у срез 0.4кг | D61: ШТ | E61: Колбасные изделия | F61: Вареные колбасы | G61: Папа может | H61: ОМПК(О) | I61: ТУ 10.13.14-150-00425283-2018 | J61: Изделие колбасное вареное из мяса кур охлажденное. | K61: мясо куриное механической обвалки, вода питьевая, свинина, филе грудок куриных, стабилизатор белковый (вода питьевая, кожа куриная, шкурка свиная), сыворотка молочная сухая, молоко сухое обезжиренное, крахмал картофельный, смесь посолочно-нитритная (соль, фиксатор окраски (нитрит натрия)), регуляторы кислотности (пирофосфаты, трифосфаты, цитраты натрия), загуститель (альгинат натрия), сахара, соль, пряности и экстракты пряностей, белок животный (говяжий), антиокислитель (аскорбиновая кислота), усилитель вкуса и аромата (глутамат натрия), ароматизаторы, краситель (кармины | L61: 10 | M61: 15 | N61: 2 | O61: 183/759 | P61: 0…+6 | Q61: 30 | R61: 48 часов | S61: 4607958079728 | T61: 14607958079725 | U61: 4607958079728 | V61: 14607958079725 | W61: 215 | X61: 100 | Y61: 69 | Z61: 0.4 | AA61: 0.005 | AB61: =Z61+AA61 -> 0.405 | AC61: 318 | AD61: 143 | AE61: 138 | AF61: 6 | AG61: 600000407 | AH61: =справочники!$C$106 -> 0.094 | AI61: =ROUNDDOWN(номин.вес_нетто__кг*кол_во_инд.__упак_к,2) -> 2.4 | AJ61: =(номин.вес_брутто__кг*кол_во_инд.__упак_к)+вес_короба__кг -> 2.524 | AK61: 19 | AL61: 11 | AM61: =AK61*AL61 -> 209 | AN61: =IF(D61="ШТ",кол_во_инд.__упак_к*итого_г_у,ROUNDDOWN(номин.вес_нетто_г_у__кг*итого_г_у,1)) -> 1254 | AO61: =(высота__мм*кол_во_слоев_г_у)+145 -> 1663
A62: =VALUE(RIGHT(B62,4)) -> 6594 | B62: 1001010026594 | C62: МОЛОЧНАЯ СН вар п/о | D62: КГ | E62: Колбасные изделия | F62: Вареные колбасы | G62: Советское наследие | H62: ОМПК(С) | I62: ТУ 10.13.14-150-00425283-2018 | J62: Изделие колбасное вареное из мяса кур охлажденное. | K62: мясо цыпленка-бройлера бескостное, мясо цыпленка-бройлера механической обвалки, стабилизатор белковый (шкурка свиная, вода питьевая), вода питьевая, сыворотка молочная сухая, крахмал картофельный, крупа манная, смесь посолочно-нитритная (соль, фиксатор окраски (нитрит натрия)), регуляторы кислотности (пирофосфаты, трифосфаты, цитраты натрия), белок животный (говяжий), загустители (ксантановая камедь, каррагинан), чеснок свежий, перец черный, мускатный орех, перец чили, горчица, кориандр, сахара, клетчатка растительная (соевая), антиокислитель (изоаскорбат натрия), усилитель вкуса и аромата (глутамат натрия 1-замещенный), ароматизаторы, краситель (кармины) | L62: 13 | M62: 18 | N62: 9 | O62: 250/1040 | P62: 0…+6 | Q62: 60 | R62: 72 часа | S62: 2100011490000 | T62: 12100011490007 | U62: 4630362183163 | V62: 14630362183160 | W62: 230 | X62: 89 | Y62: 89 | Z62: 1.35 | AA62: 0.002 | AB62: =Z62+AA62 -> 1.352 | AC62: 385 | AD62: 285 | AE62: 185 | AF62: 8 | AG62: 600000290 | AH62: =справочники!$C$59 -> 0.352 | AI62: =ROUNDDOWN(номин.вес_нетто__кг*кол_во_инд.__упак_к,2) -> 10.8 | AJ62: =(номин.вес_брутто__кг*кол_во_инд.__упак_к)+вес_короба__кг -> 11.168 | AK62: 8 | AL62: 8 | AM62: =AK62*AL62 -> 64 | AN62: =IF(D62="ШТ",кол_во_инд.__упак_к*итого_г_у,ROUNDDOWN(номин.вес_нетто_г_у__кг*итого_г_у,1)) -> 691.2 | AO62: =(высота__мм*кол_во_слоев_г_у)+145 -> 1625
A63: =VALUE(RIGHT(B63,4)) -> 7409 | B63: 1001017027409 | C63: МУСУЛЬМАНСКАЯ ASLAM вар п/о 0.5кг 8шт. | D63: ШТ | E63: Колбасные изделия | F63: Вареные колбасы | G63: ASLAM | H63: ООО Казанские деликатесы | I63: ТУ 10.13.14-175-00425283-2025 | J63: Изделие колбасное вареное из мяса кур охлажденное. | K63: мясо куриное механической обвалки, филе грудок куриных, стабилизатор белковый (вода питьевая, кожа куриная, говядина), вода питьевая, молоко сухое обезжиренное, сыворотка молочная сухая, крахмал картофельный, смесь посолочно-нитритная (соль, фиксатор окраски (нитрит натрия)), регуляторы кислотности (пирофосфаты, трифосфаты, цитраты натрия), загустители (каррагинан, конжак, ксантановая камедь, гуаровая камедь), пряности, экстракты пряностей, сахара, антиокислители (аскорбиновая кислота, лимонная кислота), усилитель вкуса и аромата (глутамат натрия), ароматизатор, экстракт гардении красной | L63: 10 | M63: 11 | N63: 3 | O63: 151/628 | P63: 0…+6 | Q63: 60 | R63: 72 часа | S63: 4630362180377 | T63: 14630362180374 | U63: 4630362180377 | V63: 14630362180374 | W63: 190 | X63: 67 | Y63: 67 | Z63: 0.5 | AA63: 0.006 | AB63: =Z63+AA63 -> 0.506 | AC63: 278 | AD63: 193 | AE63: 138 | AF63: 8 | AG63: 600000404 | AH63: =справочники!$C$179 -> 0.138 | AI63: =ROUNDDOWN(номин.вес_нетто__кг*кол_во_инд.__упак_к,2) -> 4 | AJ63: =(номин.вес_брутто__кг*кол_во_инд.__упак_к)+вес_короба__кг -> 4.186 | AK63: 16 | AL63: 9 | AM63: =AK63*AL63 -> 144 | AN63: =IF(D63="ШТ",кол_во_инд.__упак_к*итого_г_у,ROUNDDOWN(номин.вес_нетто_г_у__кг*итого_г_у,1)) -> 1152 | AO63: =(высота__мм*кол_во_слоев_г_у)+145 -> 1387
A64: =VALUE(RIGHT(B64,4)) -> 7404 | B64: 1001017027404 | C64: МУСУЛЬМАНСКАЯ ASLAM вар п/о 0.9кг 4шт. | D64: ШТ | E64: Колбасные изделия | F64: Вареные колбасы | G64: ASLAM | H64: ООО Казанские деликатесы | I64: ТУ 10.13.14-175-00425283-2025 | J64: Изделие колбасное вареное из мяса кур охлажденное. | K64: мясо куриное механической обвалки, филе грудок куриных, стабилизатор белковый (вода питьевая, кожа куриная, говядина), вода питьевая, молоко сухое обезжиренное, сыворотка молочная сухая, крахмал картофельный, смесь посолочно-нитритная (соль, фиксатор окраски (нитрит натрия)), регуляторы кислотности (пирофосфаты, трифосфаты, цитраты натрия), загустители (каррагинан, конжак, ксантановая камедь, гуаровая камедь), пряности, экстракты пряностей, сахара, антиокислители (аскорбиновая кислота, лимонная кислота), усилитель вкуса и аромата (глутамат натрия), ароматизатор, экстракт гардении красной | L64: 10 | M64: 11 | N64: 3 | O64: 151/628 | P64: 0…+6 | Q64: 60 | R64: 72 часа | S64: 4630362180384 | T64: 14630362180381 | U64: 4630362180384 | V64: 14630362180381 | W64: 250 | X64: 78 | Y64: 78 | Z64: 0.9 | AA64: 0.008 | AB64: =Z64+AA64 -> 0.908 | AC64: 292 | AD64: 178 | AE64: 178 | AF64: 4 | AG64: 600000573 | AH64: =справочники!$C$183 -> 0.15 | AI64: =ROUNDDOWN(номин.вес_нетто__кг*кол_во_инд.__упак_к,2) -> 3.6 | AJ64: =(номин.вес_брутто__кг*кол_во_инд.__упак_к)+вес_короба__кг -> 3.782 | AK64: 16 | AL64: 8 | AM64: =AK64*AL64 -> 128 | AN64: =IF(D64="ШТ",кол_во_инд.__упак_к*итого_г_у,ROUNDDOWN(номин.вес_нетто_г_у__кг*итого_г_у,1)) -> 512 | AO64: =(высота__мм*кол_во_слоев_г_у)+145 -> 1569
A65: =VALUE(RIGHT(B65,4)) -> 4063 | B65: 1001012484063 | C65: МЯСНАЯ Папа может вар п/о | D65: КГ | E65: Колбасные изделия | F65: Вареные колбасы | G65: Папа может | H65: ОМПК(О) ОМПК(С) | I65: ТУ 10.13.14-130-00425283-2017 | J65: Мясной продукт. Изделие колбасное вареное категории В. | K65: свинина, вода питьевая, мясо куриное механической обвалки, стабилизатор белковый (вода питьевая, кожа куриная, шкурка свиная), филе грудок куриных, крахмалы (картофельный, кукурузный), сыворотка сухая молочная, молоко сухое обезжиренное, смесь посолочно-нитритная (соль, фиксатор окраски (нитрит натрия)), регуляторы кислотности (пирофосфаты, трифосфаты, цитраты натрия), стабилизатор (каррагинан), загустители (конжак, ксантановая камедь), сахара, экстракты пряностей, соль, горчица, усилитель вкуса и аромата (глутамат натрия), ароматизаторы, антиокислитель (аскорбиновая кислота), краситель (кармины) | L65: 9 | M65: 14 | N65: 4 | O65: 178/739 | P65: 0…+6 | Q65: 60 | R65: 3 суток | S65: 2412109000009 | T65: 12412109000006 | U65: 4607958070688 | V65: 14607958070685 | W65: 250 | X65: 90 | Y65: 90 | Z65: 1.35 | AA65: 0.002 | AB65: =Z65+AA65 -> 1.352 | AC65: 292 | AD65: 178 | AE65: 178 | AF65: 3 | AG65: 600000029 | AH65: =справочники!$C$21 -> 0.125 | AI65: =ROUNDDOWN(номин.вес_нетто__кг*кол_во_инд.__упак_к,2) -> 4.05 | AJ65: =(номин.вес_брутто__кг*кол_во_инд.__упак_к)+вес_короба__кг -> 4.181 | AK65: 14 | AL65: 8 | AM65: =AK65*AL65 -> 112 | AN65: =IF(D65="ШТ",кол_во_инд.__упак_к*итого_г_у,ROUNDDOWN(номин.вес_нетто_г_у__кг*итого_г_у,1)) -> 453.6 | AO65: =(высота__мм*кол_во_слоев_г_у)+145 -> 1569
A66: =VALUE(RIGHT(B66,4)) -> 6333 | B66: 1001012486333 | C66: МЯСНАЯ Папа может вар п/о 0.4кг 8шт. | D66: ШТ | E66: Колбасные изделия | F66: Вареные колбасы | G66: Папа может | H66: ОМПК(О) | I66: ТУ 10.13.14-180-00425283-2025 | J66: Мясной продукт. Изделие колбасное вареное категории В. | K66: свинина, стабилизатор белковый (вода питьевая, шкурка свиная, кожа куриная), мясо куриное механической обвалки, вода питьевая, сыворотка молочная сухая, молоко сухое обезжиренное, крахмалы (кукурузный, картофельный), смесь посолочно-нитритная (соль, фиксатор окраски (нитрит натрия)), сахар, регуляторы кислотности (пирофосфаты, трифосфаты, цитраты натрия), загустители (каррагинан, гуаровая камедь, конжак, ксантановая камедь), специи, экстракты специй (в т.ч. горчица), антиокислитель (аскорбиновая кислота), усилитель вкуса и аромата (глутамат натрия), ароматизаторы, краситель (кармины) | L66: 9 | M66: 14 | N66: 5 | O66: 182/756 | P66: 0…+6 | Q66: 60 | R66: 72 часа | S66: 4607958070862 | T66: 14607958070869 | U66: 4607958070862 | V66: 14607958070869 | W66: 180 | X66: 59 | Y66: 59 | Z66: 0.4 | AA66: 0.002 | AB66: =Z66+AA66 -> 0.402 | AC66: 258 | AD66: 193 | AE66: 123 | AF66: 8 | AG66: 600000403 | AH66: =справочники!$C$100 -> 0.104 | AI66: =ROUNDDOWN(номин.вес_нетто__кг*кол_во_инд.__упак_к,2) -> 3.2 | AJ66: =(номин.вес_брутто__кг*кол_во_инд.__упак_к)+вес_короба__кг -> 3.32 | AK66: 18 | AL66: 12 | AM66: =AK66*AL66 -> 216 | AN66: =IF(D66="ШТ",кол_во_инд.__упак_к*итого_г_у,ROUNDDOWN(номин.вес_нетто_г_у__кг*итого_г_у,1)) -> 1728 | AO66: =(высота__мм*кол_во_слоев_г_у)+145 -> 1621
A67: =VALUE(RIGHT(B67,4)) -> 6334 | B67: 1001012486334 | C67: МЯСНАЯ Папа может вар п/о 0.4кг_СНГ | D67: ШТ | E67: Колбасные изделия | F67: Вареные колбасы | G67: Папа может | H67: ОМПК(О) | I67: ТУ 10.13.14-180-00425283-2025 | J67: Мясной продукт. Изделие колбасное вареное категории В. | K67: свинина, стабилизатор белковый (вода питьевая, шкурка свиная, кожа куриная), мясо куриное механической обвалки, вода питьевая, сыворотка молочная сухая, молоко сухое обезжиренное, крахмалы (кукурузный, картофельный), смесь посолочно-нитритная (соль, фиксатор окраски (нитрит натрия)), сахар, регуляторы кислотности (пирофосфаты, трифосфаты, цитраты натрия), загустители (каррагинан, гуаровая камедь, конжак, ксантановая камедь), специи, экстракты специй (в т.ч. горчица), антиокислитель (аскорбиновая кислота), усилитель вкуса и аромата (глутамат натрия), ароматизаторы, краситель (кармины) | L67: 9 | M67: 14 | N67: 5 | O67: 182/756 | P67: 0…+6 | Q67: 60 | R67: 72 часа | S67: 4607958070862 | T67: 14607958070869 | U67: 4607958070862 | V67: 14607958070869 | W67: 180 | X67: 59 | Y67: 59 | Z67: 0.4 | AA67: 0.002 | AB67: =Z67+AA67 -> 0.402 | AC67: 258 | AD67: 193 | AE67: 123 | AF67: 8 | AG67: 600000403 | AH67: =справочники!$C$100 -> 0.104 | AI67: =ROUNDDOWN(номин.вес_нетто__кг*кол_во_инд.__упак_к,2) -> 3.2 | AJ67: =(номин.вес_брутто__кг*кол_во_инд.__упак_к)+вес_короба__кг -> 3.32 | AK67: 18 | AL67: 12 | AM67: =AK67*AL67 -> 216 | AN67: =IF(D67="ШТ",кол_во_инд.__упак_к*итого_г_у,ROUNDDOWN(номин.вес_нетто_г_у__кг*итого_г_у,1)) -> 1728 | AO67: =(высота__мм*кол_во_слоев_г_у)+145 -> 1621
A68: =VALUE(RIGHT(B68,4)) -> 6332 | B68: 1001012486332 | C68: МЯСНАЯ Папа может вар п/о 0.5кг 8шт. | D68: ШТ | E68: Колбасные изделия | F68: Вареные колбасы | G68: Папа может | H68: ОМПК(О) ОМПК(С) ОМПК(Г) | I68: ТУ 10.13.14-180-00425283-2025 | J68: Мясной продукт. Изделие колбасное вареное категории В. | K68: свинина, стабилизатор белковый (вода питьевая, шкурка свиная, кожа куриная), мясо куриное механической обвалки, вода питьевая, сыворотка молочная сухая, молоко сухое обезжиренное, крахмалы (кукурузный, картофельный), смесь посолочно-нитритная (соль, фиксатор окраски (нитрит натрия)), сахар, регуляторы кислотности (пирофосфаты, трифосфаты, цитраты натрия), загустители (каррагинан, гуаровая камедь, конжак, ксантановая камедь), специи, экстракты специй (в т.ч. горчица), антиокислитель (аскорбиновая кислота), усилитель вкуса и аромата (глутамат натрия), ароматизаторы, краситель (кармины) | L68: 9 | M68: 14 | N68: 5 | O68: 182/756 | P68: 0…+6 | Q68: 60 | R68: 72 часа | S68: 4607958074747 | T68: 14607958074744 | U68: 4607958074747 | V68: 14607958074744 | W68: 190 | X68: 67 | Y68: 67 | Z68: 0.5 | AA68: 0.002 | AB68: =Z68+AA68 -> 0.502 | AC68: 278 | AD68: 193 | AE68: 138 | AF68: 8 | AG68: 600000404 | AH68: =справочники!$C$101 -> 0.105 | AI68: =ROUNDDOWN(номин.вес_нетто__кг*кол_во_инд.__упак_к,2) -> 4 | AJ68: =(номин.вес_брутто__кг*кол_во_инд.__упак_к)+вес_короба__кг -> 4.121 | AK68: 16 | AL68: 9 | AM68: =AK68*AL68 -> 144 | AN68: =IF(D68="ШТ",кол_во_инд.__упак_к*итого_г_у,ROUNDDOWN(номин.вес_нетто_г_у__кг*итого_г_у,1)) -> 1152 | AO68: =(высота__мм*кол_во_слоев_г_у)+145 -> 1387
A69: =VALUE(RIGHT(B69,4)) -> 7323 | B69: 1001016767323 | C69: ТОЛСТЫЙ СЛАЙС ВАРЕНЫЙ вар с/н мгс 1/150 | D69: ШТ | E69: Колбасные изделия | F69: Вареные колбасы | G69: Папа может | H69: ОМПК(О) | I69: ТУ 10.13.14-130-00425283-2017 | J69: Мясной продукт. Изделие колбасное вареное категории В. | K69: свинина, филе грудок куриных, стабилизатор белковый (шкурка свиная, кожа куриная, вода питьевая), вода питьевая, сыворотка молочная сухая, молоко сухое обезжиренное, смесь посолочно-нитритная (соль, фиксатор окраски (нитрит натрия)), регуляторы кислотности (пирофосфаты, трифосфаты, цитраты натрия), загустители (каррагинан, гуаровая камедь, ксантановая камедь), кориандр, мускатный орех, перец черный, имбирь, сахара, антиокислители (аскорбиновая кислота, лимонная кислота), усилитель вкуса и аромата (глутамат натрия 1-замещенный), ароматизаторы, краситель (кармины) | L69: 12 | M69: 14 | N69: 3 | O69: 186/764 | P69: 0…+6 | Q69: 30 | R69: 48 часов | S69: 4630362180735 | T69: 14630362180732 | U69: 4630362180735 | V69: 14630362180732 | W69: 230 | X69: 90 | Y69: 20 | Z69: 0.15 | AA69: 0.009 | AB69: =Z69+AA69 -> 0.159 | AC69: 239 | AD69: 195 | AE69: 123 | AF69: 8 | AG69: 600000506 | AH69: =справочники!$C$170 -> 0.077 | AI69: =ROUNDDOWN(номин.вес_нетто__кг*кол_во_инд.__упак_к,2) -> 1.2 | AJ69: =(номин.вес_брутто__кг*кол_во_инд.__упак_к)+вес_короба__кг -> 1.349 | AK69: 20 | AL69: 13 | AM69: =AK69*AL69 -> 260 | AN69: =IF(D69="ШТ",кол_во_инд.__упак_к*итого_г_у,ROUNDDOWN(номин.вес_нетто_г_у__кг*итого_г_у,1)) -> 2080 | AO69: =(высота__мм*кол_во_слоев_г_у)+145 -> 1744
A70: =VALUE(RIGHT(B70,4)) -> 7629 | B70: 1001017677629 | C70: АСС:ТОЛСТ.СЛАЙС КОПЧ.VS ВАР. мгс 1/210 | D70: ШТ | E70: Колбасные изделия | F70: Вареные колбасы | G70: Папа может | H70: ОМПК(О) | I70: ТУ 10.13.14-174-00425283-2024 | J70: Мясной продукт. Ассорти вареных и варено-копченых колбас: Толстый слайс Копченый vs Вареный. | K70: СЕРВЕЛАТ ТОЛСТЫЙ СЛАЙС КОПЧЕНЫЙ: свинина, шпик, мясо цыпленка-бройлера бескостное, стабилизатор белковый (шкурка свиная, вода питьевая), сыворотка молочная сухая, крахмал картофельный, смесь посолочно-нитритная (соль, фиксатор окраски (нитрит натрия)), белок животный (говяжий), клетчатка растительная, регуляторы кислотности (пирофосфаты, трифосфаты, цитраты натрия, глюконо-дельта-лактон), стабилизатор (полифосфаты), загустители (альгинат натрия, каррагинан, гуаровая камедь, ксантановая камедь), перец черный молотый, мускатный орех, пряности, сахара, соль, антиокислители (аскорбиновая кислота, лимонная кислота), гемоглобин, усилитель вкуса и аромата (глутамат натрия 1-замещенный), ароматизаторы, краситель (кармины). ТОЛСТЫЙ СЛАЙС ВАРЕНЫЙ: свинина, филе грудок куриных, стабилизатор белковый (шкурка свиная, кожа куриная, вода питьевая), вода питьевая, сыворотка молочная сухая, молоко сухое обезжиренное, смесь посолочно-нитритная (соль, фиксатор окраски (нитрит натрия)), регуляторы кислотности (пирофосфаты, трифосфаты, цитраты натрия), загустители (каррагинан, гуаровая камедь, ксантановая камедь), кориандр, мускатный орех, перец черный, имбирь, сахара, антиокислители (аскорбиновая кислота, лимонная кислота), усилитель вкуса и аромата (глутамат натрия 1-замещенный), ароматизаторы, краситель (кармины). | L70: 13 12 | M70: 17 14 | N70: 5 3 | O70: 225/935 186/764 | P70: 0…+6 | Q70: 30 | R70: 24 часа | S70: 4630362182388 | T70: 14630362182385 | U70: 4630362182388 | V70: 14630362182385 | W70: 230 | X70: 183 | Y70: 20 | Z70: 0.21 | AA70: 0.009 | AB70: =Z70+AA70 -> 0.219 | AC70: 239 | AD70: 195 | AE70: 123 | AF70: 6 | AG70: 600000506 | AH70: =справочники!$C$170 -> 0.077 | AI70: =ROUNDDOWN(номин.вес_нетто__кг*кол_во_инд.__упак_к,2) -> 1.26 | AJ70: =(номин.вес_брутто__кг*кол_во_инд.__упак_к)+вес_короба__кг -> 1.391 | AK70: 20 | AL70: 13 | AM70: =AK70*AL70 -> 260 | AN70: =IF(D70="ШТ",кол_во_инд.__упак_к*итого_г_у,ROUNDDOWN(номин.вес_нетто_г_у__кг*итого_г_у,1)) -> 1560 | AO70: =(высота__мм*кол_во_слоев_г_у)+145 -> 1744
A71: =VALUE(RIGHT(B71,4)) -> 7242 | B71: 1001016497242 | C71: ПАПИН ВЫБОР Папа может вар п/о 0.5кг 8шт | D71: ШТ | E71: Колбасные изделия | F71: Вареные колбасы | G71: Папа может | H71: ОМПК(С) | I71: ТУ 10.13.14-180-00425283-2025 | J71: Мясной продукт. Изделие колбасное вареное категории В. | K71: свинина, стабилизатор белковый (вода питьевая, шкурка свиная, кожа куриная), мясо куриное механической обвалки, вода питьевая, сыворотка молочная сухая, молоко сухое обезжиренное, крахмалы (кукурузный, картофельный), смесь посолочно-нитритная (соль, фиксатор окраски (нитрит натрия)), сахар, регуляторы кислотности (пирофосфаты, трифосфаты, цитраты натрия), загустители (каррагинан, гуаровая камедь, конжак, ксантановая камедь), специи, экстракты специй (в т.ч. горчица), антиокислитель (аскорбиновая кислота), усилитель вкуса и аромата (глутамат натрия), ароматизаторы, краситель (кармины) | L71: 9 | M71: 14 | N71: 5 | O71: 182/756 | P71: 0…+6 | Q71: 60 | R71: 72 часа | S71: 4607958079322 | T71: 14607958079329 | U71: 4607958079322 | V71: 14607958079329 | W71: 190 | X71: 67 | Y71: 67 | Z71: 0.5 | AA71: 0.002 | AB71: =Z71+AA71 -> 0.502 | AC71: 278 | AD71: 193 | AE71: 138 | AF71: 8 | AG71: 600000404 | AH71: =справочники!$C$101 -> 0.105 | AI71: =ROUNDDOWN(номин.вес_нетто__кг*кол_во_инд.__упак_к,2) -> 4 | AJ71: =(номин.вес_брутто__кг*кол_во_инд.__упак_к)+вес_короба__кг -> 4.121 | AK71: 16 | AL71: 9 | AM71: =AK71*AL71 -> 144 | AN71: =IF(D71="ШТ",кол_во_инд.__упак_к*итого_г_у,ROUNDDOWN(номин.вес_нетто_г_у__кг*итого_г_у,1)) -> 1152 | AO71: =(высота__мм*кол_во_слоев_г_у)+145 -> 1387
A72: =VALUE(RIGHT(B72,4)) -> 7096 | B72: 1001012487096 | C72: МЯСНАЯ Папа может вар п/о 0.7кг 6шт. | D72: ШТ | E72: Колбасные изделия | F72: Вареные колбасы | G72: Папа может | H72: ОМПК(О) | I72: ТУ 10.13.14-180-00425283-2025 | J72: Мясной продукт. Изделие колбасное вареное категории В. | K72: свинина, стабилизатор белковый (вода питьевая, шкурка свиная, кожа куриная), мясо куриное механической обвалки, вода питьевая, сыворотка молочная сухая, молоко сухое обезжиренное, крахмалы (кукурузный, картофельный), смесь посолочно-нитритная (соль, фиксатор окраски (нитрит натрия)), сахар, регуляторы кислотности (пирофосфаты, трифосфаты, цитраты натрия), загустители (каррагинан, гуаровая камедь, конжак, ксантановая камедь), специи, экстракты специй (в т.ч. горчица), антиокислитель (аскорбиновая кислота), усилитель вкуса и аромата (глутамат натрия), ароматизаторы, краситель (кармины) | L72: 9 | M72: 14 | N72: 5 | O72: 182/756 | P72: 0…+6 | Q72: 60 | R72: 72 часа | S72: 4607958078929 | T72: 14607958078926 | U72: 4607958078929 | V72: 14607958078926 | W72: 245 | X72: 67 | Y72: 67 | Z72: 0.7 | AA72: 0.002 | AB72: =Z72+AA72 -> 0.702 | AC72: 293 | AD72: 153 | AE72: 224 | AF72: 6 | AG72: 600000400 | AH72: =справочники!$C$95 -> 0.135 | AI72: =ROUNDDOWN(номин.вес_нетто__кг*кол_во_инд.__упак_к,2) -> 4.2 | AJ72: =(номин.вес_брутто__кг*кол_во_инд.__упак_к)+вес_короба__кг -> 4.347 | AK72: 20 | AL72: 7 | AM72: =AK72*AL72 -> 140 | AN72: =IF(D72="ШТ",кол_во_инд.__упак_к*итого_г_у,ROUNDDOWN(номин.вес_нетто_г_у__кг*итого_г_у,1)) -> 840 | AO72: =(высота__мм*кол_во_слоев_г_у)+145 -> 1713
A73: =VALUE(RIGHT(B73,4)) -> 6815 | B73: 1001012486815 | C73: МЯСНАЯ Папа может вар п/о 0.6кг 6шт. | D73: ШТ | E73: Колбасные изделия | F73: Вареные колбасы | G73: Папа может | H73: ОМПК(С) | I73: ТУ 10.13.14-180-00425283-2025 | J73: Мясной продукт. Изделие колбасное вареное категории В. | K73: свинина, стабилизатор белковый (вода питьевая, шкурка свиная, кожа куриная), мясо куриное механической обвалки, вода питьевая, сыворотка молочная сухая, молоко сухое обезжиренное, крахмалы (кукурузный, картофельный), смесь посолочно-нитритная (соль, фиксатор окраски (нитрит натрия)), сахар, регуляторы кислотности (пирофосфаты, трифосфаты, цитраты натрия), загустители (каррагинан, гуаровая камедь, конжак, ксантановая камедь), специи, экстракты специй (в т.ч. горчица), антиокислитель (аскорбиновая кислота), усилитель вкуса и аромата (глутамат натрия), ароматизаторы, краситель (кармины) | L73: 9 | M73: 14 | N73: 5 | O73: 182/756 | P73: 0…+6 | Q73: 60 | R73: 72 часа | S73: 4607958077243 | T73: 14607958077240 | U73: 4607958077243 | V73: 14607958077240 | W73: 190 | X73: 72 | Y73: 72 | Z73: 0.6 | AA73: 0.002 | AB73: =Z73+AA73 -> 0.602 | AC73: 293 | AD73: 153 | AE73: 224 | AF73: 6 | AG73: 600000400 | AH73: =справочники!$C$95 -> 0.135 | AI73: =ROUNDDOWN(номин.вес_нетто__кг*кол_во_инд.__упак_к,2) -> 3.6 | AJ73: =(номин.вес_брутто__кг*кол_во_инд.__упак_к)+вес_короба__кг -> 3.747 | AK73: 20 | AL73: 7 | AM73: =AK73*AL73 -> 140 | AN73: =IF(D73="ШТ",кол_во_инд.__упак_к*итого_г_у,ROUNDDOWN(номин.вес_нетто_г_у__кг*итого_г_у,1)) -> 840 | AO73: =(высота__мм*кол_во_слоев_г_у)+145 -> 1713
A74: =VALUE(RIGHT(B74,4)) -> 3969 | B74: 1001012483969 | C74: МЯСНАЯ Папа может вар п/о_Ашан | D74: КГ | E74: Колбасные изделия | F74: Вареные колбасы | G74: Папа может | H74: ОМПК(С) | I74: ТУ 10.13.14-180-00425283-2025 | J74: Мясной продукт. Изделие колбасное вареное категории В. | K74: свинина, стабилизатор белковый (вода питьевая, шкурка свиная, кожа куриная), мясо куриное механической обвалки, вода питьевая, сыворотка молочная сухая, молоко сухое обезжиренное, крахмалы (кукурузный, картофельный), смесь посолочно-нитритная (соль, фиксатор окраски (нитрит натрия)), сахар, регуляторы кислотности (пирофосфаты, трифосфаты, цитраты натрия), загустители (каррагинан, гуаровая камедь, конжак, ксантановая камедь), специи, экстракты специй (в т.ч. горчица), антиокислитель (аскорбиновая кислота), усилитель вкуса и аромата (глутамат натрия), ароматизаторы, краситель (кармины) | L74: 9 | M74: 14 | N74: 5 | O74: 182/756 | P74: 0…+6 | Q74: 60 | R74: 72 часа | S74: 2517874000008 | T74: 12517874000005 | U74: 4607958070688 | V74: 14607958070685 | W74: 250 | X74: 90 | Y74: 90 | Z74: 1.35 | AA74: 0.002 | AB74: =Z74+AA74 -> 1.352 | AC74: 292 | AD74: 178 | AE74: 178 | AF74: 3 | AG74: 600000029 | AH74: =справочники!$C$21 -> 0.125 | AI74: =ROUNDDOWN(номин.вес_нетто__кг*кол_во_инд.__упак_к,2) -> 4.05 | AJ74: =(номин.вес_брутто__кг*кол_во_инд.__упак_к)+вес_короба__кг -> 4.181 | AK74: 14 | AL74: 8 | AM74: =AK74*AL74 -> 112 | AN74: =IF(D74="ШТ",кол_во_инд.__упак_к*итого_г_у,ROUNDDOWN(номин.вес_нетто_г_у__кг*итого_г_у,1)) -> 453.6 | AO74: =(высота__мм*кол_во_слоев_г_у)+145 -> 1569
A75: =VALUE(RIGHT(B75,4)) -> 4109 | B75: 1001012484109 | C75: МЯСНАЯ Папа может вар п/о_Метро | D75: КГ | E75: Колбасные изделия | F75: Вареные колбасы | G75: Папа может | H75: ОМПК(О) ОМПК(С) | I75: ТУ 10.13.14-180-00425283-2025 | J75: Мясной продукт. Изделие колбасное вареное категории В. | K75: свинина, стабилизатор белковый (вода питьевая, шкурка свиная, кожа куриная), мясо куриное механической обвалки, вода питьевая, сыворотка молочная сухая, молоко сухое обезжиренное, крахмалы (кукурузный, картофельный), смесь посолочно-нитритная (соль, фиксатор окраски (нитрит натрия)), сахар, регуляторы кислотности (пирофосфаты, трифосфаты, цитраты натрия), загустители (каррагинан, гуаровая камедь, конжак, ксантановая камедь), специи, экстракты специй (в т.ч. горчица), антиокислитель (аскорбиновая кислота), усилитель вкуса и аромата (глутамат натрия), ароматизаторы, краситель (кармины) | L75: 9 | M75: 14 | N75: 5 | O75: 182/756 | P75: 0…+6 | Q75: 60 | R75: 72 часа | S75: 2707410000009 | T75: 12707410000006 | U75: 4607958070688 | V75: 14607958070685 | W75: 250 | X75: 90 | Y75: 90 | Z75: 1.35 | AA75: 0.002 | AB75: =Z75+AA75 -> 1.352 | AC75: 292 | AD75: 178 | AE75: 178 | AF75: 3 | AG75: 600000029 | AH75: =справочники!$C$21 -> 0.125 | AI75: =ROUNDDOWN(номин.вес_нетто__кг*кол_во_инд.__упак_к,2) -> 4.05 | AJ75: =(номин.вес_брутто__кг*кол_во_инд.__упак_к)+вес_короба__кг -> 4.181 | AK75: 16 | AL75: 8 | AM75: =AK75*AL75 -> 128 | AN75: =IF(D75="ШТ",кол_во_инд.__упак_к*итого_г_у,ROUNDDOWN(номин.вес_нетто_г_у__кг*итого_г_у,1)) -> 518.4 | AO75: =(высота__мм*кол_во_слоев_г_у)+145 -> 1569
A76: =VALUE(RIGHT(B76,4)) -> 4025 | B76: 1001012484025 | C76: МЯСНАЯ Папа может вар п/о_О | D76: КГ | E76: Колбасные изделия | F76: Вареные колбасы | G76: Папа может | H76: ОМПК(О) ОМПК(С) | I76: ТУ 10.13.14-180-00425283-2025 | J76: Мясной продукт. Изделие колбасное вареное категории В. | K76: свинина, стабилизатор белковый (вода питьевая, шкурка свиная, кожа куриная), мясо куриное механической обвалки, вода питьевая, сыворотка молочная сухая, молоко сухое обезжиренное, крахмалы (кукурузный, картофельный), смесь посолочно-нитритная (соль, фиксатор окраски (нитрит натрия)), сахар, регуляторы кислотности (пирофосфаты, трифосфаты, цитраты натрия), загустители (каррагинан, гуаровая камедь, конжак, ксантановая камедь), специи, экстракты специй (в т.ч. горчица), антиокислитель (аскорбиновая кислота), усилитель вкуса и аромата (глутамат натрия), ароматизаторы, краситель (кармины) | L76: 9 | M76: 14 | N76: 5 | O76: 182/756 | P76: 0…+6 | Q76: 60 | R76: 72 часа | S76: 2974002000000 | T76: 12974002000007 | U76: 4607958070688 | V76: 14607958070685 | W76: 250 | X76: 90 | Y76: 90 | Z76: 1.35 | AA76: 0.002 | AB76: =Z76+AA76 -> 1.352 | AC76: 292 | AD76: 178 | AE76: 178 | AF76: 3 | AG76: 600000029 | AH76: =справочники!$C$21 -> 0.125 | AI76: =ROUNDDOWN(номин.вес_нетто__кг*кол_во_инд.__упак_к,2) -> 4.05 | AJ76: =(номин.вес_брутто__кг*кол_во_инд.__упак_к)+вес_короба__кг -> 4.181 | AK76: 14 | AL76: 8 | AM76: =AK76*AL76 -> 112 | AN76: =IF(D76="ШТ",кол_во_инд.__упак_к*итого_г_у,ROUNDDOWN(номин.вес_нетто_г_у__кг*итого_г_у,1)) -> 453.6 | AO76: =(высота__мм*кол_во_слоев_г_у)+145 -> 1569
A77: =VALUE(RIGHT(B77,4)) -> 4405 | B77: 1001012484405 | C77: МЯСНАЯ Папа может вар п/о_СНГ | D77: КГ | E77: Колбасные изделия | F77: Вареные колбасы | G77: Папа может | H77: ОМПК(С) | I77: ТУ 10.13.14-180-00425283-2025 | J77: Мясной продукт. Изделие колбасное вареное категории В. | K77: свинина, стабилизатор белковый (вода питьевая, шкурка свиная, кожа куриная), мясо куриное механической обвалки, вода питьевая, сыворотка молочная сухая, молоко сухое обезжиренное, крахмалы (кукурузный, картофельный), смесь посолочно-нитритная (соль, фиксатор окраски (нитрит натрия)), сахар, регуляторы кислотности (пирофосфаты, трифосфаты, цитраты натрия), загустители (каррагинан, гуаровая камедь, конжак, ксантановая камедь), специи, экстракты специй (в т.ч. горчица), антиокислитель (аскорбиновая кислота), усилитель вкуса и аромата (глутамат натрия), ароматизаторы, краситель (кармины) | L77: 9 | M77: 14 | N77: 5 | O77: 182/756 | P77: 0…+6 | Q77: 60 | R77: 72 часа | S77: 2847960000002 | T77: 12847960000009 | U77: 4607958070688 | V77: 14607958070685 | W77: 250 | X77: 90 | Y77: 90 | Z77: 1.3 | AA77: 0.002 | AB77: =Z77+AA77 -> 1.302 | AC77: 292 | AD77: 178 | AE77: 178 | AF77: 3 | AG77: 600000029 | AH77: =справочники!$C$21 -> 0.125 | AI77: =ROUNDDOWN(номин.вес_нетто__кг*кол_во_инд.__упак_к,2) -> 3.9 | AJ77: =(номин.вес_брутто__кг*кол_во_инд.__упак_к)+вес_короба__кг -> 4.031 | AK77: 16 | AL77: 8 | AM77: =AK77*AL77 -> 128 | AN77: =IF(D77="ШТ",кол_во_инд.__упак_к*итого_г_у,ROUNDDOWN(номин.вес_нетто_г_у__кг*итого_г_у,1)) -> 499.2 | AO77: =(высота__мм*кол_во_слоев_г_у)+145 -> 1569
A78: =VALUE(RIGHT(B78,4)) -> 4458 | B78: 1001012484458 | C78: МЯСНАЯ Папа может вар п/о_Х5 | D78: КГ | E78: Колбасные изделия | F78: Вареные колбасы | G78: Папа может | H78: ОМПК(С) | I78: ТУ 10.13.14-180-00425283-2025 | J78: Мясной продукт. Изделие колбасное вареное категории В. | K78: свинина, стабилизатор белковый (вода питьевая, шкурка свиная, кожа куриная), мясо куриное механической обвалки, вода питьевая, сыворотка молочная сухая, молоко сухое обезжиренное, крахмалы (кукурузный, картофельный), смесь посолочно-нитритная (соль, фиксатор окраски (нитрит натрия)), сахар, регуляторы кислотности (пирофосфаты, трифосфаты, цитраты натрия), загустители (каррагинан, гуаровая камедь, конжак, ксантановая камедь), специи, экстракты специй (в т.ч. горчица), антиокислитель (аскорбиновая кислота), усилитель вкуса и аромата (глутамат натрия), ароматизаторы, краситель (кармины) | L78: 9 | M78: 14 | N78: 5 | O78: 182/756 | P78: 0…+6 | Q78: 60 | R78: 72 часа | S78: 2570443000007 | T78: 12570443000004 | U78: 4607958070688 | V78: 14607958070685 | W78: 250 | X78: 90 | Y78: 90 | Z78: 1.35 | AA78: 0.002 | AB78: =Z78+AA78 -> 1.352 | AC78: 292 | AD78: 178 | AE78: 178 | AF78: 3 | AG78: 600000029 | AH78: =справочники!$C$21 -> 0.125 | AI78: =ROUNDDOWN(номин.вес_нетто__кг*кол_во_инд.__упак_к,2) -> 4.05 | AJ78: =(номин.вес_брутто__кг*кол_во_инд.__упак_к)+вес_короба__кг -> 4.181 | AK78: 16 | AL78: 8 | AM78: =AK78*AL78 -> 128 | AN78: =IF(D78="ШТ",кол_во_инд.__упак_к*итого_г_у,ROUNDDOWN(номин.вес_нетто_г_у__кг*итого_г_у,1)) -> 518.4 | AO78: =(высота__мм*кол_во_слоев_г_у)+145 -> 1569
A79: =VALUE(RIGHT(B79,4)) -> 5125 | B79: 1001012485125 | C79: Z-МЯСНАЯ Папа может вар п/о | D79: КГ | E79: Колбасные изделия | F79: Вареные колбасы | G79: Папа может | H79: ОМПК(С) | I79: ТУ 10.13.14-180-00425283-2025 | J79: Мясной продукт. Изделие колбасное вареное категории В. | K79: свинина, стабилизатор белковый (вода питьевая, шкурка свиная, кожа куриная), мясо куриное механической обвалки, вода питьевая, сыворотка молочная сухая, молоко сухое обезжиренное, крахмалы (кукурузный, картофельный), смесь посолочно-нитритная (соль, фиксатор окраски (нитрит натрия)), сахар, регуляторы кислотности (пирофосфаты, трифосфаты, цитраты натрия), загустители (каррагинан, гуаровая камедь, конжак, ксантановая камедь), специи, экстракты специй (в т.ч. горчица), антиокислитель (аскорбиновая кислота), усилитель вкуса и аромата (глутамат натрия), ароматизаторы, краситель (кармины) | L79: 9 | M79: 14 | N79: 5 | O79: 182/756 | P79: 0…+6 | Q79: 60 | R79: 72 часа | S79: 2800754000008 | T79: 12800754000005 | U79: Z-код | V79: Z-код | W79: 250 | X79: 90 | Y79: 90 | Z79: 1.35 | AA79: 0.002 | AB79: =Z79+AA79 -> 1.352 | AC79: 292 | AD79: 178 | AE79: 178 | AF79: 3 | AG79: 600000029 | AH79: =справочники!$C$21 -> 0.125 | AI79: =ROUNDDOWN(номин.вес_нетто__кг*кол_во_инд.__упак_к,2) -> 4.05 | AJ79: =(номин.вес_брутто__кг*кол_во_инд.__упак_к)+вес_короба__кг -> 4.181 | AK79: 16 | AL79: 8 | AM79: =AK79*AL79 -> 128 | AN79: =IF(D79="ШТ",кол_во_инд.__упак_к*итого_г_у,ROUNDDOWN(номин.вес_нетто_г_у__кг*итого_г_у,1)) -> 518.4 | AO79: =(высота__мм*кол_во_слоев_г_у)+145 -> 1569
A80: =VALUE(RIGHT(B80,4)) -> 4181 | B80: 1001012484181 | C80: Z-МЯСНАЯ Папа может вар п/о 0.4кг_СНГ | D80: ШТ | E80: Колбасные изделия | F80: Вареные колбасы | G80: Папа может | H80: ОМПК(О) | I80: ТУ 10.13.14-180-00425283-2025 | J80: Мясной продукт. Изделие колбасное вареное категории В. | K80: свинина, стабилизатор белковый (вода питьевая, шкурка свиная, кожа куриная), мясо куриное механической обвалки, вода питьевая, сыворотка молочная сухая, молоко сухое обезжиренное, крахмалы (кукурузный, картофельный), смесь посолочно-нитритная (соль, фиксатор окраски (нитрит натрия)), сахар, регуляторы кислотности (пирофосфаты, трифосфаты, цитраты натрия), загустители (каррагинан, гуаровая камедь, конжак, ксантановая камедь), специи, экстракты специй (в т.ч. горчица), антиокислитель (аскорбиновая кислота), усилитель вкуса и аромата (глутамат натрия), ароматизаторы, краситель (кармины) | L80: 9 | M80: 14 | N80: 5 | O80: 182/756 | P80: 0…+6 | Q80: 60 | R80: 72 часа | S80: 4607958070862 | T80: 14607958070869 | U80: Z-код | V80: Z-код | W80: 180 | X80: 59 | Y80: 59 | Z80: 0.4 | AA80: 0.002 | AB80: =Z80+AA80 -> 0.402 | AC80: 258 | AD80: 193 | AE80: 123 | AF80: 8 | AG80: 600000403 | AH80: =справочники!$C$100 -> 0.104 | AI80: =ROUNDDOWN(номин.вес_нетто__кг*кол_во_инд.__упак_к,2) -> 3.2 | AJ80: =(номин.вес_брутто__кг*кол_во_инд.__упак_к)+вес_короба__кг -> 3.32 | AK80: 18 | AL80: 12 | AM80: =AK80*AL80 -> 216 | AN80: =IF(D80="ШТ",кол_во_инд.__упак_к*итого_г_у,ROUNDDOWN(номин.вес_нетто_г_у__кг*итого_г_у,1)) -> 1728 | AO80: =(высота__мм*кол_во_слоев_г_у)+145 -> 1621
A81: =VALUE(RIGHT(B81,4)) -> 5055 | B81: 1001012485055 | C81: Z-МЯСНАЯ Папа может вар п/о_СНГ | D81: КГ | E81: Колбасные изделия | F81: Вареные колбасы | G81: Папа может | H81: ОМПК(С) | I81: ТУ 10.13.14-180-00425283-2025 | J81: Мясной продукт. Изделие колбасное вареное категории В. | K81: свинина, стабилизатор белковый (вода питьевая, шкурка свиная, кожа куриная), мясо куриное механической обвалки, вода питьевая, сыворотка молочная сухая, молоко сухое обезжиренное, крахмалы (кукурузный, картофельный), смесь посолочно-нитритная (соль, фиксатор окраски (нитрит натрия)), сахар, регуляторы кислотности (пирофосфаты, трифосфаты, цитраты натрия), загустители (каррагинан, гуаровая камедь, конжак, ксантановая камедь), специи, экстракты специй (в т.ч. горчица), антиокислитель (аскорбиновая кислота), усилитель вкуса и аромата (глутамат натрия), ароматизаторы, краситель (кармины) | L81: 9 | M81: 14 | N81: 5 | O81: 182/756 | P81: 0…+6 | Q81: 60 | R81: 72 часа | S81: 2800754000008 | T81: 12800754000005 | U81: Z-код | V81: Z-код | W81: 250 | X81: 90 | Y81: 90 | Z81: 1.35 | AA81: 0.002 | AB81: =Z81+AA81 -> 1.352 | AC81: 292 | AD81: 178 | AE81: 178 | AF81: 3 | AG81: 600000029 | AH81: =справочники!$C$21 -> 0.125 | AI81: =ROUNDDOWN(номин.вес_нетто__кг*кол_во_инд.__упак_к,2) -> 4.05 | AJ81: =(номин.вес_брутто__кг*кол_во_инд.__упак_к)+вес_короба__кг -> 4.181 | AK81: 16 | AL81: 8 | AM81: =AK81*AL81 -> 128 | AN81: =IF(D81="ШТ",кол_во_инд.__упак_к*итого_г_у,ROUNDDOWN(номин.вес_нетто_г_у__кг*итого_г_у,1)) -> 518.4 | AO81: =(высота__мм*кол_во_слоев_г_у)+145 -> 1569
A82: =VALUE(RIGHT(B82,4)) -> 7334 | B82: 1001012637334 | C82: МЯСНАЯ СО ШПИКОМ ПМ вар п/о 0.4кг 8шт. | D82: ШТ | E82: Колбасные изделия | F82: Вареные колбасы | G82: Папа может | H82: ОМПК(С) | I82: ТУ 10.13.14-180-00425283-2025 | J82: Мясной продукт. Изделие колбасное вареное категории В. | K82: свинина, вода питьевая, мясо куриное механической обвалки, шпик, стабилизатор белковый (вода питьевая, шкурка свиная), филе грудок куриных, сыворотка молочная сухая, смесь посолочно-нитритная (соль, фиксатор окраски (нитрит натрия)), соль, сахар, чеснок свежий, регуляторы кислотности (пирофосфаты, трифосфаты, цитраты натрия), стабилизатор (полифосфаты), загуститель (альгинат натрия), специи, экстракты специй (в т.ч. сельдерей, горчица), антиокислитель (изоаскорбат натрия), усилитель вкуса и аромата (глутамат натрия), ароматизаторы, краситель (кармины) | L82: 9 | M82: 16 | N82: 3 | O82: 192/796 | P82: 0…+6 | Q82: 60 | R82: 72 часа | S82: 4607958079889 | T82: 14607958079886 | U82: 4607958079889 | V82: 14607958079886 | W82: 160 | X82: 67 | Y82: 67 | Z82: 0.4 | AA82: 0.002 | AB82: =Z82+AA82 -> 0.402 | AC82: 318 | AD82: 143 | AE82: 138 | AF82: 8 | AG82: 600000407 | AH82: =справочники!$C$106 -> 0.094 | AI82: =ROUNDDOWN(номин.вес_нетто__кг*кол_во_инд.__упак_к,2) -> 3.2 | AJ82: =(номин.вес_брутто__кг*кол_во_инд.__упак_к)+вес_короба__кг -> 3.31 | AK82: 19 | AL82: 11 | AM82: =AK82*AL82 -> 209 | AN82: =IF(D82="ШТ",кол_во_инд.__упак_к*итого_г_у,ROUNDDOWN(номин.вес_нетто_г_у__кг*итого_г_у,1)) -> 1672 | AO82: =(высота__мм*кол_во_слоев_г_у)+145 -> 1663
A83: =VALUE(RIGHT(B83,4)) -> 4574 | B83: 1001012634574 | C83: МЯСНАЯ СО ШПИКОМ Папа может вар п/о | D83: КГ | E83: Колбасные изделия | F83: Вареные колбасы | G83: Папа может | H83: ОМПК(С) | I83: ТУ 10.13.14-180-00425283-2025 | J83: Мясной продукт. Изделие колбасное вареное категории В. | K83: свинина, вода питьевая, мясо куриное механической обвалки, шпик, стабилизатор белковый (вода питьевая, шкурка свиная), филе грудок куриных, сыворотка молочная сухая, смесь посолочно-нитритная (соль, фиксатор окраски (нитрит натрия)), соль, сахар, чеснок свежий, регуляторы кислотности (пирофосфаты, трифосфаты, цитраты натрия), стабилизатор (полифосфаты), загуститель (альгинат натрия), специи, экстракты специй (в т.ч. сельдерей, горчица), антиокислитель (изоаскорбат натрия), усилитель вкуса и аромата (глутамат натрия), ароматизаторы, краситель (кармины) | L83: 9 | M83: 16 | N83: 3 | O83: 192/796 | P83: 0…+6 | Q83: 60 | R83: 3 суток | S83: 2343484000004 | T83: 12343484000001 | U83: 4630362180087 | V83: 14630362180084 | W83: 250 | X83: 90 | Y83: 90 | Z83: 1.35 | AA83: 0.002 | AB83: =Z83+AA83 -> 1.352 | AC83: 292 | AD83: 178 | AE83: 178 | AF83: 3 | AG83: 600000029 | AH83: =справочники!$C$21 -> 0.125 | AI83: =ROUNDDOWN(номин.вес_нетто__кг*кол_во_инд.__упак_к,2) -> 4.05 | AJ83: =(номин.вес_брутто__кг*кол_во_инд.__упак_к)+вес_короба__кг -> 4.181 | AK83: 16 | AL83: 8 | AM83: =AK83*AL83 -> 128 | AN83: =IF(D83="ШТ",кол_во_инд.__упак_к*итого_г_у,ROUNDDOWN(номин.вес_нетто_г_у__кг*итого_г_у,1)) -> 518.4 | AO83: =(высота__мм*кол_во_слоев_г_у)+145 -> 1569
A84: =VALUE(RIGHT(B84,4)) -> 7569 | B84: 1001012637569 | C84: МЯСНАЯ СО ШПИКОМ ПМ вар п/о 1.35*8 | D84: КГ | E84: Колбасные изделия | F84: Вареные колбасы | G84: Папа может | H84: ОМПК(С) | I84: ТУ 10.13.14-180-00425283-2025 | J84: Мясной продукт. Изделие колбасное вареное категории В. | K84: свинина, вода питьевая, мясо куриное механической обвалки, шпик, стабилизатор белковый (вода питьевая, шкурка свиная), филе грудок куриных, сыворотка молочная сухая, смесь посолочно-нитритная (соль, фиксатор окраски (нитрит натрия)), соль, сахар, чеснок свежий, регуляторы кислотности (пирофосфаты, трифосфаты, цитраты натрия), стабилизатор (полифосфаты), загуститель (альгинат натрия), специи, экстракты специй (в т.ч. сельдерей, горчица), антиокислитель (изоаскорбат натрия), усилитель вкуса и аромата (глутамат натрия), ароматизаторы, краситель (кармины) | L84: 9 | M84: 16 | N84: 3 | O84: 192/796 | P84: 0…+6 | Q84: 60 | R84: 3 суток | S84: 2343484000004 | T84: 12343484000001 | U84: 4630362180087 | V84: 24630362180081 | W84: 250 | X84: 90 | Y84: 90 | Z84: 1.35 | AA84: 0.002 | AB84: =Z84+AA84 -> 1.352 | AC84: 293 | AD84: 394 | AE84: 158 | AF84: 8 | AG84: 600000607 | AH84: =справочники!$C$195 -> 0.236 | AI84: =ROUNDDOWN(номин.вес_нетто__кг*кол_во_инд.__упак_к,2) -> 10.8 | AJ84: =(номин.вес_брутто__кг*кол_во_инд.__упак_к)+вес_короба__кг -> 11.052 | AK84: 8 | AL84: 9 | AM84: =AK84*AL84 -> 72 | AN84: =IF(D84="ШТ",кол_во_инд.__упак_к*итого_г_у,ROUNDDOWN(номин.вес_нетто_г_у__кг*итого_г_у,1)) -> 777.6 | AO84: =(высота__мм*кол_во_слоев_г_у)+145 -> 1567
A85: =VALUE(RIGHT(B85,4)) -> 4424 | B85: 1001012634424 | C85: Z-МЯСНАЯ СО ШПИКОМ ПМ вар п/о_СНГ | D85: КГ | E85: Колбасные изделия | F85: Вареные колбасы | G85: Папа может | H85: ОМПК(С) | I85: ТУ 10.13.14-130-00425283-2017 | J85: Мясной продукт. Изделие колбасное вареное категории В. | K85: свинина, вода питьевая, мясо куриное механической обвалки, шпик, стабилизатор белковый (вода питьевая, шкурка свиная), филе грудок куриных, сыворотка молочная сухая, смесь посолочно-нитритная (соль, фиксатор окраски (нитрит натрия)), соль, сахар, чеснок свежий, регуляторы кислотности (пирофосфаты, трифосфаты, цитраты натрия), стабилизатор (полифосфаты), загуститель (альгинат натрия), специи, экстракты специй (в т.ч. сельдерей, горчица), антиокислитель (изоаскорбат натрия), усилитель вкуса и аромата (глутамат натрия), ароматизаторы, краситель (кармины) | L85: 9 | M85: 16 | N85: 3 | O85: 192/796 | P85: 0…+6 | Q85: 60 | R85: 3 суток | S85: 2800841000003 | T85: 12800841000000 | U85: Z-код | V85: Z-код | W85: 250 | X85: 90 | Y85: 90 | Z85: 1.35 | AA85: 0.002 | AB85: =Z85+AA85 -> 1.352 | AC85: 292 | AD85: 178 | AE85: 178 | AF85: 3 | AG85: 600000029 | AH85: =справочники!$C$21 -> 0.125 | AI85: =ROUNDDOWN(номин.вес_нетто__кг*кол_во_инд.__упак_к,2) -> 4.05 | AJ85: =(номин.вес_брутто__кг*кол_во_инд.__упак_к)+вес_короба__кг -> 4.181 | AK85: 16 | AL85: 8 | AM85: =AK85*AL85 -> 128 | AN85: =IF(D85="ШТ",кол_во_инд.__упак_к*итого_г_у,ROUNDDOWN(номин.вес_нетто_г_у__кг*итого_г_у,1)) -> 518.4 | AO85: =(высота__мм*кол_во_слоев_г_у)+145 -> 1569
A86: =VALUE(RIGHT(B86,4)) -> 5704 | B86: 1001014375704 | C86: ПАПИН БУТЕР Папа может вар п/о 0.4кг | D86: ШТ | E86: Колбасные изделия | F86: Вареные колбасы | G86: Папа может | H86: ОМПК(С) | I86: ТУ 10.13.14-180-00425283-2025 | J86: Мясной продукт. Изделие колбасное вареное категории В. | K86: свинина, стабилизатор белковый (вода питьевая, шкурка свиная, кожа куриная), мясо куриное механической обвалки, вода питьевая, сыворотка молочная сухая, молоко сухое обезжиренное, крахмалы (кукурузный, картофельный), смесь посолочно-нитритная (соль, фиксатор окраски (нитрит натрия)), сахар, регуляторы кислотности (пирофосфаты, трифосфаты, цитраты натрия), загустители (каррагинан, гуаровая камедь, конжак, ксантановая камедь), специи, экстракты специй (в т.ч. горчица), антиокислитель (аскорбиновая кислота), усилитель вкуса и аромата (глутамат натрия), ароматизаторы, краситель (кармины) | L86: 9 | M86: 14 | N86: 5 | O86: 182/756 | P86: 0…+6 | Q86: 60 | R86: 72 часа | S86: 4607958073092 | T86: 14607958073099 | U86: 4607958073092 | V86: 14607958073099 | W86: 160 | X86: 70 | Y86: 70 | Z86: 0.4 | AA86: 0.002 | AB86: =Z86+AA86 -> 0.402 | AC86: 318 | AD86: 143 | AE86: 138 | AF86: 8 | AG86: 600000407 | AH86: =справочники!$C$106 -> 0.094 | AI86: =ROUNDDOWN(номин.вес_нетто__кг*кол_во_инд.__упак_к,2) -> 3.2 | AJ86: =(номин.вес_брутто__кг*кол_во_инд.__упак_к)+вес_короба__кг -> 3.31 | AK86: 19 | AL86: 11 | AM86: =AK86*AL86 -> 209 | AN86: =IF(D86="ШТ",кол_во_инд.__упак_к*итого_г_у,ROUNDDOWN(номин.вес_нетто_г_у__кг*итого_г_у,1)) -> 1672 | AO86: =(высота__мм*кол_во_слоев_г_у)+145 -> 1663
A87: =VALUE(RIGHT(B87,4)) -> 7554 | B87: 1001016867554 | C87: РУССКАЯ ГОСТ вар н/о в/у_30с | D87: КГ | E87: Колбасные изделия | F87: Вареные колбасы | G87: Останкино | H87: ОМПК(Г) | I87: ГОСТ 23670-2019 | J87: Мясной продукт. Изделие колбасное вареное категории Б. | K87: говядина, свинина, шпик, вода питьевая, соль, смесь посолочно-нитритная (соль, фиксатор окраски (нитрит натрия)), регуляторы кислотности (трифосфаты, пирофосфаты, цитраты натрия), пряности, чеснок, сахар, антиокислитель (изоаскорбат натрия), усилитель вкуса и аромата (глутамат натрия) | L87: 10 | M87: 30 | N87: 0 | O87: 310/1298 | P87: 0…+6 | Q87: 30 | R87: 48 часов | S87: 2308144000008 | T87: 12308144000005 | U87: 4630362182609 | V87: 14630362182606 | W87: 170-185 | X87: 115-125 | Y87: 115-125 | Z87: 1.3 | AA87: 0.01 | AB87: =Z87+AA87 -> 1.31 | AC87: 383 | AD87: 156 | AE87: 168 | AF87: 2 | AG87: 600000030 | AH87: =справочники!$C$22 -> 0.127 | AI87: =ROUNDDOWN(номин.вес_нетто__кг*кол_во_инд.__упак_к,2) -> 2.6 | AJ87: =(номин.вес_брутто__кг*кол_во_инд.__упак_к)+вес_короба__кг -> 2.747 | AK87: 15 | AL87: 9 | AM87: =AK87*AL87 -> 135 | AN87: =IF(D87="ШТ",кол_во_инд.__упак_к*итого_г_у,ROUNDDOWN(номин.вес_нетто_г_у__кг*итого_г_у,1)) -> 351 | AO87: =(высота__мм*кол_во_слоев_г_у)+145 -> 1657
A88: =VALUE(RIGHT(B88,4)) -> 7517 | B88: 1001016867517 | C88: РУССКАЯ ГОСТ Останкино вар н/о в/у | D88: КГ | E88: Колбасные изделия | F88: Вареные колбасы | G88: Останкино | H88: ОМПК(Г) | I88: ГОСТ 23670-2019 | J88: Мясной продукт. Изделие колбасное вареное категории Б. | K88: говядина, свинина, шпик, вода питьевая, соль, смесь посолочно-нитритная (соль, фиксатор окраски (нитрит натрия)), регуляторы кислотности (трифосфаты, пирофосфаты, цитраты натрия), пряности, чеснок, сахар, антиокислитель (изоаскорбат натрия), усилитель вкуса и аромата (глутамат натрия) | L88: 10 | M88: 30 | N88: 0 | O88: 310/1298 | P88: 0…+6 | Q88: 30 | R88: 48 часов | S88: 2308144000008 | T88: 12308144000005 | U88: 4630362182609 | V88: 14630362182606 | W88: 170-185 | X88: 115-125 | Y88: 115-125 | Z88: 1.3 | AA88: 0.01 | AB88: =Z88+AA88 -> 1.31 | AC88: 383 | AD88: 156 | AE88: 168 | AF88: 2 | AG88: 600000030 | AH88: =справочники!$C$22 -> 0.127 | AI88: =ROUNDDOWN(номин.вес_нетто__кг*кол_во_инд.__упак_к,2) -> 2.6 | AJ88: =(номин.вес_брутто__кг*кол_во_инд.__упак_к)+вес_короба__кг -> 2.747 | AK88: 15 | AL88: 9 | AM88: =AK88*AL88 -> 135 | AN88: =IF(D88="ШТ",кол_во_инд.__упак_к*итого_г_у,ROUNDDOWN(номин.вес_нетто_г_у__кг*итого_г_у,1)) -> 351 | AO88: =(высота__мм*кол_во_слоев_г_у)+145 -> 1657
A89: =VALUE(RIGHT(B89,4)) -> 6989 | B89: 1001010506989 | C89: РУССКАЯ ОРИГИНАЛЬНАЯ вар ц/о в/у_45с | D89: КГ | E89: Колбасные изделия | F89: Вареные колбасы | G89: Коровино | H89: ОМПК(С) | I89: ТУ 10.13.14-150-00425283-2018 | J89: Изделие колбасное вареное из мяса кур охлажденное. | K89: филе грудок куриных, мясо куриное механической обвалки, вода, свинина, белковый стабилизатор (вода, кожа куриная, шкурка свиная), шпик, сыворотка молочная сухая, крахмал картофельный, смесь посолочно-нитритная (соль, фиксатор окраски нитрит натрия), соль, регуляторы кислотности: пирофосфаты, цитраты натрия, глюконо-дельта-лактон; стабилизатор альгинат натрия, натуральные пряности и экстракты пряностей (в т.ч. горчица, сельдерей), чеснок свежий, сахара, ароматизаторы, антиокислитель изоаскорбат натрия, усилитель вкуса и аромата глутамат натрия, краситель кармины | L89: 8 | M89: 14 | N89: 4 | O89: 174/722 | P89: 0…+6 | Q89: 45 | R89: 48 часов | S89: 2343002000004 | T89: 12343002000001 | U89: 4630362181305 | V89: 14630362181302 | W89: 330 | X89: 100 | Y89: 85 | Z89: 1.625 | AA89: 0.01 | AB89: =Z89+AA89 -> 1.635 | AC89: 338 | AD89: 188 | AE89: 178 | AF89: 4 | AG89: 600000260 | AH89: =справочники!$C$54 -> 0.177 | AI89: =ROUNDDOWN(номин.вес_нетто__кг*кол_во_инд.__упак_к,2) -> 6.5 | AJ89: =(номин.вес_брутто__кг*кол_во_инд.__упак_к)+вес_короба__кг -> 6.717 | AK89: 12 | AL89: 8 | AM89: =AK89*AL89 -> 96 | AN89: =IF(D89="ШТ",кол_во_инд.__упак_к*итого_г_у,ROUNDDOWN(номин.вес_нетто_г_у__кг*итого_г_у,1)) -> 624 | AO89: =(высота__мм*кол_во_слоев_г_у)+145 -> 1569
A90: =VALUE(RIGHT(B90,4)) -> 7556 | B90: 1001017597556 | C90: РУССКАЯ ПО-ОСТАНКИНСКИ вар б/о в/у | D90: КГ | E90: Колбасные изделия | F90: Вареные колбасы | G90: Останкино | H90: ОМПК(Г) | I90: ТУ 10.13.14-180-00425283-2025 | J90: Мясной продукт. Изделие колбасное вареное категории В. | K90: свинина, вода питьевая, стабилизатор белковый (вода питьевая, шкурка свиная, кожа куриная), филе грудок куриных, шпик, сыворотка молочная сухая, крахмал картофельный, смесь посолочно-нитритная (соль, фиксатор окраски (нитрит натрия)), чеснок свежий, соль, животный белок (говяжий), регуляторы кислотности (пирофосфаты, трифосфаты, цитраты натрия), загустители (тары камедь, камедь рожкового дерева, каррагинан, гуаровая камедь, кстантановая камедь, альгинат натрия), специи, экстракты специй, экстракты пряностей (в т.ч. горчица, сельдерей), антиокислители (изоаскорбат натрия, аскорбиновая кислота, лимонная кислота), усилитель вкуса и аромата (глутамат натрия), ароматизаторы, красители (диоксид титана, кармины) | L90: 9 | M90: 13 | N90: 4 | O90: 169/702 | P90: 0…+6 | Q90: 30 | R90: 72 часа | S90: 2800542000005 | T90: 12800542000002 | U90: 4630362182616 | V90: 14630362182613 | W90: 365 | X90: 220 | Y90: 110 | Z90: 1.5 | AA90: 0.008 | AB90: =Z90+AA90 -> 1.508 | AC90: 292 | AD90: 178 | AE90: 178 | AF90: 2 | AG90: 600000029 | AH90: =справочники!$C$21 -> 0.125 | AI90: =ROUNDDOWN(номин.вес_нетто__кг*кол_во_инд.__упак_к,2) -> 3 | AJ90: =(номин.вес_брутто__кг*кол_во_инд.__упак_к)+вес_короба__кг -> 3.141 | AK90: 16 | AL90: 8 | AM90: =AK90*AL90 -> 128 | AN90: =IF(D90="ШТ",кол_во_инд.__упак_к*итого_г_у,ROUNDDOWN(номин.вес_нетто_г_у__кг*итого_г_у,1)) -> 384 | AO90: =(высота__мм*кол_во_слоев_г_у)+145 -> 1569
A91: =VALUE(RIGHT(B91,4)) -> 6797 | B91: 1001015026797 | C91: С ИНДЕЙКОЙ Папа может вар п/о 0.4кг 8шт. | D91: ШТ | E91: Колбасные изделия | F91: Вареные колбасы | G91: Папа может | H91: ОМПК(С) | I91: ТУ 10.13.14-150-00425283-2018 | J91: Изделие колбасное вареное из мяса кур охлажденное. | K91: филе грудок куриных, мясо механической обвалки (куриное, индюшиное), вода питьевая, сыворотка молочная сухая, крахмал картофельный, молоко сухое обезжиренное, смесь посолочно-нитритная (соль, фиксатор окраски (нитрит натрия)), регуляторы кислотности (пирофосфаты, трифосфаты, цитраты натрия), загуститель (альгинат натрия), пряности, экстракты пряностей, сахара, антиокислитель (изоаскорбат натрия), усилитель вкуса и аромата (глутамат натрия), ароматизаторы, краситель (кармины) | L91: 11 | M91: 14 | N91: 4 | O91: 186/773 | P91: 0…+6 | Q91: 60 | R91: 72 часа | S91: 4607958077199 | T91: 14607958077196 | U91: 4607958077199 | V91: 14607958077196 | W91: 180 | X91: 59 | Y91: 59 | Z91: 0.4 | AA91: 0.002 | AB91: =Z91+AA91 -> 0.402 | AC91: 258 | AD91: 193 | AE91: 123 | AF91: 8 | AG91: 600000403 | AH91: =справочники!$C$100 -> 0.104 | AI91: =ROUNDDOWN(номин.вес_нетто__кг*кол_во_инд.__упак_к,2) -> 3.2 | AJ91: =(номин.вес_брутто__кг*кол_во_инд.__упак_к)+вес_короба__кг -> 3.32 | AK91: 18 | AL91: 12 | AM91: =AK91*AL91 -> 216 | AN91: =IF(D91="ШТ",кол_во_инд.__упак_к*итого_г_у,ROUNDDOWN(номин.вес_нетто_г_у__кг*итого_г_у,1)) -> 1728 | AO91: =(высота__мм*кол_во_слоев_г_у)+145 -> 1621
A92: =VALUE(RIGHT(B92,4)) -> 7481 | B92: 1001015027481 | C92: С ИНДЕЙКОЙ Папа может вар п/о 0.8кг 4шт. | D92: ШТ | E92: Колбасные изделия | F92: Вареные колбасы | G92: Папа может | H92: ОМПК(С) | I92: ТУ 10.13.14-150-00425283-2018 | J92: Изделие колбасное вареное из мяса кур охлажденное. | K92: мясо куриное механической обвалки, стабилизатор белковый (кожа куриная, вода питьевая), филе грудок куриных, вода питьевая, мясо индюшиное механической обвалки, сыворотка молочная сухая, крахмал картофельный, молоко сухое обезжиренное, смесь посолочно-нитритная (соль, фиксатор окраски (нитрит натрия)), регуляторы кислотности (пирофосфаты, трифосфаты, цитраты натрия), загуститель (альгинат натрия), пряности, экстракты пряностей, сахара, антиокислители (изоаскорбат натрия), усилитель вкуса и аромата (глутамат натрия), ароматизаторы, краситель (кармины) | L92: 11 | M92: 14 | N92: 4 | O92: 186/773 | P92: 0…+6 | Q92: 60 | R92: 72 часа | S92: 4630362181039 | T92: 14630362181036 | U92: 4630362181039 | V92: 14630362181036 | W92: 210 | X92: 87 | Y92: 87 | Z92: 0.8 | AA92: 0.002 | AB92: =Z92+AA92 -> 0.802 | AC92: 388 | AD92: 193 | AE92: 108 | AF92: 4 | AG92: 600000013 | AH92: =справочники!$C$5 -> 0.141 | AI92: =ROUNDDOWN(номин.вес_нетто__кг*кол_во_инд.__упак_к,2) -> 3.2 | AJ92: =(номин.вес_брутто__кг*кол_во_инд.__упак_к)+вес_короба__кг -> 3.349 | AK92: 12 | AL92: 14 | AM92: =AK92*AL92 -> 168 | AN92: =IF(D92="ШТ",кол_во_инд.__упак_к*итого_г_у,ROUNDDOWN(номин.вес_нетто_г_у__кг*итого_г_у,1)) -> 672 | AO92: =(высота__мм*кол_во_слоев_г_у)+145 -> 1657
A93: =VALUE(RIGHT(B93,4)) -> 6327 | B93: 1001010116327 | C93: СЛИВОЧНАЯ Коровино вар п/о | D93: КГ | E93: Колбасные изделия | F93: Вареные колбасы | G93: Коровино | H93: ОМПК(С) | I93: ТУ 10.13.14-150-00425283-2018 | J93: Изделие колбасное вареное из мяса кур охлажденное. | K93: мясо куриное механической обвалки, вода, филе грудок куриных, белковый стабилизатор (вода, кожа куриная, шкурка свиная), свинина, крахмал картофельный, сыворотка молочная сухая, смесь посолочно-нитритная (соль, фиксатор окраски нитрит натрия), молоко сухое, регуляторы кислотности: пирофосфаты, трифосфаты, ацетаты натрия, цитраты натрия, глюконо-дельта-лактон; стабилизаторы: полифосфаты, гуаровая камедь, ксантановая камедь; загуститель альгинат натрия, натуральные специи, ароматизаторы, антиокислитель изоаскорбат натрия, усилитель вкуса и аромата глутамат натрия, сахар, сливки сухие, соль, горчица, краситель кармины | L93: 8 | M93: 14 | O93: 158/654 | P93: 0…+6 | Q93: 60 | R93: 3 суток | S93: 2100408000003 | T93: 12100408000000 | U93: 4630362181343 | V93: 14630362181340 | W93: 250 | X93: 85 | Y93: 85 | Z93: 1.35 | AA93: 0.002 | AB93: =Z93+AA93 -> 1.352 | AC93: 390 | AD93: 260 | AE93: 190 | AF93: 8 | AG93: 600000010 | AH93: =справочники!$C$2 -> 0.339 | AI93: =ROUNDDOWN(номин.вес_нетто__кг*кол_во_инд.__упак_к,2) -> 10.8 | AJ93: =(номин.вес_брутто__кг*кол_во_инд.__упак_к)+вес_короба__кг -> 11.155 | AK93: 9 | AL93: 6 | AM93: =AK93*AL93 -> 54 | AN93: =IF(D93="ШТ",кол_во_инд.__упак_к*итого_г_у,ROUNDDOWN(номин.вес_нетто_г_у__кг*итого_г_у,1)) -> 583.2 | AO93: =(высота__мм*кол_во_слоев_г_у)+145 -> 1285
A94: =VALUE(RIGHT(B94,4)) -> 7343 | B94: 1001016747343 | C94: СЕЙЧАС СЕЗОН ПМ вар п/о 0.4кг | D94: ШТ | E94: Колбасные изделия | F94: Вареные колбасы | G94: Папа может | H94: ОМПК(С) | I94: ТУ 10.13.14-150-00425283-2018 | J94: Изделие колбасное вареное из мяса кур охлажденное. | K94: мясо куриное механической обвалки, вода питьевая, филе грудок куриных, стабилизатор белковый (кожа куриная, шкурка свиная, вода питьевая), свинина, шпик, крахмалы (картофельный, кукурузный), сыворотка молочная сухая, молоко сухое обезжиренное, смесь посолочно-нитритная (соль, фиксатор окраски (нитрит натрия)), сахара, регуляторы кислотности (пирофосфаты, трифосфаты, цитраты натрия), стабилизаторы (альгинат натрия, полифосфаты), соль, загустители (конжак, ксантановая камедь, гуаровая камедь), специи и экстракты специй (перец черный молотый, мускатный орех, чили), антиокислитель (изоаскорбат натрия), усилитель вкуса и аромата (глутамат натрия), ароматизаторы, краситель (кармины) | L94: 10 | M94: 16 | N94: 2 | O94: 192/796 | P94: 0…+6 | Q94: 60 | R94: 3 суток | S94: 4607958079674 | T94: 14607958079671 | U94: 4607958079674 | V94: 14607958079671 | W94: 160 | X94: 67 | Y94: 67 | Z94: 0.4 | AA94: 0.002 | AB94: =Z94+AA94 -> 0.402 | AC94: 318 | AD94: 143 | AE94: 138 | AF94: 8 | AG94: 600000407 | AH94: =справочники!$C$106 -> 0.094 | AI94: =ROUNDDOWN(номин.вес_нетто__кг*кол_во_инд.__упак_к,2) -> 3.2 | AJ94: =(номин.вес_брутто__кг*кол_во_инд.__упак_к)+вес_короба__кг -> 3.31 | AK94: 19 | AL94: 11 | AM94: =AK94*AL94 -> 209 | AN94: =IF(D94="ШТ",кол_во_инд.__упак_к*итого_г_у,ROUNDDOWN(номин.вес_нетто_г_у__кг*итого_г_у,1)) -> 1672 | AO94: =(высота__мм*кол_во_слоев_г_у)+145 -> 1663
A95: =VALUE(RIGHT(B95,4)) -> 7341 | B95: 1001016747341 | C95: СЕЙЧАС СЕЗОН Папа может вар п/о 0.75кг | D95: ШТ | E95: Колбасные изделия | F95: Вареные колбасы | G95: Папа может | H95: ОМПК(Г) ОМПК(О) | I95: ТУ 10.13.14-150-00425283-2018 | J95: Изделие колбасное вареное из мяса кур охлажденное. | K95: мясо куриное механической обвалки, вода питьевая, филе грудок куриных, стабилизатор белковый (кожа куриная, шкурка свиная, вода питьевая), свинина, шпик, крахмалы (картофельный, кукурузный), сыворотка молочная сухая, молоко сухое обезжиренное, смесь посолочно-нитритная (соль, фиксатор окраски (нитрит натрия)), сахара, регуляторы кислотности (пирофосфаты, трифосфаты, цитраты натрия), стабилизатор (полифосфаты), соль, загустители (альгинат натрия, каррагинан, конжак, ксантановая камедь, гуаровая камедь), специи и экстракты специй (перец черный молотый, мускатный орех, чили), антиокислитель (изоаскорбат натрия), усилитель вкуса и аромата (глутамат натрия), ароматизаторы, краситель (кармины) | L95: 10 | M95: 16 | N95: 2 | O95: 192/796 | P95: 0…+6 | Q95: 60 | R95: 3 суток | S95: 4607958079964 | T95: 14607958079961 | U95: 4607958079964 | V95: 14607958079961 | W95: 245 | X95: 72 | Y95: 72 | Z95: 0.75 | AA95: 0.002 | AB95: =Z95+AA95 -> 0.752 | AC95: 293 | AD95: 153 | AE95: 224 | AF95: 6 | AG95: 600000400 | AH95: =справочники!$C$95 -> 0.135 | AI95: =ROUNDDOWN(номин.вес_нетто__кг*кол_во_инд.__упак_к,2) -> 4.5 | AJ95: =(номин.вес_брутто__кг*кол_во_инд.__упак_к)+вес_короба__кг -> 4.647 | AK95: 20 | AL95: 7 | AM95: =AK95*AL95 -> 140 | AN95: =IF(D95="ШТ",кол_во_инд.__упак_к*итого_г_у,ROUNDDOWN(номин.вес_нетто_г_у__кг*итого_г_у,1)) -> 840 | AO95: =(высота__мм*кол_во_слоев_г_у)+145 -> 1713
A96: =VALUE(RIGHT(B96,4)) -> 7342 | B96: 1001016747342 | C96: СЕЙЧАС СЕЗОН Папа может вар п/о | D96: КГ | E96: Колбасные изделия | F96: Вареные колбасы | G96: Папа может | H96: ОМПК(С) | I96: ТУ 10.13.14-150-00425283-2018 | J96: Изделие колбасное вареное из мяса кур охлажденное. | K96: мясо куриное механической обвалки, вода питьевая, филе грудок куриных, стабилизатор белковый (кожа куриная, шкурка свиная, вода питьевая), свинина, шпик, крахмалы (картофельный, кукурузный), сыворотка молочная сухая, молоко сухое обезжиренное, смесь посолочно-нитритная (соль, фиксатор окраски (нитрит натрия)), сахара, регуляторы кислотности (пирофосфаты, трифосфаты, цитраты натрия), стабилизатор (полифосфаты), соль, загустители (альгинат натрия, каррагинан, конжак, ксантановая камедь, гуаровая камедь), специи и экстракты специй (перец черный молотый, мускатный орех, чили), антиокислитель (изоаскорбат натрия), усилитель вкуса и аромата (глутамат натрия), ароматизаторы, краситель (кармины) | L96: 10 | M96: 16 | N96: 2 | O96: 192/796 | P96: 0…+6 | Q96: 60 | R96: 72 часа | S96: 2800583000002 | T96: 12800583000009 | U96: 4630362181350 | V96: 14630362181357 | W96: 250 | X96: 90 | Y96: 90 | Z96: 1.35 | AA96: 0.002 | AB96: =Z96+AA96 -> 1.352 | AC96: 292 | AD96: 178 | AE96: 178 | AF96: 4 | AG96: 600000029 | AH96: =справочники!$C$21 -> 0.125 | AI96: =ROUNDDOWN(номин.вес_нетто__кг*кол_во_инд.__упак_к,2) -> 5.4 | AJ96: =(номин.вес_брутто__кг*кол_во_инд.__упак_к)+вес_короба__кг -> 5.533 | AK96: 14 | AL96: 8 | AM96: =AK96*AL96 -> 112 | AN96: =IF(D96="ШТ",кол_во_инд.__упак_к*итого_г_у,ROUNDDOWN(номин.вес_нетто_г_у__кг*итого_г_у,1)) -> 604.8 | AO96: =(высота__мм*кол_во_слоев_г_у)+145 -> 1569
A97: =VALUE(RIGHT(B97,4)) -> 7479 | B97: 1001010067479 | C97: СЛИВОЧНАЯ ПМ вар п/о 0.5кг 8шт. | D97: ШТ | E97: Колбасные изделия | F97: Вареные колбасы | G97: Папа может | H97: ОМПК(С) | I97: ТУ 10.13.14-130-00425283-2017 | J97: Мясной продукт. Изделие колбасное вареное категории В. | K97: свинина, стабилизатор белковый (вода питьевая, шкурка свиная, кожа куриная), мясо куриное механической обвалки, вода питьевая, сыворотка молочная сухая, молоко сухое обезжиренное, сливки сухие, крахмалы (кукурузный, картофельный), смесь посолочно-нитритная (соль, фиксатор окраски (нитрит натрия)), сахар, регуляторы кислотности (пирофосфаты, трифосфаты, цитраты натрия), загустители (каррагинан, гуаровая камедь, конжак, ксантановая камедь), специи, экстракты специй (в т.ч. горчица), антиокислитель (аскорбиновая кислота), усилитель вкуса и аромата (глутамат натрия), ароматизаторы, краситель (кармины) | L97: 9 | M97: 14 | N97: 5 | O97: 182/756 | P97: 0…+6 | Q97: 60 | R97: 72 часа | S97: 4630362180957 | T97: 14630362180954 | U97: 4630362180957 | V97: 14630362180954 | W97: 190 | X97: 67 | Y97: 67 | Z97: 0.5 | AA97: 0.002 | AB97: =Z97+AA97 -> 0.502 | AC97: 278 | AD97: 193 | AE97: 138 | AF97: 8 | AG97: 600000404 | AH97: =справочники!$C$101 -> 0.105 | AI97: =ROUNDDOWN(номин.вес_нетто__кг*кол_во_инд.__упак_к,2) -> 4 | AJ97: =(номин.вес_брутто__кг*кол_во_инд.__упак_к)+вес_короба__кг -> 4.121 | AK97: 16 | AL97: 9 | AM97: =AK97*AL97 -> 144 | AN97: =IF(D97="ШТ",кол_во_инд.__упак_к*итого_г_у,ROUNDDOWN(номин.вес_нетто_г_у__кг*итого_г_у,1)) -> 1152 | AO97: =(высота__мм*кол_во_слоев_г_у)+145 -> 1387
A98: =VALUE(RIGHT(B98,4)) -> 7355 | B98: 1001013967355 | C98: СОЧНАЯ Папа может вар п/о 0.4кг 10шт. | D98: ШТ | E98: Колбасные изделия | F98: Вареные колбасы | G98: Папа может | H98: ОМПК(С) | I98: ТУ 10.13.14-150-00425283-2018 | J98: Изделие колбасное вареное из мяса кур охлажденное. | K98: филе грудок куриных, свинина, вода питьевая, стабилизатор белковый (вода питьевая, кожа куриная, шкурка свиная), мясо куриное механической обвалки, крахмалы (картофельный, кукурузный), сыворотка сухая молочная, молоко сухое обезжиренное, смесь посолочно-нитритная (соль, фиксатор окраски (нитрит натрия)), регуляторы кислотности (пирофосфаты, трифосфаты, цитраты натрия), стабилизатор (каррагинан), загустители (конжак, ксантановая камедь), сахара, экстракты пряностей, соль, горчица, усилитель вкуса и аромата (глутамат натрия), ароматизаторы, антиокислитель (аскорбиновая кислота), краситель (кармины) | L98: 9 | M98: 14 | N98: 4 | O98: 178/739 | P98: 0…+6 | Q98: 60 | R98: 3 суток | S98: 4607958071678 | T98: 24607958071672 | U98: 4607958071678 | V98: 24607958071672 | W98: 160 | X98: 67 | Y98: 67 | Z98: 0.4 | AA98: 0.002 | AB98: =Z98+AA98 -> 0.402 | AC98: 378 | AD98: 156 | AE98: 138 | AF98: 10 | AG98: 600000019 | AH98: =справочники!$C$11 -> 0.114 | AI98: =ROUNDDOWN(номин.вес_нетто__кг*кол_во_инд.__упак_к,2) -> 4 | AJ98: =(номин.вес_брутто__кг*кол_во_инд.__упак_к)+вес_короба__кг -> 4.134 | AK98: 15 | AL98: 9 | AM98: =AK98*AL98 -> 135 | AN98: =IF(D98="ШТ",кол_во_инд.__упак_к*итого_г_у,ROUNDDOWN(номин.вес_нетто_г_у__кг*итого_г_у,1)) -> 1350 | AO98: =(высота__мм*кол_во_слоев_г_у)+145 -> 1387
A99: =VALUE(RIGHT(B99,4)) -> 6114 | B99: 1001013966114 | C99: Z-СОЧНАЯ Папа может вар п/о 0.4кг | D99: ШТ | E99: Колбасные изделия | F99: Вареные колбасы | G99: Папа может | H99: ОМПК(С) | I99: ТУ 10.13.14-150-00425283-2018 | J99: Изделие колбасное вареное из мяса кур охлажденное. | K99: филе грудок куриных, свинина, вода питьевая, стабилизатор белковый (вода питьевая, кожа куриная, шкурка свиная), мясо куриное механической обвалки, крахмалы (картофельный, кукурузный), сыворотка сухая молочная, молоко сухое обезжиренное, смесь посолочно-нитритная (соль, фиксатор окраски (нитрит натрия)), регуляторы кислотности (пирофосфаты, трифосфаты, цитраты натрия), стабилизатор (каррагинан), загустители (конжак, ксантановая камедь), сахара, экстракты пряностей, соль, горчица, усилитель вкуса и аромата (глутамат натрия), ароматизаторы, антиокислитель (аскорбиновая кислота), краситель (кармины) | L99: 9 | M99: 14 | N99: 4 | O99: 178/739 | P99: 0…+6 | Q99: 60 | R99: 3 суток | S99: 4607958071678 | T99: 14607958071675 | U99: Z-код | V99: Z-код | W99: 160 | X99: 67 | Y99: 67 | Z99: 0.4 | AA99: 0.002 | AB99: =Z99+AA99 -> 0.402 | AC99: 378 | AD99: 156 | AE99: 138 | AF99: 8 | AG99: 600000019 | AH99: =справочники!$C$11 -> 0.114 | AI99: =ROUNDDOWN(номин.вес_нетто__кг*кол_во_инд.__упак_к,2) -> 3.2 | AJ99: =(номин.вес_брутто__кг*кол_во_инд.__упак_к)+вес_короба__кг -> 3.33 | AK99: 15 | AL99: 11 | AM99: =AK99*AL99 -> 165 | AN99: =IF(D99="ШТ",кол_во_инд.__упак_к*итого_г_у,ROUNDDOWN(номин.вес_нетто_г_у__кг*итого_г_у,1)) -> 1320 | AO99: =(высота__мм*кол_во_слоев_г_у)+145 -> 1663
A100: =VALUE(RIGHT(B100,4)) -> 7420 | B100: 1001017097420 | C100: СОЧНАЯ КЛАССИКА ПМ вар п/о 0.5кг 8шт. | D100: ШТ | E100: Колбасные изделия | F100: Вареные колбасы | G100: Папа может | H100: ОМПК(С) | I100: ТУ 10.13.14-150-00425283-2018 | J100: Изделие колбасное вареное из мяса кур охлажденное. | K100: мясо куриное механической обвалки, вода питьевая, филе грудок куриных, стабилизатор белковый (кожа куриная, шкурка свиная, вода питьевая), свинина, шпик, крахмалы (картофельный, кукурузный), сыворотка молочная сухая, молоко сухое обезжиренное, смесь посолочно-нитритная (соль, фиксатор окраски (нитрит натрия)), сахара, регуляторы кислотности (пирофосфаты, трифосфаты, цитраты натрия), стабилизатор (полифосфаты), соль, загустители (альгинат натрия, каррагинан, конжак, ксантановая камедь, гуаровая камедь), специи и экстракты специй (перец черный молотый, мускатный орех, чили), антиокислитель (изоаскорбат натрия), усилитель вкуса и аромата (глутамат натрия), ароматизаторы, краситель (кармины) | L100: 10 | M100: 16 | N100: 2 | O100: 192/796 | P100: 0…+6 | Q100: 60 | R100: 72 часа | S100: 4630362180667 | T100: 14630362180664 | U100: 4630362180667 | V100: 14630362180664 | W100: 190 | X100: 67 | Y100: 67 | Z100: 0.5 | AA100: 0.002 | AB100: =Z100+AA100 -> 0.502 | AC100: 278 | AD100: 193 | AE100: 138 | AF100: 8 | AG100: 600000404 | AH100: =справочники!$C$101 -> 0.105 | AI100: =ROUNDDOWN(номин.вес_нетто__кг*кол_во_инд.__упак_к,2) -> 4 | AJ100: =(номин.вес_брутто__кг*кол_во_инд.__упак_к)+вес_короба__кг -> 4.121 | AK100: 16 | AL100: 9 | AM100: =AK100*AL100 -> 144 | AN100: =IF(D100="ШТ",кол_во_инд.__упак_к*итого_г_у,ROUNDDOWN(номин.вес_нетто_г_у__кг*итого_г_у,1)) -> 1152 | AO100: =(высота__мм*кол_во_слоев_г_у)+145 -> 1387
...

Sheet справочники
A1: Код короба SAP | B1: Наименование короба SAP | C1: Масса нетто короба SAP, кг | F1: Статус | K1: Номер ГОСТ/ТУ | N1: Номер ГОСТ/ТУ | O1: Группа / категория | Q1: Условия хранения | T1: EAN-13 | W1: ITF-14
A2: 600000010 | B2: Кор 380х250х180 П32СЕ Останкино №101 | C2: 0.339 | K2: ГОСТ 31785-2012 | N2: ГОСТ 31785-2012 | O2: Мясной продукт. Изделие колбасное полукопченое категории Б. | Q2: 0…+4 | S2: 1 | T2: 4630362183170 | U2: =CONCATENATE(S2,T2) -> 14630362183170 | V2: =LEFT(U2,13) -> 1463036218317 | W2: =V2*10+MOD(10-MOD(3*(MID(V2,1,1)+MID(V2,3,1)+MID(V2,5,1)+MID(V2,7,1)+MID(V2,9,1)+MID(V2,11,1)+MID(V2,13,1))+MID(V2,2,1)+MID(V2,4,1)+MID(V2,6,1)+MID(V2,8,1)+MID(V2,10,1)+MID(V2,12,1),10),10) -> 14630362183177
A3: 600000011 | B3: Кор N 103 (370х148х355)(0.225) бур.ОстN | F3: блок 24.01.24 | K3: ГОСТ 32125-2013 | N3: ГОСТ 31785-2012 | O3: Мясной продукт. Изделие колбасное полукопченое категории В. | Q3: 0…+6
A4: 600000012 | B4: Кор 380х282х232 П32СЕ Останкино №104 | F4: блок 24.01.24 | K4: ГОСТ 32244-2013 | N4: ГОСТ 32125-2013 | O4: Консервы мясные кусковые стерилизованные. | Q4: 0…+12
A5: 600000013 | B5: Кор 380х185х100 Т24С Останкино №106 | C5: 0.141 | K5: ГОСТ 23670-2019 | N5: ГОСТ 32244-2013 | O5: Субпродукт свиной замороженный мякотный. | Q5: 0…+20
A6: 600000014 | B6: Кор N 1061 (380х185х100)(0.147) бур.ОстN | F6: блок 09.12.21 | K6: ГОСТ Р 55455-2013 | N6: ГОСТ 32244-2013 | O6: Субпродукт свиной замороженный шерстный. | Q6: 0…+25
A7: 600000015 | B7: Кор N 107 (380х284х165) (0.440)бел.с/о О | F7: блок 24.01.24 | K7: ГОСТ Р 55456-2013 | N7: ГОСТ 23670-2019 | O7: Мясной продукт. Изделие колбасное вареное категории А. | Q7: +2…+6
A8: 600000016 | B8: Кор N 108 (380х250х180)(0.415) бур. ОМПК | F8: блок 24.01.24 | K8: ГОСТ Р 55795-2013 | N8: ГОСТ 23670-2019 | O8: Мясной продукт. Изделие колбасное вареное категории Б. | Q8: +2…+24
A9: 600000017 | B9: Кор 380х284х232 Т26С Останкино №109 | C9: 0.349 | K9: ТУ 10.13.14-130-00425283-2017 | N9: ГОСТ Р 55455-2013 | O9: Мясной продукт. Изделие колбасное варено-копченое категории А. | Q9: -18
A10: 600000018 | B10: Кор 380х185х150 Т24С Останкино №110 | C10: 0.161 | K10: ТУ 10.13.14-129-00425283-2014 | N10: ГОСТ Р 55456-2013 | O10: Мясной продукт. Изделие колбасное сырокопченое категории А.
A11: 600000019 | B11: Кор 370х148х130 Т23С Останкино №111 | C11: 0.114 | K11: ТУ 10.13.14-138-00425283-2015 | N11: ГОСТ Р 55456-2013 | O11: Мясной продукт. Изделие колбасное сырокопченое категории Б.
A12: 600000020 | B12: Кор N 112 (380х282х280)(0.555)бел.с от.О | F12: блок 24.01.24 | K12: ТУ 10.13.14-138-00425283-2026 | N12: ГОСТ Р 55795-2013 | O12: Запеченный мясной продукт из свинины категории Б.
A13: 600000021 | B13: Кор 380х284х140 Т25С Останкино №113 | C13: 0.268 | K13: ТУ 10.13.14-139-00425283-2015 | N13: ТУ 10.13.14-130-00425283-2017 | O13: Мясной продукт. Изделие колбасное вареное категории Б.
A14: 600000022 | B14: Кор N 115 (560х375х95)(0.410) бурый ОМПК | F14: блок 24.01.24 | K14: ТУ 10.13.14-140-00425283-2015 | N14: ТУ 10.13.14-130-00425283-2017 | O14: Мясной продукт. Изделие колбасное вареное категории В.
A15: 600000023 | B15: Кор 375х275х175 Т25С Останкино №116 | C15: 0.267 | K15: ТУ 10.13.14-142-00425283-2016 | N15: ТУ 10.13.14-130-00425283-2017 | O15: Мясосодержащий продукт. Изделие колбасное вареное категории В.
A16: 600000024 | B16: Кор N 1161 (375х275х175)(0.290) бур.ОстN | F16: блок 24.01.24 | K16: ТУ 10.13.14-143-00425283-2017 | N16: ТУ 10.13.14-138-00425283-2015 | O16: Продукт мясосодержащий. Колбасное изделие вареное.
A17: 600000025 | B17: Кор 360х230х120 Т24С Останкино №117 | C17: 0.175 | K17: ТУ 10.13.14-144-00425283-2017 | N17: ТУ 10.13.14-142-00425283-2016 | O17: Продукт из мяса птицы копчено-вареный.
A18: 600000026 | B18: Кор 560х185х125 Т24С Останкино №118 | C18: 0.208 | K18: ТУ 10.13.14-145-00425283-2017 | N18: ТУ 10.13.14-143-00425283-2017 | O18: Мясной продукт. Колбасное изделие вареное.
A19: 600000027 | B19: Кор N 120 (380х185х175)(0.220) бур.ОстN | F19: блок 24.01.24 | K19: ТУ 10.13.14-146-00425283-2018 | N19: ТУ 10.13.14-144-00425283-2017 | O19: Изделие колбасное полукопченое из мяса птицы 3 сорта.
A20: 600000028 | B20: Кор N 121 (575х375х150)(0.606) бур.ОстN | F20: блок 24.01.24 | K20: ТУ 10.13.14-147-00425283-2018 | N20: ТУ 10.13.14-145-00425283-2017 | O20: Мясной продукт. Изделие колбасное сырокопченое.
A21: 600000029 | B21: Кор 284х170х170 Т24С Останкино №122 | C21: 0.125 | K21: ТУ 10.13.14-148-00425283-2018 | N21: ТУ 10.13.14-146-00425283-2018 | O21: Мясной продукт. Изделие из свинины сырокопченое категории А.
A22: 600000030 | B22: Кор 375х148х160 Т23С Останкино №123 | C22: 0.127 | K22: ТУ 10.13.14-149-00425283-2018 | N22: ТУ 10.13.14-146-00425283-2018 | O22: Мясной продукт. Изделие из свинины сырокопченое категории Б.
A23: 600000031 | B23: Кор 284х185х180 Т25С Останкино №125 | C23: 0.172 | K23: ТУ 10.13.14-150-00425283-2018 | N23: ТУ 10.13.14-147-00425283-2018 | O23: Полуфабрикат в тесте с мясной начинкой замороженный категории В.
A24: 600000032 | B24: Кор N 16 (375х275х175)(0.270) бур.ОстN | F24: блок 24.01.24 | K24: ТУ 10.13.14-150-00425283-2026 | N24: ТУ 10.13.14-147-00425283-2018 | O24: Полуфабрикат в тесте с мясосодержащей начинкой замороженный категории Г.
A25: 600000033 | B25: Кор 340х145х100 Т24С Останкино №8 | C25: 0.104 | K25: ТУ 10.13.14-151-00425283-2018 | N25: ТУ 10.13.14-147-00425283-2018 | O25: Полуфабрикат в тесте с мясосодержащей начинкой замороженный категории В.
A26: 600000034 | B26: Кор N 124 (710х170х170) (0.365)бур.с/оОМ | F26: блок 24.01.24 | K26: ТУ 10.13.14-151-00425283-2025 | N26: ТУ 10.13.14-148-00425283-2018 | O26: Ветчинное изделие вареное из мяса птицы.
A27: 600000035 | B27: Ящик (600х400х260) ОМПК | K27: ТУ 10.13.14-152-00425283-2018 | N27: ТУ 10.13.14-148-00425283-2019 | O27: Ветчинное изделие вареное из мяса кур охлажденное 1 сорта.
A28: 600000036 | B28: Поддон деревянный ЕВРО | K28: ТУ 10.13.14-153-00425283-2019 | N28: ТУ 10.13.14-148-00425283-2018 | O28: Ветчинное изделие вареное из мяса птицы 1 сорта.
A29: 600000080 | B29: Кор N 126 (229х261х117)(0.160)цветн.ОМПК | F29: блок 24.01.24 | K29: ТУ 10.13.14-154-00425283-2020 | N29: ТУ 10.13.14-148-00425283-2018 | O29: Ветчинное изделие вареное из мяса птицы 2 сорта.
A30: 600000090 | B30: Кор N 112 (380х282х280) СВИНИНА 159 | F30: блок 24.01.24 | K30: ТУ 10.13.14-156-00425283-2021 | N30: ТУ 10.13.14-149-00425283-2018 | O30: Мясной продукт. Продукт из мяса вареный категории Б.
A31: 600000091 | B31: ВИРТУАЛЬНЫЙ ПОДДОН | K31: ТУ 10.13.15-158-00425283-2022 | N31: ТУ 10.13.14-149-00425283-2018 | O31: Мясосодержащий продукт. Продукт из мяса вареный категории В.
A32: 600000100 | B32: Кор N 130 (284х170х170)(0.151) бур.Кор | F32: блок 24.01.24 | K32: ТУ 10.13.15-158-00425283-2026 | N32: ТУ 10.13.14-150-00425283-2018 | O32: Изделие колбасное вареное из мяса птицы.
A33: 600000102 | B33: Кор N 135 (380х185х175)(0.220) бур.Кор | F33: блок 24.01.24 | K33: ТУ 10.13.15-159-00425283-2022 | N33: ТУ 10.13.14-150-00425283-2019 | O33: Изделие колбасное вареное из мяса кур охлажденное.
A34: 600000103 | B34: Кор N 132 (380х250х180)(0.346) бур.Кор | F34: блок 24.01.24 | K34: ТУ 10.13.14-160-00425283-2022 | N34: ТУ 10.13.14-150-00425283-2018 | O34: Изделие колбасное вареное из мяса птицы 1 сорта.
A35: 600000104 | B35: Кор N 131 (380х185х150)(0.195) бур.Кор | F35: блок 24.01.24 | K35: ТУ 10.13.14-161-00425283-2022 | N35: ТУ 10.13.14-150-00425283-2018 | O35: Изделие колбасное вареное из мяса птицы 3 сорта.
A36: 600000105 | B36: Кор N 128 (380х284х140)(0.253) бур.Кор | F36: блок 24.01.24 | K36: ТУ 10.13.14-163-00425283-2023 | N36: ТУ 10.13.14-151-00425283-2018 | O36: Полуфабрикат из свинины замороженный мясокостный крупнокусковой категории Б.
A37: 600000111 | B37: Кор N 127 (370х148х130)(0.133) бур.Кор | F37: блок 24.01.24 | K37: ТУ 10.13.14-164-00425283-2023 | N37: ТУ 10.13.14-151-00425283-2018 | O37: Полуфабрикат из свинины замороженный мясокостный мелкокусковой категории В.
A38: 600000112 | B38: Кор N 129 (360х230х120)(0.188) бур.Кор | F38: блок 24.01.24 | K38: ТУ 10.13.14-165-00425283-2023 | N38: ТУ 10.13.14-151-00425283-2018 | O38: Полуфабрикат из свинины замороженный крупнокусковой мясной категории А.
A39: 600000113 | B39: Кор N 133 (380х185х100)(0.145) бур.Кор | F39: блок 24.01.24 | K39: ТУ 10.13.14-166-00425283-2024 | N39: ТУ 10.13.14-151-00425283-2018 | O39: Полуфабрикат из свинины замороженный крупнокусковой мясокостный категории А.
A40: 600000114 | B40: Кор N 134 (340х145х100)(0.110) бур.Кор | F40: блок 24.01.24 | K40: ТУ 10.13.14-167-00425283-2024 | N40: ТУ 10.13.14-151-00425283-2018 | O40: Полуфабрикат из свинины замороженный мелкокусковой мясной категории Б.
A41: 600000122 | B41: Кор-реп 346х148х340 Т24С Останкино №103 | C41: 0.212 | K41: ТУ 10.13.14-169-00425283-2024 | N41: ТУ 10.13.14-151-00425283-2018 | O41: Полуфабрикат охлажденный из свинины крупнокусковой бескостный мясной категории А.
A42: 600000130 | B42: Кор N 138 (380х105х100)(0.095)белен.ОМПК | F42: блок 24.01.24 | K42: ТУ 10.13.14-170-00425283-2024 | N42: ТУ 10.13.14-151-00425283-2018 | O42: Полуфабрикат охлажденный из свинины крупнокусковой бескостный мясной категории Б.
A43: 600000150 | B43: Кор 210х185х100 Т23С Останкино №139 | C43: 0.086 | K43: ТУ 10.13.14-171-00425283-2024 | N43: ТУ 10.13.14-151-00425283-2018 | O43: Полуфабрикат охлажденный из свинины мелкокусковой бескостный мясной категории А.
A44: 600000160 | B44: Кор N 140 (210x150x120)(0.090)Белен.ОМПК | F44: блок 24.01.24 | K44: ТУ 10.13.14-172-00425283-2024 | N44: ТУ 10.13.14-151-00425283-2018 | O44: Полуфабрикат охлажденный из свинины мелкокусковой бескостный мясной категории Б.
A45: 600000170 | B45: Кор N 143 (375х148х160)(0.150) бур.Кор | F45: блок 24.01.24 | K45: ТУ 10.13.14-173-00425283-2024 | N45: ТУ 10.13.14-151-00425283-2018 | O45: Полуфабрикат охлажденный из свинины мелкокусковой бескостный мясной категории В.
A46: 600000191 | B46: Кор 295х225х92 Останкино №144 | C46: 0.152 | K46: ТУ 10.13.14-174-00425283-2024 | N46: ТУ 10.13.14-151-00425283-2018 | O46: Полуфабрикат охлажденный из свинины крупнокусковой мясокостный категории А.
A47: 600000212 | B47: Кор N 145 (410х310х155)(0.174) бел.ОМПК | F47: блок 24.01.24 | K47: ТУ 10.13.14-175-00425283-2025 | N47: ТУ 10.13.14-151-00425283-2018 | O47: Полуфабрикат охлажденный из свинины крупнокусковой мясокостный категории Б.
A48: 600000213 | B48: Кор N 147 (200x148x103)(0.085) бур. ОМПК | F48: блок 24.01.24 | K48: ТУ 10.13.14-176-00425283-2025 | N48: ТУ 10.13.14-151-00425283-2018 | O48: Полуфабрикат охлажденный из свинины мелкокусковой мясокостный категории Б.
A49: 600000220 | B49: Кор 370х148х103 Т23С Останкино №146 | C49: 0.105 | K49: ТУ 10.13.14-177-00425283-2025 | N49: ТУ 10.13.14-151-00425283-2018 | O49: Полуфабрикат охлажденный из свинины мелкокусковой мясокостный категории В.
A50: 600000221 | B50: Кор N 149 (200х148х125)(0.088) бур. ОМПК | F50: блок 24.01.24 | K50: ТУ 10.13.14-180-00425283-2025 | N50: ТУ 10.13.14-151-00425283-2018 | O50: Полуфабрикат мясной рубленый формованный охлажденный категории Б.
A51: 600000230 | B51: Кор 375х185х125 Т24С Останкино №148 | C51: 0.152 | K51: ТУ 10.13.14-181-00425283-2026 | N51: ТУ 10.13.14-151-00425283-2018 | O51: Полуфабрикат мясной рубленый охлажденный категории Б.
A52: 600000240 | B52: Кор N 150 (305х204х162)(0.170) бел. ОМПК | F52: блок 24.01.24 | K52: ТУ 10.13.14-182-00425283-2026 | N52: ТУ 10.13.14-151-00425283-2018 | O52: Полуфабрикат мясной рубленый охлажденный категории В.
A53: 600000250 | B53: Кор-реп 334х121х102 Т23В Останкино №141 | C53: 0.076 | K53: ТУ 10.13.14-183-00425283-2026 | N53: ТУ 10.13.14-152-00425283-2018 | O53: Полуфабрикат мясной рубленый охлажденный категории Б.
A54: 600000260 | B54: Кор 330х180х170 Т25С Останкино №152 | C54: 0.177 | K54: ТУ 10.13.14-184-00425283-2026 | N54: ТУ 10.13.14-152-00425283-2018 | O54: Полуфабрикат мясной рубленый охлажденный категории В.
A55: 600000261 | B55: Кор N 153 (330х180х170)(0.180) бур.Кор | F55: блок 24.01.24 | K55: ТУ 10.13.14-185-00425283-2026 | N55: ТУ 10.13.14-153-00425283-2019 | O55: Мясной продукт. Изделие из свинины копчено-вареное категории В.
A56: 600000271 | B56: Кор N 1111 (370х148х130)(0.135) бел.ОстN | F56: блок 24.01.24 | K56: ТУ 10.13.14-187-00425283-2026 | N56: ТУ 10.13.14-154-00425283-2020 | O56: Изделие колбасное варено-копченое из мяса птицы.
A57: 600000280 | B57: Кор 380х284х140 П32ВС Останкино №160 | C57: 0.371 | K57: ТУ 10.13.14-188-00425283-2026 | N57: ТУ 10.13.14-156-00425283-2021 | O57: Полуфабрикат мясной рубленый охлажденный категории Б.
A58: 600000282 | B58: Кор N 154 (253х183х195)(0.140) ШБ ОстN | F58: блок 24.01.24 | K58: ТУ 10.13.14-001-98189035-2019 | N58: ТУ 10.13.15-158-00425283-2022 | O58: Мясной продукт. Продукт из шпика.
A59: 600000290 | B59: Кор 375х275х175 П32ВС Останкино №161 | C59: 0.352 | K59: ТУ 10.13.14-011-56628803-2017 | N59: ТУ 10.13.14-160-00425283-2022 | O59: Мясной продукт. Изделие колбасное полукопченое категории Б.
A60: 600000300 | B60: Кор 575х375х148 Т26С Останкино №167 | C60: 0.615 | K60: ТУ 9213-129-00425283-2014 | N60: ТУ 10.13.14-160-00425283-2022 | O60: Мясной продукт. Изделие колбасное полукопченое категории В.
A61: 600000310 | B61: Кор N 168 (575х285х245)(0.741) бур.ОстN | F61: блок 24.01.24 | K61: ТУ 9213-135-00425283-2015 | N61: ТУ 10.13.14-161-00425283-2022 | O61: Мясной продукт. Изделие колбасное варено-копченое.
A62: 600000313 | B62: Кор 930х170х172 П32ВС б/п №172 | C62: 0.531 | K62: ТУ 9213-136-00425283-2015 | N62: ТУ 10.13.14-164-00425283-2023 | O62: Мясной продукт. Изделие колбасное сыровяленое.
A63: 600000315 | B63: Кор-ш/б 194х144х224 Т23Е Останкино №174 | C63: 0.101 | K63: ТУ 9213-139-00425283-2015 | N63: ТУ 10.13.14-172-00425283-2024 | O63: Мясной продукт. Изделие из свинины копчено-вареное категории Б.
A64: 600000320 | B64: Кор N 170 (284х185х210)(0.182) бур.ОстN | F64: блок 24.01.24 | K64: ТУ 9213-140-00425283-2015 | N64: ТУ 10.13.14-001-98189035-2019 | O64: Мясной продукт. Изделие колбасное варено-копченое. | P64: для СТМ
A65: 600000322 | B65: Кор 370х148х140 Т24С Останкино №171 | C65: 0.13 | K65: ТУ 9119-131-00425283-2015 | N65: ТУ 10.13.14-011-56628803-2017 | O65: Мясной продукт. Колбасное изделие из термически обработанных ингредиентов категории Б.
A66: 600000323 | B66: Кор N 173 (469х285х245)(0.646) бурый | F66: блок 24.01.24 | K66: ТУ 9166-106-00425283-03 | N66: ТУ 10.13.14-011-56628803-2017 | O66: Мясосодержащее колбасное изделие из термически обработанных ингредиентов категории Б.
A67: 600000330 | B67: Кор N 177 (250*110*430)(0.220) ОстN | F67: блок 24.01.24 | K67: ТУ 9214-035-00425283-05 | N67: ТУ 9213-129-00425283-2014 | O67: Мясной продукт. Изделие из свинины копчено-вареное категории А.
A68: 600000332 | B68: Кор 430х290х110 Т25.ЗВ Останкино №169 | C68: 0.318 | K68: ТУ 10.86.10-157-00425283-2022 | N68: ТУ 9213-129-00425283-2014 | O68: Мясной продукт из свинины копчено-вареный категории А.
A69: 600000334 | B69: Кор 469х297х130 Т25В Останкино №166 | C69: 0.37 | K69: ТУ 10.72.19-162-00425283-2023 | N69: ТУ 9213-129-00425283-2014 | O69: Мясной продукт. Изделие из свинины копчено-вареное категории Б.
A70: 600000335 | B70: Кор 555х205х105 Т25.ЗВ Останкино №175 | C70: 0.27 | N70: ТУ 9213-129-00425283-2014 | O70: Мясной продукт. Изделие из свинины копчено-вареное категории В.
A71: 600000336 | B71: Кор N 176 (560*285*185)(0.544) бур.ОстN | F71: блок 24.01.24 | N71: ТУ 9213-135-00425283-2015 | O71: Мясной продукт. Изделие колбасное полукопченое категории Б.
A72: 600000340 | B72: Кор 305х205х157 Останкино №150 | C72: 0.13 | N72: ТУ 9213-135-00425283-2015 | O72: Мясной продукт. Изделие колбасное полукопченое категории В.
A73: 600000348 | B73: Кор N 178 (194х144х224)(0.110) бел.КД | F73: блок 24.01.24 | N73: ТУ 9213-136-00425283-2015 | O73: Мясной продукт. Изделие колбасное варено-копченое.
A74: 600000350 | B74: Кор N 179 (260х223х130)(0.151) бур.ОстN | F74: блок 24.01.24 | N74: ТУ 9213-139-00425283-2015 | O74: Изделие колбасное сырокопченое из мяса птицы.
A75: 600000352 | B75: Кор 270х200х101 Останкино №180 | C75: 0.117 | N75: ТУ 9213-139-00425283-2015 | O75: Изделие колбасное сырокопченое из мяса птицы фирменное.
A76: 600000360 | B76: Ящик (600х400х260) ОМПК аудит | N76: ТУ 9213-140-00425283-2015 | O76: Мясной продукт. Изделие колбасное сырокопченое.
A77: 600000361 | B77: Кор 430х370х260 Т24С б/п №181 | C77: 0.45 | G77: короб для ТД Ступино | N77: ТУ 9213-140-00425283-2015 | O77: Мясной продукт. Продукт из мяса сыровяленый.
A78: 600000370 | B78: Кор N 181 (234х144х124)(0.090) бел.ОстN | F78: блок 24.01.24 | N78: ТУ 9119-131-00425283-2015 | O78: Полуфабрикат высокой степени готовности: блинчики быстрозамороженные.
A79: 600000371 | B79: Кор-реп 234х144х154 Т23В Останкино №183 | C79: 0.089 | N79: ТУ 9119-131-00425283-2015 | O79: Полуфабрикат высокой степени готовности: блинчики круглые быстрозамороженные.
A80: 600000373 | B80: Кор-реп 234х144х154 Т23В белый №184 | C80: 0.09 | N80: ТУ 9166-106-00425283-03 | O80: Вареники с картофелем для поста замороженные.
A81: 600000376 | B81: Кор-реп 252х134х134 Т23В Останкино №182 | C81: 0.11 | N81: ТУ 9214-035-00425283-05 | O81: Полуфабрикат из свинины замороженный мелкокусковой мясной категории Б.
A82: 600000459 | B82: Кор-реп 252х134х134 Т23Е Останкино №182 | C82: 0.078
A83: 600000377 | B83: Кор N 186 (250х158х177)(0.128) бел.ОстN | F83: блок 24.01.24 | N83: ТУ 9214-035-00425283-05 | O83: Полуфабрикат из свинины охлажденный мелкокусковой мясной категории Б.
A84: 600000379 | B84: Кор N 187 (220х158х250)(0.157) бел.ОстN | F84: блок 24.01.24 | N84: ТУ 10.72.19-162-00425283-2023 | O84: Хлебобулочное изделие. Полуфабрикат высокой степени готовности. Блинчики быстрозамороженные.
A85: 600000380 | B85: Кор-реп 234х144х154 Т23В МФ №185 | C85: 0.081
A86: 600000382 | B86: Кор N 188 (252х220х100)(0.115) бур.ОстN | F86: блок 24.01.24
A87: 600000383 | B87: Кор 210х185х115 Т24С Останкино №189 | C87: 0.105
A88: 600000384 | B88: Кор-реп 252х221х100 Т25В Останкино №191 | C88: 0.114
A89: 600000388 | B89: Кор N 192 (290х155х120)(0.115) бур.Рубл | F89: блок 24.01.24
A90: 600000390 | B90: Кор 224х210х130 Т25В Останкино №190 | C90: 0.147
A91: 600000391 | B91: Кор N 193 (340х150х120)(0.130) бур.Рубл | F91: блок 24.01.24
A92: 600000409 | B92: Кор-ш/б 390х290х150 Т24С Папа может №197 | C92: 0.254 | G92: шоу-бокс для Чижика (сосиски 0.45кг)
A93: 600000420 | B93: Кор-ш/б 370х280х130 Т24С Папа может №198 | C93: 0.229 | G93: шоу-бокс для Чижика
A94: 600000406 | B94: Кор 285х145х174 Т24С Останкино №199 | C94: 0.119
A95: 600000400 | B95: Кор 285х145х216 Т24С Останкино №200 | C95: 0.135
A96: 600000405 | B96: Кор-реп 285х145х174 Т24С Останкино №201 | C96: 0.122
A97: 600000401 | B97: Кор-реп 285х145х216 Т24С Останкино №202 | C97: 0.136
A98: 600000413 | B98: Кор-реп 282х234х180 Т24В Вернер №203 | C98: 0.147 | G98: шоу-бокс для Чижика (нарезка 2 фейса)
A99: 600000402 | B99: Кор N 194 (310х140х130)(0.096) бур.ОстN | F99: блок 24.01.24
A100: 600000403 | B100: Кор 250х185х115 Т23С Останкино №195 | C100: 0.104
...

Sheet кратность
A1: Код | B1: Наименование | C1: БЕИ | D1: Текущая кратность короба, кг | E1: Новая кратность короба, кг | F1: Номин.вес ед.продукции | G1: Кол-во штук в коробе | H1: Кол-во коробок на поддоне | I1: Новая кратность поддона, кг | L1: Проверка
A2: 1001012486874 | B2: БЕЗ ШПИКА Папа может вар п/о (катБ) | C2: КГ | D2: 4.05 | E2: 4.05 | F2: =ROUNDUP(Новая_кратность_короба__кг/Кол_во_штук_в_коробе,3) -> 1.35 | G2: 3 | H2: 128 | I2: =ROUNDDOWN(Новая_кратность_короба__кг*Кол_во_коробок_на_поддоне,1) -> 518.4 | K2: =VLOOKUP(A2,КИ_ПФ!B3:AN821,39,FALSE) -> 518.4 | L2: =IF(I2=K2,"ИСТИНА","ЛОЖЬ") -> ИСТИНА
A3: 1001012487568 | B3: БЕЗ ШПИКА вар п/о (катБ) 1.35*8_Kvalita | C3: КГ | D3: 10.8 | E3: 10.8 | F3: =ROUNDUP(Новая_кратность_короба__кг/Кол_во_штук_в_коробе,3) -> 1.35 | G3: 8 | H3: 72 | I3: =ROUNDDOWN(Новая_кратность_короба__кг*Кол_во_коробок_на_поддоне,1) -> 777.6 | K3: =VLOOKUP(A3,КИ_ПФ!B4:AN822,39,FALSE) -> 777.6 | L3: =IF(I3=K3,"ИСТИНА","ЛОЖЬ") -> ИСТИНА
A4: 1001012426220 | B4: ГОВЯЖЬЯ Папа может вар п/о | C4: КГ | D4: 4.05 | E4: 4.05 | F4: =ROUNDUP(Новая_кратность_короба__кг/Кол_во_штук_в_коробе,3) -> 1.35 | G4: 3 | H4: 112 | I4: =ROUNDDOWN(Новая_кратность_короба__кг*Кол_во_коробок_на_поддоне,1) -> 453.6 | K4: =VLOOKUP(A4,КИ_ПФ!B5:AN823,39,FALSE) -> 453.6 | L4: =IF(I4=K4,"ИСТИНА","ЛОЖЬ") -> ИСТИНА
A5: 1001012993254 | B5: ДОКТОР СКАЙ Папа может вар п/о | C5: КГ | D5: 4.05 | E5: 4.05 | F5: =ROUNDUP(Новая_кратность_короба__кг/Кол_во_штук_в_коробе,3) -> 1.35 | G5: 3 | H5: 128 | I5: =ROUNDDOWN(Новая_кратность_короба__кг*Кол_во_коробок_на_поддоне,1) -> 518.4 | K5: =VLOOKUP(A5,КИ_ПФ!B6:AN824,39,FALSE) -> 518.4 | L5: =IF(I5=K5,"ИСТИНА","ЛОЖЬ") -> ИСТИНА
A6: 1001012997577 | B6: ДОКТОР СКАЙ Папа может вар п/о 1.35*8 | C6: КГ | D6: 10.8 | E6: 10.8 | F6: =ROUNDUP(Новая_кратность_короба__кг/Кол_во_штук_в_коробе,3) -> 1.35 | G6: 8 | H6: 72 | I6: =ROUNDDOWN(Новая_кратность_короба__кг*Кол_во_коробок_на_поддоне,1) -> 777.6 | K6: =VLOOKUP(A6,КИ_ПФ!B7:AN825,39,FALSE) -> 777.6 | L6: =IF(I6=K6,"ИСТИНА","ЛОЖЬ") -> ИСТИНА
A7: 1001010011112 | B7: ДОКТОРСКАЯ ГОСТ Останкино вар н/о в/у | C7: КГ | D7: 2.65 | E7: 2.65 | F7: =ROUNDUP(Новая_кратность_короба__кг/Кол_во_штук_в_коробе,3) -> 1.325 | G7: 2 | H7: 135 | I7: =ROUNDDOWN(Новая_кратность_короба__кг*Кол_во_коробок_на_поддоне,1) -> 357.7 | K7: =VLOOKUP(A7,КИ_ПФ!B8:AN826,39,FALSE) -> 357.7 | L7: =IF(I7=K7,"ИСТИНА","ЛОЖЬ") -> ИСТИНА
A8: 1001010014555 | B8: ДОКТОРСКАЯ ГОСТ вар п/о | C8: КГ | D8: 4.05 | E8: 4.05 | F8: =ROUNDUP(Новая_кратность_короба__кг/Кол_во_штук_в_коробе,3) -> 1.35 | G8: 3 | H8: 128 | I8: =ROUNDDOWN(Новая_кратность_короба__кг*Кол_во_коробок_на_поддоне,1) -> 518.4 | K8: =VLOOKUP(A8,КИ_ПФ!B9:AN827,39,FALSE) -> 518.4 | L8: =IF(I8=K8,"ИСТИНА","ЛОЖЬ") -> ИСТИНА
A9: 1001010017536 | B9: ДОКТОРСКАЯ ГОСТ Останкино вар п/о | C9: КГ | D9: 4.05 | E9: 4.05 | F9: =ROUNDUP(Новая_кратность_короба__кг/Кол_во_штук_в_коробе,3) -> 1.35 | G9: 3 | H9: 128 | I9: =ROUNDDOWN(Новая_кратность_короба__кг*Кол_во_коробок_на_поддоне,1) -> 518.4 | K9: =VLOOKUP(A9,КИ_ПФ!B10:AN828,39,FALSE) -> 518.4 | L9: =IF(I9=K9,"ИСТИНА","ЛОЖЬ") -> ИСТИНА
A10: 1001010017557 | B10: ДОКТОРСКАЯ ГОСТ Останкино вар ц/о в/у | C10: КГ | D10: 6.4 | E10: 6.4 | F10: =ROUNDUP(Новая_кратность_короба__кг/Кол_во_штук_в_коробе,3) -> 1.6 | G10: 4 | H10: 96 | I10: =ROUNDDOWN(Новая_кратность_короба__кг*Кол_во_коробок_на_поддоне,1) -> 614.4 | K10: =VLOOKUP(A10,КИ_ПФ!B11:AN829,39,FALSE) -> 614.4 | L10: =IF(I10=K10,"ИСТИНА","ЛОЖЬ") -> ИСТИНА
A11: 1001010014561 | B11: ДОКТОРСКАЯ ГОСТ Папа может вар п/о | C11: КГ | D11: 4.05 | E11: 4.05 | F11: =ROUNDUP(Новая_кратность_короба__кг/Кол_во_штук_в_коробе,3) -> 1.35 | G11: 3 | H11: 128 | I11: =ROUNDDOWN(Новая_кратность_короба__кг*Кол_во_коробок_на_поддоне,1) -> 518.4 | K11: =VLOOKUP(A11,КИ_ПФ!B11:AN830,39,FALSE) -> 518.4 | L11: =IF(I11=K11,"ИСТИНА","ЛОЖЬ") -> ИСТИНА
A12: 1001010017567 | B12: ДОКТОРСКАЯ ГОСТ ПМ вар п/о 1.35*8 | C12: КГ | D12: 10.8 | E12: 10.8 | F12: =ROUNDUP(Новая_кратность_короба__кг/Кол_во_штук_в_коробе,3) -> 1.35 | G12: 8 | H12: 72 | I12: =ROUNDDOWN(Новая_кратность_короба__кг*Кол_во_коробок_на_поддоне,1) -> 777.6 | K12: =VLOOKUP(A12,КИ_ПФ!B12:AN831,39,FALSE) -> 777.6 | L12: =IF(I12=K12,"ИСТИНА","ЛОЖЬ") -> ИСТИНА
A13: 1001010096988 | B13: ДОКТОРСКАЯ ОРИГИНАЛЬНАЯ вар ц/о в/у_45с | C13: КГ | D13: 6.2 | E13: 6.2 | F13: =ROUNDUP(Новая_кратность_короба__кг/Кол_во_штук_в_коробе,3) -> 1.55 | G13: 4 | H13: 96 | I13: =ROUNDDOWN(Новая_кратность_короба__кг*Кол_во_коробок_на_поддоне,1) -> 595.2 | K13: =VLOOKUP(A13,КИ_ПФ!B13:AN832,39,FALSE) -> 595.2 | L13: =IF(I13=K13,"ИСТИНА","ЛОЖЬ") -> ИСТИНА
A14: 1001017437515 | B14: ДОКТОРСКАЯ ОСТАНКИНСКАЯ вар ц/о в/у | C14: КГ | D14: 6.4 | E14: 6.4 | F14: =ROUNDUP(Новая_кратность_короба__кг/Кол_во_штук_в_коробе,3) -> 1.6 | G14: 4 | H14: 96 | I14: =ROUNDDOWN(Новая_кратность_короба__кг*Кол_во_коробок_на_поддоне,1) -> 614.4 | K14: =VLOOKUP(A14,КИ_ПФ!B14:AN833,39,FALSE) -> 614.4 | L14: =IF(I14=K14,"ИСТИНА","ЛОЖЬ") -> ИСТИНА
A15: 1001012497555 | B15: ДОКТОРСКАЯ ПО-ОСТАНКИНСКИ вар б/о в/у | C15: КГ | D15: 3 | E15: 3 | F15: =ROUNDUP(Новая_кратность_короба__кг/Кол_во_штук_в_коробе,3) -> 1.5 | G15: 2 | H15: 128 | I15: =ROUNDDOWN(Новая_кратность_короба__кг*Кол_во_коробок_на_поддоне,1) -> 384 | K15: =VLOOKUP(A15,КИ_ПФ!B15:AN834,39,FALSE) -> 384 | L15: =IF(I15=K15,"ИСТИНА","ЛОЖЬ") -> ИСТИНА
A16: 1001010108014 | B16: ДОКТОРСКАЯ ПРЕМИУМ п/о(п) | C16: КГ | D16: 5.4 | E16: 5.4 | F16: =ROUNDUP(Новая_кратность_короба__кг/Кол_во_штук_в_коробе,3) -> 1.35 | G16: 4 | H16: 128 | I16: =ROUNDDOWN(Новая_кратность_короба__кг*Кол_во_коробок_на_поддоне,1) -> 691.2 | K16: =VLOOKUP(A16,КИ_ПФ!B17:AN836,39,FALSE) -> 691.2 | L16: =IF(I16=K16,"ИСТИНА","ЛОЖЬ") -> ИСТИНА
A17: 1001015646861 | B17: ДОМАШНИЙ РЕЦЕПТ Коровино вар п/о | C17: КГ | D17: 3.9 | E17: 3.9 | F17: =ROUNDUP(Новая_кратность_короба__кг/Кол_во_штук_в_коробе,3) -> 1.95 | G17: 2 | H17: 120 | I17: =ROUNDDOWN(Новая_кратность_короба__кг*Кол_во_коробок_на_поддоне,1) -> 468 | K17: =VLOOKUP(A17,КИ_ПФ!B19:AN838,39,FALSE) -> 468 | L17: =IF(I17=K17,"ИСТИНА","ЛОЖЬ") -> ИСТИНА
A18: 1001015706862 | B18: ДОМАШНИЙ РЕЦЕПТ СО ШПИК.Коровино вар п/о | C18: КГ | D18: 3.9 | E18: 3.9 | F18: =ROUNDUP(Новая_кратность_короба__кг/Кол_во_штук_в_коробе,3) -> 1.95 | G18: 2 | H18: 120 | I18: =ROUNDDOWN(Новая_кратность_короба__кг*Кол_во_коробок_на_поддоне,1) -> 468 | K18: =VLOOKUP(A18,КИ_ПФ!B20:AN839,39,FALSE) -> 468 | L18: =IF(I18=K18,"ИСТИНА","ЛОЖЬ") -> ИСТИНА
A19: 1001011086841 | B19: ДОМАШНЯЯ Папа может вар н/о мгс 1*3 | C19: КГ | D19: 3.15 | E19: 3.15 | F19: =ROUNDUP(Новая_кратность_короба__кг/Кол_во_штук_в_коробе,3) -> 1.05 | G19: 3 | H19: 128 | I19: =ROUNDDOWN(Новая_кратность_короба__кг*Кол_во_коробок_на_поддоне,1) -> 403.2 | K19: =VLOOKUP(A19,КИ_ПФ!B21:AN840,39,FALSE) -> 403.2 | L19: =IF(I19=K19,"ИСТИНА","ЛОЖЬ") -> ИСТИНА
A20: 1001016997512 | B20: ЧАЙНАЯ Останкино вар н/о мгс 1*3 | C20: КГ | D20: 3 | E20: 3 | F20: =ROUNDUP(Новая_кратность_короба__кг/Кол_во_штук_в_коробе,3) -> 1 | G20: 3 | H20: 128 | I20: =ROUNDDOWN(Новая_кратность_короба__кг*Кол_во_коробок_на_поддоне,1) -> 384 | K20: =VLOOKUP(A20,КИ_ПФ!B22:AN841,39,FALSE) -> 384 | L20: =IF(I20=K20,"ИСТИНА","ЛОЖЬ") -> ИСТИНА
A21: 1001013643214 | B21: К ЧАЮ вар н/о мгс 1*3 | C21: КГ | D21: 3 | E21: 3 | F21: =ROUNDUP(Новая_кратность_короба__кг/Кол_во_штук_в_коробе,3) -> 1 | G21: 3 | H21: 128 | I21: =ROUNDDOWN(Новая_кратность_короба__кг*Кол_во_коробок_на_поддоне,1) -> 384 | K21: =VLOOKUP(A21,КИ_ПФ!B23:AN842,39,FALSE) -> 384 | L21: =IF(I21=K21,"ИСТИНА","ЛОЖЬ") -> ИСТИНА
A22: 1001013956859 | B22: КЛАССИЧЕСКАЯ Коровино вар п/о(обвязка) | C22: КГ | D22: 10.8 | E22: 10.8 | F22: =ROUNDUP(Новая_кратность_короба__кг/Кол_во_штук_в_коробе,3) -> 1.35 | G22: 8 | H22: 64 | I22: =ROUNDDOWN(Новая_кратность_короба__кг*Кол_во_коробок_на_поддоне,1) -> 691.2 | K22: =VLOOKUP(A22,КИ_ПФ!B23:AN842,39,FALSE) -> 691.2 | L22: =IF(I22=K22,"ИСТИНА","ЛОЖЬ") -> ИСТИНА
A23: 1001013957572 | B23: КЛАССИЧЕСКАЯ Кор вар п/о(обвязка) 1.35*8 | C23: КГ | D23: 10.8 | E23: 10.8 | F23: =ROUNDUP(Новая_кратность_короба__кг/Кол_во_штук_в_коробе,3) -> 1.35 | G23: 8 | H23: 72 | I23: =ROUNDDOWN(Новая_кратность_короба__кг*Кол_во_коробок_на_поддоне,1) -> 777.6 | K23: =VLOOKUP(A23,КИ_ПФ!B24:AN843,39,FALSE) -> 777.6 | L23: =IF(I23=K23,"ИСТИНА","ЛОЖЬ") -> ИСТИНА
A24: 1001013956860 | B24: КЛАССИЧЕСКАЯ Коровино вар п/о(обвязка)_М | C24: КГ | D24: 10.8 | E24: 10.8 | F24: =ROUNDUP(Новая_кратность_короба__кг/Кол_во_штук_в_коробе,3) -> 1.35 | G24: 8 | H24: 64 | I24: =ROUNDDOWN(Новая_кратность_короба__кг*Кол_во_коробок_на_поддоне,1) -> 691.2 | K24: =VLOOKUP(A24,КИ_ПФ!B25:AN844,39,FALSE) -> 691.2 | L24: =IF(I24=K24,"ИСТИНА","ЛОЖЬ") -> ИСТИНА
A25: 1001013957571 | B25: КЛАССИЧЕСКАЯ Кор вар п/о(обвязка) 1.35_М | C25: КГ | D25: 10.8 | E25: 10.8 | F25: =ROUNDUP(Новая_кратность_короба__кг/Кол_во_штук_в_коробе,3) -> 1.35 | G25: 8 | H25: 72 | I25: =ROUNDDOWN(Новая_кратность_короба__кг*Кол_во_коробок_на_поддоне,1) -> 777.6 | K25: =VLOOKUP(A25,КИ_ПФ!B26:AN845,39,FALSE) -> 777.6 | L25: =IF(I25=K25,"ИСТИНА","ЛОЖЬ") -> ИСТИНА
A26: 1001013957529 | B26: КЛАССИЧЕСКАЯ Кор вар п/о(обвязка)_Маяк | C26: КГ | D26: 10.8 | E26: 10.8 | F26: =ROUNDUP(Новая_кратность_короба__кг/Кол_во_штук_в_коробе,3) -> 1.35 | G26: 8 | H26: 64 | I26: =ROUNDDOWN(Новая_кратность_короба__кг*Кол_во_коробок_на_поддоне,1) -> 691.2 | K26: =VLOOKUP(A26,КИ_ПФ!B26:AN846,39,FALSE) -> 691.2 | L26: =IF(I26=K26,"ИСТИНА","ЛОЖЬ") -> ИСТИНА
A27: 1001013956310 | B27: КЛАССИЧЕСКАЯ Папа может вар п/о_А | C27: КГ | D27: 4.05 | E27: 4.05 | F27: =ROUNDUP(Новая_кратность_короба__кг/Кол_во_штук_в_коробе,3) -> 1.35 | G27: 3 | H27: 112 | I27: =ROUNDDOWN(Новая_кратность_короба__кг*Кол_во_коробок_на_поддоне,1) -> 453.6 | K27: =VLOOKUP(A27,КИ_ПФ!B27:AN847,39,FALSE) -> 453.6 | L27: =IF(I27=K27,"ИСТИНА","ЛОЖЬ") -> ИСТИНА
A28: 1001013957196 | B28: КЛАССИЧЕСКАЯ Папа может вар п/о_Глобус | C28: КГ | D28: 4.05 | E28: 4.05 | F28: =ROUNDUP(Новая_кратность_короба__кг/Кол_во_штук_в_коробе,3) -> 1.35 | G28: 3 | H28: 112 | I28: =ROUNDDOWN(Новая_кратность_короба__кг*Кол_во_коробок_на_поддоне,1) -> 453.6 | K28: =VLOOKUP(A28,КИ_ПФ!B28:AN848,39,FALSE) -> 453.6 | L28: =IF(I28=K28,"ИСТИНА","ЛОЖЬ") -> ИСТИНА
A29: 1001013956885 | B29: КЛАССИЧЕСКАЯ Папа может вар п/о_Маяк | C29: КГ | D29: 4.05 | E29: 4.05 | F29: =ROUNDUP(Новая_кратность_короба__кг/Кол_во_штук_в_коробе,3) -> 1.35 | G29: 3 | H29: 128 | I29: =ROUNDDOWN(Новая_кратность_короба__кг*Кол_во_коробок_на_поддоне,1) -> 518.4 | K29: =VLOOKUP(A29,КИ_ПФ!B29:AN850,39,FALSE) -> 518.4 | L29: =IF(I29=K29,"ИСТИНА","ЛОЖЬ") -> ИСТИНА
A30: 1001013955652 | B30: КЛАССИЧЕСКАЯ Папа может вар п/о_О | C30: КГ | D30: 4.05 | E30: 4.05 | F30: =ROUNDUP(Новая_кратность_короба__кг/Кол_во_штук_в_коробе,3) -> 1.35 | G30: 3 | H30: 112 | I30: =ROUNDDOWN(Новая_кратность_короба__кг*Кол_во_коробок_на_поддоне,1) -> 453.6 | K30: =VLOOKUP(A30,КИ_ПФ!B30:AN851,39,FALSE) -> 453.6 | L30: =IF(I30=K30,"ИСТИНА","ЛОЖЬ") -> ИСТИНА
A31: 1001013953498 | B31: Z-КЛАССИЧЕСКАЯ Папа может вар п/о | C31: КГ | D31: 4.05 | E31: 4.05 | F31: =ROUNDUP(Новая_кратность_короба__кг/Кол_во_штук_в_коробе,3) -> 1.35 | G31: 3 | H31: 128 | I31: =ROUNDDOWN(Новая_кратность_короба__кг*Кол_во_коробок_на_поддоне,1) -> 518.4 | K31: =VLOOKUP(A31,КИ_ПФ!B31:AN852,39,FALSE) -> 518.4 | L31: =IF(I31=K31,"ИСТИНА","ЛОЖЬ") -> ИСТИНА
A32: 1001014136501 | B32: КЛАССИЧЕСКАЯ СО ШПИКОМ вар п/о | C32: КГ | D32: 4.05 | E32: 4.05 | F32: =ROUNDUP(Новая_кратность_короба__кг/Кол_во_штук_в_коробе,3) -> 1.35 | G32: 3 | H32: 128 | I32: =ROUNDDOWN(Новая_кратность_короба__кг*Кол_во_коробок_на_поддоне,1) -> 518.4 | K32: =VLOOKUP(A32,КИ_ПФ!B32:AN853,39,FALSE) -> 518.4 | L32: =IF(I32=K32,"ИСТИНА","ЛОЖЬ") -> ИСТИНА
A33: 1001017557514 | B33: ЛЮБИТЕЛЬСКАЯ ОСТАНКИНСКАЯ вар ц/о в/у | C33: КГ | D33: 6.4 | E33: 6.4 | F33: =ROUNDUP(Новая_кратность_короба__кг/Кол_во_штук_в_коробе,3) -> 1.6 | G33: 4 | H33: 96 | I33: =ROUNDDOWN(Новая_кратность_короба__кг*Кол_во_коробок_на_поддоне,1) -> 614.4 | K33: =VLOOKUP(A33,КИ_ПФ!B33:AN854,39,FALSE) -> 614.4 | L33: =IF(I33=K33,"ИСТИНА","ЛОЖЬ") -> ИСТИНА
A34: 1001012456464 | B34: МОЛОЧНАЯ Папа может вар п/о_Окей | C34: КГ | D34: 4 | E34: 4 | F34: =ROUNDUP(Новая_кратность_короба__кг/Кол_во_штук_в_коробе,3) -> 1 | G34: 4 | H34: 112 | I34: =ROUNDDOWN(Новая_кратность_короба__кг*Кол_во_коробок_на_поддоне,1) -> 448 | K34: =VLOOKUP(A34,КИ_ПФ!B34:AN855,39,FALSE) -> 448 | L34: =IF(I34=K34,"ИСТИНА","ЛОЖЬ") -> ИСТИНА
A35: 1001012456876 | B35: МОЛОЧНАЯ Папа может вар п/о_Ашан | C35: КГ | D35: 4 | E35: 4 | F35: =ROUNDUP(Новая_кратность_короба__кг/Кол_во_штук_в_коробе,3) -> 1 | G35: 4 | H35: 112 | I35: =ROUNDDOWN(Новая_кратность_короба__кг*Кол_во_коробок_на_поддоне,1) -> 448 | K35: =VLOOKUP(A35,КИ_ПФ!B36:AN856,39,FALSE) -> 448 | L35: =IF(I35=K35,"ИСТИНА","ЛОЖЬ") -> ИСТИНА
A36: 1001012456498 | B36: МОЛОЧНАЯ Папа может вар п/о_Л | C36: КГ | D36: 4 | E36: 4 | F36: =ROUNDUP(Новая_кратность_короба__кг/Кол_во_штук_в_коробе,3) -> 1 | G36: 4 | H36: 112 | I36: =ROUNDDOWN(Новая_кратность_короба__кг*Кол_во_коробок_на_поддоне,1) -> 448 | K36: =VLOOKUP(A36,КИ_ПФ!B37:AN857,39,FALSE) -> 448 | L36: =IF(I36=K36,"ИСТИНА","ЛОЖЬ") -> ИСТИНА
A37: 1001012456481 | B37: Z-МОЛОЧНАЯ Папа может вар п/о | C37: КГ | D37: 4 | E37: 4 | F37: =ROUNDUP(Новая_кратность_короба__кг/Кол_во_штук_в_коробе,3) -> 1 | G37: 4 | H37: 128 | I37: =ROUNDDOWN(Новая_кратность_короба__кг*Кол_во_коробок_на_поддоне,1) -> 512 | K37: =VLOOKUP(A37,КИ_ПФ!B38:AN858,39,FALSE) -> 512 | L37: =IF(I37=K37,"ИСТИНА","ЛОЖЬ") -> ИСТИНА
A38: 1001010026594 | B38: МОЛОЧНАЯ СН вар п/о | C38: КГ | D38: 10.8 | E38: 10.8 | F38: =ROUNDUP(Новая_кратность_короба__кг/Кол_во_штук_в_коробе,3) -> 1.35 | G38: 8 | H38: 64 | I38: =ROUNDDOWN(Новая_кратность_короба__кг*Кол_во_коробок_на_поддоне,1) -> 691.2 | K38: =VLOOKUP(A38,КИ_ПФ!B39:AN859,39,FALSE) -> 691.2 | L38: =IF(I38=K38,"ИСТИНА","ЛОЖЬ") -> ИСТИНА
A39: 1001012484063 | B39: МЯСНАЯ Папа может вар п/о | C39: КГ | D39: 4.05 | E39: 4.05 | F39: =ROUNDUP(Новая_кратность_короба__кг/Кол_во_штук_в_коробе,3) -> 1.35 | G39: 3 | H39: 112 | I39: =ROUNDDOWN(Новая_кратность_короба__кг*Кол_во_коробок_на_поддоне,1) -> 453.6 | K39: =VLOOKUP(A39,КИ_ПФ!B39:AN859,39,FALSE) -> 453.6 | L39: =IF(I39=K39,"ИСТИНА","ЛОЖЬ") -> ИСТИНА
A40: 1001012483969 | B40: МЯСНАЯ Папа может вар п/о_Ашан | C40: КГ | D40: 4.05 | E40: 4.05 | F40: =ROUNDUP(Новая_кратность_короба__кг/Кол_во_штук_в_коробе,3) -> 1.35 | G40: 3 | H40: 112 | I40: =ROUNDDOWN(Новая_кратность_короба__кг*Кол_во_коробок_на_поддоне,1) -> 453.6 | K40: =VLOOKUP(A40,КИ_ПФ!B40:AN860,39,FALSE) -> 453.6 | L40: =IF(I40=K40,"ИСТИНА","ЛОЖЬ") -> ИСТИНА
A41: 1001012484109 | B41: МЯСНАЯ Папа может вар п/о_Метро | C41: КГ | D41: 4.05 | E41: 4.05 | F41: =ROUNDUP(Новая_кратность_короба__кг/Кол_во_штук_в_коробе,3) -> 1.35 | G41: 3 | H41: 128 | I41: =ROUNDDOWN(Новая_кратность_короба__кг*Кол_во_коробок_на_поддоне,1) -> 518.4 | K41: =VLOOKUP(A41,КИ_ПФ!B41:AN861,39,FALSE) -> 518.4 | L41: =IF(I41=K41,"ИСТИНА","ЛОЖЬ") -> ИСТИНА
A42: 1001012484025 | B42: МЯСНАЯ Папа может вар п/о_О | C42: КГ | D42: 4.05 | E42: 4.05 | F42: =ROUNDUP(Новая_кратность_короба__кг/Кол_во_штук_в_коробе,3) -> 1.35 | G42: 3 | H42: 112 | I42: =ROUNDDOWN(Новая_кратность_короба__кг*Кол_во_коробок_на_поддоне,1) -> 453.6 | K42: =VLOOKUP(A42,КИ_ПФ!B42:AN862,39,FALSE) -> 453.6 | L42: =IF(I42=K42,"ИСТИНА","ЛОЖЬ") -> ИСТИНА
A43: 1001012484405 | B43: МЯСНАЯ Папа может вар п/о_СНГ | C43: КГ | D43: 3.9 | E43: 3.9 | F43: =ROUNDUP(Новая_кратность_короба__кг/Кол_во_штук_в_коробе,3) -> 1.3 | G43: 3 | H43: 128 | I43: =ROUNDDOWN(Новая_кратность_короба__кг*Кол_во_коробок_на_поддоне,1) -> 499.2 | K43: =VLOOKUP(A43,КИ_ПФ!B43:AN863,39,FALSE) -> 499.2 | L43: =IF(I43=K43,"ИСТИНА","ЛОЖЬ") -> ИСТИНА
A44: 1001012484458 | B44: МЯСНАЯ Папа может вар п/о_Х5 | C44: КГ | D44: 4.05 | E44: 4.05 | F44: =ROUNDUP(Новая_кратность_короба__кг/Кол_во_штук_в_коробе,3) -> 1.35 | G44: 3 | H44: 128 | I44: =ROUNDDOWN(Новая_кратность_короба__кг*Кол_во_коробок_на_поддоне,1) -> 518.4 | K44: =VLOOKUP(A44,КИ_ПФ!B44:AN864,39,FALSE) -> 518.4 | L44: =IF(I44=K44,"ИСТИНА","ЛОЖЬ") -> ИСТИНА
A45: 1001012485125 | B45: Z-МЯСНАЯ Папа может вар п/о | C45: КГ | D45: 4.05 | E45: 4.05 | F45: =ROUNDUP(Новая_кратность_короба__кг/Кол_во_штук_в_коробе,3) -> 1.35 | G45: 3 | H45: 128 | I45: =ROUNDDOWN(Новая_кратность_короба__кг*Кол_во_коробок_на_поддоне,1) -> 518.4 | K45: =VLOOKUP(A45,КИ_ПФ!B45:AN865,39,FALSE) -> 518.4 | L45: =IF(I45=K45,"ИСТИНА","ЛОЖЬ") -> ИСТИНА
A46: 1001012485055 | B46: Z-МЯСНАЯ Папа может вар п/о_СНГ | C46: КГ | D46: 4.05 | E46: 4.05 | F46: =ROUNDUP(Новая_кратность_короба__кг/Кол_во_штук_в_коробе,3) -> 1.35 | G46: 3 | H46: 128 | I46: =ROUNDDOWN(Новая_кратность_короба__кг*Кол_во_коробок_на_поддоне,1) -> 518.4 | K46: =VLOOKUP(A46,КИ_ПФ!B46:AN866,39,FALSE) -> 518.4 | L46: =IF(I46=K46,"ИСТИНА","ЛОЖЬ") -> ИСТИНА
A47: 1001012634574 | B47: МЯСНАЯ СО ШПИКОМ Папа может вар п/о | C47: КГ | D47: 4.05 | E47: 4.05 | F47: =ROUNDUP(Новая_кратность_короба__кг/Кол_во_штук_в_коробе,3) -> 1.35 | G47: 3 | H47: 128 | I47: =ROUNDDOWN(Новая_кратность_короба__кг*Кол_во_коробок_на_поддоне,1) -> 518.4 | K47: =VLOOKUP(A47,КИ_ПФ!B47:AN867,39,FALSE) -> 518.4 | L47: =IF(I47=K47,"ИСТИНА","ЛОЖЬ") -> ИСТИНА
A48: 1001012637569 | B48: МЯСНАЯ СО ШПИКОМ ПМ вар п/о 1.35*8 | C48: КГ | D48: 10.8 | E48: 10.8 | F48: =ROUNDUP(Новая_кратность_короба__кг/Кол_во_штук_в_коробе,3) -> 1.35 | G48: 8 | H48: 72 | I48: =ROUNDDOWN(Новая_кратность_короба__кг*Кол_во_коробок_на_поддоне,1) -> 777.6 | K48: =VLOOKUP(A48,КИ_ПФ!B48:AN868,39,FALSE) -> 777.6 | L48: =IF(I48=K48,"ИСТИНА","ЛОЖЬ") -> ИСТИНА
A49: 1001012634424 | B49: Z-МЯСНАЯ СО ШПИКОМ ПМ вар п/о_СНГ | C49: КГ | D49: 4.05 | E49: 4.05 | F49: =ROUNDUP(Новая_кратность_короба__кг/Кол_во_штук_в_коробе,3) -> 1.35 | G49: 3 | H49: 128 | I49: =ROUNDDOWN(Новая_кратность_короба__кг*Кол_во_коробок_на_поддоне,1) -> 518.4 | K49: =VLOOKUP(A49,КИ_ПФ!B48:AN869,39,FALSE) -> 518.4 | L49: =IF(I49=K49,"ИСТИНА","ЛОЖЬ") -> ИСТИНА
A50: 1001016867554 | B50: РУССКАЯ ГОСТ вар н/о в/у_30с | C50: КГ | D50: 2.6 | E50: 2.6 | F50: =ROUNDUP(Новая_кратность_короба__кг/Кол_во_штук_в_коробе,3) -> 1.3 | G50: 2 | H50: 135 | I50: =ROUNDDOWN(Новая_кратность_короба__кг*Кол_во_коробок_на_поддоне,1) -> 351 | K50: =VLOOKUP(A50,КИ_ПФ!B49:AN870,39,FALSE) -> 351 | L50: =IF(I50=K50,"ИСТИНА","ЛОЖЬ") -> ИСТИНА
A51: 1001016867517 | B51: РУССКАЯ ГОСТ Останкино вар н/о в/у | C51: КГ | D51: 2.6 | E51: 2.6 | F51: =ROUNDUP(Новая_кратность_короба__кг/Кол_во_штук_в_коробе,3) -> 1.3 | G51: 2 | H51: 135 | I51: =ROUNDDOWN(Новая_кратность_короба__кг*Кол_во_коробок_на_поддоне,1) -> 351 | K51: =VLOOKUP(A51,КИ_ПФ!B50:AN871,39,FALSE) -> 351 | L51: =IF(I51=K51,"ИСТИНА","ЛОЖЬ") -> ИСТИНА
A52: 1001010506989 | B52: РУССКАЯ ОРИГИНАЛЬНАЯ вар ц/о в/у_45с | C52: КГ | D52: 6.5 | E52: 6.5 | F52: =ROUNDUP(Новая_кратность_короба__кг/Кол_во_штук_в_коробе,3) -> 1.625 | G52: 4 | H52: 96 | I52: =ROUNDDOWN(Новая_кратность_короба__кг*Кол_во_коробок_на_поддоне,1) -> 624 | K52: =VLOOKUP(A52,КИ_ПФ!B51:AN872,39,FALSE) -> 624 | L52: =IF(I52=K52,"ИСТИНА","ЛОЖЬ") -> ИСТИНА
A53: 1001017597556 | B53: РУССКАЯ ПО-ОСТАНКИНСКИ вар б/о в/у | C53: КГ | D53: 3 | E53: 3 | F53: =ROUNDUP(Новая_кратность_короба__кг/Кол_во_штук_в_коробе,3) -> 1.5 | G53: 2 | H53: 128 | I53: =ROUNDDOWN(Новая_кратность_короба__кг*Кол_во_коробок_на_поддоне,1) -> 384 | K53: =VLOOKUP(A53,КИ_ПФ!B55:AN876,39,FALSE) -> 384 | L53: =IF(I53=K53,"ИСТИНА","ЛОЖЬ") -> ИСТИНА
A54: 1001010116327 | B54: СЛИВОЧНАЯ Коровино вар п/о | C54: КГ | D54: 10.8 | E54: 10.8 | F54: =ROUNDUP(Новая_кратность_короба__кг/Кол_во_штук_в_коробе,3) -> 1.35 | G54: 8 | H54: 54 | I54: =ROUNDDOWN(Новая_кратность_короба__кг*Кол_во_коробок_на_поддоне,1) -> 583.2 | K54: =VLOOKUP(A54,КИ_ПФ!B56:AN877,39,FALSE) -> 583.2 | L54: =IF(I54=K54,"ИСТИНА","ЛОЖЬ") -> ИСТИНА
A55: 1001016747342 | B55: СЕЙЧАС СЕЗОН Папа может вар п/о | C55: КГ | D55: 5.4 | E55: 5.4 | F55: =ROUNDUP(Новая_кратность_короба__кг/Кол_во_штук_в_коробе,3) -> 1.35 | G55: 4 | H55: 112 | I55: =ROUNDDOWN(Новая_кратность_короба__кг*Кол_во_коробок_на_поддоне,1) -> 604.8 | K55: =VLOOKUP(A55,КИ_ПФ!B57:AN878,39,FALSE) -> 604.8 | L55: =IF(I55=K55,"ИСТИНА","ЛОЖЬ") -> ИСТИНА
A56: 1001015696863 | B56: СО ШПИКОМ И ЧЕСНОКОМ Коровино п/о | C56: КГ | D56: 10.8 | E56: 10.8 | F56: =ROUNDUP(Новая_кратность_короба__кг/Кол_во_штук_в_коробе,3) -> 1.35 | G56: 8 | H56: 54 | I56: =ROUNDDOWN(Новая_кратность_короба__кг*Кол_во_коробок_на_поддоне,1) -> 583.2 | K56: =VLOOKUP(A56,КИ_ПФ!B58:AN879,39,FALSE) -> 583.2 | L56: =IF(I56=K56,"ИСТИНА","ЛОЖЬ") -> ИСТИНА
A57: 1001017567518 | B57: ТЕЛЯЧЬЯ ГОСТ Останкино вар н/о в/у | C57: КГ | D57: 2.7 | E57: 2.7 | F57: =ROUNDUP(Новая_кратность_короба__кг/Кол_во_штук_в_коробе,3) -> 1.35 | G57: 2 | H57: 135 | I57: =ROUNDDOWN(Новая_кратность_короба__кг*Кол_во_коробок_на_поддоне,1) -> 364.5 | K57: =VLOOKUP(A57,КИ_ПФ!B59:AN880,39,FALSE) -> 364.5 | L57: =IF(I57=K57,"ИСТИНА","ЛОЖЬ") -> ИСТИНА
A58: 1001012564813 | B58: ФИЛЕЙНАЯ Папа может вар п/о | C58: КГ | D58: 4.05 | E58: 4.05 | F58: =ROUNDUP(Новая_кратность_короба__кг/Кол_во_штук_в_коробе,3) -> 1.35 | G58: 3 | H58: 112 | I58: =ROUNDDOWN(Новая_кратность_короба__кг*Кол_во_коробок_на_поддоне,1) -> 453.6 | K58: =VLOOKUP(A58,КИ_ПФ!B60:AN881,39,FALSE) -> 453.6 | L58: =IF(I58=K58,"ИСТИНА","ЛОЖЬ") -> ИСТИНА
A59: 1001012566309 | B59: ФИЛЕЙНАЯ Папа может вар п/о_А | C59: КГ | D59: 4.05 | E59: 4.05 | F59: =ROUNDUP(Новая_кратность_короба__кг/Кол_во_штук_в_коробе,3) -> 1.35 | G59: 3 | H59: 112 | I59: =ROUNDDOWN(Новая_кратность_короба__кг*Кол_во_коробок_на_поддоне,1) -> 453.6 | K59: =VLOOKUP(A59,КИ_ПФ!B61:AN882,39,FALSE) -> 453.6 | L59: =IF(I59=K59,"ИСТИНА","ЛОЖЬ") -> ИСТИНА
A60: 1001012564211 | B60: ФИЛЕЙНАЯ Папа может вар п/о_О | C60: КГ | D60: 4.05 | E60: 4.05 | F60: =ROUNDUP(Новая_кратность_короба__кг/Кол_во_штук_в_коробе,3) -> 1.35 | G60: 3 | H60: 112 | I60: =ROUNDDOWN(Новая_кратность_короба__кг*Кол_во_коробок_на_поддоне,1) -> 453.6 | K60: =VLOOKUP(A60,КИ_ПФ!B63:AN883,39,FALSE) -> 453.6 | L60: =IF(I60=K60,"ИСТИНА","ЛОЖЬ") -> ИСТИНА
A61: 1001012564335 | B61: ФИЛЕЙНАЯ Папа может вар п/о_СНГ | C61: КГ | D61: 4.05 | E61: 4.05 | F61: =ROUNDUP(Новая_кратность_короба__кг/Кол_во_штук_в_коробе,3) -> 1.35 | G61: 3 | H61: 128 | I61: =ROUNDDOWN(Новая_кратность_короба__кг*Кол_во_коробок_на_поддоне,1) -> 518.4 | K61: =VLOOKUP(A61,КИ_ПФ!B64:AN884,39,FALSE) -> 518.4 | L61: =IF(I61=K61,"ИСТИНА","ЛОЖЬ") -> ИСТИНА
A62: 1001012564425 | B62: Z-ФИЛЕЙНАЯ Папа может вар п/о_СНГ | C62: КГ | D62: 4.05 | E62: 4.05 | F62: =ROUNDUP(Новая_кратность_короба__кг/Кол_во_штук_в_коробе,3) -> 1.35 | G62: 3 | H62: 128 | I62: =ROUNDDOWN(Новая_кратность_короба__кг*Кол_во_коробок_на_поддоне,1) -> 518.4 | K62: =VLOOKUP(A62,КИ_ПФ!B65:AN885,39,FALSE) -> 518.4 | L62: =IF(I62=K62,"ИСТИНА","ЛОЖЬ") -> ИСТИНА
A63: 1001012563485 | B63: Z-ФИЛЕЙНАЯ Папа может вар п/о | C63: КГ | D63: 4.05 | E63: 4.05 | F63: =ROUNDUP(Новая_кратность_короба__кг/Кол_во_штук_в_коробе,3) -> 1.35 | G63: 3 | H63: 128 | I63: =ROUNDDOWN(Новая_кратность_короба__кг*Кол_во_коробок_на_поддоне,1) -> 518.4 | K63: =VLOOKUP(A63,КИ_ПФ!B66:AN886,39,FALSE) -> 518.4 | L63: =IF(I63=K63,"ИСТИНА","ЛОЖЬ") -> ИСТИНА
A64: 1001012505851 | B64: ЭКСТРА Папа может вар п/о | C64: КГ | D64: 4.05 | E64: 4.05 | F64: =ROUNDUP(Новая_кратность_короба__кг/Кол_во_штук_в_коробе,3) -> 1.35 | G64: 3 | H64: 128 | I64: =ROUNDDOWN(Новая_кратность_короба__кг*Кол_во_коробок_на_поддоне,1) -> 518.4 | K64: =VLOOKUP(A64,КИ_ПФ!B67:AN887,39,FALSE) -> 518.4 | L64: =IF(I64=K64,"ИСТИНА","ЛОЖЬ") -> ИСТИНА
A65: 1001092674584 | B65: ВЕТЧ.ИЗ ЛОПАТКИ Папа может п/о_HRC | C65: КГ | D65: 7.5 | E65: 7.5 | F65: =ROUNDUP(Новая_кратность_короба__кг/Кол_во_штук_в_коробе,3) -> 2.5 | G65: 3 | H65: 80 | I65: =ROUNDDOWN(Новая_кратность_короба__кг*Кол_во_коробок_на_поддоне,1) -> 600 | K65: =VLOOKUP(A65,КИ_ПФ!B68:AN888,39,FALSE) -> 600 | L65: =IF(I65=K65,"ИСТИНА","ЛОЖЬ") -> ИСТИНА
A66: 1001092675902 | B66: ВЕТЧ.ИЗ ЛОПАТКИ Папа может п/о_HRC_Окей | C66: КГ | D66: 7.5 | E66: 7.5 | F66: =ROUNDUP(Новая_кратность_короба__кг/Кол_во_штук_в_коробе,3) -> 2.5 | G66: 3 | H66: 80 | I66: =ROUNDDOWN(Новая_кратность_короба__кг*Кол_во_коробок_на_поддоне,1) -> 600 | K66: =VLOOKUP(A66,КИ_ПФ!B69:AN889,39,FALSE) -> 600 | L66: =IF(I66=K66,"ИСТИНА","ЛОЖЬ") -> ИСТИНА
A67: 1001092675945 | B67: Z-ВЕТЧ.ИЗ ЛОПАТКИ Папа может п/о_HRC | C67: КГ | D67: 7.5 | E67: 7.5 | F67: =ROUNDUP(Новая_кратность_короба__кг/Кол_во_штук_в_коробе,3) -> 2.5 | G67: 3 | H67: 80 | I67: =ROUNDDOWN(Новая_кратность_короба__кг*Кол_во_коробок_на_поддоне,1) -> 600 | K67: =VLOOKUP(A67,КИ_ПФ!B70:AN890,39,FALSE) -> 600 | L67: =IF(I67=K67,"ИСТИНА","ЛОЖЬ") -> ИСТИНА
A68: 1001092677543 | B68: ВЕТЧ.ИЗ ЛОПАТКИ п/о (пресс)_HRC | C68: КГ | D68: 6 | E68: 6 | F68: =ROUNDUP(Новая_кратность_короба__кг/Кол_во_штук_в_коробе,3) -> 3 | G68: 2 | H68: 100 | I68: =ROUNDDOWN(Новая_кратность_короба__кг*Кол_во_коробок_на_поддоне,1) -> 600 | K68: =VLOOKUP(A68,КИ_ПФ!B71:AN891,39,FALSE) -> 600 | L68: =IF(I68=K68,"ИСТИНА","ЛОЖЬ") -> ИСТИНА
A69: 1001094966025 | B69: ВЕТЧ.ФИРМЕННАЯ С ИНДЕЙКОЙ п/о | C69: КГ | D69: 6 | E69: 6 | F69: =ROUNDUP(Новая_кратность_короба__кг/Кол_во_штук_в_коробе,3) -> 3 | G69: 2 | H69: 100 | I69: =ROUNDDOWN(Новая_кратность_короба__кг*Кол_во_коробок_на_поддоне,1) -> 600 | K69: =VLOOKUP(A69,КИ_ПФ!B72:AN892,39,FALSE) -> 600 | L69: =IF(I69=K69,"ИСТИНА","ЛОЖЬ") -> ИСТИНА
A70: 1001094966848 | B70: ВЕТЧ.ФИРМЕННАЯ С ИНДЕЙКОЙ ПМ п/о 1.5*4 | C70: КГ | D70: 6 | E70: 6 | F70: =ROUNDUP(Новая_кратность_короба__кг/Кол_во_штук_в_коробе,3) -> 1.5 | G70: 4 | H70: 128 | I70: =ROUNDDOWN(Новая_кратность_короба__кг*Кол_во_коробок_на_поддоне,1) -> 768 | K70: =VLOOKUP(A70,КИ_ПФ!B73:AN893,39,FALSE) -> 768 | L70: =IF(I70=K70,"ИСТИНА","ЛОЖЬ") -> ИСТИНА
A71: 1001092646823 | B71: ВЕТЧ.ДОМАШНЯЯ Папа может п/о | C71: КГ | D71: 6 | E71: 6 | F71: =ROUNDUP(Новая_кратность_короба__кг/Кол_во_штук_в_коробе,3) -> 1.5 | G71: 4 | H71: 128 | I71: =ROUNDDOWN(Новая_кратность_короба__кг*Кол_во_коробок_на_поддоне,1) -> 768 | K71: =VLOOKUP(A71,КИ_ПФ!B74:AN894,39,FALSE) -> 768 | L71: =IF(I71=K71,"ИСТИНА","ЛОЖЬ") -> ИСТИНА
A72: 1001095726867 | B72: ВЕТЧ.ДОМАШНИЙ РЕЦЕПТ Коровино п/о | C72: КГ | D72: 4 | E72: 4 | F72: =ROUNDUP(Новая_кратность_короба__кг/Кол_во_штук_в_коробе,3) -> 2 | G72: 2 | H72: 120 | I72: =ROUNDDOWN(Новая_кратность_короба__кг*Кол_во_коробок_на_поддоне,1) -> 480 | K72: =VLOOKUP(A72,КИ_ПФ!B74:AN894,39,FALSE) -> 480 | L72: =IF(I72=K72,"ИСТИНА","ЛОЖЬ") -> ИСТИНА
