Workbook
Name CodeProxySet: Setting!$E$24:$E$25
Name Comment: 'Бланк заказа'!$H$5
Name ContactInformation: 'Бланк заказа'!$A$12
Name CustAccount: 'Бланк заказа'!$V$10
Name CustName: 'Бланк заказа'!$V$6
Name DateFrom: 'Бланк заказа'!$R$1
Name DeliveryAddress: 'Бланк заказа'!$D$6
Name DeliveryAdressList: Setting!$B$6:$B$11
Name DeliveryCodeAdressList: Setting!$C$6:$C$11
Name DeliveryConditions: 'Бланк заказа'!$V$12
Name DeliveryConditionsList: Setting!$B$25:$B$35
Name DeliveryDate: 'Бланк заказа'!$Q$9
Name DeliveryMethodList: Setting!$B$3:$B$4
Name DeliveryNumAdressList: Setting!$D$6:$D$11
Name DeliveryTime: 'Бланк заказа'!$Q$10
Name DeliveryTime2: 'Бланк заказа'!$Q$11
Name DeliveryTime3: 'Бланк заказа'!$Q$12
Name DeliveryTime4: 'Бланк заказа'!$Q$13
Name DlvMode: 'Бланк заказа'!$V$5
Name FileCodeCheck: Setting!$G$1
Name FIOProxy: 'Бланк заказа'!$H$9:$I$9
Name FIOProxySet: Setting!$C$24:$C$25
Name GrossWeightTotal: 'Бланк заказа'!$X$489:$X$489
Name GrossWeightTotalR: 'Бланк заказа'!$Y$489:$Y$489
Name LoadDate: 'Бланк заказа'!$Q$5
Name LoadTime: 'Бланк заказа'!$Q$8
Name NumProxy: 'Бланк заказа'!$D$10
Name NumProxySet: Setting!$B$24:$B$25
Name PalletQtyTotal: 'Бланк заказа'!$X$490:$X$490
Name PalletQtyTotalR: 'Бланк заказа'!$Y$490:$Y$490
Name PassportProxy: 'Бланк заказа'!$J$9:$M$9
Name PassportProxySet: Setting!$D$24:$D$25
Name ProductId1: 'Бланк заказа'!$B$22:$B$22
Name ProductId10: 'Бланк заказа'!$B$42:$B$42
Name ProductId100: 'Бланк заказа'!$B$218:$B$218
Name ProductId101: 'Бланк заказа'!$B$219:$B$219
Name ProductId102: 'Бланк заказа'!$B$220:$B$220
Name ProductId103: 'Бланк заказа'!$B$221:$B$221
Name ProductId104: 'Бланк заказа'!$B$222:$B$222
Name ProductId105: 'Бланк заказа'!$B$223:$B$223
Name ProductId106: 'Бланк заказа'!$B$224:$B$224
Name ProductId107: 'Бланк заказа'!$B$225:$B$225
Name ProductId108: 'Бланк заказа'!$B$229:$B$229
Name ProductId109: 'Бланк заказа'!$B$230:$B$230
Name ProductId11: 'Бланк заказа'!$B$43:$B$43
Name ProductId110: 'Бланк заказа'!$B$235:$B$235
Name ProductId111: 'Бланк заказа'!$B$236:$B$236
Name ProductId112: 'Бланк заказа'!$B$237:$B$237
Name ProductId113: 'Бланк заказа'!$B$238:$B$238
Name ProductId114: 'Бланк заказа'!$B$239:$B$239
Name ProductId115: 'Бланк заказа'!$B$240:$B$240
Name ProductId116: 'Бланк заказа'!$B$241:$B$241
Name ProductId117: 'Бланк заказа'!$B$245:$B$245
Name ProductId118: 'Бланк заказа'!$B$249:$B$249
Name ProductId119: 'Бланк заказа'!$B$253:$B$253
Name ProductId12: 'Бланк заказа'!$B$44:$B$44
Name ProductId120: 'Бланк заказа'!$B$254:$B$254
Name ProductId121: 'Бланк заказа'!$B$255:$B$255
Name ProductId122: 'Бланк заказа'!$B$256:$B$256
Name ProductId123: 'Бланк заказа'!$B$257:$B$257

Sheet Бланк заказа
D1: БЛАНК ЗАКАЗА | G1: КИ | H1: на отгрузку продукции с ООО Трейд-Сервис с | R1: 02.03.2026
A2: бланк создан | B2: 25.02.2026 | P2: =IF(ISNA(VLOOKUP(DeliveryAddress,Setting!B:C,2,FALSE)),"",IF(ISNA(VLOOKUP(UnloadAddress,Setting!B:C,2,FALSE)),"",IF(VLOOKUP(DeliveryAddress,Setting!B:C,2,FALSE)=VLOOKUP(UnloadAddress,Setting!B:C,2,FALSE),"","Укажите, кто получит груз в поле Тип доверенности.")))
B3: -поле, обязательное к заполнению | F3: -поля, не обязательные к заполнению
A5: Ваш контактный телефон и имя: | F5: Комментарий к заказу: | H5: загрузить отдельно, подписать №3, машина 4 | P5: Дата загрузки | Q5: 46222 | T5: Способ доставки (доставка/самовывоз) | V5: Самовывоз
A6: Адрес доставки: | D6: НВ, ООО 9001015535, Луганская Народная Респ, Рабочая ул, д. 10А, | P6: День недели | Q6: =IF(Q5=0," ",CHOOSE(WEEKDAY(Q5,2),"Понедельник","Вторник","Среда","Четверг","Пятница","Суббота","Воскресенье")) -> Воскресенье | T6: Наименование клиента | V6: ОБЩЕСТВО С ОГРАНИЧЕННОЙ ОТВЕТСТВЕННОСТЬЮ "НОВОЕ ВРЕМЯ"
D7: =IFERROR(VLOOKUP(DeliveryAddress,Table,3,0),1) -> 6
A8: Адрес сдачи груза: | P8: Время загрузки | Q8: 0.5
A9: =IF(ISNA(VLOOKUP(DeliveryAddress,Setting!B:C,2,FALSE)),"",IF(ISNA(VLOOKUP(UnloadAddress,Setting!B:C,2,FALSE)),"",IF(VLOOKUP(DeliveryAddress,Setting!B:C,2,FALSE)=VLOOKUP(UnloadAddress,Setting!B:C,2,FALSE),"","Тип доверенности/получателя при получении в адресе перегруза:"))) | F9: =IF(AND($A$9="Тип доверенности/получателя при получении в адресе перегруза:",$D$9="Разовая доверенность"),"Паспортные данные получателя заказа:","") | H9: =IF(AND($A$9="Тип доверенности/получателя при получении в адресе перегруза:",$D$9="Разовая доверенность"),"Введите ФИО","") | J9: =IF(AND($A$9="Тип доверенности/получателя при получении в адресе перегруза:",$D$9="Разовая доверенность"),"Введите паспортные данные","") | P9: Дата доставки | Q9: 46224
A10: =IF(AND($A$9="Тип доверенности/получателя при получении в адресе перегруза:",$D$9="Уполномоченное лицо"),"Постоянная доверенность (название, номер):","") | F10: =IF(AND($A$9="Тип доверенности/получателя при получении в адресе перегруза:",$D$9="Уполномоченное лицо"),"Уполномоченное лицо при получении груза в адресе перегруза:","") | H10: =IFERROR(VLOOKUP($D$10,Proxy,2,FALSE),"") | P10: Время доставки | Q10: 0.54166667 | U10: КОД Аксапты Клиента | V10: 596383
A11: Справочная информация: | P11: Время доставки 2 машины | U11: Тип заказа | V11: Основной заказ
A12: Телефоны для заказов: 8(919)002-63-01 E-mail: kolbasa@abi.ru Телефон сотрудников склада: 8 (910) 775-52-91 | P12: Время доставки 3 машины
A13: График приема заказов: Заказы принимаются за ДВА дня до отгрузки Пн-Пт: с 9:00 до 14:00, Суб., Вс. - до 12:00 | P13: Время доставки 4 машины
A14: Телефон менеджера по логистике: 8 (919) 012-30-55 - по вопросам доставки продукции
A15: Телефон по работе с претензиями/жалобами (WhatSapp): 8 (980) 757-69-93 E-mail: Claims@abiproduct.ru | P15: Кликните на продукт, чтобы просмотреть изображение
A17: Код единицы продаж | B17: Код продукта | C17: Номер варианта | D17: Штрих-код | F17: Вес нетто штуки, кг | G17: Кол-во штук в коробе, шт | H17: Вес нетто короба, кг | I17: Вес брутто короба, кг | J17: Кол-во кор. на паллте, шт | K17: Коробов в слое | L17: Квант заказа | M17: Завод | N17: Внешний код номенклатуры | O17: Срок годности, сут. | P17: Наименование | U17: Доступно к отгрузке | W17: Ед. изм. | X17: Заказ | Y17: Заказ с округлением до короба | Z17: Объём заказа, м3 | AA17: Примечание по продуктку | AB17: Признак "НОВИНКА" | AC17: Декларация/Сертификат | AD17: Для формул | BD17: Вид продукции
U18: начиная с | V18: до
A19: Ядрена копоть
A20: Ядрена копоть
A21: Копченые колбасы
A22: SU004004 | B22: P005154 | C22: 4301031446 | D22: 4680115887510 | F22: 0.2 | G22: 6 | H22: 1.2 | I22: 1.38 | J22: 182 | K22: 14 | M22: СК2 | O22: 40 | P22: =HYPERLINK("https://abi.ru/products/Охлажденные/Ядрена копоть/Ядрена копоть/Копченые колбасы/P005154/","Копченые колбасы «Колбаски Мини-колбаски со вкусом Мясо на углях» Фикс.вес 0,2 б/о ТМ «Ядрена копоть»") -> Копченые колбасы «Колбаски Мини-колбаски со вкусом Мясо на углях» Фикс.вес 0,2 б/о ТМ «Ядрена копоть» | W22: кг | X22: 0 | Y22: =IFERROR(IF(X22="",0,CEILING((X22/$H22),1)*$H22),"") -> 0 | Z22: =IFERROR(IF(Y22=0,"",ROUNDUP(Y22/H22,0)*0.00651),"") | AC22: ЕАЭС N RU Д-RU.РА09.В.81943/25 | AK22: 0 | BB22: КИ | BM22: =IFERROR(X22*I22/H22,"0") -> 0 | BN22: =IFERROR(Y22*I22/H22,"0") -> 0 | BO22: =IFERROR(1/J22*(X22/H22),"0") -> 0 | BP22: =IFERROR(1/J22*(Y22/H22),"0") -> 0
A23: SU003188 | B23: P003827 | C23: 4301031278 | D23: 4680115886643 | F23: 0.19 | G23: 10 | H23: 1.9 | I23: 2 | J23: 234 | K23: 18 | M23: СК2 | O23: 40 | P23: =HYPERLINK("https://abi.ru/products/Охлажденные/Ядрена копоть/Ядрена копоть/Копченые колбасы/P003827/","Копченые колбасы «Рубленая» Фикс.вес 0,19 целлофан ТМ «Ядрена копоть»") -> Копченые колбасы «Рубленая» Фикс.вес 0,19 целлофан ТМ «Ядрена копоть» | W23: кг | X23: 0 | Y23: =IFERROR(IF(X23="",0,CEILING((X23/$H23),1)*$H23),"") -> 0 | Z23: =IFERROR(IF(Y23=0,"",ROUNDUP(Y23/H23,0)*0.00502),"") | AC23: ЕАЭС N RU Д-RU.РА10.В.06818/24 | AK23: 0 | BB23: КИ | BM23: =IFERROR(X23*I23/H23,"0") -> 0 | BN23: =IFERROR(Y23*I23/H23,"0") -> 0 | BO23: =IFERROR(1/J23*(X23/H23),"0") -> 0 | BP23: =IFERROR(1/J23*(Y23/H23),"0") -> 0
P24: Итого | W24: кор | X24: =IFERROR(X22/H22,"0")+IFERROR(X23/H23,"0") -> 0 | Y24: =IFERROR(Y22/H22,"0")+IFERROR(Y23/H23,"0") -> 0 | Z24: =IFERROR(IF(Z22="",0,Z22),"0")+IFERROR(IF(Z23="",0,Z23),"0") -> 0
P25: Итого | W25: кг | X25: =IFERROR(SUM(X22:X23),"0") -> 0 | Y25: =IFERROR(SUM(Y22:Y23),"0") -> 0
A26: Сосиски
A27: SU003664 | B27: P004653 | C27: 4301051866 | D27: 4680115885912 | F27: 0.3 | G27: 6 | H27: 1.8 | I27: 3.18 | J27: 182 | K27: 14 | M27: СК3 | O27: 40 | P27: =HYPERLINK("https://abi.ru/products/Охлажденные/Ядрена копоть/Ядрена копоть/Сосиски/P004653/","Сосиски «Классические» Фикс.вес 0,3 ц/о мгс ТМ «Ядрена копоть»") -> Сосиски «Классические» Фикс.вес 0,3 ц/о мгс ТМ «Ядрена копоть» | W27: кг | X27: 0 | Y27: =IFERROR(IF(X27="",0,CEILING((X27/$H27),1)*$H27),"") -> 0 | Z27: =IFERROR(IF(Y27=0,"",ROUNDUP(Y27/H27,0)*0.00651),"") | AC27: ЕАЭС N RU Д-RU.РА10.В.84355/25, ЕАЭС N RU Д-RU.РА11.В.72353/25 | AK27: 0 | BB27: КИ | BM27: =IFERROR(X27*I27/H27,"0") -> 0 | BN27: =IFERROR(Y27*I27/H27,"0") -> 0 | BO27: =IFERROR(1/J27*(X27/H27),"0") -> 0 | BP27: =IFERROR(1/J27*(Y27/H27),"0") -> 0
A28: SU000341 | B28: P003752 | C28: 4301051776 | D28: 4607091388237 | F28: 0.42 | G28: 6 | H28: 2.52 | I28: 2.766 | J28: 182 | K28: 14 | M28: СК3 | O28: 40 | P28: =HYPERLINK("https://abi.ru/products/Охлажденные/Ядрена копоть/Ядрена копоть/Сосиски/P003752/","Сосиски Классические Ядрена копоть Фикс.вес 0,42 ц/о мгс Ядрена копоть") -> Сосиски Классические Ядрена копоть Фикс.вес 0,42 ц/о мгс Ядрена копоть | W28: кг | X28: 0 | Y28: =IFERROR(IF(X28="",0,CEILING((X28/$H28),1)*$H28),"") -> 0 | Z28: =IFERROR(IF(Y28=0,"",ROUNDUP(Y28/H28,0)*0.00651),"") | AC28: ЕАЭС N RU Д-RU.РА10.В.84355/25, ЕАЭС N RU Д-RU.РА11.В.72353/25 | AK28: 0 | BB28: КИ | BM28: =IFERROR(X28*I28/H28,"0") -> 0 | BN28: =IFERROR(Y28*I28/H28,"0") -> 0 | BO28: =IFERROR(1/J28*(X28/H28),"0") -> 0 | BP28: =IFERROR(1/J28*(Y28/H28),"0") -> 0
A29: SU004016 | B29: P005150 | C29: 4301052063 | D29: 4680115887350 | F29: 0.3 | G29: 6 | H29: 1.8 | I29: 3.18 | J29: 182 | K29: 14 | M29: СК4 | O29: 40 | P29: =HYPERLINK("https://abi.ru/products/Охлажденные/Ядрена копоть/Ядрена копоть/Сосиски/P005150/","Сосиски «Мясные для гриля» Фикс.вес 0,3 целлофан ТМ «Ядрена копоть»") -> Сосиски «Мясные для гриля» Фикс.вес 0,3 целлофан ТМ «Ядрена копоть» | W29: кг | X29: 0 | Y29: =IFERROR(IF(X29="",0,CEILING((X29/$H29),1)*$H29),"") -> 0 | Z29: =IFERROR(IF(Y29=0,"",ROUNDUP(Y29/H29,0)*0.00651),"") | AC29: ЕАЭС N RU Д-RU.РА07.В.65552/25, ЕАЭС N RU Д-RU.РА07.В.66509/25 | AK29: 0 | BB29: КИ | BM29: =IFERROR(X29*I29/H29,"0") -> 0 | BN29: =IFERROR(Y29*I29/H29,"0") -> 0 | BO29: =IFERROR(1/J29*(X29/H29),"0") -> 0 | BP29: =IFERROR(1/J29*(Y29/H29),"0") -> 0
A30: SU003665 | B30: P004642 | C30: 4301051863 | D30: 4680115885905 | F30: 0.3 | G30: 6 | H30: 1.8 | I30: 3.18 | J30: 182 | K30: 14 | M30: СК4 | O30: 40 | P30: =HYPERLINK("https://abi.ru/products/Охлажденные/Ядрена копоть/Ядрена копоть/Сосиски/P004642/","Сосиски «Сосиски с сыром» Фикс.вес 0,3 вискофан ТМ «Ядрена копоть»") -> Сосиски «Сосиски с сыром» Фикс.вес 0,3 вискофан ТМ «Ядрена копоть» | W30: кг | X30: 0 | Y30: =IFERROR(IF(X30="",0,CEILING((X30/$H30),1)*$H30),"") -> 0 | Z30: =IFERROR(IF(Y30=0,"",ROUNDUP(Y30/H30,0)*0.00651),"") | AC30: ЕАЭС N RU Д-RU.РА06.В.92094/23 | AK30: 0 | BB30: КИ | BM30: =IFERROR(X30*I30/H30,"0") -> 0 | BN30: =IFERROR(Y30*I30/H30,"0") -> 0 | BO30: =IFERROR(1/J30*(X30/H30),"0") -> 0 | BP30: =IFERROR(1/J30*(Y30/H30),"0") -> 0
A31: SU004080 | B31: P005211 | C31: 4301052078 | D31: 4680115887657 | F31: 0.33 | G31: 6 | H31: 1.98 | I31: 2.16 | J31: 182 | K31: 14 | M31: СК4 | O31: 40 | P31: =HYPERLINK("https://abi.ru/products/Охлажденные/Ядрена копоть/Ядрена копоть/Сосиски/P005211/","Сосиски «со вкусом Дикий васаби» Фикс.вес 0,33 целлофан ТМ «Ядрена копоть»") -> Сосиски «со вкусом Дикий васаби» Фикс.вес 0,33 целлофан ТМ «Ядрена копоть» | W31: кг | X31: 0 | Y31: =IFERROR(IF(X31="",0,CEILING((X31/$H31),1)*$H31),"") -> 0 | Z31: =IFERROR(IF(Y31=0,"",ROUNDUP(Y31/H31,0)*0.00651),"") | AC31: ЕАЭС N RU Д-RU.РА11.В.17157/25, ЕАЭС N RU Д-RU.РА11.В.18056/25 | AK31: 0 | BB31: КИ | BM31: =IFERROR(X31*I31/H31,"0") -> 0 | BN31: =IFERROR(Y31*I31/H31,"0") -> 0 | BO31: =IFERROR(1/J31*(X31/H31),"0") -> 0 | BP31: =IFERROR(1/J31*(Y31/H31),"0") -> 0
A32: SU004073 | B32: P005210 | C32: 4301052071 | D32: 4680115887619 | F32: 0.33 | G32: 6 | H32: 1.98 | I32: 2.16 | J32: 182 | K32: 14 | M32: СК3 | O32: 40 | P32: =HYPERLINK("https://abi.ru/products/Охлажденные/Ядрена копоть/Ядрена копоть/Сосиски/P005210/","Сосиски «со вкусом Перечный стейк» Фикс.вес 0,33 целлофан ТМ «Ядрена копоть»") -> Сосиски «со вкусом Перечный стейк» Фикс.вес 0,33 целлофан ТМ «Ядрена копоть» | W32: кг | X32: 0 | Y32: =IFERROR(IF(X32="",0,CEILING((X32/$H32),1)*$H32),"") -> 0 | Z32: =IFERROR(IF(Y32=0,"",ROUNDUP(Y32/H32,0)*0.00651),"") | AC32: ЕАЭС N RU Д-RU.РА09.В.48525/25 | AK32: 0 | BB32: КИ | BM32: =IFERROR(X32*I32/H32,"0") -> 0 | BN32: =IFERROR(Y32*I32/H32,"0") -> 0 | BO32: =IFERROR(1/J32*(X32/H32),"0") -> 0 | BP32: =IFERROR(1/J32*(Y32/H32),"0") -> 0
P33: Итого | W33: кор | X33: =IFERROR(X27/H27,"0")+IFERROR(X28/H28,"0")+IFERROR(X29/H29,"0")+IFERROR(X30/H30,"0")+IFERROR(X31/H31,"0")+IFERROR(X32/H32,"0") -> 0 | Y33: =IFERROR(Y27/H27,"0")+IFERROR(Y28/H28,"0")+IFERROR(Y29/H29,"0")+IFERROR(Y30/H30,"0")+IFERROR(Y31/H31,"0")+IFERROR(Y32/H32,"0") -> 0 | Z33: =IFERROR(IF(Z27="",0,Z27),"0")+IFERROR(IF(Z28="",0,Z28),"0")+IFERROR(IF(Z29="",0,Z29),"0")+IFERROR(IF(Z30="",0,Z30),"0")+IFERROR(IF(Z31="",0,Z31),"0")+IFERROR(IF(Z32="",0,Z32),"0") -> 0
P34: Итого | W34: кг | X34: =IFERROR(SUM(X27:X32),"0") -> 0 | Y34: =IFERROR(SUM(Y27:Y32),"0") -> 0
A35: Сырокопченые колбасы
A36: SU002050 | B36: P002188 | C36: 4301032013 | D36: 4607091388503 | F36: 0.05 | G36: 12 | H36: 0.6 | I36: 0.822 | J36: 182 | K36: 14 | M36: АК | O36: 120 | P36: =HYPERLINK("https://abi.ru/products/Охлажденные/Ядрена копоть/Ядрена копоть/Сырокопченые колбасы/P002188/","С/к колбасы Мини-салями во вкусом бекона Ядрена копоть Фикс.вес 0,05 б/о Ядрена копоть") -> С/к колбасы Мини-салями во вкусом бекона Ядрена копоть Фикс.вес 0,05 б/о Ядрена копоть | W36: кг | X36: 0 | Y36: =IFERROR(IF(X36="",0,CEILING((X36/$H36),1)*$H36),"") -> 0 | Z36: =IFERROR(IF(Y36=0,"",ROUNDUP(Y36/H36,0)*0.00651),"") | AC36: ЕАЭС N RU Д-RU.РА01.В.14797/20 | AK36: 0 | BB36: СНК | BM36: =IFERROR(X36*I36/H36,"0") -> 0 | BN36: =IFERROR(Y36*I36/H36,"0") -> 0 | BO36: =IFERROR(1/J36*(X36/H36),"0") -> 0 | BP36: =IFERROR(1/J36*(Y36/H36),"0") -> 0
P37: Итого | W37: кор | X37: =IFERROR(X36/H36,"0") -> 0 | Y37: =IFERROR(Y36/H36,"0") -> 0 | Z37: =IFERROR(IF(Z36="",0,Z36),"0") -> 0
P38: Итого | W38: кг | X38: =IFERROR(SUM(X36:X36),"0") -> 0 | Y38: =IFERROR(SUM(Y36:Y36),"0") -> 0
A39: Вязанка
A40: ГОСТ
A41: Вареные колбасы
A42: SU000722 | B42: P003011 | C42: 4301011380 | D42: 4607091385670 | F42: 1.35 | G42: 8 | H42: 10.8 | I42: 11.21 | J42: 64 | K42: 8 | M42: СК1 | O42: 50 | P42: =HYPERLINK("https://abi.ru/products/Охлажденные/Вязанка/ГОСТ/Вареные колбасы/P003011/","Вареные колбасы Докторская ГОСТ Вязанка Весовые Вектор Вязанка") -> Вареные колбасы Докторская ГОСТ Вязанка Весовые Вектор Вязанка | W42: кг | X42: 604.8 | Y42: =IFERROR(IF(X42="",0,CEILING((X42/$H42),1)*$H42),"") -> 604.8 | Z42: =IFERROR(IF(Y42=0,"",ROUNDUP(Y42/H42,0)*0.01898),"") -> 1.06288 | AC42: ЕАЭС N RU Д-RU.РА08.В.45907/25 | AK42: 0 | BB42: КИ | BM42: =IFERROR(X42*I42/H42,"0") -> 627.76 | BN42: =IFERROR(Y42*I42/H42,"0") -> 627.76 | BO42: =IFERROR(1/J42*(X42/H42),"0") -> 0.875 | BP42: =IFERROR(1/J42*(Y42/H42),"0") -> 0.875
A43: SU002986 | B43: P003429 | C43: 4301011565 | D43: 4680115882539 | F43: 0.37 | G43: 10 | H43: 3.7 | I43: 3.89 | J43: 132 | K43: 12 | M43: СК3 | O43: 50 | P43: =HYPERLINK("https://abi.ru/products/Охлажденные/Вязанка/ГОСТ/Вареные колбасы/P003429/","Вареные колбасы «Докторская ГОСТ» Фикс.вес 0,37 п/а ТМ «Вязанка»") -> Вареные колбасы «Докторская ГОСТ» Фикс.вес 0,37 п/а ТМ «Вязанка» | W43: кг | X43: 0 | Y43: =IFERROR(IF(X43="",0,CEILING((X43/$H43),1)*$H43),"") -> 0 | Z43: =IFERROR(IF(Y43=0,"",ROUNDUP(Y43/H43,0)*0.00902),"") | AC43: ЕАЭС N RU Д-RU.РА08.В.45907/25 | AK43: 0 | BB43: КИ | BM43: =IFERROR(X43*I43/H43,"0") -> 0 | BN43: =IFERROR(Y43*I43/H43,"0") -> 0 | BO43: =IFERROR(1/J43*(X43/H43),"0") -> 0 | BP43: =IFERROR(1/J43*(Y43/H43),"0") -> 0
A44: SU001485 | B44: P003008 | C44: 4301011382 | D44: 4607091385687 | F44: 0.4 | G44: 10 | H44: 4 | I44: 4.19 | J44: 132 | K44: 12 | M44: СК3 | O44: 50 | P44: =HYPERLINK("https://abi.ru/products/Охлажденные/Вязанка/ГОСТ/Вареные колбасы/P003008/","Вареные колбасы Докторская ГОСТ Вязанка Фикс.вес 0,4 Вектор Вязанка") -> Вареные колбасы Докторская ГОСТ Вязанка Фикс.вес 0,4 Вектор Вязанка | W44: кг | X44: 0 | Y44: =IFERROR(IF(X44="",0,CEILING((X44/$H44),1)*$H44),"") -> 0 | Z44: =IFERROR(IF(Y44=0,"",ROUNDUP(Y44/H44,0)*0.00902),"") | AC44: ЕАЭС N RU Д-RU.РА08.В.45907/25 | AK44: 0 | BB44: КИ | BM44: =IFERROR(X44*I44/H44,"0") -> 0 | BN44: =IFERROR(Y44*I44/H44,"0") -> 0 | BO44: =IFERROR(1/J44*(X44/H44),"0") -> 0 | BP44: =IFERROR(1/J44*(Y44/H44),"0") -> 0
P45: Итого | W45: кор | X45: =IFERROR(X42/H42,"0")+IFERROR(X43/H43,"0")+IFERROR(X44/H44,"0") -> 56 | Y45: =IFERROR(Y42/H42,"0")+IFERROR(Y43/H43,"0")+IFERROR(Y44/H44,"0") -> 56 | Z45: =IFERROR(IF(Z42="",0,Z42),"0")+IFERROR(IF(Z43="",0,Z43),"0")+IFERROR(IF(Z44="",0,Z44),"0") -> 1.06288
P46: Итого | W46: кг | X46: =IFERROR(SUM(X42:X44),"0") -> 604.8 | Y46: =IFERROR(SUM(Y42:Y44),"0") -> 604.8
A47: Сосиски
A48: SU003313 | B48: P004551 | C48: 4301051820 | D48: 4680115884915 | F48: 0.3 | G48: 6 | H48: 1.8 | I48: 1.98 | J48: 182 | K48: 14 | M48: СК3 | O48: 40 | P48: =HYPERLINK("https://abi.ru/products/Охлажденные/Вязанка/ГОСТ/Сосиски/P004551/","Сосиски «Молочные ГОСТ» ф/в 0,3 ц/о ТМ «Вязанка»") -> Сосиски «Молочные ГОСТ» ф/в 0,3 ц/о ТМ «Вязанка» | W48: кг | X48: 0 | Y48: =IFERROR(IF(X48="",0,CEILING((X48/$H48),1)*$H48),"") -> 0 | Z48: =IFERROR(IF(Y48=0,"",ROUNDUP(Y48/H48,0)*0.00651),"") | AC48: ЕАЭС N RU Д-RU.РА08.В.83218/25 | AK48: 0 | BB48: КИ | BM48: =IFERROR(X48*I48/H48,"0") -> 0 | BN48: =IFERROR(Y48*I48/H48,"0") -> 0 | BO48: =IFERROR(1/J48*(X48/H48),"0") -> 0 | BP48: =IFERROR(1/J48*(Y48/H48),"0") -> 0
P49: Итого | W49: кор | X49: =IFERROR(X48/H48,"0") -> 0 | Y49: =IFERROR(Y48/H48,"0") -> 0 | Z49: =IFERROR(IF(Z48="",0,Z48),"0") -> 0
P50: Итого | W50: кг | X50: =IFERROR(SUM(X48:X48),"0") -> 0 | Y50: =IFERROR(SUM(Y48:Y48),"0") -> 0
A51: Филейская
A52: Вареные колбасы
A53: SU003642 | B53: P004621 | C53: 4301012030 | D53: 4680115885882 | F53: 1.4 | G53: 8 | H53: 11.2 | I53: 11.61 | J53: 64 | K53: 8 | M53: СК3 | O53: 50 | P53: =HYPERLINK("https://abi.ru/products/Охлажденные/Вязанка/Филейская/Вареные колбасы/P004621/","Вареные колбасы «Филейская со шпиком» Весовые п/а ТМ «Вязанка»") -> Вареные колбасы «Филейская со шпиком» Весовые п/а ТМ «Вязанка» | W53: кг | X53: 179.2 | Y53: =IFERROR(IF(X53="",0,CEILING((X53/$H53),1)*$H53),"") -> 179.2 | Z53: =IFERROR(IF(Y53=0,"",ROUNDUP(Y53/H53,0)*0.01898),"") -> 0.30368 | AC53: ЕАЭС N RU Д-RU.РА10.В.32351/25 | AK53: 0 | BB53: КИ | BM53: =IFERROR(X53*I53/H53,"0") -> 185.76 | BN53: =IFERROR(Y53*I53/H53,"0") -> 185.76 | BO53: =IFERROR(1/J53*(X53/H53),"0") -> 0.25 | BP53: =IFERROR(1/J53*(Y53/H53),"0") -> 0.25
A54: SU002829 | B54: P003235 | C54: 4301011816 | D54: 4680115881426 | F54: 1.35 | G54: 8 | H54: 10.8 | I54: 11.21 | J54: 64 | K54: 8 | M54: СК1 | O54: 50 | P54: =HYPERLINK("https://abi.ru/products/Охлажденные/Вязанка/Филейская/Вареные колбасы/P003235/","Вареные колбасы «Филейская» Весовые Вектор ТМ «Вязанка»") -> Вареные колбасы «Филейская» Весовые Вектор ТМ «Вязанка» | W54: кг | X54: 345.6 | Y54: =IFERROR(IF(X54="",0,CEILING((X54/$H54),1)*$H54),"") -> 345.6 | Z54: =IFERROR(IF(Y54=0,"",ROUNDUP(Y54/H54,0)*0.01898),"") -> 0.60736 | AC54: ЕАЭС N RU Д-RU.РА09.В.07383/25, ЕАЭС N RU Д-RU.РА09.В.72428/25 | AK54: 0 | BB54: КИ | BM54: =IFERROR(X54*I54/H54,"0") -> 358.72 | BN54: =IFERROR(Y54*I54/H54,"0") -> 358.72 | BO54: =IFERROR(1/J54*(X54/H54),"0") -> 0.5 | BP54: =IFERROR(1/J54*(Y54/H54),"0") -> 0.5
A55: SU002674 | B55: P003045 | C55: 4301011386 | D55: 4680115880283 | F55: 0.6 | G55: 8 | H55: 4.8 | I55: 4.99 | J55: 132 | K55: 12 | M55: СК1 | O55: 45 | P55: =HYPERLINK("https://abi.ru/products/Охлажденные/Вязанка/Филейская/Вареные колбасы/P003045/","Вареные колбасы Классическая Вязанка Фикс.вес 0,6 Вектор Вязанка") -> Вареные колбасы Классическая Вязанка Фикс.вес 0,6 Вектор Вязанка | W55: кг | X55: 0 | Y55: =IFERROR(IF(X55="",0,CEILING((X55/$H55),1)*$H55),"") -> 0 | Z55: =IFERROR(IF(Y55=0,"",ROUNDUP(Y55/H55,0)*0.00902),"") | AC55: ЕАЭС N RU Д-RU.РА03.В.01645/25 | AK55: 0 | BB55: КИ | BM55: =IFERROR(X55*I55/H55,"0") -> 0 | BN55: =IFERROR(Y55*I55/H55,"0") -> 0 | BO55: =IFERROR(1/J55*(X55/H55),"0") -> 0 | BP55: =IFERROR(1/J55*(Y55/H55),"0") -> 0
A56: SU002831 | B56: P003243 | C56: 4301011806 | D56: 4680115881525 | F56: 0.4 | G56: 10 | H56: 4 | I56: 4.19 | J56: 132 | K56: 12 | M56: СК1 | O56: 50 | P56: =HYPERLINK("https://abi.ru/products/Охлажденные/Вязанка/Филейская/Вареные колбасы/P003243/","Колбаса вареная Филейская ТМ Вязанка ТС Классическая полиамид ф/в 0,4 кг") -> Колбаса вареная Филейская ТМ Вязанка ТС Классическая полиамид ф/в 0,4 кг | W56: кг | X56: 0 | Y56: =IFERROR(IF(X56="",0,CEILING((X56/$H56),1)*$H56),"") -> 0 | Z56: =IFERROR(IF(Y56=0,"",ROUNDUP(Y56/H56,0)*0.00902),"") | AC56: ЕАЭС N RU Д-RU.РА01.В.10475/23, ЕАЭС N RU Д-RU.РА09.В.72428/25 | AK56: 0 | BB56: КИ | BM56: =IFERROR(X56*I56/H56,"0") -> 0 | BN56: =IFERROR(Y56*I56/H56,"0") -> 0 | BO56: =IFERROR(1/J56*(X56/H56),"0") -> 0 | BP56: =IFERROR(1/J56*(Y56/H56),"0") -> 0
A57: SU003033 | B57: P003578 | C57: 4301011589 | D57: 4680115885899 | F57: 0.35 | G57: 6 | H57: 2.1 | I57: 2.28 | J57: 182 | K57: 14 | M57: СК4 | O57: 50 | P57: =HYPERLINK("https://abi.ru/products/Охлажденные/Вязанка/Филейская/Вареные колбасы/P003578/","Вареные колбасы «Филейская со шпиком» ф/в 0,35 п/а ТМ «Вязанка»") -> Вареные колбасы «Филейская со шпиком» ф/в 0,35 п/а ТМ «Вязанка» | W57: кг | X57: 0 | Y57: =IFERROR(IF(X57="",0,CEILING((X57/$H57),1)*$H57),"") -> 0 | Z57: =IFERROR(IF(Y57=0,"",ROUNDUP(Y57/H57,0)*0.00651),"") | AC57: ЕАЭС N RU Д-RU.РА06.В.18263/23, ЕАЭС N RU Д-RU.РА10.В.32351/25 | AK57: 0 | BB57: КИ | BM57: =IFERROR(X57*I57/H57,"0") -> 0 | BN57: =IFERROR(Y57*I57/H57,"0") -> 0 | BO57: =IFERROR(1/J57*(X57/H57),"0") -> 0 | BP57: =IFERROR(1/J57*(Y57/H57),"0") -> 0
A58: SU002815 | B58: P003227 | C58: 4301011801 | D58: 4680115881419 | F58: 0.45 | G58: 10 | H58: 4.5 | I58: 4.69 | J58: 132 | K58: 12 | M58: СК1 | O58: 50 | P58: =HYPERLINK("https://abi.ru/products/Охлажденные/Вязанка/Филейская/Вареные колбасы/P003227/","Вареные колбасы «Филейская» Фикс.вес 0,45 Вектор ТМ «Вязанка»") -> Вареные колбасы «Филейская» Фикс.вес 0,45 Вектор ТМ «Вязанка» | W58: кг | X58: 0 | Y58: =IFERROR(IF(X58="",0,CEILING((X58/$H58),1)*$H58),"") -> 0 | Z58: =IFERROR(IF(Y58=0,"",ROUNDUP(Y58/H58,0)*0.00902),"") | AC58: ЕАЭС N RU Д-RU.РА01.В.10475/23, ЕАЭС N RU Д-RU.РА09.В.72428/25, ЕАЭС N RU Д-RU.РА09.В.73574/25 | AK58: 0 | BB58: КИ | BM58: =IFERROR(X58*I58/H58,"0") -> 0 | BN58: =IFERROR(Y58*I58/H58,"0") -> 0 | BO58: =IFERROR(1/J58*(X58/H58),"0") -> 0 | BP58: =IFERROR(1/J58*(Y58/H58),"0") -> 0
P59: Итого | W59: кор | X59: =IFERROR(X53/H53,"0")+IFERROR(X54/H54,"0")+IFERROR(X55/H55,"0")+IFERROR(X56/H56,"0")+IFERROR(X57/H57,"0")+IFERROR(X58/H58,"0") -> 48 | Y59: =IFERROR(Y53/H53,"0")+IFERROR(Y54/H54,"0")+IFERROR(Y55/H55,"0")+IFERROR(Y56/H56,"0")+IFERROR(Y57/H57,"0")+IFERROR(Y58/H58,"0") -> 48 | Z59: =IFERROR(IF(Z53="",0,Z53),"0")+IFERROR(IF(Z54="",0,Z54),"0")+IFERROR(IF(Z55="",0,Z55),"0")+IFERROR(IF(Z56="",0,Z56),"0")+IFERROR(IF(Z57="",0,Z57),"0")+IFERROR(IF(Z58="",0,Z58),"0") -> 0.91104
P60: Итого | W60: кг | X60: =IFERROR(SUM(X53:X58),"0") -> 524.8 | Y60: =IFERROR(SUM(Y53:Y58),"0") -> 524.8
A61: Ветчины
A62: SU002828 | B62: P003234 | C62: 4301020298 | D62: 4680115881440 | F62: 1.35 | G62: 8 | H62: 10.8 | I62: 11.21 | J62: 64 | K62: 8 | M62: СК1 | O62: 50 | P62: =HYPERLINK("https://abi.ru/products/Охлажденные/Вязанка/Филейская/Ветчины/P003234/","Ветчины «Филейская» Весовые Вектор ТМ «Вязанка»") -> Ветчины «Филейская» Весовые Вектор ТМ «Вязанка» | W62: кг | X62: 259.2 | Y62: =IFERROR(IF(X62="",0,CEILING((X62/$H62),1)*$H62),"") -> 259.2 | Z62: =IFERROR(IF(Y62=0,"",ROUNDUP(Y62/H62,0)*0.01898),"") -> 0.45552 | AC62: ЕАЭС N RU Д-RU.РА11.В.74223/25 | AK62: 0 | BB62: КИ | BM62: =IFERROR(X62*I62/H62,"0") -> 269.04 | BN62: =IFERROR(Y62*I62/H62,"0") -> 269.04 | BO62: =IFERROR(1/J62*(X62/H62),"0") -> 0.375 | BP62: =IFERROR(1/J62*(Y62/H62),"0") -> 0.375
A63: SU003689 | B63: P004676 | C63: 4301020358 | D63: 4680115885950 | F63: 0.37 | G63: 6 | H63: 2.22 | I63: 2.4 | J63: 182 | K63: 14 | M63: СК3 | O63: 50 | P63: =HYPERLINK("https://abi.ru/products/Охлажденные/Вязанка/Филейская/Ветчины/P004676/","Ветчины «Филейская» ф/в 0,37 п/а ТМ «Вязанка»") -> Ветчины «Филейская» ф/в 0,37 п/а ТМ «Вязанка» | W63: кг | X63: 0 | Y63: =IFERROR(IF(X63="",0,CEILING((X63/$H63),1)*$H63),"") -> 0 | Z63: =IFERROR(IF(Y63=0,"",ROUNDUP(Y63/H63,0)*0.00651),"") | AC63: ЕАЭС N RU Д-RU.РА11.В.74223/25 | AK63: 0 | BB63: КИ | BM63: =IFERROR(X63*I63/H63,"0") -> 0 | BN63: =IFERROR(Y63*I63/H63,"0") -> 0 | BO63: =IFERROR(1/J63*(X63/H63),"0") -> 0 | BP63: =IFERROR(1/J63*(Y63/H63),"0") -> 0
A64: SU003739 | B64: P004741 | C64: 4301020371 | D64: 4680115887688 | F64: 0.1 | G64: 10 | H64: 1 | I64: 1.21 | J64: 192 | K64: 24 | M64: СК2 | O64: 30 | P64: =HYPERLINK("https://abi.ru/products/Охлажденные/Вязанка/Филейская/Ветчины/P004741/","Ветчины «Филейская» Фикс.вес 0,1 нарезка ТМ «Вязанка»") -> Ветчины «Филейская» Фикс.вес 0,1 нарезка ТМ «Вязанка» | W64: кг | X64: 0 | Y64: =IFERROR(IF(X64="",0,CEILING((X64/$H64),1)*$H64),"") -> 0 | Z64: =IFERROR(IF(Y64=0,"",ROUNDUP(Y64/H64,0)*0.00726),"") | AC64: ЕАЭС N RU Д-RU.РА08.В.75874/25 | AK64: 0 | BB64: КИ | BM64: =IFERROR(X64*I64/H64,"0") -> 0 | BN64: =IFERROR(Y64*I64/H64,"0") -> 0 | BO64: =IFERROR(1/J64*(X64/H64),"0") -> 0 | BP64: =IFERROR(1/J64*(Y64/H64),"0") -> 0
A65: SU002814 | B65: P003226 | C65: 4301020296 | D65: 4680115881433 | F65: 0.45 | G65: 6 | H65: 2.7 | I65: 2.88 | J65: 182 | K65: 14 | M65: СК1 | O65: 50 | P65: =HYPERLINK("https://abi.ru/products/Охлажденные/Вязанка/Филейская/Ветчины/P003226/","Ветчины «Филейская» Фикс.вес 0,45 Вектор ТМ «Вязанка»") -> Ветчины «Филейская» Фикс.вес 0,45 Вектор ТМ «Вязанка» | W65: кг | X65: 0 | Y65: =IFERROR(IF(X65="",0,CEILING((X65/$H65),1)*$H65),"") -> 0 | Z65: =IFERROR(IF(Y65=0,"",ROUNDUP(Y65/H65,0)*0.00651),"") | AC65: ЕАЭС N RU Д-RU.РА11.В.74223/25 | AK65: 0 | BB65: КИ | BM65: =IFERROR(X65*I65/H65,"0") -> 0 | BN65: =IFERROR(Y65*I65/H65,"0") -> 0 | BO65: =IFERROR(1/J65*(X65/H65),"0") -> 0 | BP65: =IFERROR(1/J65*(Y65/H65),"0") -> 0
P66: Итого | W66: кор | X66: =IFERROR(X62/H62,"0")+IFERROR(X63/H63,"0")+IFERROR(X64/H64,"0")+IFERROR(X65/H65,"0") -> 24 | Y66: =IFERROR(Y62/H62,"0")+IFERROR(Y63/H63,"0")+IFERROR(Y64/H64,"0")+IFERROR(Y65/H65,"0") -> 24 | Z66: =IFERROR(IF(Z62="",0,Z62),"0")+IFERROR(IF(Z63="",0,Z63),"0")+IFERROR(IF(Z64="",0,Z64),"0")+IFERROR(IF(Z65="",0,Z65),"0") -> 0.45552
P67: Итого | W67: кг | X67: =IFERROR(SUM(X62:X65),"0") -> 259.2 | Y67: =IFERROR(SUM(Y62:Y65),"0") -> 259.2
A68: Копченые колбасы
A69: SU003031 | B69: P003566 | C69: 4301031316 | D69: 4680115885097 | F69: 0.3 | G69: 6 | H69: 1.8 | I69: 1.9 | J69: 234 | K69: 18 | M69: СК2 | O69: 40 | P69: =HYPERLINK("https://abi.ru/products/Охлажденные/Вязанка/Филейская/Копченые колбасы/P003566/","В/к колбасы «Филейская Рубленая» срез ф/в 0,3 фиброуз ТМ «Вязанка»") -> В/к колбасы «Филейская Рубленая» срез ф/в 0,3 фиброуз ТМ «Вязанка» | W69: кг | X69: 0 | Y69: =IFERROR(IF(X69="",0,CEILING((X69/$H69),1)*$H69),"") -> 0 | Z69: =IFERROR(IF(Y69=0,"",ROUNDUP(Y69/H69,0)*0.00502),"") | AC69: ЕАЭС N RU Д-RU.РА11.В.17985/23 | AK69: 0 | BB69: КИ | BM69: =IFERROR(X69*I69/H69,"0") -> 0 | BN69: =IFERROR(Y69*I69/H69,"0") -> 0 | BO69: =IFERROR(1/J69*(X69/H69),"0") -> 0 | BP69: =IFERROR(1/J69*(Y69/H69),"0") -> 0
P70: Итого | W70: кор | X70: =IFERROR(X69/H69,"0") -> 0 | Y70: =IFERROR(Y69/H69,"0") -> 0 | Z70: =IFERROR(IF(Z69="",0,Z69),"0") -> 0
P71: Итого | W71: кг | X71: =IFERROR(SUM(X69:X69),"0") -> 0 | Y71: =IFERROR(SUM(Y69:Y69),"0") -> 0
A72: Сосиски
A73: SU003616 | B73: P004555 | C73: 4301051846 | D73: 4680115885769 | F73: 1.4 | G73: 6 | H73: 8.4 | I73: 8.81 | J73: 64 | K73: 8 | M73: СК3 | O73: 45 | P73: =HYPERLINK("https://abi.ru/products/Охлажденные/Вязанка/Филейская/Сосиски/P004555/","Сосиски «Филейские по-ганноверски» Весовой амицел ТМ «Вязанка»") -> Сосиски «Филейские по-ганноверски» Весовой амицел ТМ «Вязанка» | W73: кг | X73: 0 | Y73: =IFERROR(IF(X73="",0,CEILING((X73/$H73),1)*$H73),"") -> 0 | Z73: =IFERROR(IF(Y73=0,"",ROUNDUP(Y73/H73,0)*0.01898),"") | AC73: ЕАЭС N RU Д-RU.РА09.В.07930/25, ЕАЭС N RU Д-RU.РА09.В.08380/25 | AK73: 0 | BB73: КИ | BM73: =IFERROR(X73*I73/H73,"0") -> 0 | BN73: =IFERROR(Y73*I73/H73,"0") -> 0 | BO73: =IFERROR(1/J73*(X73/H73),"0") -> 0 | BP73: =IFERROR(1/J73*(Y73/H73),"0") -> 0
A74: SU002825 | B74: P004554 | C74: 4301051837 | D74: 4680115884311 | F74: 0.3 | G74: 6 | H74: 1.8 | I74: 2.046 | J74: 182 | K74: 14 | M74: СК3 | O74: 40 | P74: =HYPERLINK("https://abi.ru/products/Охлажденные/Вязанка/Филейская/Сосиски/P004554/","Сосиски «Филейские» Фикс.вес 0,3 ц/о мгс ТМ «Вязанка»") -> Сосиски «Филейские» Фикс.вес 0,3 ц/о мгс ТМ «Вязанка» | W74: кг | X74: 0 | Y74: =IFERROR(IF(X74="",0,CEILING((X74/$H74),1)*$H74),"") -> 0 | Z74: =IFERROR(IF(Y74=0,"",ROUNDUP(Y74/H74,0)*0.00651),"") | AC74: ЕАЭС N RU Д-RU.РА12.В.00849/25 | AK74: 0 | BB74: КИ | BM74: =IFERROR(X74*I74/H74,"0") -> 0 | BN74: =IFERROR(Y74*I74/H74,"0") -> 0 | BO74: =IFERROR(1/J74*(X74/H74),"0") -> 0 | BP74: =IFERROR(1/J74*(Y74/H74),"0") -> 0
A75: SU003617 | B75: P004558 | C75: 4301051844 | D75: 4680115885929 | F75: 0.42 | G75: 6 | H75: 2.52 | I75: 2.7 | J75: 182 | K75: 14 | M75: СК3 | O75: 45 | P75: =HYPERLINK("https://abi.ru/products/Охлажденные/Вязанка/Филейская/Сосиски/P004558/","Сосиски «Филейские по-ганноверски» ф/в 0,42 п/а ТМ «Вязанка»") -> Сосиски «Филейские по-ганноверски» ф/в 0,42 п/а ТМ «Вязанка» | W75: кг | X75: 0 | Y75: =IFERROR(IF(X75="",0,CEILING((X75/$H75),1)*$H75),"") -> 0 | Z75: =IFERROR(IF(Y75=0,"",ROUNDUP(Y75/H75,0)*0.00651),"") | AC75: ЕАЭС N RU Д-RU.РА09.В.07930/25, ЕАЭС N RU Д-RU.РА09.В.08380/25 | AK75: 0 | BB75: КИ | BM75: =IFERROR(X75*I75/H75,"0") -> 0 | BN75: =IFERROR(Y75*I75/H75,"0") -> 0 | BO75: =IFERROR(1/J75*(X75/H75),"0") -> 0 | BP75: =IFERROR(1/J75*(Y75/H75),"0") -> 0
A76: SU003288 | B76: P004557 | C76: 4301051929 | D76: 4680115884403 | F76: 0.3 | G76: 6 | H76: 1.8 | I76: 1.98 | J76: 182 | K76: 14 | M76: СК3 | O76: 40 | P76: =HYPERLINK("https://abi.ru/products/Охлажденные/Вязанка/Филейская/Сосиски/P004557/","Сосиски «Филейские рубленые» ф/в 0,3 ц/о ТМ «Вязанка»") -> Сосиски «Филейские рубленые» ф/в 0,3 ц/о ТМ «Вязанка» | W76: кг | X76: 0 | Y76: =IFERROR(IF(X76="",0,CEILING((X76/$H76),1)*$H76),"") -> 0 | Z76: =IFERROR(IF(Y76=0,"",ROUNDUP(Y76/H76,0)*0.00651),"") | AC76: ЕАЭС N RU Д-RU.РА09.В.06529/25, ЕАЭС N RU Д-RU.РА09.В.06761/25 | AK76: 0 | BB76: КИ | BM76: =IFERROR(X76*I76/H76,"0") -> 0 | BN76: =IFERROR(Y76*I76/H76,"0") -> 0 | BO76: =IFERROR(1/J76*(X76/H76),"0") -> 0 | BP76: =IFERROR(1/J76*(Y76/H76),"0") -> 0
P77: Итого | W77: кор | X77: =IFERROR(X73/H73,"0")+IFERROR(X74/H74,"0")+IFERROR(X75/H75,"0")+IFERROR(X76/H76,"0") -> 0 | Y77: =IFERROR(Y73/H73,"0")+IFERROR(Y74/H74,"0")+IFERROR(Y75/H75,"0")+IFERROR(Y76/H76,"0") -> 0 | Z77: =IFERROR(IF(Z73="",0,Z73),"0")+IFERROR(IF(Z74="",0,Z74),"0")+IFERROR(IF(Z75="",0,Z75),"0")+IFERROR(IF(Z76="",0,Z76),"0") -> 0
P78: Итого | W78: кг | X78: =IFERROR(SUM(X73:X76),"0") -> 0 | Y78: =IFERROR(SUM(Y73:Y76),"0") -> 0
A79: Сардельки
A80: SU002835 | B80: P003883 | C80: 4301060455 | D80: 4680115881532 | F80: 1.3 | G80: 6 | H80: 7.8 | I80: 8.21 | J80: 64 | K80: 8 | M80: СК4 | O80: 30 | P80: =HYPERLINK("https://abi.ru/products/Охлажденные/Вязанка/Филейская/Сардельки/P003883/","Сардельки «Филейские» Весовые н/о мгс ТМ «Вязанка»") -> Сардельки «Филейские» Весовые н/о мгс ТМ «Вязанка» | W80: кг | X80: 62.4 | Y80: =IFERROR(IF(X80="",0,CEILING((X80/$H80),1)*$H80),"") -> 62.4 | Z80: =IFERROR(IF(Y80=0,"",ROUNDUP(Y80/H80,0)*0.01898),"") -> 0.15184 | AC80: ЕАЭС N RU Д-RU.РА09.В.53876/25 | AK80: 0 | BB80: КИ | BM80: =IFERROR(X80*I80/H80,"0") -> 65.68 | BN80: =IFERROR(Y80*I80/H80,"0") -> 65.68 | BO80: =IFERROR(1/J80*(X80/H80),"0") -> 0.125 | BP80: =IFERROR(1/J80*(Y80/H80),"0") -> 0.125
A81: SU002834 | B81: P003238 | C81: 4301060351 | D81: 4680115881464 | F81: 0.4 | G81: 6 | H81: 2.4 | I81: 2.59 | J81: 132 | K81: 12 | M81: СК3 | O81: 30 | P81: =HYPERLINK("https://abi.ru/products/Охлажденные/Вязанка/Филейская/Сардельки/P003238/","Сардельки «Филейские» Фикс.вес 0,4 NDX ТМ «Вязанка»") -> Сардельки «Филейские» Фикс.вес 0,4 NDX ТМ «Вязанка» | W81: кг | X81: 0 | Y81: =IFERROR(IF(X81="",0,CEILING((X81/$H81),1)*$H81),"") -> 0 | Z81: =IFERROR(IF(Y81=0,"",ROUNDUP(Y81/H81,0)*0.00902),"") | AC81: ЕАЭС N RU Д-RU.РА09.В.53620/25, ЕАЭС N RU Д-RU.РА09.В.53876/25 | AK81: 0 | BB81: КИ | BM81: =IFERROR(X81*I81/H81,"0") -> 0 | BN81: =IFERROR(Y81*I81/H81,"0") -> 0 | BO81: =IFERROR(1/J81*(X81/H81),"0") -> 0 | BP81: =IFERROR(1/J81*(Y81/H81),"0") -> 0
P82: Итого | W82: кор | X82: =IFERROR(X80/H80,"0")+IFERROR(X81/H81,"0") -> 8 | Y82: =IFERROR(Y80/H80,"0")+IFERROR(Y81/H81,"0") -> 8 | Z82: =IFERROR(IF(Z80="",0,Z80),"0")+IFERROR(IF(Z81="",0,Z81),"0") -> 0.15184
P83: Итого | W83: кг | X83: =IFERROR(SUM(X80:X81),"0") -> 62.4 | Y83: =IFERROR(SUM(Y80:Y81),"0") -> 62.4
A84: Молокуша
A85: Вареные колбасы
A86: SU002830 | B86: P003239 | C86: 4301011468 | D86: 4680115881327 | F86: 1.35 | G86: 8 | H86: 10.8 | I86: 11.21 | J86: 64 | K86: 8 | M86: СК4 | O86: 50 | P86: =HYPERLINK("https://abi.ru/products/Охлажденные/Вязанка/Молокуша/Вареные колбасы/P003239/","Вареные колбасы Молокуша Вязанка Вес п/а Вязанка") -> Вареные колбасы Молокуша Вязанка Вес п/а Вязанка | W86: кг | X86: 259.2 | Y86: =IFERROR(IF(X86="",0,CEILING((X86/$H86),1)*$H86),"") -> 259.2 | Z86: =IFERROR(IF(Y86=0,"",ROUNDUP(Y86/H86,0)*0.01898),"") -> 0.45552 | AC86: ЕАЭС N RU Д-RU.РА08.В.25903/25, ЕАЭС N RU Д-RU.РА08.В.46084/25 | AK86: 0 | BB86: КИ | BM86: =IFERROR(X86*I86/H86,"0") -> 269.04 | BN86: =IFERROR(Y86*I86/H86,"0") -> 269.04 | BO86: =IFERROR(1/J86*(X86/H86),"0") -> 0.375 | BP86: =IFERROR(1/J86*(Y86/H86),"0") -> 0.375
A87: SU002354 | B87: P002641 | C87: 4301011261 | D87: 4680115887732 | F87: 0.17 | G87: 10 | H87: 1.7 | I87: 1.8 | J87: 192 | K87: 24 | M87: СК2 | O87: 30 | P87: =HYPERLINK("https://abi.ru/products/Охлажденные/Вязанка/Молокуша/Вареные колбасы/P002641/","Вареные колбасы «Молокуша» Фикс.вес 0,17 нарезка ТМ «Вязанка»") -> Вареные колбасы «Молокуша» Фикс.вес 0,17 нарезка ТМ «Вязанка» | W87: кг | X87: 0 | Y87: =IFERROR(IF(X87="",0,CEILING((X87/$H87),1)*$H87),"") -> 0 | Z87: =IFERROR(IF(Y87=0,"",ROUNDUP(Y87/H87,0)*0.00726),"") | AC87: ЕАЭС N RU Д-RU.РА08.В.54233/25 | AK87: 0 | BB87: КИ | BM87: =IFERROR(X87*I87/H87,"0") -> 0 | BN87: =IFERROR(Y87*I87/H87,"0") -> 0 | BO87: =IFERROR(1/J87*(X87/H87),"0") -> 0 | BP87: =IFERROR(1/J87*(Y87/H87),"0") -> 0
A88: SU002832 | B88: P003245 | C88: 4301011476 | D88: 4680115881518 | F88: 0.4 | G88: 10 | H88: 4 | I88: 4.19 | J88: 132 | K88: 12 | M88: СК3 | O88: 50 | P88: =HYPERLINK("https://abi.ru/products/Охлажденные/Вязанка/Молокуша/Вареные колбасы/P003245/","Вареные колбасы Молокуша Вязанка Фикс.вес 0,4 п/а Вязанка") -> Вареные колбасы Молокуша Вязанка Фикс.вес 0,4 п/а Вязанка | W88: кг | X88: 0 | Y88: =IFERROR(IF(X88="",0,CEILING((X88/$H88),1)*$H88),"") -> 0 | Z88: =IFERROR(IF(Y88=0,"",ROUNDUP(Y88/H88,0)*0.00902),"") | AC88: ЕАЭС N RU Д-RU.РА08.В.25903/25, ЕАЭС N RU Д-RU.РА08.В.46084/25 | AK88: 0 | BB88: КИ | BM88: =IFERROR(X88*I88/H88,"0") -> 0 | BN88: =IFERROR(Y88*I88/H88,"0") -> 0 | BO88: =IFERROR(1/J88*(X88/H88),"0") -> 0 | BP88: =IFERROR(1/J88*(Y88/H88),"0") -> 0
A89: SU002816 | B89: P003228 | C89: 4301011443 | D89: 4680115881303 | F89: 0.45 | G89: 10 | H89: 4.5 | I89: 4.69 | J89: 132 | K89: 12 | M89: СК4 | O89: 50 | P89: =HYPERLINK("https://abi.ru/products/Охлажденные/Вязанка/Молокуша/Вареные колбасы/P003228/","Вареные колбасы Молокуша Вязанка Фикс.вес 0,45 п/а Вязанка") -> Вареные колбасы Молокуша Вязанка Фикс.вес 0,45 п/а Вязанка | W89: кг | X89: 0 | Y89: =IFERROR(IF(X89="",0,CEILING((X89/$H89),1)*$H89),"") -> 0 | Z89: =IFERROR(IF(Y89=0,"",ROUNDUP(Y89/H89,0)*0.00902),"") | AC89: ЕАЭС N RU Д-RU.РА08.В.25903/25, ЕАЭС N RU Д-RU.РА08.В.46084/25 | AK89: 0 | BB89: КИ | BM89: =IFERROR(X89*I89/H89,"0") -> 0 | BN89: =IFERROR(Y89*I89/H89,"0") -> 0 | BO89: =IFERROR(1/J89*(X89/H89),"0") -> 0 | BP89: =IFERROR(1/J89*(Y89/H89),"0") -> 0
P90: Итого | W90: кор | X90: =IFERROR(X86/H86,"0")+IFERROR(X87/H87,"0")+IFERROR(X88/H88,"0")+IFERROR(X89/H89,"0") -> 24 | Y90: =IFERROR(Y86/H86,"0")+IFERROR(Y87/H87,"0")+IFERROR(Y88/H88,"0")+IFERROR(Y89/H89,"0") -> 24 | Z90: =IFERROR(IF(Z86="",0,Z86),"0")+IFERROR(IF(Z87="",0,Z87),"0")+IFERROR(IF(Z88="",0,Z88),"0")+IFERROR(IF(Z89="",0,Z89),"0") -> 0.45552
P91: Итого | W91: кг | X91: =IFERROR(SUM(X86:X89),"0") -> 259.2 | Y91: =IFERROR(SUM(Y86:Y89),"0") -> 259.2
A92: Сосиски
A93: SU001523 | B93: P003986 | C93: 4301051712 | D93: 4607091386967 | F93: 1.35 | G93: 6 | H93: 8.1 | I93: 8.594 | J93: 64 | K93: 8 | M93: СК4 | O93: 45 | P93: =HYPERLINK("https://abi.ru/products/Охлажденные/Вязанка/Молокуша/Сосиски/P003986/","Сосиски «Молокуши (Вязанка Молочные)» Весовой п/а мгс ТМ «Вязанка»") -> Сосиски «Молокуши (Вязанка Молочные)» Весовой п/а мгс ТМ «Вязанка» | W93: кг | X93: 129.6 | Y93: =IFERROR(IF(X93="",0,CEILING((X93/$H93),1)*$H93),"") -> 129.6 | Z93: =IFERROR(IF(Y93=0,"",ROUNDUP(Y93/H93,0)*0.01898),"") -> 0.30368 | AC93: ЕАЭС N RU Д-RU.РА10.В.18211/25, ЕАЭС N RU Д-RU.РА11.В.73895/25 | AK93: 0 | BB93: КИ | BM93: =IFERROR(X93*I93/H93,"0") -> 137.504 | BN93: =IFERROR(Y93*I93/H93,"0") -> 137.504 | BO93: =IFERROR(1/J93*(X93/H93),"0") -> 0.25 | BP93: =IFERROR(1/J93*(Y93/H93),"0") -> 0.25
A94: SU003503 | B94: P004411 | C94: 4301051788 | D94: 4680115884953 | F94: 0.37 | G94: 6 | H94: 2.22 | I94: 2.472 | J94: 182 | K94: 14 | M94: СК3 | O94: 45 | P94: =HYPERLINK("https://abi.ru/products/Охлажденные/Вязанка/Молокуша/Сосиски/P004411/","Сосиски «Вязанка Молочные» Фикс.вес 0,37 п/а ТМ «Вязанка»") -> Сосиски «Вязанка Молочные» Фикс.вес 0,37 п/а ТМ «Вязанка» | W94: кг | X94: 0 | Y94: =IFERROR(IF(X94="",0,CEILING((X94/$H94),1)*$H94),"") -> 0 | Z94: =IFERROR(IF(Y94=0,"",ROUNDUP(Y94/H94,0)*0.00651),"") | AC94: ЕАЭС N RU Д-RU.РА10.В.18211/25, ЕАЭС N RU Д-RU.РА11.В.73895/25 | AK94: 0 | BB94: КИ | BM94: =IFERROR(X94*I94/H94,"0") -> 0 | BN94: =IFERROR(Y94*I94/H94,"0") -> 0 | BO94: =IFERROR(1/J94*(X94/H94),"0") -> 0 | BP94: =IFERROR(1/J94*(Y94/H94),"0") -> 0
A95: SU001718 | B95: P003985 | C95: 4301051718 | D95: 4607091385731 | F95: 0.45 | G95: 6 | H95: 2.7 | I95: 2.952 | J95: 182 | K95: 14 | M95: СК4 | O95: 45 | P95: =HYPERLINK("https://abi.ru/products/Охлажденные/Вязанка/Молокуша/Сосиски/P003985/","Сосиски «Молокуши» ф/в 0,45 п/а мгс ТМ «Вязанка»") -> Сосиски «Молокуши» ф/в 0,45 п/а мгс ТМ «Вязанка» | W95: кг | X95: 0 | Y95: =IFERROR(IF(X95="",0,CEILING((X95/$H95),1)*$H95),"") -> 0 | Z95: =IFERROR(IF(Y95=0,"",ROUNDUP(Y95/H95,0)*0.00651),"") | AC95: ЕАЭС N RU Д-RU.РА10.В.18211/25, ЕАЭС N RU Д-RU.РА11.В.73895/25 | AK95: 0 | BB95: КИ | BM95: =IFERROR(X95*I95/H95,"0") -> 0 | BN95: =IFERROR(Y95*I95/H95,"0") -> 0 | BO95: =IFERROR(1/J95*(X95/H95),"0") -> 0 | BP95: =IFERROR(1/J95*(Y95/H95),"0") -> 0
A96: SU002769 | B96: P003324 | C96: 4301051438 | D96: 4680115880894 | F96: 0.33 | G96: 6 | H96: 1.98 | I96: 2.238 | J96: 182 | K96: 14 | M96: СК3 | O96: 45 | P96: =HYPERLINK("https://abi.ru/products/Охлажденные/Вязанка/Молокуша/Сосиски/P003324/","Сосиски Молокуши Миникушай Вязанка фикс.вес 0,33 п/а Вязанка") -> Сосиски Молокуши Миникушай Вязанка фикс.вес 0,33 п/а Вязанка | W96: кг | X96: 0 | Y96: =IFERROR(IF(X96="",0,CEILING((X96/$H96),1)*$H96),"") -> 0 | Z96: =IFERROR(IF(Y96=0,"",ROUNDUP(Y96/H96,0)*0.00651),"") | AC96: ЕАЭС N RU Д-RU.РА10.В.18728/25 | AK96: 0 | BB96: КИ | BM96: =IFERROR(X96*I96/H96,"0") -> 0 | BN96: =IFERROR(Y96*I96/H96,"0") -> 0 | BO96: =IFERROR(1/J96*(X96/H96),"0") -> 0 | BP96: =IFERROR(1/J96*(Y96/H96),"0") -> 0
P97: Итого | W97: кор | X97: =IFERROR(X93/H93,"0")+IFERROR(X94/H94,"0")+IFERROR(X95/H95,"0")+IFERROR(X96/H96,"0") -> 16 | Y97: =IFERROR(Y93/H93,"0")+IFERROR(Y94/H94,"0")+IFERROR(Y95/H95,"0")+IFERROR(Y96/H96,"0") -> 16 | Z97: =IFERROR(IF(Z93="",0,Z93),"0")+IFERROR(IF(Z94="",0,Z94),"0")+IFERROR(IF(Z95="",0,Z95),"0")+IFERROR(IF(Z96="",0,Z96),"0") -> 0.30368
P98: Итого | W98: кг | X98: =IFERROR(SUM(X93:X96),"0") -> 129.6 | Y98: =IFERROR(SUM(Y93:Y96),"0") -> 129.6
A99: Сливушка
A100: Вареные колбасы
A101: SU002928 | B101: P003357 | C101: 4301011514 | D101: 4680115882133 | F101: 1.35 | G101: 8 | H101: 10.8 | I101: 11.21 | J101: 64 | K101: 8 | M101: СК1 | O101: 50 | P101: =HYPERLINK("https://abi.ru/products/Охлажденные/Вязанка/Сливушка/Вареные колбасы/P003357/","Вареные колбасы «Сливушка» Вес П/а ТМ «Вязанка»") -> Вареные колбасы «Сливушка» Вес П/а ТМ «Вязанка» | W101: кг | X101: 691.2 | Y101: =IFERROR(IF(X101="",0,CEILING((X101/$H101),1)*$H101),"") -> 691.2 | Z101: =IFERROR(IF(Y101=0,"",ROUNDUP(Y101/H101,0)*0.01898),"") -> 1.21472 | AC101: ЕАЭС N RU Д-RU.РА06.В.04803/22, ЕАЭС N RU Д-RU.РА08.В.82591/25, ЕАЭС N RU Д-RU.РА08.В.82932/25 | AK101: 0 | BB101: КИ | BM101: =IFERROR(X101*I101/H101,"0") -> 717.44 | BN101: =IFERROR(Y101*I101/H101,"0") -> 717.44 | BO101: =IFERROR(1/J101*(X101/H101),"0") -> 1 | BP101: =IFERROR(1/J101*(Y101/H101),"0") -> 1
A102: SU003745 | B102: P004758 | C102: 4301012051 | D102: 4680115887718 | F102: 0.11 | G102: 10 | H102: 1.1 | I102: 1.31 | J102: 192 | K102: 24 | M102: СК2 | O102: 30 | P102: =HYPERLINK("https://abi.ru/products/Охлажденные/Вязанка/Сливушка/Вареные колбасы/P004758/","Вареные колбасы «Сливушка» Фикс.вес 0,11 нарезка ТМ «Вязанка»") -> Вареные колбасы «Сливушка» Фикс.вес 0,11 нарезка ТМ «Вязанка» | W102: кг | X102: 0 | Y102: =IFERROR(IF(X102="",0,CEILING((X102/$H102),1)*$H102),"") -> 0 | Z102: =IFERROR(IF(Y102=0,"",ROUNDUP(Y102/H102,0)*0.00726),"") | AC102: ЕАЭС N RU Д-RU.РА08.В.54016/25 | AK102: 0 | BB102: КИ | BM102: =IFERROR(X102*I102/H102,"0") -> 0 | BN102: =IFERROR(Y102*I102/H102,"0") -> 0 | BO102: =IFERROR(1/J102*(X102/H102),"0") -> 0 | BP102: =IFERROR(1/J102*(Y102/H102),"0") -> 0
...

Sheet Setting
G1: MSDAX_КИ
B3: Доставка
B4: Самовывоз
B6: НВ, ООО 9001015535, Запорожская обл, Трояны с., | C6: 596383_4 | D6: 1
B7: НВ, ООО 9001015535, Луганская Народная Респ, Комиссара Санюка (Каменнобродский р-н) ул, д. 50, | C7: 596383_5 | D7: 2
B8: НВ, ООО 9001015535, Донецкая Народная Респ, Охотская ул, д. 79А, | C8: 596383_6 | D8: 3
B9: НВ, ООО 9001015535, Запорожская обл, Мелитополь г, Полевая ул, д. 3, стр А, | C9: 596383_7 | D9: 4
B10: НВ, ООО 9001015535, Донецкая Народная Респ, Чаадаева ул, д. 1, | C10: 596383_8 | D10: 5
B11: НВ, ООО 9001015535, Луганская Народная Респ, Рабочая ул, д. 10А, | C11: 596383_9 | D11: 6
B13: 272151Российская Федерация, Запорожская обл, Бердянский р-н, Трояны с., | C13: 596383_4
B15: 291019Российская Федерация, Луганская Народная Респ, Луганск г, Комиссара Санюка (Каменнобродский р-н) ул, д. 50, | C15: 596383_5
B17: 283092Российская Федерация, Донецкая Народная Респ, Донецк г, Охотская ул, д. 79А, | C17: 596383_6
B19: 272302Российская Федерация, Запорожская обл, Мелитополь г, Полевая ул, д. 3, стр А, | C19: 596383_7
B21: 283032Российская Федерация, Донецкая Народная Респ, Донецк г, Чаадаева ул, д. 1, | C21: 596383_8
B23: 291002Российская Федерация, Луганская Народная Респ, Луганск г, Рабочая ул, д. 10А, | C23: 596383_9
B25: CFR
B26: CIF
B27: CIP
B28: CPT
B29: DAP
B30: DAT
B31: DDP
B32: EXW
B33: FAS
B34: FCA
B35: FOB
